2026-04-12 22:35:50,232 [INFO] Activator:176 - 


2026-04-12 22:35:50,239 [INFO] Activator:177 - !SESSION log4j initialized
2026-04-12 22:36:04,165 [INFO] LogOutputStream:77 - [STDOUT_REDIRECT] 
2026-04-12 22:36:12,030 [INFO] ApplicationProperties:184 - Using Application install path: C:\ST\STM32CubeIDE_1.18.1\STM32CubeIDE\plugins\com.st.stm32cube.common.mx_6.14.1.202504091515
2026-04-12 22:36:12,056 [INFO] DbMcusXml:78 - Set database path to: C:\ST\STM32CubeIDE_1.18.1\STM32CubeIDE\plugins\com.st.stm32cube.common.mx_6.14.1.202504091515\\db\/mcu/
2026-04-12 22:36:12,056 [INFO] ApiDb:274 - Set plugin database path to: C:\ST\STM32CubeIDE_1.18.1\STM32CubeIDE\plugins\com.st.stm32cube.common.mx_6.14.1.202504091515\\db\/plugins/boardmanager/
2026-04-12 22:36:12,057 [WARN] ApiDb:259 - Overriding images path with different value:  => C:\ST\STM32CubeIDE_1.18.1\STM32CubeIDE\plugins\com.st.stm32cube.common.mx_6.14.1.202504091515\\db\/plugins/mcufinder/images/
2026-04-12 22:36:12,074 [INFO] ApiDb:250 - Set database path to: C:\Users\Aditya\.stmcufinder\plugins\mcufinder//mcu/
2026-04-12 22:36:12,075 [INFO] DbMcusAds:125 - Set database path to: C:\Users\Aditya\.stmcufinder\plugins\mcufinder//mcu/
2026-04-12 22:36:12,080 [INFO] CrossReferenceDbSqlite:203 - Set database path to: C:\Users\Aditya\.stmcufinder\plugins\mcufinder//mcu/cs/
2026-04-12 22:36:12,253 [INFO] RulesReader:64 - Compatibility file has been processed (302 Rules)
2026-04-12 22:36:12,493 [INFO] DbMcusXml:78 - Set database path to: C:\ST\STM32CubeIDE_1.18.1\STM32CubeIDE\plugins\com.st.stm32cube.common.mx_6.14.1.202504091515\\db\/mcu/
2026-04-12 22:36:12,493 [INFO] ApiDb:274 - Set plugin database path to: C:\ST\STM32CubeIDE_1.18.1\STM32CubeIDE\plugins\com.st.stm32cube.common.mx_6.14.1.202504091515\\db\/plugins/boardmanager/
2026-04-12 22:36:12,493 [INFO] ApiDb:261 - Set plugin images path to: C:\ST\STM32CubeIDE_1.18.1\STM32CubeIDE\plugins\com.st.stm32cube.common.mx_6.14.1.202504091515\\db\/plugins/mcufinder/images/
2026-04-12 22:36:12,494 [WARN] DbFile:41 - Overriding database path with different value: C:\Users\Aditya\.stmcufinder\plugins\mcufinder/ => C:\Users\Aditya\.stmcufinder\plugins\mcufinder
2026-04-12 22:36:12,494 [INFO] ApiDb:250 - Set database path to: C:\Users\Aditya\.stmcufinder\plugins\mcufinder//mcu/
2026-04-12 22:36:12,495 [WARN] DbFile:41 - Overriding database path with different value: C:\Users\Aditya\.stmcufinder\plugins\mcufinder/ => C:\Users\Aditya\.stmcufinder\plugins\mcufinder
2026-04-12 22:36:12,495 [INFO] DbMcusAds:125 - Set database path to: C:\Users\Aditya\.stmcufinder\plugins\mcufinder//mcu/
2026-04-12 22:36:12,496 [WARN] DbFile:41 - Overriding database path with different value: C:\Users\Aditya\.stmcufinder\plugins\mcufinder/ => C:\Users\Aditya\.stmcufinder\plugins\mcufinder
2026-04-12 22:36:12,496 [WARN] DbFile:41 - Overriding database path with different value: C:\Users\Aditya\.stmcufinder\plugins\mcufinder/ => C:\Users\Aditya\.stmcufinder\plugins\mcufinder
2026-04-12 22:36:12,496 [INFO] CrossReferenceDbSqlite:203 - Set database path to: C:\Users\Aditya\.stmcufinder\plugins\mcufinder//mcu/cs/
2026-04-12 22:36:12,711 [INFO] MainPanel:272 - HeapMemory: 268435456
2026-04-12 22:36:12,901 [INFO] DbMcusXml:78 - Set database path to: C:\ST\STM32CubeIDE_1.18.1\STM32CubeIDE\plugins\com.st.stm32cube.common.mx_6.14.1.202504091515\\db\/mcu/
2026-04-12 22:36:12,902 [INFO] ApiDb:274 - Set plugin database path to: C:\ST\STM32CubeIDE_1.18.1\STM32CubeIDE\plugins\com.st.stm32cube.common.mx_6.14.1.202504091515\\db\/plugins/boardmanager/
2026-04-12 22:36:12,902 [INFO] ApiDb:261 - Set plugin images path to: C:\ST\STM32CubeIDE_1.18.1\STM32CubeIDE\plugins\com.st.stm32cube.common.mx_6.14.1.202504091515\\db\/plugins/mcufinder/images/
2026-04-12 22:36:12,902 [WARN] DbFile:41 - Overriding database path with different value: C:\Users\Aditya\.stmcufinder\plugins\mcufinder/ => C:\Users\Aditya\.stmcufinder\plugins\mcufinder
2026-04-12 22:36:12,902 [INFO] ApiDb:250 - Set database path to: C:\Users\Aditya\.stmcufinder\plugins\mcufinder//mcu/
2026-04-12 22:36:12,902 [WARN] DbFile:41 - Overriding database path with different value: C:\Users\Aditya\.stmcufinder\plugins\mcufinder/ => C:\Users\Aditya\.stmcufinder\plugins\mcufinder
2026-04-12 22:36:12,903 [INFO] DbMcusAds:125 - Set database path to: C:\Users\Aditya\.stmcufinder\plugins\mcufinder//mcu/
2026-04-12 22:36:12,903 [WARN] DbFile:41 - Overriding database path with different value: C:\Users\Aditya\.stmcufinder\plugins\mcufinder/ => C:\Users\Aditya\.stmcufinder\plugins\mcufinder
2026-04-12 22:36:12,903 [WARN] DbFile:41 - Overriding database path with different value: C:\Users\Aditya\.stmcufinder\plugins\mcufinder/ => C:\Users\Aditya\.stmcufinder\plugins\mcufinder
2026-04-12 22:36:12,903 [INFO] CrossReferenceDbSqlite:203 - Set database path to: C:\Users\Aditya\.stmcufinder\plugins\mcufinder//mcu/cs/
2026-04-12 22:36:12,930 [INFO] ApplicationProperties:184 - Using Application install path: C:\ST\STM32CubeIDE_1.18.1\STM32CubeIDE\plugins\com.st.stm32cube.common.mx_6.14.1.202504091515
2026-04-12 22:36:12,932 [INFO] PluginManage:196 - Search for loadable plugins [exclusion list=, ]
2026-04-12 22:36:12,934 [INFO] PluginManage:310 - Check plugin analytics
2026-04-12 22:36:19,041 [INFO] AnalyticsPlugin:253 - Accepted Software Licenses: 
2026-04-12 22:36:19,042 [INFO] AnalyticsPlugin:255 - Accepted CMSIS Pack Licenses: 
2026-04-12 22:36:19,042 [INFO] AnalyticsPlugin:257 - Accepted Firmware Licenses: FW.F4.1.28.0
2026-04-12 22:36:19,046 [INFO] PluginManage:359 - Loaded plugin analytics (category:tool,tabindex:-1)
2026-04-12 22:36:19,046 [INFO] PluginManage:310 - Check plugin cadmodel
2026-04-12 22:36:19,055 [INFO] CADModel:105 - Init CAD model plugin
2026-04-12 22:36:19,055 [INFO] PluginManage:359 - Loaded plugin cadmodel (category:power,tabindex:5)
2026-04-12 22:36:19,055 [INFO] PluginManage:310 - Check plugin clock
2026-04-12 22:36:19,071 [INFO] PluginManage:359 - Loaded plugin clock (category:base,tabindex:2)
2026-04-12 22:36:19,072 [INFO] PluginManage:310 - Check plugin ddr
2026-04-12 22:36:19,077 [INFO] PluginManage:359 - Loaded plugin ddr (category:tool,tabindex:6)
2026-04-12 22:36:19,079 [INFO] PluginManage:310 - Check plugin filemanager
2026-04-12 22:36:19,449 [INFO] PluginManage:359 - Loaded plugin filemanager (category:base,tabindex:10)
2026-04-12 22:36:19,449 [INFO] PluginManage:310 - Check plugin ipmanager
2026-04-12 22:36:19,459 [INFO] PluginManage:359 - Loaded plugin ipmanager (category:base,tabindex:5)
2026-04-12 22:36:19,460 [INFO] PluginManage:310 - Check plugin lpbam
2026-04-12 22:36:19,472 [INFO] PluginManage:359 - Loaded plugin lpbam (category:base,tabindex:0)
2026-04-12 22:36:19,473 [INFO] PluginManage:310 - Check plugin memorymap
2026-04-12 22:36:19,494 [INFO] PluginManage:359 - Loaded plugin memorymap (category:base,tabindex:4)
2026-04-12 22:36:19,495 [INFO] PluginManage:310 - Check plugin pinoutandconfiguration
2026-04-12 22:36:19,508 [INFO] PluginManage:359 - Loaded plugin pinoutandconfiguration (category:base,tabindex:1)
2026-04-12 22:36:19,509 [INFO] PluginManage:310 - Check plugin pinoutconfig
2026-04-12 22:36:19,635 [WARN] SupportedApi:132 - Cannot load RTOS API schema: s4s-elt-must-match.1: The content of 'definitions' must match (annotation?, (simpleType | complexType)?, (unique | key | keyref)*)). A problem was found starting at: attribute.
2026-04-12 22:36:19,873 [INFO] PluginManage:359 - Loaded plugin pinoutconfig (category:base,tabindex:0)
2026-04-12 22:36:19,873 [INFO] PluginManage:310 - Check plugin power
2026-04-12 22:36:19,893 [INFO] PluginManage:359 - Loaded plugin power (category:power,tabindex:4)
2026-04-12 22:36:19,893 [INFO] PluginManage:310 - Check plugin projectmanager
2026-04-12 22:36:19,924 [INFO] PluginManage:359 - Loaded plugin projectmanager (category:projectmanager,tabindex:4)
2026-04-12 22:36:19,924 [INFO] PluginManage:310 - Check plugin rif
2026-04-12 22:36:19,940 [INFO] PluginManage:359 - Loaded plugin rif (category:base,tabindex:3)
2026-04-12 22:36:19,940 [INFO] PluginManage:310 - Check plugin thirdparty
2026-04-12 22:36:20,339 [WARN] IntegrityCheckThread:84 - waiting for thirdparty lock release [integrity check]
2026-04-12 22:36:20,341 [INFO] IntegrityCheckThread:86 - entering critical section [integrity check]
2026-04-12 22:36:20,343 [INFO] ThirdPartyUpdaterWithRetryManager:70 - Updater plugin not ready yet. [1/15]
2026-04-12 22:36:20,343 [INFO] PluginManage:359 - Loaded plugin thirdparty (category:base,tabindex:-1)
2026-04-12 22:36:20,343 [INFO] PluginManage:310 - Check plugin tools
2026-04-12 22:36:20,348 [INFO] PluginManage:359 - Loaded plugin tools (category:base,tabindex:7)
2026-04-12 22:36:20,348 [INFO] PluginManage:310 - Check plugin tutovideos
2026-04-12 22:36:20,615 [INFO] PluginManage:359 - Loaded plugin tutovideos (category:base,tabindex:-1)
2026-04-12 22:36:20,616 [INFO] PluginManage:310 - Check plugin updater
2026-04-12 22:36:20,659 [INFO] PluginManage:359 - Loaded plugin updater (category:base,tabindex:12)
2026-04-12 22:36:20,659 [INFO] PluginManage:310 - Check plugin userauth
2026-04-12 22:36:20,665 [INFO] UserAuth:118 - Init User Auth plugin
2026-04-12 22:36:20,667 [INFO] PluginManage:359 - Loaded plugin userauth (category:base,tabindex:14)
2026-04-12 22:36:20,668 [INFO] PluginManage:283 - PluginManage : Loaded plugins [18]
2026-04-12 22:36:20,999 [INFO] PinOutPanel:1589 - setPackage(No Configuration,No Configuration)
2026-04-12 22:36:21,138 [INFO] CADModel:165 - CPN selected for project level
2026-04-12 22:36:21,139 [INFO] CADModel:114 - Register for checkConnection events
2026-04-12 22:36:21,172 [INFO] IPUIPlugin:80 - create IPUIPlugin
2026-04-12 22:36:21,173 [INFO] PluginManager:220 - loadIPPluginJar : add adc
2026-04-12 22:36:21,180 [INFO] IPUIPlugin:80 - create IPUIPlugin
2026-04-12 22:36:21,181 [INFO] PluginManager:220 - loadIPPluginJar : add aes
2026-04-12 22:36:21,186 [INFO] IPUIPlugin:80 - create IPUIPlugin
2026-04-12 22:36:21,186 [INFO] PluginManager:220 - loadIPPluginJar : add can
2026-04-12 22:36:21,190 [INFO] IPUIPlugin:80 - create IPUIPlugin
2026-04-12 22:36:21,191 [INFO] PluginManager:220 - loadIPPluginJar : add comp
2026-04-12 22:36:21,198 [INFO] IPUIPlugin:80 - create IPUIPlugin
2026-04-12 22:36:21,199 [INFO] PluginManager:220 - loadIPPluginJar : add cryp
2026-04-12 22:36:21,205 [INFO] IPUIPlugin:80 - create IPUIPlugin
2026-04-12 22:36:21,205 [INFO] PluginManager:220 - loadIPPluginJar : add ddr_ctrl_phy
2026-04-12 22:36:21,211 [INFO] IPUIPlugin:80 - create IPUIPlugin
2026-04-12 22:36:21,211 [INFO] PluginManager:220 - loadIPPluginJar : add dfsdm
2026-04-12 22:36:21,219 [INFO] IPUIPlugin:80 - create IPUIPlugin
2026-04-12 22:36:21,219 [INFO] PluginManager:220 - loadIPPluginJar : add dma
2026-04-12 22:36:21,226 [INFO] IPUIPlugin:80 - create IPUIPlugin
2026-04-12 22:36:21,227 [INFO] PluginManager:220 - loadIPPluginJar : add dma3
2026-04-12 22:36:21,232 [INFO] IPUIPlugin:80 - create IPUIPlugin
2026-04-12 22:36:21,232 [INFO] PluginManager:220 - loadIPPluginJar : add extmemmanager
2026-04-12 22:36:21,237 [INFO] IPUIPlugin:80 - create IPUIPlugin
2026-04-12 22:36:21,237 [INFO] PluginManager:220 - loadIPPluginJar : add fatfs
2026-04-12 22:36:21,245 [INFO] IPUIPlugin:80 - create IPUIPlugin
2026-04-12 22:36:21,246 [INFO] PluginManager:220 - loadIPPluginJar : add fmc
2026-04-12 22:36:21,258 [INFO] IPUIPlugin:80 - create IPUIPlugin
2026-04-12 22:36:21,258 [INFO] PluginManager:220 - loadIPPluginJar : add freertos
2026-04-12 22:36:21,262 [INFO] IPUIPlugin:80 - create IPUIPlugin
2026-04-12 22:36:21,262 [INFO] PluginManager:220 - loadIPPluginJar : add genericplugin
2026-04-12 22:36:21,267 [INFO] IPUIPlugin:80 - create IPUIPlugin
2026-04-12 22:36:21,268 [INFO] PluginManager:220 - loadIPPluginJar : add gfxmmu
2026-04-12 22:36:21,277 [INFO] IPUIPlugin:80 - create IPUIPlugin
2026-04-12 22:36:21,277 [INFO] PluginManager:220 - loadIPPluginJar : add gic
2026-04-12 22:36:21,284 [INFO] IPUIPlugin:80 - create IPUIPlugin
2026-04-12 22:36:21,285 [INFO] PluginManager:220 - loadIPPluginJar : add gpio
2026-04-12 22:36:21,291 [INFO] IPUIPlugin:80 - create IPUIPlugin
2026-04-12 22:36:21,291 [INFO] PluginManager:220 - loadIPPluginJar : add gtzc
2026-04-12 22:36:21,298 [INFO] IPUIPlugin:80 - create IPUIPlugin
2026-04-12 22:36:21,298 [INFO] PluginManager:220 - loadIPPluginJar : add hash
2026-04-12 22:36:21,306 [INFO] IPUIPlugin:80 - create IPUIPlugin
2026-04-12 22:36:21,306 [INFO] PluginManager:220 - loadIPPluginJar : add i2c
2026-04-12 22:36:21,311 [INFO] IPUIPlugin:80 - create IPUIPlugin
2026-04-12 22:36:21,312 [INFO] PluginManager:220 - loadIPPluginJar : add i2s
2026-04-12 22:36:21,318 [INFO] IPUIPlugin:80 - create IPUIPlugin
2026-04-12 22:36:21,319 [INFO] PluginManager:220 - loadIPPluginJar : add i3c
2026-04-12 22:36:21,325 [INFO] IPUIPlugin:80 - create IPUIPlugin
2026-04-12 22:36:21,326 [INFO] PluginManager:220 - loadIPPluginJar : add ipddr
2026-04-12 22:36:21,337 [INFO] IPUIPlugin:80 - create IPUIPlugin
2026-04-12 22:36:21,337 [INFO] PluginManager:220 - loadIPPluginJar : add linkedlist
2026-04-12 22:36:21,342 [INFO] IPUIPlugin:80 - create IPUIPlugin
2026-04-12 22:36:21,343 [INFO] PluginManager:220 - loadIPPluginJar : add lorawan
2026-04-12 22:36:21,346 [INFO] IPUIPlugin:80 - create IPUIPlugin
2026-04-12 22:36:21,346 [INFO] PluginManager:220 - loadIPPluginJar : add ltdc
2026-04-12 22:36:21,356 [INFO] IPUIPlugin:80 - create IPUIPlugin
2026-04-12 22:36:21,357 [INFO] PluginManager:220 - loadIPPluginJar : add mdma
2026-04-12 22:36:21,363 [INFO] IPUIPlugin:80 - create IPUIPlugin
2026-04-12 22:36:21,364 [INFO] PluginManager:220 - loadIPPluginJar : add nvic
2026-04-12 22:36:21,369 [INFO] IPUIPlugin:80 - create IPUIPlugin
2026-04-12 22:36:21,369 [INFO] PluginManager:220 - loadIPPluginJar : add opamp
2026-04-12 22:36:21,376 [INFO] IPUIPlugin:80 - create IPUIPlugin
2026-04-12 22:36:21,376 [INFO] PluginManager:220 - loadIPPluginJar : add openamp
2026-04-12 22:36:21,383 [INFO] IPUIPlugin:80 - create IPUIPlugin
2026-04-12 22:36:21,383 [INFO] PluginManager:220 - loadIPPluginJar : add pdm2pcm
2026-04-12 22:36:21,393 [INFO] IPUIPlugin:80 - create IPUIPlugin
2026-04-12 22:36:21,397 [INFO] PluginManager:220 - loadIPPluginJar : add plateformsettings
2026-04-12 22:36:21,401 [INFO] IPUIPlugin:80 - create IPUIPlugin
2026-04-12 22:36:21,402 [INFO] PluginManager:220 - loadIPPluginJar : add quadspi
2026-04-12 22:36:21,405 [INFO] IPUIPlugin:80 - create IPUIPlugin
2026-04-12 22:36:21,406 [INFO] PluginManager:220 - loadIPPluginJar : add radio
2026-04-12 22:36:21,414 [INFO] IPUIPlugin:80 - create IPUIPlugin
2026-04-12 22:36:21,414 [INFO] PluginManager:220 - loadIPPluginJar : add resmgrutility
2026-04-12 22:36:21,420 [INFO] IPUIPlugin:80 - create IPUIPlugin
2026-04-12 22:36:21,420 [INFO] PluginManager:220 - loadIPPluginJar : add sai
2026-04-12 22:36:21,426 [INFO] IPUIPlugin:80 - create IPUIPlugin
2026-04-12 22:36:21,426 [INFO] PluginManager:220 - loadIPPluginJar : add spi
2026-04-12 22:36:21,434 [INFO] IPUIPlugin:80 - create IPUIPlugin
2026-04-12 22:36:21,434 [INFO] PluginManager:220 - loadIPPluginJar : add stm32_wpan
2026-04-12 22:36:21,437 [INFO] IPUIPlugin:80 - create IPUIPlugin
2026-04-12 22:36:21,437 [INFO] PluginManager:220 - loadIPPluginJar : add tim
2026-04-12 22:36:21,444 [INFO] IPUIPlugin:80 - create IPUIPlugin
2026-04-12 22:36:21,444 [INFO] PluginManager:220 - loadIPPluginJar : add touchsensing
2026-04-12 22:36:21,449 [INFO] IPUIPlugin:80 - create IPUIPlugin
2026-04-12 22:36:21,449 [INFO] PluginManager:220 - loadIPPluginJar : add tracer_emb
2026-04-12 22:36:21,453 [INFO] IPUIPlugin:80 - create IPUIPlugin
2026-04-12 22:36:21,453 [INFO] PluginManager:220 - loadIPPluginJar : add ts
2026-04-12 22:36:21,457 [INFO] IPUIPlugin:80 - create IPUIPlugin
2026-04-12 22:36:21,457 [INFO] PluginManager:220 - loadIPPluginJar : add tsc
2026-04-12 22:36:21,461 [INFO] IPUIPlugin:80 - create IPUIPlugin
2026-04-12 22:36:21,461 [INFO] PluginManager:220 - loadIPPluginJar : add ucpd
2026-04-12 22:36:21,466 [INFO] IPUIPlugin:80 - create IPUIPlugin
2026-04-12 22:36:21,466 [INFO] PluginManager:220 - loadIPPluginJar : add usart
2026-04-12 22:36:21,472 [INFO] IPUIPlugin:80 - create IPUIPlugin
2026-04-12 22:36:21,472 [INFO] PluginManager:220 - loadIPPluginJar : add usbx
2026-04-12 22:36:21,653 [FATAL] Updater:351 - Updater called before beeing initialized
2026-04-12 22:36:21,704 [INFO] RulesReader:64 - Compatibility file has been processed (302 Rules)
2026-04-12 22:36:21,720 [INFO] RulesReader:64 - Compatibility file has been processed (302 Rules)
2026-04-12 22:36:21,735 [INFO] CADModel:165 - CPN selected for project level
2026-04-12 22:36:21,735 [INFO] CADModel:114 - Register for checkConnection events
2026-04-12 22:36:21,735 [FATAL] Updater:351 - Updater called before beeing initialized
2026-04-12 22:36:21,735 [ERROR] CADModel:125 - Updater not yet initialized, retry later 
2026-04-12 22:36:22,022 [FATAL] Updater:351 - Updater called before beeing initialized
2026-04-12 22:36:22,026 [INFO] CADModel:165 - CPN selected for project level
2026-04-12 22:36:22,027 [INFO] CADModel:114 - Register for checkConnection events
2026-04-12 22:36:22,027 [FATAL] Updater:351 - Updater called before beeing initialized
2026-04-12 22:36:22,027 [ERROR] CADModel:125 - Updater not yet initialized, retry later 
2026-04-12 22:36:22,035 [FATAL] Updater:351 - Updater called before beeing initialized
2026-04-12 22:36:22,259 [FATAL] Updater:351 - Updater called before beeing initialized
2026-04-12 22:36:22,271 [INFO] DbMcusAds:53 - JSON generation date=Thu Mar 05 15:32:52 CET 2026 (1772721172610)
2026-04-12 22:36:22,271 [FATAL] Updater:351 - Updater called before beeing initialized
2026-04-12 22:36:22,340 [WARN] DetailPanel:346 - Failed to get advertising image, set to default
2026-04-12 22:36:22,708 [FATAL] Updater:351 - Updater called before beeing initialized
2026-04-12 22:36:22,711 [FATAL] Updater:351 - Updater called before beeing initialized
2026-04-12 22:36:22,712 [FATAL] Updater:351 - Updater called before beeing initialized
2026-04-12 22:36:22,712 [WARN] DetailPanel:346 - Failed to get advertising image, set to default
2026-04-12 22:36:22,713 [FATAL] Updater:351 - Updater called before beeing initialized
2026-04-12 22:36:22,788 [ERROR] Updater:1198 - MainUpdater not yet initialized. External WinMGr cannot be set.
2026-04-12 22:36:22,791 [INFO] Updater:1134 - Updater Version found : 6.14.1
2026-04-12 22:36:22,819 [INFO] ApplicationProperties:184 - Using Application install path: C:\ST\STM32CubeIDE_1.18.1\STM32CubeIDE\plugins\com.st.stm32cube.common.mx_6.14.1.202504091515
2026-04-12 22:36:23,353 [INFO] ThirdPartyUpdaterWithRetryManager:70 - Updater plugin not ready yet. [2/15]
2026-04-12 22:36:24,438 [ERROR] LogOutputStream:75 - [STDERR_REDIRECT] Apr 12, 2026 10:36:24 PM java.util.prefs.WindowsPreferences <init>
2026-04-12 22:36:24,440 [ERROR] LogOutputStream:75 - [STDERR_REDIRECT] WARNING: Could not open/create prefs root node Software\JavaSoft\Prefs at root 0xffffffff80000002. Windows RegCreateKeyEx(...) returned error code 5.
2026-04-12 22:36:24,441 [ERROR] LogOutputStream:75 - [STDERR_REDIRECT] 
2026-04-12 22:36:25,050 [INFO] MainUpdater:2872 - connection check result : 10
2026-04-12 22:36:25,051 [INFO] MainUpdater:3566 - Updater definition file requires update
2026-04-12 22:36:25,052 [INFO] MainUpdater:289 - Updater Check For Update Now.
2026-04-12 22:36:25,053 [INFO] MicroXplorer:498 - Change Database Version : DB.6.0.141
2026-04-12 22:36:25,065 [INFO] McuFinderGlobals:63 - Set McuFinder mode to 2 (CubeIDE integrated)
2026-04-12 22:36:25,067 [INFO] UserAuth:484 - Internet connection configuration mode: 1
2026-04-12 22:36:25,106 [INFO] JxBrowserEngine:152 - Initiate JxBrowser Engine with user profile folder
2026-04-12 22:36:25,265 [INFO] ServerAccessManage:473 - Download File updaters.zip
2026-04-12 22:36:25,504 [INFO] FileExtend:242 - Unzip File : updaters.zip
2026-04-12 22:36:25,507 [INFO] FileExtend:257 - Standard Zip Deflate
2026-04-12 22:36:26,358 [WARN] MainUpdater:1193 - Updater busy. Cannot search thirdparties
2026-04-12 22:36:26,358 [INFO] ThirdPartyUpdaterWithRetryManager:96 - Updater plugin is busy. [1/15]
2026-04-12 22:36:27,243 [INFO] ServerAccessManage:473 - Download File PacksControlFlags.xml
2026-04-12 22:36:27,558 [INFO] ServerAccessManage:473 - Download File cubemx.pidx
2026-04-12 22:36:27,832 [INFO] WebApp:169 - Instantiating new browser for Auth
2026-04-12 22:36:29,365 [WARN] MainUpdater:1193 - Updater busy. Cannot search thirdparties
2026-04-12 22:36:29,365 [INFO] ThirdPartyUpdaterWithRetryManager:96 - Updater plugin is busy. [2/15]
2026-04-12 22:36:30,686 [INFO] WebApp:463 - Apply proxy settings
2026-04-12 22:36:30,686 [INFO] WebApp:548 - Chromium requires no authentication
2026-04-12 22:36:30,722 [INFO] WebApp:491 - Direct internet connection detected
2026-04-12 22:36:30,847 [INFO] WebApp:894 - Register for checkConnection events
2026-04-12 22:36:30,847 [INFO] WebApp:463 - Apply proxy settings
2026-04-12 22:36:30,847 [INFO] WebApp:548 - Chromium requires no authentication
2026-04-12 22:36:30,850 [INFO] WebApp:491 - Direct internet connection detected
2026-04-12 22:36:31,315 [INFO] WebApp:191 - Connection restablished
2026-04-12 22:36:32,396 [WARN] MainUpdater:1193 - Updater busy. Cannot search thirdparties
2026-04-12 22:36:32,396 [INFO] ThirdPartyUpdaterWithRetryManager:96 - Updater plugin is busy. [3/15]
2026-04-12 22:36:32,425 [INFO] WebApp:225 - Starting web application
2026-04-12 22:36:32,425 [INFO] WebApp:593 - Web application path used C:\ST\STM32CubeIDE_1.18.1\STM32CubeIDE\plugins\com.st.stm32cube.common.mx_6.14.1.202504091515\db\plugins\mcufinder\reactClient1\index.html
2026-04-12 22:36:32,770 [INFO] ServerAccessManage:473 - Download File STMicroelectronics.X-CUBE-WB05N.pdsc
2026-04-12 22:36:32,853 [INFO] UserAuth:484 - Internet connection configuration mode: 1
2026-04-12 22:36:33,053 [INFO] ServerAccessManage:473 - Download File STMicroelectronics.eDS-WB_DPC_VIENNA.pdsc
2026-04-12 22:36:33,130 [ERROR] LogOutputStream:75 - [STDERR_REDIRECT] [Fatal Error] :1:1: Premature end of file.
2026-04-12 22:36:33,132 [ERROR] LogOutputStream:75 - [STDERR_REDIRECT] 
2026-04-12 22:36:33,717 [ERROR] ServerAccessManage:1089 - Problem, file not found on Server
2026-04-12 22:36:33,908 [ERROR] ServerAccessManage:1089 - Problem, file not found on Server
2026-04-12 22:36:33,994 [ERROR] LogOutputStream:75 - [STDERR_REDIRECT] [Fatal Error] :1:1: Premature end of file.
2026-04-12 22:36:33,994 [ERROR] LogOutputStream:75 - [STDERR_REDIRECT] 
2026-04-12 22:36:33,999 [ERROR] ServerAccessManage:1089 - Problem, file not found on Server
2026-04-12 22:36:34,118 [ERROR] ServerAccessManage:1089 - Problem, file not found on Server
2026-04-12 22:36:34,246 [ERROR] ServerAccessManage:1089 - Problem, file not found on Server
2026-04-12 22:36:34,388 [INFO] ServerAccessManage:473 - Download File STMicroelectronics.eDS-WB_DPC_TT-BIDIR.pdsc
2026-04-12 22:36:35,002 [ERROR] ServerAccessManage:1089 - Problem, file not found on Server
2026-04-12 22:36:35,058 [ERROR] LogOutputStream:75 - [STDERR_REDIRECT] [Fatal Error] :1:1: Premature end of file.
2026-04-12 22:36:35,058 [ERROR] LogOutputStream:75 - [STDERR_REDIRECT] 
2026-04-12 22:36:35,399 [WARN] MainUpdater:1193 - Updater busy. Cannot search thirdparties
2026-04-12 22:36:35,399 [INFO] ThirdPartyUpdaterWithRetryManager:96 - Updater plugin is busy. [4/15]
2026-04-12 22:36:35,506 [ERROR] ServerAccessManage:1089 - Problem, file not found on Server
2026-04-12 22:36:35,664 [ERROR] ServerAccessManage:1089 - Problem, file not found on Server
2026-04-12 22:36:36,019 [ERROR] LogOutputStream:75 - [STDERR_REDIRECT] [Fatal Error] :1:1: Premature end of file.
2026-04-12 22:36:36,019 [ERROR] LogOutputStream:75 - [STDERR_REDIRECT] 
2026-04-12 22:36:36,135 [ERROR] ServerAccessManage:1089 - Problem, file not found on Server
2026-04-12 22:36:37,003 [ERROR] LogOutputStream:75 - [STDERR_REDIRECT] [Fatal Error] :1:1: Premature end of file.
2026-04-12 22:36:37,004 [ERROR] LogOutputStream:75 - [STDERR_REDIRECT] 
2026-04-12 22:36:37,998 [INFO] ServerAccessManage:473 - Download File STMicroelectronics.eDS-WB_DPC_3PH2L-BIDIR.pdsc
2026-04-12 22:36:38,158 [ERROR] LogOutputStream:75 - [STDERR_REDIRECT] [Fatal Error] :1:1: Premature end of file.
2026-04-12 22:36:38,159 [ERROR] LogOutputStream:75 - [STDERR_REDIRECT] 
2026-04-12 22:36:38,404 [WARN] MainUpdater:1193 - Updater busy. Cannot search thirdparties
2026-04-12 22:36:38,405 [INFO] ThirdPartyUpdaterWithRetryManager:96 - Updater plugin is busy. [5/15]
2026-04-12 22:36:39,004 [ERROR] LogOutputStream:75 - [STDERR_REDIRECT] [Fatal Error] :1:1: Premature end of file.
2026-04-12 22:36:39,004 [ERROR] LogOutputStream:75 - [STDERR_REDIRECT] 
2026-04-12 22:36:39,878 [ERROR] ServerAccessManage:1089 - Problem, file not found on Server
2026-04-12 22:36:40,097 [ERROR] LogOutputStream:75 - [STDERR_REDIRECT] [Fatal Error] :1:1: Premature end of file.
2026-04-12 22:36:40,098 [ERROR] LogOutputStream:75 - [STDERR_REDIRECT] 
2026-04-12 22:36:40,652 [WARN] PackLoader:240 - Cannot read IP mode file for STMicroelectronics.X-CUBE-WB05N.2.1.0
2026-04-12 22:36:40,681 [WARN] PackLoader:240 - Cannot read IP mode file for STMicroelectronics.eDS-WB_DPC_VIENNA.1.2.0
2026-04-12 22:36:40,749 [WARN] PackLoader:240 - Cannot read IP mode file for STMicroelectronics.eDS-WB_DPC_TT-BIDIR.2.1.1
2026-04-12 22:36:40,782 [WARN] PackLoader:240 - Cannot read IP mode file for STMicroelectronics.eDS-WB_DPC_3PH2L-BIDIR.1.1.1
2026-04-12 22:36:40,787 [INFO] PopulateThirdPartyThread:66 - Ending populate Thread
2026-04-12 22:36:40,789 [INFO] ThirdParty:1030 - CMSIS Pack Vendor :STMicroelectronics eDS-WB_DPC_TT-BIDIR 2.1.1
2026-04-12 22:36:40,789 [INFO] ThirdParty:1030 - CMSIS Pack Vendor :STMicroelectronics eDS-WB_DPC_VIENNA 1.2.0
2026-04-12 22:36:40,789 [INFO] ThirdParty:1030 - CMSIS Pack Vendor :STMicroelectronics eDS-WB_DPC_3PH2L-BIDIR 1.1.1
2026-04-12 22:36:40,799 [INFO] ThirdParty:1030 - CMSIS Pack Vendor :STMicroelectronics X-CUBE-WB05N 2.1.0
2026-04-12 22:36:40,804 [INFO] LoadServerUpdatesThread:375 - End of LoadServerUpdate Thread
2026-04-12 22:36:41,005 [INFO] CheckServerUpdateThread:120 - End of CheckServer Thread
2026-04-12 22:36:41,471 [ERROR] LogOutputStream:75 - [STDERR_REDIRECT] [Fatal Error] :1:1: Premature end of file.
2026-04-12 22:36:41,472 [ERROR] LogOutputStream:75 - [STDERR_REDIRECT] 
2026-04-12 22:36:42,104 [ERROR] LogOutputStream:75 - [STDERR_REDIRECT] [Fatal Error] :1:1: Premature end of file.
2026-04-12 22:36:42,104 [ERROR] LogOutputStream:75 - [STDERR_REDIRECT] 
2026-04-12 22:36:43,053 [ERROR] LogOutputStream:75 - [STDERR_REDIRECT] [Fatal Error] :1:1: Premature end of file.
2026-04-12 22:36:43,054 [ERROR] LogOutputStream:75 - [STDERR_REDIRECT] 
2026-04-12 22:36:43,154 [WARN] PackLoader:240 - Cannot read IP mode file for STMicroelectronics.X-CUBE-AZRTOS-H7.3.5.0
2026-04-12 22:36:43,186 [WARN] PackLoader:240 - Cannot read IP mode file for STMicroelectronics.FP-SNS-MOTENVWB1.1.4.0
2026-04-12 22:36:43,202 [WARN] PackLoader:240 - Cannot read IP mode file for STMicroelectronics.FP-ATR-ASTRA1.2.0.2
2026-04-12 22:36:43,222 [WARN] PackLoader:240 - Cannot read IP mode file for STMicroelectronics.X-CUBE-SMBUS.2.1.0
2026-04-12 22:36:43,234 [WARN] PackLoader:240 - Cannot read IP mode file for STMicroelectronics.X-CUBE-ST60.1.0.0
2026-04-12 22:36:43,275 [WARN] PackLoader:240 - Cannot read IP mode file for STMicroelectronics.X-CUBE-AZRTOS-F7.1.1.0
2026-04-12 22:36:43,286 [ERROR] Engine:466 - C:\Users\Aditya\.stm32cubemx\thirdparties\pdsc\STMicroelectronics.FP-SNS-MOTENV1.5.1.0.pdsc: PDSC version is not supported
2026-04-12 22:36:43,383 [WARN] PackLoader:240 - Cannot read IP mode file for Infineon.AIROC-Wi-Fi-Bluetooth-STM32.1.7.0
2026-04-12 22:36:43,585 [WARN] PackLoader:240 - Cannot read IP mode file for STMicroelectronics.X-CUBE-AZRTOS-H7.3.4.0
2026-04-12 22:36:43,681 [WARN] PackLoader:240 - Cannot read IP mode file for STMicroelectronics.X-CUBE-DISPLAY.3.0.0
2026-04-12 22:36:43,878 [ERROR] Engine:466 - C:\Users\Aditya\.stm32cubemx\thirdparties\pdsc\STMicroelectronics.FP-SNS-MOTENVWB1.1.5.0.pdsc: PDSC version is not supported
2026-04-12 22:36:44,045 [WARN] PackLoader:240 - Cannot read IP mode file for STMicroelectronics.X-CUBE-NFC10.1.0.0
2026-04-12 22:36:44,146 [WARN] PackLoader:240 - Cannot read IP mode file for STMicroelectronics.X-CUBE-BLEMGR.4.0.0
2026-04-12 22:36:44,176 [WARN] PackLoader:240 - Cannot read IP mode file for STMicroelectronics.X-CUBE-ST60.1.1.0
2026-04-12 22:36:44,199 [ERROR] LogOutputStream:75 - [STDERR_REDIRECT] [Fatal Error] :1:1: Premature end of file.
2026-04-12 22:36:44,199 [ERROR] LogOutputStream:75 - [STDERR_REDIRECT] 
2026-04-12 22:36:44,266 [WARN] PackLoader:240 - Cannot read IP mode file for emotas.I-CUBE-CANOPEN.1.3.0
2026-04-12 22:36:44,321 [WARN] PackLoader:240 - Cannot read IP mode file for STMicroelectronics.X-CUBE-GNSS1.7.1.0
2026-04-12 22:36:44,362 [WARN] ConditionMgr:438 - getConditionDescription Invalid condition id : Cortex-A Device cause : null
2026-04-12 22:36:44,485 [WARN] ConditionMgr:1044 - genDependencies : Invalid condition id : Cortex-A Device cause : null
2026-04-12 22:36:44,486 [WARN] ConditionMgr:1044 - genDependencies : Invalid condition id : Cortex-A Device cause : null
2026-04-12 22:36:44,486 [WARN] ConditionMgr:1044 - genDependencies : Invalid condition id : Cortex-A Device cause : null
2026-04-12 22:36:44,593 [ERROR] Engine:466 - C:\Users\Aditya\.stm32cubemx\thirdparties\pdsc\STMicroelectronics.FP-SNS-STBOX1.2.1.0.pdsc: PDSC version is not supported
2026-04-12 22:36:44,685 [WARN] PackLoader:240 - Cannot read IP mode file for STMicroelectronics.FP-SNS-SMARTAG2.1.2.0
2026-04-12 22:36:44,717 [WARN] PackLoader:240 - Cannot read IP mode file for STMicroelectronics.FP-SNS-FLIGHT1.5.1.0
2026-04-12 22:36:44,762 [INFO] LogOutputStream:77 - [STDOUT_REDIRECT] 1 : Invalid condition id : UX_CORESTACK_Condition cause : null
2026-04-12 22:36:44,763 [INFO] LogOutputStream:77 - [STDOUT_REDIRECT] 1 : Invalid condition id : UX_CORESTACK_Condition cause : null
2026-04-12 22:36:44,766 [INFO] LogOutputStream:77 - [STDOUT_REDIRECT] 1 : Invalid condition id : UX_CORESTACK_Condition cause : null
2026-04-12 22:36:44,770 [INFO] LogOutputStream:77 - [STDOUT_REDIRECT] 1 : Invalid condition id : UX_CORESTACK_Condition cause : null
2026-04-12 22:36:44,779 [INFO] LogOutputStream:77 - [STDOUT_REDIRECT] 1 : Invalid condition id : UX_CORESTACK_Condition cause : null
2026-04-12 22:36:44,786 [WARN] PackLoader:240 - Cannot read IP mode file for STMicroelectronics.X-CUBE-AZRTOS-WL.2.0.0
2026-04-12 22:36:44,803 [WARN] PackLoader:240 - Cannot read IP mode file for STMicroelectronics.FP-SNS-MOTENV1.5.0.0
2026-04-12 22:36:44,849 [WARN] PackLoader:240 - Cannot read IP mode file for STMicroelectronics.X-CUBE-AZRTOS-H7RS.1.2.0
2026-04-12 22:36:44,885 [WARN] PackLoader:240 - Cannot read IP mode file for WES.I-CUBE-Cesium.1.3.0
2026-04-12 22:36:44,901 [WARN] PackLoader:240 - Cannot read IP mode file for STMicroelectronics.X-CUBE-BLE2.3.3.0
2026-04-12 22:36:45,000 [WARN] PackLoader:240 - Cannot read IP mode file for STMicroelectronics.X-CUBE-NFC9.1.0.0
2026-04-12 22:36:45,048 [WARN] PackLoader:240 - Cannot read IP mode file for wolfSSL.I-CUBE-wolfSSL.5.8.0
2026-04-12 22:36:45,098 [WARN] PackLoader:240 - Cannot read IP mode file for STMicroelectronics.X-CUBE-BLE1.7.1.0
2026-04-12 22:36:45,150 [WARN] PackLoader:240 - Cannot read IP mode file for wolfSSL.I-CUBE-wolfMQTT.1.19.2
2026-04-12 22:36:45,165 [ERROR] Engine:466 - C:\Users\Aditya\.stm32cubemx\thirdparties\pdsc\STMicroelectronics.X-CUBE-FREERTOS.1.4.0.pdsc: PDSC version is not supported
2026-04-12 22:36:45,202 [ERROR] LogOutputStream:75 - [STDERR_REDIRECT] [Fatal Error] :1:1: Premature end of file.
2026-04-12 22:36:45,203 [ERROR] LogOutputStream:75 - [STDERR_REDIRECT] 
2026-04-12 22:36:45,196 [WARN] PackLoader:240 - Cannot read IP mode file for STMicroelectronics.X-CUBE-EEPRMA1.5.2.0
2026-04-12 22:36:45,258 [WARN] PackLoader:240 - Cannot read IP mode file for STMicroelectronics.X-CUBE-AI.10.1.0
2026-04-12 22:36:45,878 [WARN] PackLoader:240 - Cannot read IP mode file for STMicroelectronics.X-CUBE-MEMS1.12.0.0
2026-04-12 22:36:46,733 [ERROR] LogOutputStream:75 - [STDERR_REDIRECT] [Fatal Error] :1:1: Premature end of file.
2026-04-12 22:36:46,734 [ERROR] LogOutputStream:75 - [STDERR_REDIRECT] 
2026-04-12 22:36:46,963 [WARN] PackLoader:240 - Cannot read IP mode file for STMicroelectronics.X-CUBE-AZRTOS-G0.1.1.0
2026-04-12 22:36:46,980 [WARN] PackLoader:240 - Cannot read IP mode file for STMicroelectronics.X-CUBE-SAFEA1.1.2.2
2026-04-12 22:36:46,992 [WARN] PackLoader:240 - Cannot read IP mode file for STMicroelectronics.X-CUBE-NFC4.3.0.0
2026-04-12 22:36:47,235 [WARN] PackLoader:240 - Cannot read IP mode file for EmbeddedOffice.I-CUBE-FS-RTOS.1.0.1
2026-04-12 22:36:47,299 [WARN] PackLoader:240 - Cannot read IP mode file for STMicroelectronics.X-CUBE-WB05N.2.0.0
2026-04-12 22:36:47,314 [WARN] PackLoader:240 - Cannot read IP mode file for wolfSSL.I-CUBE-wolfTPM.3.8.0
2026-04-12 22:36:47,317 [ERROR] LogOutputStream:75 - [STDERR_REDIRECT] [Fatal Error] :1:1: Premature end of file.
2026-04-12 22:36:47,318 [ERROR] LogOutputStream:75 - [STDERR_REDIRECT] 
2026-04-12 22:36:47,334 [WARN] PackLoader:240 - Cannot read IP mode file for STMicroelectronics.X-CUBE-TCPP.4.2.0
2026-04-12 22:36:47,429 [WARN] PackLoader:240 - Cannot read IP mode file for RealThread.X-CUBE-RT-Thread_Nano.4.1.1
2026-04-12 22:36:47,451 [WARN] PackLoader:240 - Cannot read IP mode file for STMicroelectronics.FP-ATR-SIGFOX1.3.2.0
2026-04-12 22:36:47,464 [WARN] PackLoader:240 - Cannot read IP mode file for STMicroelectronics.X-CUBE-EEPRMA1.5.1.0
2026-04-12 22:36:47,478 [ERROR] Engine:466 - C:\Users\Aditya\.stm32cubemx\thirdparties\pdsc\STMicroelectronics.X-CUBE-FREERTOS.1.5.0.pdsc: PDSC version is not supported
2026-04-12 22:36:47,512 [WARN] PackLoader:240 - Cannot read IP mode file for ITTIA_DB.I-CUBE-ITTIADB.8.9.0
2026-04-12 22:36:47,547 [WARN] PackLoader:240 - Cannot read IP mode file for STMicroelectronics.X-CUBE-NFC6.3.2.0
2026-04-12 22:36:47,592 [WARN] PackLoader:240 - Cannot read IP mode file for STMicroelectronics.X-CUBE-ST67W61.1.0.0
2026-04-12 22:36:47,602 [WARN] PackLoader:240 - Cannot read IP mode file for STMicroelectronics.X-CUBE-AI.10.2.0
2026-04-12 22:36:47,791 [WARN] PackLoader:240 - Cannot read IP mode file for SEGGER.I-CUBE-embOS.1.3.1
2026-04-12 22:36:47,975 [WARN] PackLoader:240 - Cannot read IP mode file for STMicroelectronics.X-CUBE-ALGOBUILD.1.4.0
2026-04-12 22:36:48,167 [ERROR] LogOutputStream:75 - [STDERR_REDIRECT] [Fatal Error] :1:1: Premature end of file.
2026-04-12 22:36:48,168 [ERROR] LogOutputStream:75 - [STDERR_REDIRECT] 
2026-04-12 22:36:48,214 [WARN] PackLoader:240 - Cannot read IP mode file for STMicroelectronics.X-CUBE-MEMS1.11.3.0
2026-04-12 22:36:48,931 [WARN] PackLoader:240 - Cannot read IP mode file for STMicroelectronics.X-CUBE-PM33A1.1.0.0
2026-04-12 22:36:48,971 [WARN] PackLoader:240 - Cannot read IP mode file for STMicroelectronics.X-CUBE-AZRTOS-F4.1.1.0
2026-04-12 22:36:48,982 [WARN] PackLoader:240 - Cannot read IP mode file for Avnet-IotConnect.X-CUBE-IoTC-DA16k-PMOD.1.0.0
2026-04-12 22:36:48,994 [WARN] PackLoader:240 - Cannot read IP mode file for STMicroelectronics.X-CUBE-ISPU.2.1.0
2026-04-12 22:36:49,038 [ERROR] Engine:466 - C:\Users\Aditya\.stm32cubemx\thirdparties\pdsc\STMicroelectronics.X-CUBE-IPS.3.2.0.pdsc: PDSC version is not supported
2026-04-12 22:36:49,055 [WARN] PackLoader:240 - Cannot read IP mode file for STMicroelectronics.eDS-WB_DPC_TT-BIDIR.2.1.1
2026-04-12 22:36:49,078 [WARN] PackLoader:240 - Cannot read IP mode file for STMicroelectronics.X-CUBE-NFC12.1.0.0
2026-04-12 22:36:49,110 [ERROR] LogOutputStream:75 - [STDERR_REDIRECT] [Fatal Error] :1:1: Premature end of file.
2026-04-12 22:36:49,110 [ERROR] LogOutputStream:75 - [STDERR_REDIRECT] 
2026-04-12 22:36:49,198 [WARN] PackLoader:240 - Cannot read IP mode file for STMicroelectronics.X-CUBE-AZRTOS-L5.2.0.0
2026-04-12 22:36:49,230 [WARN] PackLoader:240 - Cannot read IP mode file for STMicroelectronics.X-CUBE-NFC6.3.1.0
2026-04-12 22:36:49,244 [WARN] PackLoader:240 - Cannot read IP mode file for STMicroelectronics.eDS-WB_DPC_VIENNA.1.2.0
2026-04-12 22:36:49,259 [WARN] PackLoader:240 - Cannot read IP mode file for STMicroelectronics.eDS-WB_DPC_3PH2L-BIDIR.1.1.1
2026-04-12 22:36:49,276 [WARN] PackLoader:240 - Cannot read IP mode file for STMicroelectronics.X-CUBE-FREERTOS.1.3.1
2026-04-12 22:36:49,290 [WARN] PackLoader:240 - Cannot read IP mode file for STMicroelectronics.X-CUBE-TOUCHGFX.4.26.0
2026-04-12 22:36:49,305 [WARN] PackLoader:240 - Cannot read IP mode file for STMicroelectronics.X-CUBE-TOUCHGFX.4.26.1
2026-04-12 22:36:49,322 [WARN] PackLoader:240 - Cannot read IP mode file for STMicroelectronics.FP-SNS-STAIOTCFT.1.0.0
2026-04-12 22:36:49,373 [WARN] PackLoader:240 - Cannot read IP mode file for STMicroelectronics.X-CUBE-DPower.1.3.0
2026-04-12 22:36:49,761 [WARN] ConditionMgr:438 - getConditionDescription Invalid condition id : LAN8742 Phy interface Condition cause : null
2026-04-12 22:36:49,763 [WARN] PackLoader:240 - Cannot read IP mode file for STMicroelectronics.X-CUBE-AZRTOS-L4.2.0.0
2026-04-12 22:36:49,765 [WARN] ConditionMgr:1044 - genDependencies : Invalid condition id : LAN8742 Phy interface Condition cause : null
2026-04-12 22:36:49,765 [WARN] ConditionMgr:1044 - genDependencies : Invalid condition id : LAN8742 Phy interface Condition cause : null
2026-04-12 22:36:49,767 [WARN] ConditionMgr:1044 - genDependencies : Invalid condition id : LAN8742 Phy interface Condition cause : null
2026-04-12 22:36:49,809 [WARN] PackLoader:240 - Cannot read IP mode file for STMicroelectronics.X-CUBE-SFXS2LP1.4.0.0
2026-04-12 22:36:49,824 [WARN] PackLoader:240 - Cannot read IP mode file for STMicroelectronics.X-CUBE-WB05N.2.1.0
2026-04-12 22:36:49,841 [ERROR] Engine:466 - C:\Users\Aditya\.stm32cubemx\thirdparties\pdsc\STMicroelectronics.X-CUBE-ST67W61.1.2.0.pdsc: PDSC version is not supported
2026-04-12 22:36:49,892 [WARN] PackLoader:240 - Cannot read IP mode file for STMicroelectronics.X-CUBE-AZRTOS-H7.3.3.0
2026-04-12 22:36:49,913 [WARN] PackLoader:240 - Cannot read IP mode file for STMicroelectronics.X-CUBE-BLEMGR.4.1.0
2026-04-12 22:36:49,943 [WARN] ConditionMgr:438 - getConditionDescription Invalid condition id : UX DEVICE CLASS RTOS Condition cause : null
2026-04-12 22:36:49,944 [WARN] ConditionMgr:438 - getConditionDescription Invalid condition id : UX DEVICE CLASS RTOS Condition cause : null
2026-04-12 22:36:49,947 [WARN] PackLoader:240 - Cannot read IP mode file for STMicroelectronics.X-CUBE-AZRTOS-WB.2.0.0
2026-04-12 22:36:49,948 [WARN] ConditionMgr:1044 - genDependencies : Invalid condition id : UX DEVICE CLASS RTOS Condition cause : null
2026-04-12 22:36:49,948 [WARN] ConditionMgr:1044 - genDependencies : Invalid condition id : UX DEVICE CLASS RTOS Condition cause : null
2026-04-12 22:36:49,948 [WARN] ConditionMgr:1044 - genDependencies : Invalid condition id : UX DEVICE CLASS RTOS Condition cause : null
2026-04-12 22:36:49,949 [WARN] ConditionMgr:1044 - genDependencies : Invalid condition id : UX DEVICE CLASS RTOS Condition cause : null
2026-04-12 22:36:49,949 [WARN] ConditionMgr:1044 - genDependencies : Invalid condition id : UX DEVICE CLASS RTOS Condition cause : null
2026-04-12 22:36:49,962 [WARN] PackLoader:240 - Cannot read IP mode file for STMicroelectronics.X-CUBE-GNSS1.7.0.1
2026-04-12 22:36:49,991 [WARN] PackLoader:240 - Cannot read IP mode file for STMicroelectronics.X-CUBE-TOUCHGFX.4.25.0
2026-04-12 22:36:50,015 [WARN] PackLoader:240 - Cannot read IP mode file for STMicroelectronics.FP-SNS-STBOX1.2.0.0
2026-04-12 22:36:50,046 [WARN] PackLoader:240 - Cannot read IP mode file for STMicroelectronics.X-CUBE-STSE01.2.0.0
2026-04-12 22:36:50,093 [WARN] PackLoader:240 - Cannot read IP mode file for STMicroelectronics.X-CUBE-SUBG2.5.0.0
2026-04-12 22:36:50,125 [ERROR] LogOutputStream:75 - [STDERR_REDIRECT] [Fatal Error] :1:1: Premature end of file.
2026-04-12 22:36:50,125 [ERROR] LogOutputStream:75 - [STDERR_REDIRECT] 
2026-04-12 22:36:50,133 [WARN] PackLoader:240 - Cannot read IP mode file for STMicroelectronics.X-CUBE-AZRTOS-H7RS.1.1.0
2026-04-12 22:36:50,146 [WARN] PackLoader:240 - Cannot read IP mode file for Cesanta.I-CUBE-Mongoose.7.13.0
2026-04-12 22:36:50,162 [WARN] PackLoader:240 - Cannot read IP mode file for STMicroelectronics.X-CUBE-AZRTOS-G4.2.0.0
2026-04-12 22:36:50,172 [WARN] PackLoader:240 - Cannot read IP mode file for wolfSSL.I-CUBE-wolfSSH.1.4.20
2026-04-12 22:36:50,180 [WARN] PackLoader:240 - Cannot read IP mode file for STMicroelectronics.X-CUBE-NFC7.2.0.0
2026-04-12 22:36:50,233 [WARN] PackLoader:240 - Cannot read IP mode file for STMicroelectronics.X-CUBE-IPS.3.1.0
2026-04-12 22:36:50,252 [WARN] PackLoader:240 - Cannot read IP mode file for STMicroelectronics.X-CUBE-ALS.1.0.2
2026-04-12 22:36:50,262 [WARN] PackLoader:240 - Cannot read IP mode file for portGmbH.I-Cube-SoM-uGOAL.1.1.0
2026-04-12 22:36:50,280 [WARN] PackLoader:240 - Cannot read IP mode file for STMicroelectronics.X-CUBE-TOF1.3.4.3
2026-04-12 22:36:50,297 [INFO] ThirdParty:978 - Integrity check success = true
2026-04-12 22:36:50,297 [INFO] IntegrityCheckThread:100 - exiting critical section [integrity check]
2026-04-12 22:36:50,298 [INFO] IntegrityCheckThread:103 - End integrity checks thread
2026-04-12 22:36:51,004 [ERROR] LogOutputStream:75 - [STDERR_REDIRECT] [Fatal Error] :1:1: Premature end of file.
2026-04-12 22:36:51,005 [ERROR] LogOutputStream:75 - [STDERR_REDIRECT] 
2026-04-12 22:36:52,005 [ERROR] LogOutputStream:75 - [STDERR_REDIRECT] [Fatal Error] :1:1: Premature end of file.
2026-04-12 22:36:52,005 [ERROR] LogOutputStream:75 - [STDERR_REDIRECT] 
2026-04-12 22:36:53,007 [ERROR] LogOutputStream:75 - [STDERR_REDIRECT] [Fatal Error] :1:1: Premature end of file.
2026-04-12 22:36:53,008 [ERROR] LogOutputStream:75 - [STDERR_REDIRECT] 
2026-04-12 22:36:54,025 [ERROR] LogOutputStream:75 - [STDERR_REDIRECT] [Fatal Error] :1:1: Premature end of file.
2026-04-12 22:36:54,026 [ERROR] LogOutputStream:75 - [STDERR_REDIRECT] 
2026-04-12 22:36:55,010 [ERROR] LogOutputStream:75 - [STDERR_REDIRECT] [Fatal Error] :1:1: Premature end of file.
2026-04-12 22:36:55,010 [ERROR] LogOutputStream:75 - [STDERR_REDIRECT] 
2026-04-12 22:36:56,178 [ERROR] LogOutputStream:75 - [STDERR_REDIRECT] [Fatal Error] :1:1: Premature end of file.
2026-04-12 22:36:56,179 [ERROR] LogOutputStream:75 - [STDERR_REDIRECT] 
2026-04-12 22:36:57,015 [ERROR] LogOutputStream:75 - [STDERR_REDIRECT] [Fatal Error] :1:1: Premature end of file.
2026-04-12 22:36:57,017 [ERROR] LogOutputStream:75 - [STDERR_REDIRECT] 
2026-04-12 22:36:58,042 [ERROR] LogOutputStream:75 - [STDERR_REDIRECT] [Fatal Error] :1:1: Premature end of file.
2026-04-12 22:36:58,042 [ERROR] LogOutputStream:75 - [STDERR_REDIRECT] 
2026-04-12 22:36:59,044 [ERROR] LogOutputStream:75 - [STDERR_REDIRECT] [Fatal Error] :1:1: Premature end of file.
2026-04-12 22:36:59,045 [ERROR] LogOutputStream:75 - [STDERR_REDIRECT] 
2026-04-12 22:37:00,014 [ERROR] LogOutputStream:75 - [STDERR_REDIRECT] [Fatal Error] :1:1: Premature end of file.
2026-04-12 22:37:00,014 [ERROR] LogOutputStream:75 - [STDERR_REDIRECT] 
2026-04-12 22:37:01,002 [ERROR] LogOutputStream:75 - [STDERR_REDIRECT] [Fatal Error] :1:1: Premature end of file.
2026-04-12 22:37:01,003 [ERROR] LogOutputStream:75 - [STDERR_REDIRECT] 
2026-04-12 22:37:02,003 [ERROR] LogOutputStream:75 - [STDERR_REDIRECT] [Fatal Error] :1:1: Premature end of file.
2026-04-12 22:37:02,004 [ERROR] LogOutputStream:75 - [STDERR_REDIRECT] 
2026-04-12 22:37:03,000 [ERROR] LogOutputStream:75 - [STDERR_REDIRECT] [Fatal Error] :1:1: Premature end of file.
2026-04-12 22:37:03,000 [ERROR] LogOutputStream:75 - [STDERR_REDIRECT] 
2026-04-12 22:37:04,003 [ERROR] LogOutputStream:75 - [STDERR_REDIRECT] [Fatal Error] :1:1: Premature end of file.
2026-04-12 22:37:04,004 [ERROR] LogOutputStream:75 - [STDERR_REDIRECT] 
2026-04-12 22:37:05,001 [ERROR] LogOutputStream:75 - [STDERR_REDIRECT] [Fatal Error] :1:1: Premature end of file.
2026-04-12 22:37:05,001 [ERROR] LogOutputStream:75 - [STDERR_REDIRECT] 
2026-04-12 22:37:05,993 [ERROR] LogOutputStream:75 - [STDERR_REDIRECT] [Fatal Error] :1:1: Premature end of file.
2026-04-12 22:37:05,994 [ERROR] LogOutputStream:75 - [STDERR_REDIRECT] 
2026-04-12 22:37:06,999 [ERROR] LogOutputStream:75 - [STDERR_REDIRECT] [Fatal Error] :1:1: Premature end of file.
2026-04-12 22:37:06,999 [ERROR] LogOutputStream:75 - [STDERR_REDIRECT] 
2026-04-12 22:37:08,008 [ERROR] LogOutputStream:75 - [STDERR_REDIRECT] [Fatal Error] :1:1: Premature end of file.
2026-04-12 22:37:08,008 [ERROR] LogOutputStream:75 - [STDERR_REDIRECT] 
2026-04-12 22:37:09,010 [ERROR] LogOutputStream:75 - [STDERR_REDIRECT] [Fatal Error] :1:1: Premature end of file.
2026-04-12 22:37:09,010 [ERROR] LogOutputStream:75 - [STDERR_REDIRECT] 
2026-04-12 22:37:09,993 [ERROR] LogOutputStream:75 - [STDERR_REDIRECT] [Fatal Error] :1:1: Premature end of file.
2026-04-12 22:37:09,994 [ERROR] LogOutputStream:75 - [STDERR_REDIRECT] 
2026-04-12 22:37:11,009 [ERROR] LogOutputStream:75 - [STDERR_REDIRECT] [Fatal Error] :1:1: Premature end of file.
2026-04-12 22:37:11,010 [ERROR] LogOutputStream:75 - [STDERR_REDIRECT] 
2026-04-12 22:37:11,994 [ERROR] LogOutputStream:75 - [STDERR_REDIRECT] [Fatal Error] :1:1: Premature end of file.
2026-04-12 22:37:11,994 [ERROR] LogOutputStream:75 - [STDERR_REDIRECT] 
2026-04-12 22:37:13,008 [ERROR] LogOutputStream:75 - [STDERR_REDIRECT] [Fatal Error] :1:1: Premature end of file.
2026-04-12 22:37:13,009 [ERROR] LogOutputStream:75 - [STDERR_REDIRECT] 
2026-04-12 22:37:13,994 [ERROR] LogOutputStream:75 - [STDERR_REDIRECT] [Fatal Error] :1:1: Premature end of file.
2026-04-12 22:37:13,994 [ERROR] LogOutputStream:75 - [STDERR_REDIRECT] 
2026-04-12 22:37:14,999 [ERROR] LogOutputStream:75 - [STDERR_REDIRECT] [Fatal Error] :1:1: Premature end of file.
2026-04-12 22:37:14,999 [ERROR] LogOutputStream:75 - [STDERR_REDIRECT] 
2026-04-12 22:37:15,993 [ERROR] LogOutputStream:75 - [STDERR_REDIRECT] [Fatal Error] :1:1: Premature end of file.
2026-04-12 22:37:15,993 [ERROR] LogOutputStream:75 - [STDERR_REDIRECT] 
2026-04-12 22:37:17,050 [ERROR] LogOutputStream:75 - [STDERR_REDIRECT] [Fatal Error] :1:1: Premature end of file.
2026-04-12 22:37:17,050 [ERROR] LogOutputStream:75 - [STDERR_REDIRECT] 
2026-04-12 22:37:18,006 [ERROR] LogOutputStream:75 - [STDERR_REDIRECT] [Fatal Error] :1:1: Premature end of file.
2026-04-12 22:37:18,006 [ERROR] LogOutputStream:75 - [STDERR_REDIRECT] 
2026-04-12 22:37:19,005 [ERROR] LogOutputStream:75 - [STDERR_REDIRECT] [Fatal Error] :1:1: Premature end of file.
2026-04-12 22:37:19,005 [ERROR] LogOutputStream:75 - [STDERR_REDIRECT] 
2026-04-12 22:37:20,012 [ERROR] LogOutputStream:75 - [STDERR_REDIRECT] [Fatal Error] :1:1: Premature end of file.
2026-04-12 22:37:20,013 [ERROR] LogOutputStream:75 - [STDERR_REDIRECT] 
2026-04-12 22:37:21,031 [ERROR] LogOutputStream:75 - [STDERR_REDIRECT] [Fatal Error] :1:1: Premature end of file.
2026-04-12 22:37:21,032 [ERROR] LogOutputStream:75 - [STDERR_REDIRECT] 
2026-04-12 22:37:22,002 [ERROR] LogOutputStream:75 - [STDERR_REDIRECT] [Fatal Error] :1:1: Premature end of file.
2026-04-12 22:37:22,003 [ERROR] LogOutputStream:75 - [STDERR_REDIRECT] 
2026-04-12 22:37:23,000 [ERROR] LogOutputStream:75 - [STDERR_REDIRECT] [Fatal Error] :1:1: Premature end of file.
2026-04-12 22:37:23,001 [ERROR] LogOutputStream:75 - [STDERR_REDIRECT] 
2026-04-12 22:37:24,002 [ERROR] LogOutputStream:75 - [STDERR_REDIRECT] [Fatal Error] :1:1: Premature end of file.
2026-04-12 22:37:24,002 [ERROR] LogOutputStream:75 - [STDERR_REDIRECT] 
2026-04-12 22:37:25,011 [ERROR] LogOutputStream:75 - [STDERR_REDIRECT] [Fatal Error] :1:1: Premature end of file.
2026-04-12 22:37:25,012 [ERROR] LogOutputStream:75 - [STDERR_REDIRECT] 
2026-04-12 22:37:26,001 [ERROR] LogOutputStream:75 - [STDERR_REDIRECT] [Fatal Error] :1:1: Premature end of file.
2026-04-12 22:37:26,002 [ERROR] LogOutputStream:75 - [STDERR_REDIRECT] 
2026-04-12 22:37:27,000 [ERROR] LogOutputStream:75 - [STDERR_REDIRECT] [Fatal Error] :1:1: Premature end of file.
2026-04-12 22:37:27,002 [ERROR] LogOutputStream:75 - [STDERR_REDIRECT] 
2026-04-12 22:37:28,008 [ERROR] LogOutputStream:75 - [STDERR_REDIRECT] [Fatal Error] :1:1: Premature end of file.
2026-04-12 22:37:28,008 [ERROR] LogOutputStream:75 - [STDERR_REDIRECT] 
2026-04-12 22:37:29,008 [ERROR] LogOutputStream:75 - [STDERR_REDIRECT] [Fatal Error] :1:1: Premature end of file.
2026-04-12 22:37:29,009 [ERROR] LogOutputStream:75 - [STDERR_REDIRECT] 
2026-04-12 22:37:29,995 [ERROR] LogOutputStream:75 - [STDERR_REDIRECT] [Fatal Error] :1:1: Premature end of file.
2026-04-12 22:37:29,996 [ERROR] LogOutputStream:75 - [STDERR_REDIRECT] 
2026-04-12 22:37:30,996 [ERROR] LogOutputStream:75 - [STDERR_REDIRECT] [Fatal Error] :1:1: Premature end of file.
2026-04-12 22:37:30,997 [ERROR] LogOutputStream:75 - [STDERR_REDIRECT] 
2026-04-12 22:37:32,003 [ERROR] LogOutputStream:75 - [STDERR_REDIRECT] [Fatal Error] :1:1: Premature end of file.
2026-04-12 22:37:32,003 [ERROR] LogOutputStream:75 - [STDERR_REDIRECT] 
2026-04-12 22:37:33,008 [ERROR] LogOutputStream:75 - [STDERR_REDIRECT] [Fatal Error] :1:1: Premature end of file.
2026-04-12 22:37:33,008 [ERROR] LogOutputStream:75 - [STDERR_REDIRECT] 
2026-04-12 22:37:34,001 [ERROR] LogOutputStream:75 - [STDERR_REDIRECT] [Fatal Error] :1:1: Premature end of file.
2026-04-12 22:37:34,001 [ERROR] LogOutputStream:75 - [STDERR_REDIRECT] 
2026-04-12 22:37:35,010 [ERROR] LogOutputStream:75 - [STDERR_REDIRECT] [Fatal Error] :1:1: Premature end of file.
2026-04-12 22:37:35,011 [ERROR] LogOutputStream:75 - [STDERR_REDIRECT] 
2026-04-12 22:37:36,007 [ERROR] LogOutputStream:75 - [STDERR_REDIRECT] [Fatal Error] :1:1: Premature end of file.
2026-04-12 22:37:36,008 [ERROR] LogOutputStream:75 - [STDERR_REDIRECT] 
2026-04-12 22:37:37,011 [ERROR] LogOutputStream:75 - [STDERR_REDIRECT] [Fatal Error] :1:1: Premature end of file.
2026-04-12 22:37:37,012 [ERROR] LogOutputStream:75 - [STDERR_REDIRECT] 
2026-04-12 22:37:37,991 [ERROR] LogOutputStream:75 - [STDERR_REDIRECT] [Fatal Error] :1:1: Premature end of file.
2026-04-12 22:37:37,991 [ERROR] LogOutputStream:75 - [STDERR_REDIRECT] 
2026-04-12 22:37:39,003 [ERROR] LogOutputStream:75 - [STDERR_REDIRECT] [Fatal Error] :1:1: Premature end of file.
2026-04-12 22:37:39,003 [ERROR] LogOutputStream:75 - [STDERR_REDIRECT] 
2026-04-12 22:37:40,004 [ERROR] LogOutputStream:75 - [STDERR_REDIRECT] [Fatal Error] :1:1: Premature end of file.
2026-04-12 22:37:40,004 [ERROR] LogOutputStream:75 - [STDERR_REDIRECT] 
2026-04-12 22:37:41,058 [ERROR] LogOutputStream:75 - [STDERR_REDIRECT] [Fatal Error] :1:1: Premature end of file.
2026-04-12 22:37:41,058 [ERROR] LogOutputStream:75 - [STDERR_REDIRECT] 
2026-04-12 22:37:41,997 [ERROR] LogOutputStream:75 - [STDERR_REDIRECT] [Fatal Error] :1:1: Premature end of file.
2026-04-12 22:37:41,998 [ERROR] LogOutputStream:75 - [STDERR_REDIRECT] 
2026-04-12 22:37:42,999 [ERROR] LogOutputStream:75 - [STDERR_REDIRECT] [Fatal Error] :1:1: Premature end of file.
2026-04-12 22:37:42,999 [ERROR] LogOutputStream:75 - [STDERR_REDIRECT] 
2026-04-12 22:37:44,001 [ERROR] LogOutputStream:75 - [STDERR_REDIRECT] [Fatal Error] :1:1: Premature end of file.
2026-04-12 22:37:44,002 [ERROR] LogOutputStream:75 - [STDERR_REDIRECT] 
2026-04-12 22:37:45,008 [ERROR] LogOutputStream:75 - [STDERR_REDIRECT] [Fatal Error] :1:1: Premature end of file.
2026-04-12 22:37:45,008 [ERROR] LogOutputStream:75 - [STDERR_REDIRECT] 
2026-04-12 22:37:46,001 [ERROR] LogOutputStream:75 - [STDERR_REDIRECT] [Fatal Error] :1:1: Premature end of file.
2026-04-12 22:37:46,001 [ERROR] LogOutputStream:75 - [STDERR_REDIRECT] 
2026-04-12 22:37:46,996 [ERROR] LogOutputStream:75 - [STDERR_REDIRECT] [Fatal Error] :1:1: Premature end of file.
2026-04-12 22:37:46,996 [ERROR] LogOutputStream:75 - [STDERR_REDIRECT] 
2026-04-12 22:37:48,012 [ERROR] LogOutputStream:75 - [STDERR_REDIRECT] [Fatal Error] :1:1: Premature end of file.
2026-04-12 22:37:48,013 [ERROR] LogOutputStream:75 - [STDERR_REDIRECT] 
2026-04-12 22:37:49,014 [ERROR] LogOutputStream:75 - [STDERR_REDIRECT] [Fatal Error] :1:1: Premature end of file.
2026-04-12 22:37:49,015 [ERROR] LogOutputStream:75 - [STDERR_REDIRECT] 
2026-04-12 22:37:50,008 [ERROR] LogOutputStream:75 - [STDERR_REDIRECT] [Fatal Error] :1:1: Premature end of file.
2026-04-12 22:37:50,008 [ERROR] LogOutputStream:75 - [STDERR_REDIRECT] 
2026-04-12 22:37:50,998 [ERROR] LogOutputStream:75 - [STDERR_REDIRECT] [Fatal Error] :1:1: Premature end of file.
2026-04-12 22:37:50,999 [ERROR] LogOutputStream:75 - [STDERR_REDIRECT] 
2026-04-12 22:37:52,005 [ERROR] LogOutputStream:75 - [STDERR_REDIRECT] [Fatal Error] :1:1: Premature end of file.
2026-04-12 22:37:52,006 [ERROR] LogOutputStream:75 - [STDERR_REDIRECT] 
2026-04-12 22:37:53,005 [ERROR] LogOutputStream:75 - [STDERR_REDIRECT] [Fatal Error] :1:1: Premature end of file.
2026-04-12 22:37:53,006 [ERROR] LogOutputStream:75 - [STDERR_REDIRECT] 
2026-04-12 22:37:54,014 [ERROR] LogOutputStream:75 - [STDERR_REDIRECT] [Fatal Error] :1:1: Premature end of file.
2026-04-12 22:37:54,014 [ERROR] LogOutputStream:75 - [STDERR_REDIRECT] 
2026-04-12 22:37:55,000 [ERROR] LogOutputStream:75 - [STDERR_REDIRECT] [Fatal Error] :1:1: Premature end of file.
2026-04-12 22:37:55,000 [ERROR] LogOutputStream:75 - [STDERR_REDIRECT] 
2026-04-12 22:37:55,992 [ERROR] LogOutputStream:75 - [STDERR_REDIRECT] [Fatal Error] :1:1: Premature end of file.
2026-04-12 22:37:55,992 [ERROR] LogOutputStream:75 - [STDERR_REDIRECT] 
2026-04-12 22:37:57,208 [ERROR] LogOutputStream:75 - [STDERR_REDIRECT] [Fatal Error] :1:1: Premature end of file.
2026-04-12 22:37:57,213 [ERROR] LogOutputStream:75 - [STDERR_REDIRECT] 
2026-04-12 22:37:57,995 [ERROR] LogOutputStream:75 - [STDERR_REDIRECT] [Fatal Error] :1:1: Premature end of file.
2026-04-12 22:37:57,996 [ERROR] LogOutputStream:75 - [STDERR_REDIRECT] 
2026-04-12 22:37:59,014 [ERROR] LogOutputStream:75 - [STDERR_REDIRECT] [Fatal Error] :1:1: Premature end of file.
2026-04-12 22:37:59,014 [ERROR] LogOutputStream:75 - [STDERR_REDIRECT] 
2026-04-12 22:38:00,011 [ERROR] LogOutputStream:75 - [STDERR_REDIRECT] [Fatal Error] :1:1: Premature end of file.
2026-04-12 22:38:00,011 [ERROR] LogOutputStream:75 - [STDERR_REDIRECT] 
2026-04-12 22:38:01,008 [ERROR] LogOutputStream:75 - [STDERR_REDIRECT] [Fatal Error] :1:1: Premature end of file.
2026-04-12 22:38:01,009 [ERROR] LogOutputStream:75 - [STDERR_REDIRECT] 
2026-04-12 22:38:02,006 [ERROR] LogOutputStream:75 - [STDERR_REDIRECT] [Fatal Error] :1:1: Premature end of file.
2026-04-12 22:38:02,006 [ERROR] LogOutputStream:75 - [STDERR_REDIRECT] 
2026-04-12 22:38:03,012 [ERROR] LogOutputStream:75 - [STDERR_REDIRECT] [Fatal Error] :1:1: Premature end of file.
2026-04-12 22:38:03,013 [ERROR] LogOutputStream:75 - [STDERR_REDIRECT] 
2026-04-12 22:38:03,998 [ERROR] LogOutputStream:75 - [STDERR_REDIRECT] [Fatal Error] :1:1: Premature end of file.
2026-04-12 22:38:03,998 [ERROR] LogOutputStream:75 - [STDERR_REDIRECT] 
2026-04-12 22:38:05,016 [ERROR] LogOutputStream:75 - [STDERR_REDIRECT] [Fatal Error] :1:1: Premature end of file.
2026-04-12 22:38:05,017 [ERROR] LogOutputStream:75 - [STDERR_REDIRECT] 
2026-04-12 22:38:06,004 [ERROR] LogOutputStream:75 - [STDERR_REDIRECT] [Fatal Error] :1:1: Premature end of file.
2026-04-12 22:38:06,004 [ERROR] LogOutputStream:75 - [STDERR_REDIRECT] 
2026-04-12 22:38:07,163 [ERROR] LogOutputStream:75 - [STDERR_REDIRECT] [Fatal Error] :1:1: Premature end of file.
2026-04-12 22:38:07,163 [ERROR] LogOutputStream:75 - [STDERR_REDIRECT] 
2026-04-12 22:38:08,019 [ERROR] LogOutputStream:75 - [STDERR_REDIRECT] [Fatal Error] :1:1: Premature end of file.
2026-04-12 22:38:08,019 [ERROR] LogOutputStream:75 - [STDERR_REDIRECT] 
2026-04-12 22:38:09,078 [ERROR] LogOutputStream:75 - [STDERR_REDIRECT] [Fatal Error] :1:1: Premature end of file.
2026-04-12 22:38:09,083 [ERROR] LogOutputStream:75 - [STDERR_REDIRECT] 
2026-04-12 22:38:10,023 [ERROR] LogOutputStream:75 - [STDERR_REDIRECT] [Fatal Error] :1:1: Premature end of file.
2026-04-12 22:38:10,024 [ERROR] LogOutputStream:75 - [STDERR_REDIRECT] 
2026-04-12 22:38:11,012 [ERROR] LogOutputStream:75 - [STDERR_REDIRECT] [Fatal Error] :1:1: Premature end of file.
2026-04-12 22:38:11,013 [ERROR] LogOutputStream:75 - [STDERR_REDIRECT] 
2026-04-12 22:38:12,111 [ERROR] LogOutputStream:75 - [STDERR_REDIRECT] [Fatal Error] :1:1: Premature end of file.
2026-04-12 22:38:12,112 [ERROR] LogOutputStream:75 - [STDERR_REDIRECT] 
2026-04-12 22:38:13,008 [ERROR] LogOutputStream:75 - [STDERR_REDIRECT] [Fatal Error] :1:1: Premature end of file.
2026-04-12 22:38:13,008 [ERROR] LogOutputStream:75 - [STDERR_REDIRECT] 
2026-04-12 22:38:14,043 [ERROR] LogOutputStream:75 - [STDERR_REDIRECT] [Fatal Error] :1:1: Premature end of file.
2026-04-12 22:38:14,113 [ERROR] LogOutputStream:75 - [STDERR_REDIRECT] 
2026-04-12 22:38:15,004 [ERROR] LogOutputStream:75 - [STDERR_REDIRECT] [Fatal Error] :1:1: Premature end of file.
2026-04-12 22:38:15,004 [ERROR] LogOutputStream:75 - [STDERR_REDIRECT] 
2026-04-12 22:38:15,999 [ERROR] LogOutputStream:75 - [STDERR_REDIRECT] [Fatal Error] :1:1: Premature end of file.
2026-04-12 22:38:16,000 [ERROR] LogOutputStream:75 - [STDERR_REDIRECT] 
2026-04-12 22:38:17,003 [ERROR] LogOutputStream:75 - [STDERR_REDIRECT] [Fatal Error] :1:1: Premature end of file.
2026-04-12 22:38:17,003 [ERROR] LogOutputStream:75 - [STDERR_REDIRECT] 
2026-04-12 22:38:18,028 [ERROR] LogOutputStream:75 - [STDERR_REDIRECT] [Fatal Error] :1:1: Premature end of file.
2026-04-12 22:38:18,028 [ERROR] LogOutputStream:75 - [STDERR_REDIRECT] 
2026-04-12 22:38:19,037 [ERROR] LogOutputStream:75 - [STDERR_REDIRECT] [Fatal Error] :1:1: Premature end of file.
2026-04-12 22:38:19,037 [ERROR] LogOutputStream:75 - [STDERR_REDIRECT] 
2026-04-12 22:38:20,012 [ERROR] LogOutputStream:75 - [STDERR_REDIRECT] [Fatal Error] :1:1: Premature end of file.
2026-04-12 22:38:20,012 [ERROR] LogOutputStream:75 - [STDERR_REDIRECT] 
2026-04-12 22:38:21,007 [ERROR] LogOutputStream:75 - [STDERR_REDIRECT] [Fatal Error] :1:1: Premature end of file.
2026-04-12 22:38:21,007 [ERROR] LogOutputStream:75 - [STDERR_REDIRECT] 
2026-04-12 22:38:21,999 [ERROR] LogOutputStream:75 - [STDERR_REDIRECT] [Fatal Error] :1:1: Premature end of file.
2026-04-12 22:38:21,999 [ERROR] LogOutputStream:75 - [STDERR_REDIRECT] 
2026-04-12 22:38:23,082 [ERROR] LogOutputStream:75 - [STDERR_REDIRECT] [Fatal Error] :1:1: Premature end of file.
2026-04-12 22:38:23,084 [ERROR] LogOutputStream:75 - [STDERR_REDIRECT] 
2026-04-12 22:38:24,021 [ERROR] LogOutputStream:75 - [STDERR_REDIRECT] [Fatal Error] :1:1: Premature end of file.
2026-04-12 22:38:24,022 [ERROR] LogOutputStream:75 - [STDERR_REDIRECT] 
2026-04-12 22:38:24,994 [ERROR] LogOutputStream:75 - [STDERR_REDIRECT] [Fatal Error] :1:1: Premature end of file.
2026-04-12 22:38:24,994 [ERROR] LogOutputStream:75 - [STDERR_REDIRECT] 
2026-04-12 22:38:26,003 [ERROR] LogOutputStream:75 - [STDERR_REDIRECT] [Fatal Error] :1:1: Premature end of file.
2026-04-12 22:38:26,003 [ERROR] LogOutputStream:75 - [STDERR_REDIRECT] 
2026-04-12 22:38:27,005 [ERROR] LogOutputStream:75 - [STDERR_REDIRECT] [Fatal Error] :1:1: Premature end of file.
2026-04-12 22:38:27,005 [ERROR] LogOutputStream:75 - [STDERR_REDIRECT] 
2026-04-12 22:38:28,007 [ERROR] LogOutputStream:75 - [STDERR_REDIRECT] [Fatal Error] :1:1: Premature end of file.
2026-04-12 22:38:28,008 [ERROR] LogOutputStream:75 - [STDERR_REDIRECT] 
2026-04-12 22:38:29,005 [ERROR] LogOutputStream:75 - [STDERR_REDIRECT] [Fatal Error] :1:1: Premature end of file.
2026-04-12 22:38:29,005 [ERROR] LogOutputStream:75 - [STDERR_REDIRECT] 
2026-04-12 22:38:29,997 [ERROR] LogOutputStream:75 - [STDERR_REDIRECT] [Fatal Error] :1:1: Premature end of file.
2026-04-12 22:38:29,998 [ERROR] LogOutputStream:75 - [STDERR_REDIRECT] 
2026-04-12 22:38:30,991 [ERROR] LogOutputStream:75 - [STDERR_REDIRECT] [Fatal Error] :1:1: Premature end of file.
2026-04-12 22:38:30,992 [ERROR] LogOutputStream:75 - [STDERR_REDIRECT] 
2026-04-12 22:38:31,999 [ERROR] LogOutputStream:75 - [STDERR_REDIRECT] [Fatal Error] :1:1: Premature end of file.
2026-04-12 22:38:32,000 [ERROR] LogOutputStream:75 - [STDERR_REDIRECT] 
2026-04-12 22:38:32,987 [ERROR] LogOutputStream:75 - [STDERR_REDIRECT] [Fatal Error] :1:1: Premature end of file.
2026-04-12 22:38:32,988 [ERROR] LogOutputStream:75 - [STDERR_REDIRECT] 
2026-04-12 22:38:33,998 [ERROR] LogOutputStream:75 - [STDERR_REDIRECT] [Fatal Error] :1:1: Premature end of file.
2026-04-12 22:38:33,999 [ERROR] LogOutputStream:75 - [STDERR_REDIRECT] 
2026-04-12 22:38:34,991 [ERROR] LogOutputStream:75 - [STDERR_REDIRECT] [Fatal Error] :1:1: Premature end of file.
2026-04-12 22:38:34,992 [ERROR] LogOutputStream:75 - [STDERR_REDIRECT] 
2026-04-12 22:38:35,998 [ERROR] LogOutputStream:75 - [STDERR_REDIRECT] [Fatal Error] :1:1: Premature end of file.
2026-04-12 22:38:35,998 [ERROR] LogOutputStream:75 - [STDERR_REDIRECT] 
2026-04-12 22:38:36,994 [ERROR] LogOutputStream:75 - [STDERR_REDIRECT] [Fatal Error] :1:1: Premature end of file.
2026-04-12 22:38:36,995 [ERROR] LogOutputStream:75 - [STDERR_REDIRECT] 
2026-04-12 22:38:38,000 [ERROR] LogOutputStream:75 - [STDERR_REDIRECT] [Fatal Error] :1:1: Premature end of file.
2026-04-12 22:38:38,000 [ERROR] LogOutputStream:75 - [STDERR_REDIRECT] 
2026-04-12 22:38:38,996 [ERROR] LogOutputStream:75 - [STDERR_REDIRECT] [Fatal Error] :1:1: Premature end of file.
2026-04-12 22:38:38,997 [ERROR] LogOutputStream:75 - [STDERR_REDIRECT] 
2026-04-12 22:38:39,994 [ERROR] LogOutputStream:75 - [STDERR_REDIRECT] [Fatal Error] :1:1: Premature end of file.
2026-04-12 22:38:39,994 [ERROR] LogOutputStream:75 - [STDERR_REDIRECT] 
2026-04-12 22:38:40,999 [ERROR] LogOutputStream:75 - [STDERR_REDIRECT] [Fatal Error] :1:1: Premature end of file.
2026-04-12 22:38:41,000 [ERROR] LogOutputStream:75 - [STDERR_REDIRECT] 
2026-04-12 22:38:41,994 [ERROR] LogOutputStream:75 - [STDERR_REDIRECT] [Fatal Error] :1:1: Premature end of file.
2026-04-12 22:38:41,994 [ERROR] LogOutputStream:75 - [STDERR_REDIRECT] 
2026-04-12 22:38:43,012 [ERROR] LogOutputStream:75 - [STDERR_REDIRECT] [Fatal Error] :1:1: Premature end of file.
2026-04-12 22:38:43,012 [ERROR] LogOutputStream:75 - [STDERR_REDIRECT] 
2026-04-12 22:38:43,997 [ERROR] LogOutputStream:75 - [STDERR_REDIRECT] [Fatal Error] :1:1: Premature end of file.
2026-04-12 22:38:43,998 [ERROR] LogOutputStream:75 - [STDERR_REDIRECT] 
2026-04-12 22:38:44,999 [ERROR] LogOutputStream:75 - [STDERR_REDIRECT] [Fatal Error] :1:1: Premature end of file.
2026-04-12 22:38:45,000 [ERROR] LogOutputStream:75 - [STDERR_REDIRECT] 
2026-04-12 22:38:45,987 [ERROR] LogOutputStream:75 - [STDERR_REDIRECT] [Fatal Error] :1:1: Premature end of file.
2026-04-12 22:38:45,988 [ERROR] LogOutputStream:75 - [STDERR_REDIRECT] 
2026-04-12 22:38:46,990 [ERROR] LogOutputStream:75 - [STDERR_REDIRECT] [Fatal Error] :1:1: Premature end of file.
2026-04-12 22:38:46,991 [ERROR] LogOutputStream:75 - [STDERR_REDIRECT] 
2026-04-12 22:38:47,996 [ERROR] LogOutputStream:75 - [STDERR_REDIRECT] [Fatal Error] :1:1: Premature end of file.
2026-04-12 22:38:47,996 [ERROR] LogOutputStream:75 - [STDERR_REDIRECT] 
2026-04-12 22:38:48,994 [ERROR] LogOutputStream:75 - [STDERR_REDIRECT] [Fatal Error] :1:1: Premature end of file.
2026-04-12 22:38:48,995 [ERROR] LogOutputStream:75 - [STDERR_REDIRECT] 
2026-04-12 22:38:49,994 [ERROR] LogOutputStream:75 - [STDERR_REDIRECT] [Fatal Error] :1:1: Premature end of file.
2026-04-12 22:38:49,994 [ERROR] LogOutputStream:75 - [STDERR_REDIRECT] 
2026-04-12 22:38:50,997 [ERROR] LogOutputStream:75 - [STDERR_REDIRECT] [Fatal Error] :1:1: Premature end of file.
2026-04-12 22:38:50,998 [ERROR] LogOutputStream:75 - [STDERR_REDIRECT] 
2026-04-12 22:38:51,989 [ERROR] LogOutputStream:75 - [STDERR_REDIRECT] [Fatal Error] :1:1: Premature end of file.
2026-04-12 22:38:51,989 [ERROR] LogOutputStream:75 - [STDERR_REDIRECT] 
2026-04-12 22:38:52,992 [ERROR] LogOutputStream:75 - [STDERR_REDIRECT] [Fatal Error] :1:1: Premature end of file.
2026-04-12 22:38:52,992 [ERROR] LogOutputStream:75 - [STDERR_REDIRECT] 
2026-04-12 22:38:54,011 [ERROR] LogOutputStream:75 - [STDERR_REDIRECT] [Fatal Error] :1:1: Premature end of file.
2026-04-12 22:38:54,012 [ERROR] LogOutputStream:75 - [STDERR_REDIRECT] 
2026-04-12 22:38:54,996 [ERROR] LogOutputStream:75 - [STDERR_REDIRECT] [Fatal Error] :1:1: Premature end of file.
2026-04-12 22:38:54,997 [ERROR] LogOutputStream:75 - [STDERR_REDIRECT] 
2026-04-12 22:38:56,002 [ERROR] LogOutputStream:75 - [STDERR_REDIRECT] [Fatal Error] :1:1: Premature end of file.
2026-04-12 22:38:56,003 [ERROR] LogOutputStream:75 - [STDERR_REDIRECT] 
2026-04-12 22:38:56,989 [ERROR] LogOutputStream:75 - [STDERR_REDIRECT] [Fatal Error] :1:1: Premature end of file.
2026-04-12 22:38:56,990 [ERROR] LogOutputStream:75 - [STDERR_REDIRECT] 
2026-04-12 22:38:58,021 [ERROR] LogOutputStream:75 - [STDERR_REDIRECT] [Fatal Error] :1:1: Premature end of file.
2026-04-12 22:38:58,024 [ERROR] LogOutputStream:75 - [STDERR_REDIRECT] 
2026-04-12 22:38:58,991 [ERROR] LogOutputStream:75 - [STDERR_REDIRECT] [Fatal Error] :1:1: Premature end of file.
2026-04-12 22:38:58,991 [ERROR] LogOutputStream:75 - [STDERR_REDIRECT] 
2026-04-12 22:39:00,001 [ERROR] LogOutputStream:75 - [STDERR_REDIRECT] [Fatal Error] :1:1: Premature end of file.
2026-04-12 22:39:00,001 [ERROR] LogOutputStream:75 - [STDERR_REDIRECT] 
2026-04-12 22:39:01,000 [ERROR] LogOutputStream:75 - [STDERR_REDIRECT] [Fatal Error] :1:1: Premature end of file.
2026-04-12 22:39:01,000 [ERROR] LogOutputStream:75 - [STDERR_REDIRECT] 
2026-04-12 22:39:01,989 [ERROR] LogOutputStream:75 - [STDERR_REDIRECT] [Fatal Error] :1:1: Premature end of file.
2026-04-12 22:39:01,990 [ERROR] LogOutputStream:75 - [STDERR_REDIRECT] 
2026-04-12 22:39:02,999 [ERROR] LogOutputStream:75 - [STDERR_REDIRECT] [Fatal Error] :1:1: Premature end of file.
2026-04-12 22:39:02,999 [ERROR] LogOutputStream:75 - [STDERR_REDIRECT] 
2026-04-12 22:39:03,991 [ERROR] LogOutputStream:75 - [STDERR_REDIRECT] [Fatal Error] :1:1: Premature end of file.
2026-04-12 22:39:03,992 [ERROR] LogOutputStream:75 - [STDERR_REDIRECT] 
2026-04-12 22:39:05,003 [ERROR] LogOutputStream:75 - [STDERR_REDIRECT] [Fatal Error] :1:1: Premature end of file.
2026-04-12 22:39:05,003 [ERROR] LogOutputStream:75 - [STDERR_REDIRECT] 
2026-04-12 22:39:06,000 [ERROR] LogOutputStream:75 - [STDERR_REDIRECT] [Fatal Error] :1:1: Premature end of file.
2026-04-12 22:39:06,000 [ERROR] LogOutputStream:75 - [STDERR_REDIRECT] 
2026-04-12 22:39:07,001 [ERROR] LogOutputStream:75 - [STDERR_REDIRECT] [Fatal Error] :1:1: Premature end of file.
2026-04-12 22:39:07,001 [ERROR] LogOutputStream:75 - [STDERR_REDIRECT] 
2026-04-12 22:39:08,000 [ERROR] LogOutputStream:75 - [STDERR_REDIRECT] [Fatal Error] :1:1: Premature end of file.
2026-04-12 22:39:08,000 [ERROR] LogOutputStream:75 - [STDERR_REDIRECT] 
2026-04-12 22:39:09,008 [ERROR] LogOutputStream:75 - [STDERR_REDIRECT] [Fatal Error] :1:1: Premature end of file.
2026-04-12 22:39:09,009 [ERROR] LogOutputStream:75 - [STDERR_REDIRECT] 
2026-04-12 22:39:11,318 [ERROR] LogOutputStream:75 - [STDERR_REDIRECT] [Fatal Error] :1:1: Premature end of file.
2026-04-12 22:39:11,318 [ERROR] LogOutputStream:75 - [STDERR_REDIRECT] 
2026-04-12 22:39:11,571 [ERROR] LogOutputStream:75 - [STDERR_REDIRECT] [Fatal Error] :1:1: Premature end of file.
2026-04-12 22:39:11,571 [ERROR] LogOutputStream:75 - [STDERR_REDIRECT] 
2026-04-12 22:39:12,279 [ERROR] LogOutputStream:75 - [STDERR_REDIRECT] [Fatal Error] :1:1: Premature end of file.
2026-04-12 22:39:12,279 [ERROR] LogOutputStream:75 - [STDERR_REDIRECT] 
2026-04-12 22:39:13,023 [ERROR] LogOutputStream:75 - [STDERR_REDIRECT] [Fatal Error] :1:1: Premature end of file.
2026-04-12 22:39:13,023 [ERROR] LogOutputStream:75 - [STDERR_REDIRECT] 
2026-04-12 22:39:14,029 [ERROR] LogOutputStream:75 - [STDERR_REDIRECT] [Fatal Error] :1:1: Premature end of file.
2026-04-12 22:39:14,033 [ERROR] LogOutputStream:75 - [STDERR_REDIRECT] 
2026-04-12 22:39:15,000 [ERROR] LogOutputStream:75 - [STDERR_REDIRECT] [Fatal Error] :1:1: Premature end of file.
2026-04-12 22:39:15,001 [ERROR] LogOutputStream:75 - [STDERR_REDIRECT] 
2026-04-12 22:39:16,616 [ERROR] LogOutputStream:75 - [STDERR_REDIRECT] [Fatal Error] :1:1: Premature end of file.
2026-04-12 22:39:16,616 [ERROR] LogOutputStream:75 - [STDERR_REDIRECT] 
2026-04-12 22:39:17,097 [ERROR] LogOutputStream:75 - [STDERR_REDIRECT] [Fatal Error] :1:1: Premature end of file.
2026-04-12 22:39:17,098 [ERROR] LogOutputStream:75 - [STDERR_REDIRECT] 
2026-04-12 22:39:18,311 [ERROR] LogOutputStream:75 - [STDERR_REDIRECT] [Fatal Error] :1:1: Premature end of file.
2026-04-12 22:39:18,311 [ERROR] LogOutputStream:75 - [STDERR_REDIRECT] 
2026-04-12 22:39:19,049 [ERROR] LogOutputStream:75 - [STDERR_REDIRECT] [Fatal Error] :1:1: Premature end of file.
2026-04-12 22:39:19,049 [ERROR] LogOutputStream:75 - [STDERR_REDIRECT] 
2026-04-12 22:39:20,099 [ERROR] LogOutputStream:75 - [STDERR_REDIRECT] [Fatal Error] :1:1: Premature end of file.
2026-04-12 22:39:20,099 [ERROR] LogOutputStream:75 - [STDERR_REDIRECT] 
2026-04-12 22:39:21,295 [ERROR] LogOutputStream:75 - [STDERR_REDIRECT] [Fatal Error] :1:1: Premature end of file.
2026-04-12 22:39:21,296 [ERROR] LogOutputStream:75 - [STDERR_REDIRECT] 
2026-04-12 22:39:22,260 [ERROR] LogOutputStream:75 - [STDERR_REDIRECT] [Fatal Error] :1:1: Premature end of file.
2026-04-12 22:39:22,261 [ERROR] LogOutputStream:75 - [STDERR_REDIRECT] 
2026-04-12 22:39:23,032 [ERROR] LogOutputStream:75 - [STDERR_REDIRECT] [Fatal Error] :1:1: Premature end of file.
2026-04-12 22:39:23,033 [ERROR] LogOutputStream:75 - [STDERR_REDIRECT] 
2026-04-12 22:39:24,019 [ERROR] LogOutputStream:75 - [STDERR_REDIRECT] [Fatal Error] :1:1: Premature end of file.
2026-04-12 22:39:24,020 [ERROR] LogOutputStream:75 - [STDERR_REDIRECT] 
2026-04-12 22:39:25,027 [ERROR] LogOutputStream:75 - [STDERR_REDIRECT] [Fatal Error] :1:1: Premature end of file.
2026-04-12 22:39:25,028 [ERROR] LogOutputStream:75 - [STDERR_REDIRECT] 
2026-04-12 22:39:26,229 [ERROR] LogOutputStream:75 - [STDERR_REDIRECT] [Fatal Error] :1:1: Premature end of file.
2026-04-12 22:39:26,230 [ERROR] LogOutputStream:75 - [STDERR_REDIRECT] 
2026-04-12 22:39:27,067 [ERROR] LogOutputStream:75 - [STDERR_REDIRECT] [Fatal Error] :1:1: Premature end of file.
2026-04-12 22:39:27,067 [ERROR] LogOutputStream:75 - [STDERR_REDIRECT] 
2026-04-12 22:39:28,069 [ERROR] LogOutputStream:75 - [STDERR_REDIRECT] [Fatal Error] :1:1: Premature end of file.
2026-04-12 22:39:28,074 [ERROR] LogOutputStream:75 - [STDERR_REDIRECT] 
2026-04-12 22:39:29,024 [ERROR] LogOutputStream:75 - [STDERR_REDIRECT] [Fatal Error] :1:1: Premature end of file.
2026-04-12 22:39:29,024 [ERROR] LogOutputStream:75 - [STDERR_REDIRECT] 
2026-04-12 22:39:30,018 [ERROR] LogOutputStream:75 - [STDERR_REDIRECT] [Fatal Error] :1:1: Premature end of file.
2026-04-12 22:39:30,019 [ERROR] LogOutputStream:75 - [STDERR_REDIRECT] 
2026-04-12 22:39:31,026 [ERROR] LogOutputStream:75 - [STDERR_REDIRECT] [Fatal Error] :1:1: Premature end of file.
2026-04-12 22:39:31,026 [ERROR] LogOutputStream:75 - [STDERR_REDIRECT] 
2026-04-12 22:39:32,008 [ERROR] LogOutputStream:75 - [STDERR_REDIRECT] [Fatal Error] :1:1: Premature end of file.
2026-04-12 22:39:32,009 [ERROR] LogOutputStream:75 - [STDERR_REDIRECT] 
2026-04-12 22:39:33,012 [ERROR] LogOutputStream:75 - [STDERR_REDIRECT] [Fatal Error] :1:1: Premature end of file.
2026-04-12 22:39:33,012 [ERROR] LogOutputStream:75 - [STDERR_REDIRECT] 
2026-04-12 22:39:34,018 [ERROR] LogOutputStream:75 - [STDERR_REDIRECT] [Fatal Error] :1:1: Premature end of file.
2026-04-12 22:39:34,018 [ERROR] LogOutputStream:75 - [STDERR_REDIRECT] 
2026-04-12 22:39:35,014 [ERROR] LogOutputStream:75 - [STDERR_REDIRECT] [Fatal Error] :1:1: Premature end of file.
2026-04-12 22:39:35,014 [ERROR] LogOutputStream:75 - [STDERR_REDIRECT] 
2026-04-12 22:39:36,027 [ERROR] LogOutputStream:75 - [STDERR_REDIRECT] [Fatal Error] :1:1: Premature end of file.
2026-04-12 22:39:36,028 [ERROR] LogOutputStream:75 - [STDERR_REDIRECT] 
2026-04-12 22:39:37,012 [ERROR] LogOutputStream:75 - [STDERR_REDIRECT] [Fatal Error] :1:1: Premature end of file.
2026-04-12 22:39:37,013 [ERROR] LogOutputStream:75 - [STDERR_REDIRECT] 
2026-04-12 22:39:38,028 [ERROR] LogOutputStream:75 - [STDERR_REDIRECT] [Fatal Error] :1:1: Premature end of file.
2026-04-12 22:39:38,028 [ERROR] LogOutputStream:75 - [STDERR_REDIRECT] 
2026-04-12 22:39:39,040 [ERROR] LogOutputStream:75 - [STDERR_REDIRECT] [Fatal Error] :1:1: Premature end of file.
2026-04-12 22:39:39,041 [ERROR] LogOutputStream:75 - [STDERR_REDIRECT] 
2026-04-12 22:39:40,007 [ERROR] LogOutputStream:75 - [STDERR_REDIRECT] [Fatal Error] :1:1: Premature end of file.
2026-04-12 22:39:40,007 [ERROR] LogOutputStream:75 - [STDERR_REDIRECT] 
2026-04-12 22:39:41,013 [ERROR] LogOutputStream:75 - [STDERR_REDIRECT] [Fatal Error] :1:1: Premature end of file.
2026-04-12 22:39:41,013 [ERROR] LogOutputStream:75 - [STDERR_REDIRECT] 
2026-04-12 22:39:42,011 [ERROR] LogOutputStream:75 - [STDERR_REDIRECT] [Fatal Error] :1:1: Premature end of file.
2026-04-12 22:39:42,011 [ERROR] LogOutputStream:75 - [STDERR_REDIRECT] 
2026-04-12 22:39:43,022 [ERROR] LogOutputStream:75 - [STDERR_REDIRECT] [Fatal Error] :1:1: Premature end of file.
2026-04-12 22:39:43,023 [ERROR] LogOutputStream:75 - [STDERR_REDIRECT] 
2026-04-12 22:39:44,028 [ERROR] LogOutputStream:75 - [STDERR_REDIRECT] [Fatal Error] :1:1: Premature end of file.
2026-04-12 22:39:44,028 [ERROR] LogOutputStream:75 - [STDERR_REDIRECT] 
2026-04-12 22:39:45,031 [ERROR] LogOutputStream:75 - [STDERR_REDIRECT] [Fatal Error] :1:1: Premature end of file.
2026-04-12 22:39:45,033 [ERROR] LogOutputStream:75 - [STDERR_REDIRECT] 
2026-04-12 22:39:46,021 [ERROR] LogOutputStream:75 - [STDERR_REDIRECT] [Fatal Error] :1:1: Premature end of file.
2026-04-12 22:39:46,022 [ERROR] LogOutputStream:75 - [STDERR_REDIRECT] 
2026-04-12 22:39:46,995 [ERROR] LogOutputStream:75 - [STDERR_REDIRECT] [Fatal Error] :1:1: Premature end of file.
2026-04-12 22:39:46,996 [ERROR] LogOutputStream:75 - [STDERR_REDIRECT] 
2026-04-12 22:39:48,006 [ERROR] LogOutputStream:75 - [STDERR_REDIRECT] [Fatal Error] :1:1: Premature end of file.
2026-04-12 22:39:48,007 [ERROR] LogOutputStream:75 - [STDERR_REDIRECT] 
2026-04-12 22:39:49,002 [ERROR] LogOutputStream:75 - [STDERR_REDIRECT] [Fatal Error] :1:1: Premature end of file.
2026-04-12 22:39:49,003 [ERROR] LogOutputStream:75 - [STDERR_REDIRECT] 
2026-04-12 22:39:50,007 [ERROR] LogOutputStream:75 - [STDERR_REDIRECT] [Fatal Error] :1:1: Premature end of file.
2026-04-12 22:39:50,007 [ERROR] LogOutputStream:75 - [STDERR_REDIRECT] 
2026-04-12 22:39:50,997 [ERROR] LogOutputStream:75 - [STDERR_REDIRECT] [Fatal Error] :1:1: Premature end of file.
2026-04-12 22:39:50,997 [ERROR] LogOutputStream:75 - [STDERR_REDIRECT] 
2026-04-12 22:39:52,014 [ERROR] LogOutputStream:75 - [STDERR_REDIRECT] [Fatal Error] :1:1: Premature end of file.
2026-04-12 22:39:52,015 [ERROR] LogOutputStream:75 - [STDERR_REDIRECT] 
2026-04-12 22:39:53,014 [ERROR] LogOutputStream:75 - [STDERR_REDIRECT] [Fatal Error] :1:1: Premature end of file.
2026-04-12 22:39:53,014 [ERROR] LogOutputStream:75 - [STDERR_REDIRECT] 
2026-04-12 22:39:54,011 [ERROR] LogOutputStream:75 - [STDERR_REDIRECT] [Fatal Error] :1:1: Premature end of file.
2026-04-12 22:39:54,011 [ERROR] LogOutputStream:75 - [STDERR_REDIRECT] 
2026-04-12 22:39:55,051 [ERROR] LogOutputStream:75 - [STDERR_REDIRECT] [Fatal Error] :1:1: Premature end of file.
2026-04-12 22:39:55,052 [ERROR] LogOutputStream:75 - [STDERR_REDIRECT] 
2026-04-12 22:39:56,005 [ERROR] LogOutputStream:75 - [STDERR_REDIRECT] [Fatal Error] :1:1: Premature end of file.
2026-04-12 22:39:56,006 [ERROR] LogOutputStream:75 - [STDERR_REDIRECT] 
2026-04-12 22:39:56,998 [ERROR] LogOutputStream:75 - [STDERR_REDIRECT] [Fatal Error] :1:1: Premature end of file.
2026-04-12 22:39:56,998 [ERROR] LogOutputStream:75 - [STDERR_REDIRECT] 
2026-04-12 22:39:57,991 [ERROR] LogOutputStream:75 - [STDERR_REDIRECT] [Fatal Error] :1:1: Premature end of file.
2026-04-12 22:39:57,991 [ERROR] LogOutputStream:75 - [STDERR_REDIRECT] 
2026-04-12 22:39:59,006 [ERROR] LogOutputStream:75 - [STDERR_REDIRECT] [Fatal Error] :1:1: Premature end of file.
2026-04-12 22:39:59,006 [ERROR] LogOutputStream:75 - [STDERR_REDIRECT] 
2026-04-12 22:39:59,998 [ERROR] LogOutputStream:75 - [STDERR_REDIRECT] [Fatal Error] :1:1: Premature end of file.
2026-04-12 22:39:59,998 [ERROR] LogOutputStream:75 - [STDERR_REDIRECT] 
2026-04-12 22:40:01,006 [ERROR] LogOutputStream:75 - [STDERR_REDIRECT] [Fatal Error] :1:1: Premature end of file.
2026-04-12 22:40:01,007 [ERROR] LogOutputStream:75 - [STDERR_REDIRECT] 
2026-04-12 22:40:01,997 [ERROR] LogOutputStream:75 - [STDERR_REDIRECT] [Fatal Error] :1:1: Premature end of file.
2026-04-12 22:40:01,997 [ERROR] LogOutputStream:75 - [STDERR_REDIRECT] 
2026-04-12 22:40:03,004 [ERROR] LogOutputStream:75 - [STDERR_REDIRECT] [Fatal Error] :1:1: Premature end of file.
2026-04-12 22:40:03,005 [ERROR] LogOutputStream:75 - [STDERR_REDIRECT] 
2026-04-12 22:40:03,999 [ERROR] LogOutputStream:75 - [STDERR_REDIRECT] [Fatal Error] :1:1: Premature end of file.
2026-04-12 22:40:04,000 [ERROR] LogOutputStream:75 - [STDERR_REDIRECT] 
2026-04-12 22:40:05,012 [ERROR] LogOutputStream:75 - [STDERR_REDIRECT] [Fatal Error] :1:1: Premature end of file.
2026-04-12 22:40:05,013 [ERROR] LogOutputStream:75 - [STDERR_REDIRECT] 
2026-04-12 22:40:06,003 [ERROR] LogOutputStream:75 - [STDERR_REDIRECT] [Fatal Error] :1:1: Premature end of file.
2026-04-12 22:40:06,003 [ERROR] LogOutputStream:75 - [STDERR_REDIRECT] 
2026-04-12 22:40:07,013 [ERROR] LogOutputStream:75 - [STDERR_REDIRECT] [Fatal Error] :1:1: Premature end of file.
2026-04-12 22:40:07,014 [ERROR] LogOutputStream:75 - [STDERR_REDIRECT] 
2026-04-12 22:40:08,004 [ERROR] LogOutputStream:75 - [STDERR_REDIRECT] [Fatal Error] :1:1: Premature end of file.
2026-04-12 22:40:08,005 [ERROR] LogOutputStream:75 - [STDERR_REDIRECT] 
2026-04-12 22:40:09,003 [ERROR] LogOutputStream:75 - [STDERR_REDIRECT] [Fatal Error] :1:1: Premature end of file.
2026-04-12 22:40:09,004 [ERROR] LogOutputStream:75 - [STDERR_REDIRECT] 
2026-04-12 22:40:09,998 [ERROR] LogOutputStream:75 - [STDERR_REDIRECT] [Fatal Error] :1:1: Premature end of file.
2026-04-12 22:40:09,998 [ERROR] LogOutputStream:75 - [STDERR_REDIRECT] 
2026-04-12 22:40:11,002 [ERROR] LogOutputStream:75 - [STDERR_REDIRECT] [Fatal Error] :1:1: Premature end of file.
2026-04-12 22:40:11,002 [ERROR] LogOutputStream:75 - [STDERR_REDIRECT] 
2026-04-12 22:40:11,994 [ERROR] LogOutputStream:75 - [STDERR_REDIRECT] [Fatal Error] :1:1: Premature end of file.
2026-04-12 22:40:11,995 [ERROR] LogOutputStream:75 - [STDERR_REDIRECT] 
2026-04-12 22:40:13,010 [ERROR] LogOutputStream:75 - [STDERR_REDIRECT] [Fatal Error] :1:1: Premature end of file.
2026-04-12 22:40:13,010 [ERROR] LogOutputStream:75 - [STDERR_REDIRECT] 
2026-04-12 22:40:14,004 [ERROR] LogOutputStream:75 - [STDERR_REDIRECT] [Fatal Error] :1:1: Premature end of file.
2026-04-12 22:40:14,005 [ERROR] LogOutputStream:75 - [STDERR_REDIRECT] 
2026-04-12 22:40:15,005 [ERROR] LogOutputStream:75 - [STDERR_REDIRECT] [Fatal Error] :1:1: Premature end of file.
2026-04-12 22:40:15,007 [ERROR] LogOutputStream:75 - [STDERR_REDIRECT] 
2026-04-12 22:40:15,998 [ERROR] LogOutputStream:75 - [STDERR_REDIRECT] [Fatal Error] :1:1: Premature end of file.
2026-04-12 22:40:15,998 [ERROR] LogOutputStream:75 - [STDERR_REDIRECT] 
2026-04-12 22:40:16,991 [ERROR] LogOutputStream:75 - [STDERR_REDIRECT] [Fatal Error] :1:1: Premature end of file.
2026-04-12 22:40:16,991 [ERROR] LogOutputStream:75 - [STDERR_REDIRECT] 
2026-04-12 22:40:17,997 [ERROR] LogOutputStream:75 - [STDERR_REDIRECT] [Fatal Error] :1:1: Premature end of file.
2026-04-12 22:40:17,998 [ERROR] LogOutputStream:75 - [STDERR_REDIRECT] 
2026-04-12 22:40:18,994 [ERROR] LogOutputStream:75 - [STDERR_REDIRECT] [Fatal Error] :1:1: Premature end of file.
2026-04-12 22:40:18,995 [ERROR] LogOutputStream:75 - [STDERR_REDIRECT] 
2026-04-12 22:40:20,005 [ERROR] LogOutputStream:75 - [STDERR_REDIRECT] [Fatal Error] :1:1: Premature end of file.
2026-04-12 22:40:20,005 [ERROR] LogOutputStream:75 - [STDERR_REDIRECT] 
2026-04-12 22:40:21,008 [ERROR] LogOutputStream:75 - [STDERR_REDIRECT] [Fatal Error] :1:1: Premature end of file.
2026-04-12 22:40:21,008 [ERROR] LogOutputStream:75 - [STDERR_REDIRECT] 
2026-04-12 22:40:22,017 [ERROR] LogOutputStream:75 - [STDERR_REDIRECT] [Fatal Error] :1:1: Premature end of file.
2026-04-12 22:40:22,017 [ERROR] LogOutputStream:75 - [STDERR_REDIRECT] 
2026-04-12 22:40:23,026 [ERROR] LogOutputStream:75 - [STDERR_REDIRECT] [Fatal Error] :1:1: Premature end of file.
2026-04-12 22:40:23,026 [ERROR] LogOutputStream:75 - [STDERR_REDIRECT] 
2026-04-12 22:40:24,119 [ERROR] LogOutputStream:75 - [STDERR_REDIRECT] [Fatal Error] :1:1: Premature end of file.
2026-04-12 22:40:24,120 [ERROR] LogOutputStream:75 - [STDERR_REDIRECT] 
2026-04-12 22:40:27,236 [ERROR] LogOutputStream:75 - [STDERR_REDIRECT] [Fatal Error] :1:1: Premature end of file.
2026-04-12 22:40:27,236 [ERROR] LogOutputStream:75 - [STDERR_REDIRECT] 
2026-04-12 22:40:27,643 [ERROR] LogOutputStream:75 - [STDERR_REDIRECT] [Fatal Error] :1:1: Premature end of file.
2026-04-12 22:40:27,646 [ERROR] LogOutputStream:75 - [STDERR_REDIRECT] 
2026-04-12 22:40:27,768 [ERROR] LogOutputStream:75 - [STDERR_REDIRECT] [Fatal Error] :1:1: Premature end of file.
2026-04-12 22:40:27,769 [ERROR] LogOutputStream:75 - [STDERR_REDIRECT] 
2026-04-12 22:40:28,221 [ERROR] LogOutputStream:75 - [STDERR_REDIRECT] [Fatal Error] :1:1: Premature end of file.
2026-04-12 22:40:28,222 [ERROR] LogOutputStream:75 - [STDERR_REDIRECT] 
2026-04-12 22:40:29,237 [ERROR] LogOutputStream:75 - [STDERR_REDIRECT] [Fatal Error] :1:1: Premature end of file.
2026-04-12 22:40:29,237 [ERROR] LogOutputStream:75 - [STDERR_REDIRECT] 
2026-04-12 22:40:30,051 [ERROR] LogOutputStream:75 - [STDERR_REDIRECT] [Fatal Error] :1:1: Premature end of file.
2026-04-12 22:40:30,052 [ERROR] LogOutputStream:75 - [STDERR_REDIRECT] 
2026-04-12 22:40:31,019 [ERROR] LogOutputStream:75 - [STDERR_REDIRECT] [Fatal Error] :1:1: Premature end of file.
2026-04-12 22:40:31,020 [ERROR] LogOutputStream:75 - [STDERR_REDIRECT] 
2026-04-12 22:40:32,019 [ERROR] LogOutputStream:75 - [STDERR_REDIRECT] [Fatal Error] :1:1: Premature end of file.
2026-04-12 22:40:32,019 [ERROR] LogOutputStream:75 - [STDERR_REDIRECT] 
2026-04-12 22:40:33,038 [ERROR] LogOutputStream:75 - [STDERR_REDIRECT] [Fatal Error] :1:1: Premature end of file.
2026-04-12 22:40:33,039 [ERROR] LogOutputStream:75 - [STDERR_REDIRECT] 
2026-04-12 22:40:34,031 [ERROR] LogOutputStream:75 - [STDERR_REDIRECT] [Fatal Error] :1:1: Premature end of file.
2026-04-12 22:40:34,031 [ERROR] LogOutputStream:75 - [STDERR_REDIRECT] 
2026-04-12 22:40:35,016 [ERROR] LogOutputStream:75 - [STDERR_REDIRECT] [Fatal Error] :1:1: Premature end of file.
2026-04-12 22:40:35,017 [ERROR] LogOutputStream:75 - [STDERR_REDIRECT] 
2026-04-12 22:40:36,009 [ERROR] LogOutputStream:75 - [STDERR_REDIRECT] [Fatal Error] :1:1: Premature end of file.
2026-04-12 22:40:36,010 [ERROR] LogOutputStream:75 - [STDERR_REDIRECT] 
2026-04-12 22:40:37,000 [ERROR] LogOutputStream:75 - [STDERR_REDIRECT] [Fatal Error] :1:1: Premature end of file.
2026-04-12 22:40:37,001 [ERROR] LogOutputStream:75 - [STDERR_REDIRECT] 
2026-04-12 22:40:38,006 [ERROR] LogOutputStream:75 - [STDERR_REDIRECT] [Fatal Error] :1:1: Premature end of file.
2026-04-12 22:40:38,006 [ERROR] LogOutputStream:75 - [STDERR_REDIRECT] 
2026-04-12 22:40:38,996 [ERROR] LogOutputStream:75 - [STDERR_REDIRECT] [Fatal Error] :1:1: Premature end of file.
2026-04-12 22:40:38,996 [ERROR] LogOutputStream:75 - [STDERR_REDIRECT] 
2026-04-12 22:40:40,006 [ERROR] LogOutputStream:75 - [STDERR_REDIRECT] [Fatal Error] :1:1: Premature end of file.
2026-04-12 22:40:40,006 [ERROR] LogOutputStream:75 - [STDERR_REDIRECT] 
2026-04-12 22:40:41,015 [ERROR] LogOutputStream:75 - [STDERR_REDIRECT] [Fatal Error] :1:1: Premature end of file.
2026-04-12 22:40:41,015 [ERROR] LogOutputStream:75 - [STDERR_REDIRECT] 
2026-04-12 22:40:41,995 [ERROR] LogOutputStream:75 - [STDERR_REDIRECT] [Fatal Error] :1:1: Premature end of file.
2026-04-12 22:40:41,995 [ERROR] LogOutputStream:75 - [STDERR_REDIRECT] 
2026-04-12 22:40:43,006 [ERROR] LogOutputStream:75 - [STDERR_REDIRECT] [Fatal Error] :1:1: Premature end of file.
2026-04-12 22:40:43,007 [ERROR] LogOutputStream:75 - [STDERR_REDIRECT] 
2026-04-12 22:40:43,996 [ERROR] LogOutputStream:75 - [STDERR_REDIRECT] [Fatal Error] :1:1: Premature end of file.
2026-04-12 22:40:43,997 [ERROR] LogOutputStream:75 - [STDERR_REDIRECT] 
2026-04-12 22:40:45,009 [ERROR] LogOutputStream:75 - [STDERR_REDIRECT] [Fatal Error] :1:1: Premature end of file.
2026-04-12 22:40:45,009 [ERROR] LogOutputStream:75 - [STDERR_REDIRECT] 
2026-04-12 22:40:46,004 [ERROR] LogOutputStream:75 - [STDERR_REDIRECT] [Fatal Error] :1:1: Premature end of file.
2026-04-12 22:40:46,004 [ERROR] LogOutputStream:75 - [STDERR_REDIRECT] 
2026-04-12 22:40:47,075 [ERROR] LogOutputStream:75 - [STDERR_REDIRECT] [Fatal Error] :1:1: Premature end of file.
2026-04-12 22:40:47,075 [ERROR] LogOutputStream:75 - [STDERR_REDIRECT] 
2026-04-12 22:40:48,000 [ERROR] LogOutputStream:75 - [STDERR_REDIRECT] [Fatal Error] :1:1: Premature end of file.
2026-04-12 22:40:48,000 [ERROR] LogOutputStream:75 - [STDERR_REDIRECT] 
2026-04-12 22:40:48,990 [ERROR] LogOutputStream:75 - [STDERR_REDIRECT] [Fatal Error] :1:1: Premature end of file.
2026-04-12 22:40:48,990 [ERROR] LogOutputStream:75 - [STDERR_REDIRECT] 
2026-04-12 22:40:49,999 [ERROR] LogOutputStream:75 - [STDERR_REDIRECT] [Fatal Error] :1:1: Premature end of file.
2026-04-12 22:40:49,999 [ERROR] LogOutputStream:75 - [STDERR_REDIRECT] 
2026-04-12 22:40:50,994 [ERROR] LogOutputStream:75 - [STDERR_REDIRECT] [Fatal Error] :1:1: Premature end of file.
2026-04-12 22:40:50,994 [ERROR] LogOutputStream:75 - [STDERR_REDIRECT] 
2026-04-12 22:40:52,002 [ERROR] LogOutputStream:75 - [STDERR_REDIRECT] [Fatal Error] :1:1: Premature end of file.
2026-04-12 22:40:52,002 [ERROR] LogOutputStream:75 - [STDERR_REDIRECT] 
2026-04-12 22:40:53,002 [ERROR] LogOutputStream:75 - [STDERR_REDIRECT] [Fatal Error] :1:1: Premature end of file.
2026-04-12 22:40:53,002 [ERROR] LogOutputStream:75 - [STDERR_REDIRECT] 
2026-04-12 22:40:54,002 [ERROR] LogOutputStream:75 - [STDERR_REDIRECT] [Fatal Error] :1:1: Premature end of file.
2026-04-12 22:40:54,002 [ERROR] LogOutputStream:75 - [STDERR_REDIRECT] 
2026-04-12 22:40:55,008 [ERROR] LogOutputStream:75 - [STDERR_REDIRECT] [Fatal Error] :1:1: Premature end of file.
2026-04-12 22:40:55,008 [ERROR] LogOutputStream:75 - [STDERR_REDIRECT] 
2026-04-12 22:40:56,012 [ERROR] LogOutputStream:75 - [STDERR_REDIRECT] [Fatal Error] :1:1: Premature end of file.
2026-04-12 22:40:56,013 [ERROR] LogOutputStream:75 - [STDERR_REDIRECT] 
2026-04-12 22:40:57,008 [ERROR] LogOutputStream:75 - [STDERR_REDIRECT] [Fatal Error] :1:1: Premature end of file.
2026-04-12 22:40:57,008 [ERROR] LogOutputStream:75 - [STDERR_REDIRECT] 
2026-04-12 22:40:58,004 [ERROR] LogOutputStream:75 - [STDERR_REDIRECT] [Fatal Error] :1:1: Premature end of file.
2026-04-12 22:40:58,005 [ERROR] LogOutputStream:75 - [STDERR_REDIRECT] 
2026-04-12 22:40:59,002 [ERROR] LogOutputStream:75 - [STDERR_REDIRECT] [Fatal Error] :1:1: Premature end of file.
2026-04-12 22:40:59,002 [ERROR] LogOutputStream:75 - [STDERR_REDIRECT] 
2026-04-12 22:41:00,014 [ERROR] LogOutputStream:75 - [STDERR_REDIRECT] [Fatal Error] :1:1: Premature end of file.
2026-04-12 22:41:00,014 [ERROR] LogOutputStream:75 - [STDERR_REDIRECT] 
2026-04-12 22:41:01,003 [ERROR] LogOutputStream:75 - [STDERR_REDIRECT] [Fatal Error] :1:1: Premature end of file.
2026-04-12 22:41:01,003 [ERROR] LogOutputStream:75 - [STDERR_REDIRECT] 
2026-04-12 22:41:01,999 [ERROR] LogOutputStream:75 - [STDERR_REDIRECT] [Fatal Error] :1:1: Premature end of file.
2026-04-12 22:41:02,000 [ERROR] LogOutputStream:75 - [STDERR_REDIRECT] 
2026-04-12 22:41:03,036 [ERROR] LogOutputStream:75 - [STDERR_REDIRECT] [Fatal Error] :1:1: Premature end of file.
2026-04-12 22:41:03,037 [ERROR] LogOutputStream:75 - [STDERR_REDIRECT] 
2026-04-12 22:41:04,000 [ERROR] LogOutputStream:75 - [STDERR_REDIRECT] [Fatal Error] :1:1: Premature end of file.
2026-04-12 22:41:04,001 [ERROR] LogOutputStream:75 - [STDERR_REDIRECT] 
2026-04-12 22:41:05,005 [ERROR] LogOutputStream:75 - [STDERR_REDIRECT] [Fatal Error] :1:1: Premature end of file.
2026-04-12 22:41:05,005 [ERROR] LogOutputStream:75 - [STDERR_REDIRECT] 
2026-04-12 22:41:05,997 [ERROR] LogOutputStream:75 - [STDERR_REDIRECT] [Fatal Error] :1:1: Premature end of file.
2026-04-12 22:41:05,998 [ERROR] LogOutputStream:75 - [STDERR_REDIRECT] 
2026-04-12 22:41:07,004 [ERROR] LogOutputStream:75 - [STDERR_REDIRECT] [Fatal Error] :1:1: Premature end of file.
2026-04-12 22:41:07,005 [ERROR] LogOutputStream:75 - [STDERR_REDIRECT] 
2026-04-12 22:41:08,001 [ERROR] LogOutputStream:75 - [STDERR_REDIRECT] [Fatal Error] :1:1: Premature end of file.
2026-04-12 22:41:08,002 [ERROR] LogOutputStream:75 - [STDERR_REDIRECT] 
2026-04-12 22:41:08,991 [ERROR] LogOutputStream:75 - [STDERR_REDIRECT] [Fatal Error] :1:1: Premature end of file.
2026-04-12 22:41:08,991 [ERROR] LogOutputStream:75 - [STDERR_REDIRECT] 
2026-04-12 22:41:10,003 [ERROR] LogOutputStream:75 - [STDERR_REDIRECT] [Fatal Error] :1:1: Premature end of file.
2026-04-12 22:41:10,004 [ERROR] LogOutputStream:75 - [STDERR_REDIRECT] 
2026-04-12 22:41:11,000 [ERROR] LogOutputStream:75 - [STDERR_REDIRECT] [Fatal Error] :1:1: Premature end of file.
2026-04-12 22:41:11,000 [ERROR] LogOutputStream:75 - [STDERR_REDIRECT] 
2026-04-12 22:41:12,001 [ERROR] LogOutputStream:75 - [STDERR_REDIRECT] [Fatal Error] :1:1: Premature end of file.
2026-04-12 22:41:12,001 [ERROR] LogOutputStream:75 - [STDERR_REDIRECT] 
2026-04-12 22:41:12,994 [ERROR] LogOutputStream:75 - [STDERR_REDIRECT] [Fatal Error] :1:1: Premature end of file.
2026-04-12 22:41:12,995 [ERROR] LogOutputStream:75 - [STDERR_REDIRECT] 
2026-04-12 22:41:14,015 [ERROR] LogOutputStream:75 - [STDERR_REDIRECT] [Fatal Error] :1:1: Premature end of file.
2026-04-12 22:41:14,016 [ERROR] LogOutputStream:75 - [STDERR_REDIRECT] 
2026-04-12 22:41:15,000 [ERROR] LogOutputStream:75 - [STDERR_REDIRECT] [Fatal Error] :1:1: Premature end of file.
2026-04-12 22:41:15,000 [ERROR] LogOutputStream:75 - [STDERR_REDIRECT] 
2026-04-12 22:41:16,049 [ERROR] LogOutputStream:75 - [STDERR_REDIRECT] [Fatal Error] :1:1: Premature end of file.
2026-04-12 22:41:16,050 [ERROR] LogOutputStream:75 - [STDERR_REDIRECT] 
2026-04-12 22:41:17,008 [ERROR] LogOutputStream:75 - [STDERR_REDIRECT] [Fatal Error] :1:1: Premature end of file.
2026-04-12 22:41:17,008 [ERROR] LogOutputStream:75 - [STDERR_REDIRECT] 
2026-04-12 22:41:17,995 [ERROR] LogOutputStream:75 - [STDERR_REDIRECT] [Fatal Error] :1:1: Premature end of file.
2026-04-12 22:41:17,995 [ERROR] LogOutputStream:75 - [STDERR_REDIRECT] 
2026-04-12 22:41:19,007 [ERROR] LogOutputStream:75 - [STDERR_REDIRECT] [Fatal Error] :1:1: Premature end of file.
2026-04-12 22:41:19,008 [ERROR] LogOutputStream:75 - [STDERR_REDIRECT] 
2026-04-12 22:41:20,001 [ERROR] LogOutputStream:75 - [STDERR_REDIRECT] [Fatal Error] :1:1: Premature end of file.
2026-04-12 22:41:20,001 [ERROR] LogOutputStream:75 - [STDERR_REDIRECT] 
2026-04-12 22:41:20,993 [ERROR] LogOutputStream:75 - [STDERR_REDIRECT] [Fatal Error] :1:1: Premature end of file.
2026-04-12 22:41:20,993 [ERROR] LogOutputStream:75 - [STDERR_REDIRECT] 
2026-04-12 22:41:22,007 [ERROR] LogOutputStream:75 - [STDERR_REDIRECT] [Fatal Error] :1:1: Premature end of file.
2026-04-12 22:41:22,007 [ERROR] LogOutputStream:75 - [STDERR_REDIRECT] 
2026-04-12 22:41:23,000 [ERROR] LogOutputStream:75 - [STDERR_REDIRECT] [Fatal Error] :1:1: Premature end of file.
2026-04-12 22:41:23,001 [ERROR] LogOutputStream:75 - [STDERR_REDIRECT] 
2026-04-12 22:41:24,006 [ERROR] LogOutputStream:75 - [STDERR_REDIRECT] [Fatal Error] :1:1: Premature end of file.
2026-04-12 22:41:24,006 [ERROR] LogOutputStream:75 - [STDERR_REDIRECT] 
2026-04-12 22:41:24,999 [ERROR] LogOutputStream:75 - [STDERR_REDIRECT] [Fatal Error] :1:1: Premature end of file.
2026-04-12 22:41:24,999 [ERROR] LogOutputStream:75 - [STDERR_REDIRECT] 
2026-04-12 22:41:25,991 [ERROR] LogOutputStream:75 - [STDERR_REDIRECT] [Fatal Error] :1:1: Premature end of file.
2026-04-12 22:41:25,991 [ERROR] LogOutputStream:75 - [STDERR_REDIRECT] 
2026-04-12 22:41:27,002 [ERROR] LogOutputStream:75 - [STDERR_REDIRECT] [Fatal Error] :1:1: Premature end of file.
2026-04-12 22:41:27,002 [ERROR] LogOutputStream:75 - [STDERR_REDIRECT] 
2026-04-12 22:41:27,999 [ERROR] LogOutputStream:75 - [STDERR_REDIRECT] [Fatal Error] :1:1: Premature end of file.
2026-04-12 22:41:27,999 [ERROR] LogOutputStream:75 - [STDERR_REDIRECT] 
2026-04-12 22:41:28,990 [ERROR] LogOutputStream:75 - [STDERR_REDIRECT] [Fatal Error] :1:1: Premature end of file.
2026-04-12 22:41:28,991 [ERROR] LogOutputStream:75 - [STDERR_REDIRECT] 
2026-04-12 22:41:30,001 [ERROR] LogOutputStream:75 - [STDERR_REDIRECT] [Fatal Error] :1:1: Premature end of file.
2026-04-12 22:41:30,002 [ERROR] LogOutputStream:75 - [STDERR_REDIRECT] 
2026-04-12 22:41:30,995 [ERROR] LogOutputStream:75 - [STDERR_REDIRECT] [Fatal Error] :1:1: Premature end of file.
2026-04-12 22:41:30,995 [ERROR] LogOutputStream:75 - [STDERR_REDIRECT] 
2026-04-12 22:41:32,000 [ERROR] LogOutputStream:75 - [STDERR_REDIRECT] [Fatal Error] :1:1: Premature end of file.
2026-04-12 22:41:32,001 [ERROR] LogOutputStream:75 - [STDERR_REDIRECT] 
2026-04-12 22:41:33,002 [ERROR] LogOutputStream:75 - [STDERR_REDIRECT] [Fatal Error] :1:1: Premature end of file.
2026-04-12 22:41:33,002 [ERROR] LogOutputStream:75 - [STDERR_REDIRECT] 
2026-04-12 22:41:33,994 [ERROR] LogOutputStream:75 - [STDERR_REDIRECT] [Fatal Error] :1:1: Premature end of file.
2026-04-12 22:41:33,994 [ERROR] LogOutputStream:75 - [STDERR_REDIRECT] 
2026-04-12 22:41:34,993 [ERROR] LogOutputStream:75 - [STDERR_REDIRECT] [Fatal Error] :1:1: Premature end of file.
2026-04-12 22:41:34,993 [ERROR] LogOutputStream:75 - [STDERR_REDIRECT] 
2026-04-12 22:41:35,998 [ERROR] LogOutputStream:75 - [STDERR_REDIRECT] [Fatal Error] :1:1: Premature end of file.
2026-04-12 22:41:35,999 [ERROR] LogOutputStream:75 - [STDERR_REDIRECT] 
2026-04-12 22:41:36,994 [ERROR] LogOutputStream:75 - [STDERR_REDIRECT] [Fatal Error] :1:1: Premature end of file.
2026-04-12 22:41:36,994 [ERROR] LogOutputStream:75 - [STDERR_REDIRECT] 
2026-04-12 22:41:38,004 [ERROR] LogOutputStream:75 - [STDERR_REDIRECT] [Fatal Error] :1:1: Premature end of file.
2026-04-12 22:41:38,004 [ERROR] LogOutputStream:75 - [STDERR_REDIRECT] 
2026-04-12 22:41:38,995 [ERROR] LogOutputStream:75 - [STDERR_REDIRECT] [Fatal Error] :1:1: Premature end of file.
2026-04-12 22:41:38,995 [ERROR] LogOutputStream:75 - [STDERR_REDIRECT] 
2026-04-12 22:41:40,002 [ERROR] LogOutputStream:75 - [STDERR_REDIRECT] [Fatal Error] :1:1: Premature end of file.
2026-04-12 22:41:40,002 [ERROR] LogOutputStream:75 - [STDERR_REDIRECT] 
2026-04-12 22:41:40,999 [ERROR] LogOutputStream:75 - [STDERR_REDIRECT] [Fatal Error] :1:1: Premature end of file.
2026-04-12 22:41:40,999 [ERROR] LogOutputStream:75 - [STDERR_REDIRECT] 
2026-04-12 22:41:41,995 [ERROR] LogOutputStream:75 - [STDERR_REDIRECT] [Fatal Error] :1:1: Premature end of file.
2026-04-12 22:41:41,997 [ERROR] LogOutputStream:75 - [STDERR_REDIRECT] 
2026-04-12 22:41:43,000 [ERROR] LogOutputStream:75 - [STDERR_REDIRECT] [Fatal Error] :1:1: Premature end of file.
2026-04-12 22:41:43,000 [ERROR] LogOutputStream:75 - [STDERR_REDIRECT] 
2026-04-12 22:41:43,997 [ERROR] LogOutputStream:75 - [STDERR_REDIRECT] [Fatal Error] :1:1: Premature end of file.
2026-04-12 22:41:43,997 [ERROR] LogOutputStream:75 - [STDERR_REDIRECT] 
2026-04-12 22:41:44,989 [ERROR] LogOutputStream:75 - [STDERR_REDIRECT] [Fatal Error] :1:1: Premature end of file.
2026-04-12 22:41:44,990 [ERROR] LogOutputStream:75 - [STDERR_REDIRECT] 
2026-04-12 22:41:46,006 [ERROR] LogOutputStream:75 - [STDERR_REDIRECT] [Fatal Error] :1:1: Premature end of file.
2026-04-12 22:41:46,006 [ERROR] LogOutputStream:75 - [STDERR_REDIRECT] 
2026-04-12 22:41:46,991 [ERROR] LogOutputStream:75 - [STDERR_REDIRECT] [Fatal Error] :1:1: Premature end of file.
2026-04-12 22:41:46,993 [ERROR] LogOutputStream:75 - [STDERR_REDIRECT] 
2026-04-12 22:41:47,999 [ERROR] LogOutputStream:75 - [STDERR_REDIRECT] [Fatal Error] :1:1: Premature end of file.
2026-04-12 22:41:47,999 [ERROR] LogOutputStream:75 - [STDERR_REDIRECT] 
2026-04-12 22:41:48,994 [ERROR] LogOutputStream:75 - [STDERR_REDIRECT] [Fatal Error] :1:1: Premature end of file.
2026-04-12 22:41:48,994 [ERROR] LogOutputStream:75 - [STDERR_REDIRECT] 
2026-04-12 22:41:50,005 [ERROR] LogOutputStream:75 - [STDERR_REDIRECT] [Fatal Error] :1:1: Premature end of file.
2026-04-12 22:41:50,005 [ERROR] LogOutputStream:75 - [STDERR_REDIRECT] 
2026-04-12 22:41:50,993 [ERROR] LogOutputStream:75 - [STDERR_REDIRECT] [Fatal Error] :1:1: Premature end of file.
2026-04-12 22:41:50,994 [ERROR] LogOutputStream:75 - [STDERR_REDIRECT] 
2026-04-12 22:41:52,003 [ERROR] LogOutputStream:75 - [STDERR_REDIRECT] [Fatal Error] :1:1: Premature end of file.
2026-04-12 22:41:52,196 [ERROR] LogOutputStream:75 - [STDERR_REDIRECT] 
2026-04-12 22:41:52,995 [ERROR] LogOutputStream:75 - [STDERR_REDIRECT] [Fatal Error] :1:1: Premature end of file.
2026-04-12 22:41:52,996 [ERROR] LogOutputStream:75 - [STDERR_REDIRECT] 
2026-04-12 22:41:53,999 [ERROR] LogOutputStream:75 - [STDERR_REDIRECT] [Fatal Error] :1:1: Premature end of file.
2026-04-12 22:41:53,999 [ERROR] LogOutputStream:75 - [STDERR_REDIRECT] 
2026-04-12 22:41:54,996 [ERROR] LogOutputStream:75 - [STDERR_REDIRECT] [Fatal Error] :1:1: Premature end of file.
2026-04-12 22:41:54,996 [ERROR] LogOutputStream:75 - [STDERR_REDIRECT] 
2026-04-12 22:41:55,995 [ERROR] LogOutputStream:75 - [STDERR_REDIRECT] [Fatal Error] :1:1: Premature end of file.
2026-04-12 22:41:55,995 [ERROR] LogOutputStream:75 - [STDERR_REDIRECT] 
2026-04-12 22:41:57,000 [ERROR] LogOutputStream:75 - [STDERR_REDIRECT] [Fatal Error] :1:1: Premature end of file.
2026-04-12 22:41:57,000 [ERROR] LogOutputStream:75 - [STDERR_REDIRECT] 
2026-04-12 22:41:57,993 [ERROR] LogOutputStream:75 - [STDERR_REDIRECT] [Fatal Error] :1:1: Premature end of file.
2026-04-12 22:41:58,392 [ERROR] LogOutputStream:75 - [STDERR_REDIRECT] 
2026-04-12 22:41:59,012 [ERROR] LogOutputStream:75 - [STDERR_REDIRECT] [Fatal Error] :1:1: Premature end of file.
2026-04-12 22:41:59,012 [ERROR] LogOutputStream:75 - [STDERR_REDIRECT] 
2026-04-12 22:42:00,069 [ERROR] LogOutputStream:75 - [STDERR_REDIRECT] [Fatal Error] :1:1: Premature end of file.
2026-04-12 22:42:00,069 [ERROR] LogOutputStream:75 - [STDERR_REDIRECT] 
2026-04-12 22:42:01,004 [ERROR] LogOutputStream:75 - [STDERR_REDIRECT] [Fatal Error] :1:1: Premature end of file.
2026-04-12 22:42:01,004 [ERROR] LogOutputStream:75 - [STDERR_REDIRECT] 
2026-04-12 22:42:02,005 [ERROR] LogOutputStream:75 - [STDERR_REDIRECT] [Fatal Error] :1:1: Premature end of file.
2026-04-12 22:42:02,005 [ERROR] LogOutputStream:75 - [STDERR_REDIRECT] 
2026-04-12 22:42:02,998 [ERROR] LogOutputStream:75 - [STDERR_REDIRECT] [Fatal Error] :1:1: Premature end of file.
2026-04-12 22:42:02,999 [ERROR] LogOutputStream:75 - [STDERR_REDIRECT] 
2026-04-12 22:42:04,002 [ERROR] LogOutputStream:75 - [STDERR_REDIRECT] [Fatal Error] :1:1: Premature end of file.
2026-04-12 22:42:04,002 [ERROR] LogOutputStream:75 - [STDERR_REDIRECT] 
2026-04-12 22:42:04,998 [ERROR] LogOutputStream:75 - [STDERR_REDIRECT] [Fatal Error] :1:1: Premature end of file.
2026-04-12 22:42:04,998 [ERROR] LogOutputStream:75 - [STDERR_REDIRECT] 
2026-04-12 22:42:05,995 [ERROR] LogOutputStream:75 - [STDERR_REDIRECT] [Fatal Error] :1:1: Premature end of file.
2026-04-12 22:42:05,995 [ERROR] LogOutputStream:75 - [STDERR_REDIRECT] 
2026-04-12 22:42:06,990 [ERROR] LogOutputStream:75 - [STDERR_REDIRECT] [Fatal Error] :1:1: Premature end of file.
2026-04-12 22:42:06,991 [ERROR] LogOutputStream:75 - [STDERR_REDIRECT] 
2026-04-12 22:42:08,000 [ERROR] LogOutputStream:75 - [STDERR_REDIRECT] [Fatal Error] :1:1: Premature end of file.
2026-04-12 22:42:08,000 [ERROR] LogOutputStream:75 - [STDERR_REDIRECT] 
2026-04-12 22:42:08,992 [ERROR] LogOutputStream:75 - [STDERR_REDIRECT] [Fatal Error] :1:1: Premature end of file.
2026-04-12 22:42:08,993 [ERROR] LogOutputStream:75 - [STDERR_REDIRECT] 
2026-04-12 22:42:10,001 [ERROR] LogOutputStream:75 - [STDERR_REDIRECT] [Fatal Error] :1:1: Premature end of file.
2026-04-12 22:42:10,001 [ERROR] LogOutputStream:75 - [STDERR_REDIRECT] 
2026-04-12 22:42:11,006 [ERROR] LogOutputStream:75 - [STDERR_REDIRECT] [Fatal Error] :1:1: Premature end of file.
2026-04-12 22:42:11,007 [ERROR] LogOutputStream:75 - [STDERR_REDIRECT] 
2026-04-12 22:42:11,996 [ERROR] LogOutputStream:75 - [STDERR_REDIRECT] [Fatal Error] :1:1: Premature end of file.
2026-04-12 22:42:11,997 [ERROR] LogOutputStream:75 - [STDERR_REDIRECT] 
2026-04-12 22:42:12,996 [ERROR] LogOutputStream:75 - [STDERR_REDIRECT] [Fatal Error] :1:1: Premature end of file.
2026-04-12 22:42:12,996 [ERROR] LogOutputStream:75 - [STDERR_REDIRECT] 
2026-04-12 22:42:14,001 [ERROR] LogOutputStream:75 - [STDERR_REDIRECT] [Fatal Error] :1:1: Premature end of file.
2026-04-12 22:42:14,350 [ERROR] LogOutputStream:75 - [STDERR_REDIRECT] 
2026-04-12 22:42:14,999 [ERROR] LogOutputStream:75 - [STDERR_REDIRECT] [Fatal Error] :1:1: Premature end of file.
2026-04-12 22:42:14,999 [ERROR] LogOutputStream:75 - [STDERR_REDIRECT] 
2026-04-12 22:42:15,995 [ERROR] LogOutputStream:75 - [STDERR_REDIRECT] [Fatal Error] :1:1: Premature end of file.
2026-04-12 22:42:15,995 [ERROR] LogOutputStream:75 - [STDERR_REDIRECT] 
2026-04-12 22:42:16,994 [ERROR] LogOutputStream:75 - [STDERR_REDIRECT] [Fatal Error] :1:1: Premature end of file.
2026-04-12 22:42:16,994 [ERROR] LogOutputStream:75 - [STDERR_REDIRECT] 
2026-04-12 22:42:18,006 [ERROR] LogOutputStream:75 - [STDERR_REDIRECT] [Fatal Error] :1:1: Premature end of file.
2026-04-12 22:42:18,006 [ERROR] LogOutputStream:75 - [STDERR_REDIRECT] 
2026-04-12 22:42:19,012 [ERROR] LogOutputStream:75 - [STDERR_REDIRECT] [Fatal Error] :1:1: Premature end of file.
2026-04-12 22:42:19,012 [ERROR] LogOutputStream:75 - [STDERR_REDIRECT] 
2026-04-12 22:42:20,025 [ERROR] LogOutputStream:75 - [STDERR_REDIRECT] [Fatal Error] :1:1: Premature end of file.
2026-04-12 22:42:20,025 [ERROR] LogOutputStream:75 - [STDERR_REDIRECT] 
2026-04-12 22:42:20,995 [ERROR] LogOutputStream:75 - [STDERR_REDIRECT] [Fatal Error] :1:1: Premature end of file.
2026-04-12 22:42:20,996 [ERROR] LogOutputStream:75 - [STDERR_REDIRECT] 
2026-04-12 22:42:22,004 [ERROR] LogOutputStream:75 - [STDERR_REDIRECT] [Fatal Error] :1:1: Premature end of file.
2026-04-12 22:42:22,005 [ERROR] LogOutputStream:75 - [STDERR_REDIRECT] 
2026-04-12 22:42:22,999 [ERROR] LogOutputStream:75 - [STDERR_REDIRECT] [Fatal Error] :1:1: Premature end of file.
2026-04-12 22:42:22,999 [ERROR] LogOutputStream:75 - [STDERR_REDIRECT] 
2026-04-12 22:42:23,990 [ERROR] LogOutputStream:75 - [STDERR_REDIRECT] [Fatal Error] :1:1: Premature end of file.
2026-04-12 22:42:23,990 [ERROR] LogOutputStream:75 - [STDERR_REDIRECT] 
2026-04-12 22:42:25,000 [ERROR] LogOutputStream:75 - [STDERR_REDIRECT] [Fatal Error] :1:1: Premature end of file.
2026-04-12 22:42:25,001 [ERROR] LogOutputStream:75 - [STDERR_REDIRECT] 
2026-04-12 22:42:25,991 [ERROR] LogOutputStream:75 - [STDERR_REDIRECT] [Fatal Error] :1:1: Premature end of file.
2026-04-12 22:42:25,992 [ERROR] LogOutputStream:75 - [STDERR_REDIRECT] 
2026-04-12 22:42:26,999 [ERROR] LogOutputStream:75 - [STDERR_REDIRECT] [Fatal Error] :1:1: Premature end of file.
2026-04-12 22:42:26,999 [ERROR] LogOutputStream:75 - [STDERR_REDIRECT] 
2026-04-12 22:42:27,994 [ERROR] LogOutputStream:75 - [STDERR_REDIRECT] [Fatal Error] :1:1: Premature end of file.
2026-04-12 22:42:27,994 [ERROR] LogOutputStream:75 - [STDERR_REDIRECT] 
2026-04-12 22:42:28,998 [ERROR] LogOutputStream:75 - [STDERR_REDIRECT] [Fatal Error] :1:1: Premature end of file.
2026-04-12 22:42:28,999 [ERROR] LogOutputStream:75 - [STDERR_REDIRECT] 
2026-04-12 22:42:29,993 [ERROR] LogOutputStream:75 - [STDERR_REDIRECT] [Fatal Error] :1:1: Premature end of file.
2026-04-12 22:42:29,993 [ERROR] LogOutputStream:75 - [STDERR_REDIRECT] 
2026-04-12 22:42:31,002 [ERROR] LogOutputStream:75 - [STDERR_REDIRECT] [Fatal Error] :1:1: Premature end of file.
2026-04-12 22:42:31,002 [ERROR] LogOutputStream:75 - [STDERR_REDIRECT] 
2026-04-12 22:42:31,997 [ERROR] LogOutputStream:75 - [STDERR_REDIRECT] [Fatal Error] :1:1: Premature end of file.
2026-04-12 22:42:31,997 [ERROR] LogOutputStream:75 - [STDERR_REDIRECT] 
2026-04-12 22:42:33,001 [ERROR] LogOutputStream:75 - [STDERR_REDIRECT] [Fatal Error] :1:1: Premature end of file.
2026-04-12 22:42:33,001 [ERROR] LogOutputStream:75 - [STDERR_REDIRECT] 
2026-04-12 22:42:33,990 [ERROR] LogOutputStream:75 - [STDERR_REDIRECT] [Fatal Error] :1:1: Premature end of file.
2026-04-12 22:42:33,990 [ERROR] LogOutputStream:75 - [STDERR_REDIRECT] 
2026-04-12 22:42:34,996 [ERROR] LogOutputStream:75 - [STDERR_REDIRECT] [Fatal Error] :1:1: Premature end of file.
2026-04-12 22:42:34,996 [ERROR] LogOutputStream:75 - [STDERR_REDIRECT] 
2026-04-12 22:42:35,993 [ERROR] LogOutputStream:75 - [STDERR_REDIRECT] [Fatal Error] :1:1: Premature end of file.
2026-04-12 22:42:35,993 [ERROR] LogOutputStream:75 - [STDERR_REDIRECT] 
2026-04-12 22:42:37,002 [ERROR] LogOutputStream:75 - [STDERR_REDIRECT] [Fatal Error] :1:1: Premature end of file.
2026-04-12 22:42:37,003 [ERROR] LogOutputStream:75 - [STDERR_REDIRECT] 
2026-04-12 22:42:38,000 [ERROR] LogOutputStream:75 - [STDERR_REDIRECT] [Fatal Error] :1:1: Premature end of file.
2026-04-12 22:42:38,000 [ERROR] LogOutputStream:75 - [STDERR_REDIRECT] 
2026-04-12 22:42:38,990 [ERROR] LogOutputStream:75 - [STDERR_REDIRECT] [Fatal Error] :1:1: Premature end of file.
2026-04-12 22:42:38,990 [ERROR] LogOutputStream:75 - [STDERR_REDIRECT] 
2026-04-12 22:42:40,003 [ERROR] LogOutputStream:75 - [STDERR_REDIRECT] [Fatal Error] :1:1: Premature end of file.
2026-04-12 22:42:40,003 [ERROR] LogOutputStream:75 - [STDERR_REDIRECT] 
2026-04-12 22:42:40,997 [ERROR] LogOutputStream:75 - [STDERR_REDIRECT] [Fatal Error] :1:1: Premature end of file.
2026-04-12 22:42:40,997 [ERROR] LogOutputStream:75 - [STDERR_REDIRECT] 
2026-04-12 22:42:42,000 [ERROR] LogOutputStream:75 - [STDERR_REDIRECT] [Fatal Error] :1:1: Premature end of file.
2026-04-12 22:42:42,001 [ERROR] LogOutputStream:75 - [STDERR_REDIRECT] 
2026-04-12 22:42:43,054 [ERROR] LogOutputStream:75 - [STDERR_REDIRECT] [Fatal Error] :1:1: Premature end of file.
2026-04-12 22:42:43,054 [ERROR] LogOutputStream:75 - [STDERR_REDIRECT] 
2026-04-12 22:42:44,006 [ERROR] LogOutputStream:75 - [STDERR_REDIRECT] [Fatal Error] :1:1: Premature end of file.
2026-04-12 22:42:44,006 [ERROR] LogOutputStream:75 - [STDERR_REDIRECT] 
2026-04-12 22:42:44,999 [ERROR] LogOutputStream:75 - [STDERR_REDIRECT] [Fatal Error] :1:1: Premature end of file.
2026-04-12 22:42:44,999 [ERROR] LogOutputStream:75 - [STDERR_REDIRECT] 
2026-04-12 22:42:45,989 [ERROR] LogOutputStream:75 - [STDERR_REDIRECT] [Fatal Error] :1:1: Premature end of file.
2026-04-12 22:42:45,990 [ERROR] LogOutputStream:75 - [STDERR_REDIRECT] 
2026-04-12 22:42:47,006 [ERROR] LogOutputStream:75 - [STDERR_REDIRECT] [Fatal Error] :1:1: Premature end of file.
2026-04-12 22:42:47,006 [ERROR] LogOutputStream:75 - [STDERR_REDIRECT] 
2026-04-12 22:42:47,999 [ERROR] LogOutputStream:75 - [STDERR_REDIRECT] [Fatal Error] :1:1: Premature end of file.
2026-04-12 22:42:48,000 [ERROR] LogOutputStream:75 - [STDERR_REDIRECT] 
2026-04-12 22:42:48,999 [ERROR] LogOutputStream:75 - [STDERR_REDIRECT] [Fatal Error] :1:1: Premature end of file.
2026-04-12 22:42:49,000 [ERROR] LogOutputStream:75 - [STDERR_REDIRECT] 
2026-04-12 22:42:49,997 [ERROR] LogOutputStream:75 - [STDERR_REDIRECT] [Fatal Error] :1:1: Premature end of file.
2026-04-12 22:42:49,997 [ERROR] LogOutputStream:75 - [STDERR_REDIRECT] 
2026-04-12 22:42:50,992 [ERROR] LogOutputStream:75 - [STDERR_REDIRECT] [Fatal Error] :1:1: Premature end of file.
2026-04-12 22:42:50,992 [ERROR] LogOutputStream:75 - [STDERR_REDIRECT] 
2026-04-12 22:42:52,005 [ERROR] LogOutputStream:75 - [STDERR_REDIRECT] [Fatal Error] :1:1: Premature end of file.
2026-04-12 22:42:52,005 [ERROR] LogOutputStream:75 - [STDERR_REDIRECT] 
2026-04-12 22:42:52,998 [ERROR] LogOutputStream:75 - [STDERR_REDIRECT] [Fatal Error] :1:1: Premature end of file.
2026-04-12 22:42:52,998 [ERROR] LogOutputStream:75 - [STDERR_REDIRECT] 
2026-04-12 22:42:53,990 [ERROR] LogOutputStream:75 - [STDERR_REDIRECT] [Fatal Error] :1:1: Premature end of file.
2026-04-12 22:42:53,990 [ERROR] LogOutputStream:75 - [STDERR_REDIRECT] 
2026-04-12 22:42:55,004 [ERROR] LogOutputStream:75 - [STDERR_REDIRECT] [Fatal Error] :1:1: Premature end of file.
2026-04-12 22:42:55,005 [ERROR] LogOutputStream:75 - [STDERR_REDIRECT] 
2026-04-12 22:42:56,003 [ERROR] LogOutputStream:75 - [STDERR_REDIRECT] [Fatal Error] :1:1: Premature end of file.
2026-04-12 22:42:56,003 [ERROR] LogOutputStream:75 - [STDERR_REDIRECT] 
2026-04-12 22:42:56,992 [ERROR] LogOutputStream:75 - [STDERR_REDIRECT] [Fatal Error] :1:1: Premature end of file.
2026-04-12 22:42:56,992 [ERROR] LogOutputStream:75 - [STDERR_REDIRECT] 
2026-04-12 22:42:58,005 [ERROR] LogOutputStream:75 - [STDERR_REDIRECT] [Fatal Error] :1:1: Premature end of file.
2026-04-12 22:42:58,006 [ERROR] LogOutputStream:75 - [STDERR_REDIRECT] 
2026-04-12 22:42:58,998 [ERROR] LogOutputStream:75 - [STDERR_REDIRECT] [Fatal Error] :1:1: Premature end of file.
2026-04-12 22:42:58,998 [ERROR] LogOutputStream:75 - [STDERR_REDIRECT] 
2026-04-12 22:43:00,001 [ERROR] LogOutputStream:75 - [STDERR_REDIRECT] [Fatal Error] :1:1: Premature end of file.
2026-04-12 22:43:00,001 [ERROR] LogOutputStream:75 - [STDERR_REDIRECT] 
2026-04-12 22:43:01,003 [ERROR] LogOutputStream:75 - [STDERR_REDIRECT] [Fatal Error] :1:1: Premature end of file.
2026-04-12 22:43:01,004 [ERROR] LogOutputStream:75 - [STDERR_REDIRECT] 
2026-04-12 22:43:01,996 [ERROR] LogOutputStream:75 - [STDERR_REDIRECT] [Fatal Error] :1:1: Premature end of file.
2026-04-12 22:43:01,996 [ERROR] LogOutputStream:75 - [STDERR_REDIRECT] 
2026-04-12 22:43:02,991 [ERROR] LogOutputStream:75 - [STDERR_REDIRECT] [Fatal Error] :1:1: Premature end of file.
2026-04-12 22:43:02,991 [ERROR] LogOutputStream:75 - [STDERR_REDIRECT] 
2026-04-12 22:43:03,991 [ERROR] LogOutputStream:75 - [STDERR_REDIRECT] [Fatal Error] :1:1: Premature end of file.
2026-04-12 22:43:03,991 [ERROR] LogOutputStream:75 - [STDERR_REDIRECT] 
2026-04-12 22:43:05,001 [ERROR] LogOutputStream:75 - [STDERR_REDIRECT] [Fatal Error] :1:1: Premature end of file.
2026-04-12 22:43:05,001 [ERROR] LogOutputStream:75 - [STDERR_REDIRECT] 
2026-04-12 22:43:06,001 [ERROR] LogOutputStream:75 - [STDERR_REDIRECT] [Fatal Error] :1:1: Premature end of file.
2026-04-12 22:43:06,001 [ERROR] LogOutputStream:75 - [STDERR_REDIRECT] 
2026-04-12 22:43:06,996 [ERROR] LogOutputStream:75 - [STDERR_REDIRECT] [Fatal Error] :1:1: Premature end of file.
2026-04-12 22:43:06,997 [ERROR] LogOutputStream:75 - [STDERR_REDIRECT] 
2026-04-12 22:43:08,006 [ERROR] LogOutputStream:75 - [STDERR_REDIRECT] [Fatal Error] :1:1: Premature end of file.
2026-04-12 22:43:08,007 [ERROR] LogOutputStream:75 - [STDERR_REDIRECT] 
2026-04-12 22:43:08,995 [ERROR] LogOutputStream:75 - [STDERR_REDIRECT] [Fatal Error] :1:1: Premature end of file.
2026-04-12 22:43:08,995 [ERROR] LogOutputStream:75 - [STDERR_REDIRECT] 
2026-04-12 22:43:09,993 [ERROR] LogOutputStream:75 - [STDERR_REDIRECT] [Fatal Error] :1:1: Premature end of file.
2026-04-12 22:43:09,993 [ERROR] LogOutputStream:75 - [STDERR_REDIRECT] 
2026-04-12 22:43:11,000 [ERROR] LogOutputStream:75 - [STDERR_REDIRECT] [Fatal Error] :1:1: Premature end of file.
2026-04-12 22:43:11,002 [ERROR] LogOutputStream:75 - [STDERR_REDIRECT] 
2026-04-12 22:43:11,994 [ERROR] LogOutputStream:75 - [STDERR_REDIRECT] [Fatal Error] :1:1: Premature end of file.
2026-04-12 22:43:11,994 [ERROR] LogOutputStream:75 - [STDERR_REDIRECT] 
2026-04-12 22:43:13,005 [ERROR] LogOutputStream:75 - [STDERR_REDIRECT] [Fatal Error] :1:1: Premature end of file.
2026-04-12 22:43:13,005 [ERROR] LogOutputStream:75 - [STDERR_REDIRECT] 
2026-04-12 22:43:13,993 [ERROR] LogOutputStream:75 - [STDERR_REDIRECT] [Fatal Error] :1:1: Premature end of file.
2026-04-12 22:43:13,993 [ERROR] LogOutputStream:75 - [STDERR_REDIRECT] 
2026-04-12 22:43:15,008 [ERROR] LogOutputStream:75 - [STDERR_REDIRECT] [Fatal Error] :1:1: Premature end of file.
2026-04-12 22:43:15,009 [ERROR] LogOutputStream:75 - [STDERR_REDIRECT] 
2026-04-12 22:43:15,996 [ERROR] LogOutputStream:75 - [STDERR_REDIRECT] [Fatal Error] :1:1: Premature end of file.
2026-04-12 22:43:15,996 [ERROR] LogOutputStream:75 - [STDERR_REDIRECT] 
2026-04-12 22:43:17,005 [ERROR] LogOutputStream:75 - [STDERR_REDIRECT] [Fatal Error] :1:1: Premature end of file.
2026-04-12 22:43:17,006 [ERROR] LogOutputStream:75 - [STDERR_REDIRECT] 
2026-04-12 22:43:17,996 [ERROR] LogOutputStream:75 - [STDERR_REDIRECT] [Fatal Error] :1:1: Premature end of file.
2026-04-12 22:43:17,996 [ERROR] LogOutputStream:75 - [STDERR_REDIRECT] 
2026-04-12 22:43:19,035 [ERROR] LogOutputStream:75 - [STDERR_REDIRECT] [Fatal Error] :1:1: Premature end of file.
2026-04-12 22:43:19,035 [ERROR] LogOutputStream:75 - [STDERR_REDIRECT] 
2026-04-12 22:43:19,998 [ERROR] LogOutputStream:75 - [STDERR_REDIRECT] [Fatal Error] :1:1: Premature end of file.
2026-04-12 22:43:19,998 [ERROR] LogOutputStream:75 - [STDERR_REDIRECT] 
2026-04-12 22:43:21,003 [ERROR] LogOutputStream:75 - [STDERR_REDIRECT] [Fatal Error] :1:1: Premature end of file.
2026-04-12 22:43:21,003 [ERROR] LogOutputStream:75 - [STDERR_REDIRECT] 
2026-04-12 22:43:21,995 [ERROR] LogOutputStream:75 - [STDERR_REDIRECT] [Fatal Error] :1:1: Premature end of file.
2026-04-12 22:43:21,995 [ERROR] LogOutputStream:75 - [STDERR_REDIRECT] 
2026-04-12 22:43:22,992 [ERROR] LogOutputStream:75 - [STDERR_REDIRECT] [Fatal Error] :1:1: Premature end of file.
2026-04-12 22:43:22,992 [ERROR] LogOutputStream:75 - [STDERR_REDIRECT] 
2026-04-12 22:43:24,000 [ERROR] LogOutputStream:75 - [STDERR_REDIRECT] [Fatal Error] :1:1: Premature end of file.
2026-04-12 22:43:24,000 [ERROR] LogOutputStream:75 - [STDERR_REDIRECT] 
2026-04-12 22:43:24,992 [ERROR] LogOutputStream:75 - [STDERR_REDIRECT] [Fatal Error] :1:1: Premature end of file.
2026-04-12 22:43:24,993 [ERROR] LogOutputStream:75 - [STDERR_REDIRECT] 
2026-04-12 22:43:25,998 [ERROR] LogOutputStream:75 - [STDERR_REDIRECT] [Fatal Error] :1:1: Premature end of file.
2026-04-12 22:43:25,999 [ERROR] LogOutputStream:75 - [STDERR_REDIRECT] 
2026-04-12 22:43:26,994 [ERROR] LogOutputStream:75 - [STDERR_REDIRECT] [Fatal Error] :1:1: Premature end of file.
2026-04-12 22:43:26,994 [ERROR] LogOutputStream:75 - [STDERR_REDIRECT] 
2026-04-12 22:43:28,003 [ERROR] LogOutputStream:75 - [STDERR_REDIRECT] [Fatal Error] :1:1: Premature end of file.
2026-04-12 22:43:28,004 [ERROR] LogOutputStream:75 - [STDERR_REDIRECT] 
2026-04-12 22:43:28,999 [ERROR] LogOutputStream:75 - [STDERR_REDIRECT] [Fatal Error] :1:1: Premature end of file.
2026-04-12 22:43:28,999 [ERROR] LogOutputStream:75 - [STDERR_REDIRECT] 
2026-04-12 22:43:29,995 [ERROR] LogOutputStream:75 - [STDERR_REDIRECT] [Fatal Error] :1:1: Premature end of file.
2026-04-12 22:43:29,995 [ERROR] LogOutputStream:75 - [STDERR_REDIRECT] 
2026-04-12 22:43:31,007 [ERROR] LogOutputStream:75 - [STDERR_REDIRECT] [Fatal Error] :1:1: Premature end of file.
2026-04-12 22:43:31,007 [ERROR] LogOutputStream:75 - [STDERR_REDIRECT] 
2026-04-12 22:43:31,996 [ERROR] LogOutputStream:75 - [STDERR_REDIRECT] [Fatal Error] :1:1: Premature end of file.
2026-04-12 22:43:31,996 [ERROR] LogOutputStream:75 - [STDERR_REDIRECT] 
2026-04-12 22:43:32,993 [ERROR] LogOutputStream:75 - [STDERR_REDIRECT] [Fatal Error] :1:1: Premature end of file.
2026-04-12 22:43:32,993 [ERROR] LogOutputStream:75 - [STDERR_REDIRECT] 
2026-04-12 22:43:34,001 [ERROR] LogOutputStream:75 - [STDERR_REDIRECT] [Fatal Error] :1:1: Premature end of file.
2026-04-12 22:43:34,001 [ERROR] LogOutputStream:75 - [STDERR_REDIRECT] 
2026-04-12 22:43:34,991 [ERROR] LogOutputStream:75 - [STDERR_REDIRECT] [Fatal Error] :1:1: Premature end of file.
2026-04-12 22:43:34,991 [ERROR] LogOutputStream:75 - [STDERR_REDIRECT] 
2026-04-12 22:43:35,996 [ERROR] LogOutputStream:75 - [STDERR_REDIRECT] [Fatal Error] :1:1: Premature end of file.
2026-04-12 22:43:36,005 [ERROR] LogOutputStream:75 - [STDERR_REDIRECT] 
2026-04-12 22:43:36,991 [ERROR] LogOutputStream:75 - [STDERR_REDIRECT] [Fatal Error] :1:1: Premature end of file.
2026-04-12 22:43:36,991 [ERROR] LogOutputStream:75 - [STDERR_REDIRECT] 
2026-04-12 22:43:37,990 [ERROR] LogOutputStream:75 - [STDERR_REDIRECT] [Fatal Error] :1:1: Premature end of file.
2026-04-12 22:43:37,990 [ERROR] LogOutputStream:75 - [STDERR_REDIRECT] 
2026-04-12 22:43:39,004 [ERROR] LogOutputStream:75 - [STDERR_REDIRECT] [Fatal Error] :1:1: Premature end of file.
2026-04-12 22:43:39,004 [ERROR] LogOutputStream:75 - [STDERR_REDIRECT] 
2026-04-12 22:43:40,001 [ERROR] LogOutputStream:75 - [STDERR_REDIRECT] [Fatal Error] :1:1: Premature end of file.
2026-04-12 22:43:40,001 [ERROR] LogOutputStream:75 - [STDERR_REDIRECT] 
2026-04-12 22:43:40,991 [ERROR] LogOutputStream:75 - [STDERR_REDIRECT] [Fatal Error] :1:1: Premature end of file.
2026-04-12 22:43:40,991 [ERROR] LogOutputStream:75 - [STDERR_REDIRECT] 
2026-04-12 22:43:42,063 [ERROR] LogOutputStream:75 - [STDERR_REDIRECT] [Fatal Error] :1:1: Premature end of file.
2026-04-12 22:43:42,064 [ERROR] LogOutputStream:75 - [STDERR_REDIRECT] 
2026-04-12 22:43:43,000 [ERROR] LogOutputStream:75 - [STDERR_REDIRECT] [Fatal Error] :1:1: Premature end of file.
2026-04-12 22:43:43,000 [ERROR] LogOutputStream:75 - [STDERR_REDIRECT] 
2026-04-12 22:43:43,994 [ERROR] LogOutputStream:75 - [STDERR_REDIRECT] [Fatal Error] :1:1: Premature end of file.
2026-04-12 22:43:43,995 [ERROR] LogOutputStream:75 - [STDERR_REDIRECT] 
2026-04-12 22:43:45,004 [ERROR] LogOutputStream:75 - [STDERR_REDIRECT] [Fatal Error] :1:1: Premature end of file.
2026-04-12 22:43:45,004 [ERROR] LogOutputStream:75 - [STDERR_REDIRECT] 
2026-04-12 22:43:46,002 [ERROR] LogOutputStream:75 - [STDERR_REDIRECT] [Fatal Error] :1:1: Premature end of file.
2026-04-12 22:43:46,002 [ERROR] LogOutputStream:75 - [STDERR_REDIRECT] 
2026-04-12 22:43:46,995 [ERROR] LogOutputStream:75 - [STDERR_REDIRECT] [Fatal Error] :1:1: Premature end of file.
2026-04-12 22:43:46,996 [ERROR] LogOutputStream:75 - [STDERR_REDIRECT] 
2026-04-12 22:43:48,009 [ERROR] LogOutputStream:75 - [STDERR_REDIRECT] [Fatal Error] :1:1: Premature end of file.
2026-04-12 22:43:48,010 [ERROR] LogOutputStream:75 - [STDERR_REDIRECT] 
2026-04-12 22:43:49,003 [ERROR] LogOutputStream:75 - [STDERR_REDIRECT] [Fatal Error] :1:1: Premature end of file.
2026-04-12 22:43:49,004 [ERROR] LogOutputStream:75 - [STDERR_REDIRECT] 
2026-04-12 22:43:49,995 [ERROR] LogOutputStream:75 - [STDERR_REDIRECT] [Fatal Error] :1:1: Premature end of file.
2026-04-12 22:43:49,995 [ERROR] LogOutputStream:75 - [STDERR_REDIRECT] 
2026-04-12 22:43:50,991 [ERROR] LogOutputStream:75 - [STDERR_REDIRECT] [Fatal Error] :1:1: Premature end of file.
2026-04-12 22:43:50,991 [ERROR] LogOutputStream:75 - [STDERR_REDIRECT] 
2026-04-12 22:43:52,002 [ERROR] LogOutputStream:75 - [STDERR_REDIRECT] [Fatal Error] :1:1: Premature end of file.
2026-04-12 22:43:52,002 [ERROR] LogOutputStream:75 - [STDERR_REDIRECT] 
2026-04-12 22:43:52,991 [ERROR] LogOutputStream:75 - [STDERR_REDIRECT] [Fatal Error] :1:1: Premature end of file.
2026-04-12 22:43:52,991 [ERROR] LogOutputStream:75 - [STDERR_REDIRECT] 
2026-04-12 22:43:53,995 [ERROR] LogOutputStream:75 - [STDERR_REDIRECT] [Fatal Error] :1:1: Premature end of file.
2026-04-12 22:43:53,995 [ERROR] LogOutputStream:75 - [STDERR_REDIRECT] 
2026-04-12 22:43:55,006 [ERROR] LogOutputStream:75 - [STDERR_REDIRECT] [Fatal Error] :1:1: Premature end of file.
2026-04-12 22:43:55,006 [ERROR] LogOutputStream:75 - [STDERR_REDIRECT] 
2026-04-12 22:43:55,997 [ERROR] LogOutputStream:75 - [STDERR_REDIRECT] [Fatal Error] :1:1: Premature end of file.
2026-04-12 22:43:55,998 [ERROR] LogOutputStream:75 - [STDERR_REDIRECT] 
2026-04-12 22:43:57,004 [ERROR] LogOutputStream:75 - [STDERR_REDIRECT] [Fatal Error] :1:1: Premature end of file.
2026-04-12 22:43:57,005 [ERROR] LogOutputStream:75 - [STDERR_REDIRECT] 
2026-04-12 22:43:57,992 [ERROR] LogOutputStream:75 - [STDERR_REDIRECT] [Fatal Error] :1:1: Premature end of file.
2026-04-12 22:43:57,992 [ERROR] LogOutputStream:75 - [STDERR_REDIRECT] 
2026-04-12 22:43:59,003 [ERROR] LogOutputStream:75 - [STDERR_REDIRECT] [Fatal Error] :1:1: Premature end of file.
2026-04-12 22:43:59,003 [ERROR] LogOutputStream:75 - [STDERR_REDIRECT] 
2026-04-12 22:43:59,998 [ERROR] LogOutputStream:75 - [STDERR_REDIRECT] [Fatal Error] :1:1: Premature end of file.
2026-04-12 22:43:59,998 [ERROR] LogOutputStream:75 - [STDERR_REDIRECT] 
2026-04-12 22:44:01,011 [ERROR] LogOutputStream:75 - [STDERR_REDIRECT] [Fatal Error] :1:1: Premature end of file.
2026-04-12 22:44:01,011 [ERROR] LogOutputStream:75 - [STDERR_REDIRECT] 
2026-04-12 22:44:01,997 [ERROR] LogOutputStream:75 - [STDERR_REDIRECT] [Fatal Error] :1:1: Premature end of file.
2026-04-12 22:44:01,998 [ERROR] LogOutputStream:75 - [STDERR_REDIRECT] 
2026-04-12 22:44:02,990 [ERROR] LogOutputStream:75 - [STDERR_REDIRECT] [Fatal Error] :1:1: Premature end of file.
2026-04-12 22:44:03,340 [ERROR] LogOutputStream:75 - [STDERR_REDIRECT] 
2026-04-12 22:44:04,000 [ERROR] LogOutputStream:75 - [STDERR_REDIRECT] [Fatal Error] :1:1: Premature end of file.
2026-04-12 22:44:04,000 [ERROR] LogOutputStream:75 - [STDERR_REDIRECT] 
2026-04-12 22:44:05,007 [ERROR] LogOutputStream:75 - [STDERR_REDIRECT] [Fatal Error] :1:1: Premature end of file.
2026-04-12 22:44:05,007 [ERROR] LogOutputStream:75 - [STDERR_REDIRECT] 
2026-04-12 22:44:06,004 [ERROR] LogOutputStream:75 - [STDERR_REDIRECT] [Fatal Error] :1:1: Premature end of file.
2026-04-12 22:44:06,004 [ERROR] LogOutputStream:75 - [STDERR_REDIRECT] 
2026-04-12 22:44:06,996 [ERROR] LogOutputStream:75 - [STDERR_REDIRECT] [Fatal Error] :1:1: Premature end of file.
2026-04-12 22:44:07,176 [ERROR] LogOutputStream:75 - [STDERR_REDIRECT] 
2026-04-12 22:44:08,006 [ERROR] LogOutputStream:75 - [STDERR_REDIRECT] [Fatal Error] :1:1: Premature end of file.
2026-04-12 22:44:08,006 [ERROR] LogOutputStream:75 - [STDERR_REDIRECT] 
2026-04-12 22:44:08,996 [ERROR] LogOutputStream:75 - [STDERR_REDIRECT] [Fatal Error] :1:1: Premature end of file.
2026-04-12 22:44:08,997 [ERROR] LogOutputStream:75 - [STDERR_REDIRECT] 
2026-04-12 22:44:10,002 [ERROR] LogOutputStream:75 - [STDERR_REDIRECT] [Fatal Error] :1:1: Premature end of file.
2026-04-12 22:44:10,002 [ERROR] LogOutputStream:75 - [STDERR_REDIRECT] 
2026-04-12 22:44:10,996 [ERROR] LogOutputStream:75 - [STDERR_REDIRECT] [Fatal Error] :1:1: Premature end of file.
2026-04-12 22:44:10,996 [ERROR] LogOutputStream:75 - [STDERR_REDIRECT] 
2026-04-12 22:44:11,992 [ERROR] LogOutputStream:75 - [STDERR_REDIRECT] [Fatal Error] :1:1: Premature end of file.
2026-04-12 22:44:11,992 [ERROR] LogOutputStream:75 - [STDERR_REDIRECT] 
2026-04-12 22:44:13,005 [ERROR] LogOutputStream:75 - [STDERR_REDIRECT] [Fatal Error] :1:1: Premature end of file.
2026-04-12 22:44:13,006 [ERROR] LogOutputStream:75 - [STDERR_REDIRECT] 
2026-04-12 22:44:14,000 [ERROR] LogOutputStream:75 - [STDERR_REDIRECT] [Fatal Error] :1:1: Premature end of file.
2026-04-12 22:44:14,000 [ERROR] LogOutputStream:75 - [STDERR_REDIRECT] 
2026-04-12 22:44:14,992 [ERROR] LogOutputStream:75 - [STDERR_REDIRECT] [Fatal Error] :1:1: Premature end of file.
2026-04-12 22:44:14,993 [ERROR] LogOutputStream:75 - [STDERR_REDIRECT] 
2026-04-12 22:44:16,008 [ERROR] LogOutputStream:75 - [STDERR_REDIRECT] [Fatal Error] :1:1: Premature end of file.
2026-04-12 22:44:16,009 [ERROR] LogOutputStream:75 - [STDERR_REDIRECT] 
2026-04-12 22:44:16,996 [ERROR] LogOutputStream:75 - [STDERR_REDIRECT] [Fatal Error] :1:1: Premature end of file.
2026-04-12 22:44:16,997 [ERROR] LogOutputStream:75 - [STDERR_REDIRECT] 
2026-04-12 22:44:18,005 [ERROR] LogOutputStream:75 - [STDERR_REDIRECT] [Fatal Error] :1:1: Premature end of file.
2026-04-12 22:44:18,005 [ERROR] LogOutputStream:75 - [STDERR_REDIRECT] 
2026-04-12 22:44:19,005 [ERROR] LogOutputStream:75 - [STDERR_REDIRECT] [Fatal Error] :1:1: Premature end of file.
2026-04-12 22:44:19,006 [ERROR] LogOutputStream:75 - [STDERR_REDIRECT] 
2026-04-12 22:44:19,997 [ERROR] LogOutputStream:75 - [STDERR_REDIRECT] [Fatal Error] :1:1: Premature end of file.
2026-04-12 22:44:19,997 [ERROR] LogOutputStream:75 - [STDERR_REDIRECT] 
2026-04-12 22:44:21,002 [ERROR] LogOutputStream:75 - [STDERR_REDIRECT] [Fatal Error] :1:1: Premature end of file.
2026-04-12 22:44:21,002 [ERROR] LogOutputStream:75 - [STDERR_REDIRECT] 
2026-04-12 22:44:22,000 [ERROR] LogOutputStream:75 - [STDERR_REDIRECT] [Fatal Error] :1:1: Premature end of file.
2026-04-12 22:44:22,000 [ERROR] LogOutputStream:75 - [STDERR_REDIRECT] 
2026-04-12 22:44:23,001 [ERROR] LogOutputStream:75 - [STDERR_REDIRECT] [Fatal Error] :1:1: Premature end of file.
2026-04-12 22:44:23,001 [ERROR] LogOutputStream:75 - [STDERR_REDIRECT] 
2026-04-12 22:44:24,001 [ERROR] LogOutputStream:75 - [STDERR_REDIRECT] [Fatal Error] :1:1: Premature end of file.
2026-04-12 22:44:24,001 [ERROR] LogOutputStream:75 - [STDERR_REDIRECT] 
2026-04-12 22:44:24,998 [ERROR] LogOutputStream:75 - [STDERR_REDIRECT] [Fatal Error] :1:1: Premature end of file.
2026-04-12 22:44:24,998 [ERROR] LogOutputStream:75 - [STDERR_REDIRECT] 
2026-04-12 22:44:26,002 [ERROR] LogOutputStream:75 - [STDERR_REDIRECT] [Fatal Error] :1:1: Premature end of file.
2026-04-12 22:44:26,004 [ERROR] LogOutputStream:75 - [STDERR_REDIRECT] 
2026-04-12 22:44:27,000 [ERROR] LogOutputStream:75 - [STDERR_REDIRECT] [Fatal Error] :1:1: Premature end of file.
2026-04-12 22:44:27,000 [ERROR] LogOutputStream:75 - [STDERR_REDIRECT] 
2026-04-12 22:44:27,999 [ERROR] LogOutputStream:75 - [STDERR_REDIRECT] [Fatal Error] :1:1: Premature end of file.
2026-04-12 22:44:27,999 [ERROR] LogOutputStream:75 - [STDERR_REDIRECT] 
2026-04-12 22:44:28,993 [ERROR] LogOutputStream:75 - [STDERR_REDIRECT] [Fatal Error] :1:1: Premature end of file.
2026-04-12 22:44:29,091 [ERROR] LogOutputStream:75 - [STDERR_REDIRECT] 
2026-04-12 22:44:30,003 [ERROR] LogOutputStream:75 - [STDERR_REDIRECT] [Fatal Error] :1:1: Premature end of file.
2026-04-12 22:44:30,004 [ERROR] LogOutputStream:75 - [STDERR_REDIRECT] 
2026-04-12 22:44:30,998 [ERROR] LogOutputStream:75 - [STDERR_REDIRECT] [Fatal Error] :1:1: Premature end of file.
2026-04-12 22:44:30,998 [ERROR] LogOutputStream:75 - [STDERR_REDIRECT] 
2026-04-12 22:44:31,995 [ERROR] LogOutputStream:75 - [STDERR_REDIRECT] [Fatal Error] :1:1: Premature end of file.
2026-04-12 22:44:31,995 [ERROR] LogOutputStream:75 - [STDERR_REDIRECT] 
2026-04-12 22:44:32,989 [ERROR] LogOutputStream:75 - [STDERR_REDIRECT] [Fatal Error] :1:1: Premature end of file.
2026-04-12 22:44:32,990 [ERROR] LogOutputStream:75 - [STDERR_REDIRECT] 
2026-04-12 22:44:34,000 [ERROR] LogOutputStream:75 - [STDERR_REDIRECT] [Fatal Error] :1:1: Premature end of file.
2026-04-12 22:44:34,000 [ERROR] LogOutputStream:75 - [STDERR_REDIRECT] 
2026-04-12 22:44:34,994 [ERROR] LogOutputStream:75 - [STDERR_REDIRECT] [Fatal Error] :1:1: Premature end of file.
2026-04-12 22:44:34,994 [ERROR] LogOutputStream:75 - [STDERR_REDIRECT] 
2026-04-12 22:44:36,001 [ERROR] LogOutputStream:75 - [STDERR_REDIRECT] [Fatal Error] :1:1: Premature end of file.
2026-04-12 22:44:36,001 [ERROR] LogOutputStream:75 - [STDERR_REDIRECT] 
2026-04-12 22:44:37,004 [ERROR] LogOutputStream:75 - [STDERR_REDIRECT] [Fatal Error] :1:1: Premature end of file.
2026-04-12 22:44:37,004 [ERROR] LogOutputStream:75 - [STDERR_REDIRECT] 
2026-04-12 22:44:37,993 [ERROR] LogOutputStream:75 - [STDERR_REDIRECT] [Fatal Error] :1:1: Premature end of file.
2026-04-12 22:44:37,994 [ERROR] LogOutputStream:75 - [STDERR_REDIRECT] 
2026-04-12 22:44:39,000 [ERROR] LogOutputStream:75 - [STDERR_REDIRECT] [Fatal Error] :1:1: Premature end of file.
2026-04-12 22:44:39,001 [ERROR] LogOutputStream:75 - [STDERR_REDIRECT] 
2026-04-12 22:44:40,003 [ERROR] LogOutputStream:75 - [STDERR_REDIRECT] [Fatal Error] :1:1: Premature end of file.
2026-04-12 22:44:40,003 [ERROR] LogOutputStream:75 - [STDERR_REDIRECT] 
2026-04-12 22:44:40,997 [ERROR] LogOutputStream:75 - [STDERR_REDIRECT] [Fatal Error] :1:1: Premature end of file.
2026-04-12 22:44:40,998 [ERROR] LogOutputStream:75 - [STDERR_REDIRECT] 
2026-04-12 22:44:42,004 [ERROR] LogOutputStream:75 - [STDERR_REDIRECT] [Fatal Error] :1:1: Premature end of file.
2026-04-12 22:44:42,005 [ERROR] LogOutputStream:75 - [STDERR_REDIRECT] 
2026-04-12 22:44:42,998 [ERROR] LogOutputStream:75 - [STDERR_REDIRECT] [Fatal Error] :1:1: Premature end of file.
2026-04-12 22:44:42,998 [ERROR] LogOutputStream:75 - [STDERR_REDIRECT] 
2026-04-12 22:44:44,006 [ERROR] LogOutputStream:75 - [STDERR_REDIRECT] [Fatal Error] :1:1: Premature end of file.
2026-04-12 22:44:44,006 [ERROR] LogOutputStream:75 - [STDERR_REDIRECT] 
2026-04-12 22:44:44,994 [ERROR] LogOutputStream:75 - [STDERR_REDIRECT] [Fatal Error] :1:1: Premature end of file.
2026-04-12 22:44:44,995 [ERROR] LogOutputStream:75 - [STDERR_REDIRECT] 
2026-04-12 22:44:45,991 [ERROR] LogOutputStream:75 - [STDERR_REDIRECT] [Fatal Error] :1:1: Premature end of file.
2026-04-12 22:44:45,992 [ERROR] LogOutputStream:75 - [STDERR_REDIRECT] 
2026-04-12 22:44:47,000 [ERROR] LogOutputStream:75 - [STDERR_REDIRECT] [Fatal Error] :1:1: Premature end of file.
2026-04-12 22:44:47,000 [ERROR] LogOutputStream:75 - [STDERR_REDIRECT] 
2026-04-12 22:44:47,993 [ERROR] LogOutputStream:75 - [STDERR_REDIRECT] [Fatal Error] :1:1: Premature end of file.
2026-04-12 22:44:47,994 [ERROR] LogOutputStream:75 - [STDERR_REDIRECT] 
2026-04-12 22:44:49,002 [ERROR] LogOutputStream:75 - [STDERR_REDIRECT] [Fatal Error] :1:1: Premature end of file.
2026-04-12 22:44:49,002 [ERROR] LogOutputStream:75 - [STDERR_REDIRECT] 
2026-04-12 22:44:49,993 [ERROR] LogOutputStream:75 - [STDERR_REDIRECT] [Fatal Error] :1:1: Premature end of file.
2026-04-12 22:44:49,993 [ERROR] LogOutputStream:75 - [STDERR_REDIRECT] 
2026-04-12 22:44:51,003 [ERROR] LogOutputStream:75 - [STDERR_REDIRECT] [Fatal Error] :1:1: Premature end of file.
2026-04-12 22:44:51,003 [ERROR] LogOutputStream:75 - [STDERR_REDIRECT] 
2026-04-12 22:44:52,003 [ERROR] LogOutputStream:75 - [STDERR_REDIRECT] [Fatal Error] :1:1: Premature end of file.
2026-04-12 22:44:52,003 [ERROR] LogOutputStream:75 - [STDERR_REDIRECT] 
2026-04-12 22:44:53,009 [ERROR] LogOutputStream:75 - [STDERR_REDIRECT] [Fatal Error] :1:1: Premature end of file.
2026-04-12 22:44:53,009 [ERROR] LogOutputStream:75 - [STDERR_REDIRECT] 
2026-04-12 22:44:54,021 [ERROR] LogOutputStream:75 - [STDERR_REDIRECT] [Fatal Error] :1:1: Premature end of file.
2026-04-12 22:44:54,022 [ERROR] LogOutputStream:75 - [STDERR_REDIRECT] 
2026-04-12 22:44:54,998 [ERROR] LogOutputStream:75 - [STDERR_REDIRECT] [Fatal Error] :1:1: Premature end of file.
2026-04-12 22:44:54,999 [ERROR] LogOutputStream:75 - [STDERR_REDIRECT] 
2026-04-12 22:44:55,992 [ERROR] LogOutputStream:75 - [STDERR_REDIRECT] [Fatal Error] :1:1: Premature end of file.
2026-04-12 22:44:55,992 [ERROR] LogOutputStream:75 - [STDERR_REDIRECT] 
2026-04-12 22:44:56,999 [ERROR] LogOutputStream:75 - [STDERR_REDIRECT] [Fatal Error] :1:1: Premature end of file.
2026-04-12 22:44:57,000 [ERROR] LogOutputStream:75 - [STDERR_REDIRECT] 
2026-04-12 22:44:57,995 [ERROR] LogOutputStream:75 - [STDERR_REDIRECT] [Fatal Error] :1:1: Premature end of file.
2026-04-12 22:44:57,995 [ERROR] LogOutputStream:75 - [STDERR_REDIRECT] 
2026-04-12 22:44:58,992 [ERROR] LogOutputStream:75 - [STDERR_REDIRECT] [Fatal Error] :1:1: Premature end of file.
2026-04-12 22:44:58,993 [ERROR] LogOutputStream:75 - [STDERR_REDIRECT] 
2026-04-12 22:44:59,999 [ERROR] LogOutputStream:75 - [STDERR_REDIRECT] [Fatal Error] :1:1: Premature end of file.
2026-04-12 22:44:59,999 [ERROR] LogOutputStream:75 - [STDERR_REDIRECT] 
2026-04-12 22:45:01,000 [ERROR] LogOutputStream:75 - [STDERR_REDIRECT] [Fatal Error] :1:1: Premature end of file.
2026-04-12 22:45:01,000 [ERROR] LogOutputStream:75 - [STDERR_REDIRECT] 
2026-04-12 22:45:02,006 [ERROR] LogOutputStream:75 - [STDERR_REDIRECT] [Fatal Error] :1:1: Premature end of file.
2026-04-12 22:45:02,006 [ERROR] LogOutputStream:75 - [STDERR_REDIRECT] 
2026-04-12 22:45:03,051 [ERROR] LogOutputStream:75 - [STDERR_REDIRECT] [Fatal Error] :1:1: Premature end of file.
2026-04-12 22:45:03,052 [ERROR] LogOutputStream:75 - [STDERR_REDIRECT] 
2026-04-12 22:45:03,992 [ERROR] LogOutputStream:75 - [STDERR_REDIRECT] [Fatal Error] :1:1: Premature end of file.
2026-04-12 22:45:03,993 [ERROR] LogOutputStream:75 - [STDERR_REDIRECT] 
2026-04-12 22:45:05,006 [ERROR] LogOutputStream:75 - [STDERR_REDIRECT] [Fatal Error] :1:1: Premature end of file.
2026-04-12 22:45:05,006 [ERROR] LogOutputStream:75 - [STDERR_REDIRECT] 
2026-04-12 22:45:05,997 [ERROR] LogOutputStream:75 - [STDERR_REDIRECT] [Fatal Error] :1:1: Premature end of file.
2026-04-12 22:45:05,997 [ERROR] LogOutputStream:75 - [STDERR_REDIRECT] 
2026-04-12 22:45:06,995 [ERROR] LogOutputStream:75 - [STDERR_REDIRECT] [Fatal Error] :1:1: Premature end of file.
2026-04-12 22:45:06,995 [ERROR] LogOutputStream:75 - [STDERR_REDIRECT] 
2026-04-12 22:45:08,004 [ERROR] LogOutputStream:75 - [STDERR_REDIRECT] [Fatal Error] :1:1: Premature end of file.
2026-04-12 22:45:08,005 [ERROR] LogOutputStream:75 - [STDERR_REDIRECT] 
2026-04-12 22:45:09,005 [ERROR] LogOutputStream:75 - [STDERR_REDIRECT] [Fatal Error] :1:1: Premature end of file.
2026-04-12 22:45:09,005 [ERROR] LogOutputStream:75 - [STDERR_REDIRECT] 
2026-04-12 22:45:09,995 [ERROR] LogOutputStream:75 - [STDERR_REDIRECT] [Fatal Error] :1:1: Premature end of file.
2026-04-12 22:45:09,995 [ERROR] LogOutputStream:75 - [STDERR_REDIRECT] 
2026-04-12 22:45:10,994 [ERROR] LogOutputStream:75 - [STDERR_REDIRECT] [Fatal Error] :1:1: Premature end of file.
2026-04-12 22:45:11,020 [ERROR] LogOutputStream:75 - [STDERR_REDIRECT] 
2026-04-12 22:45:12,008 [ERROR] LogOutputStream:75 - [STDERR_REDIRECT] [Fatal Error] :1:1: Premature end of file.
2026-04-12 22:45:12,009 [ERROR] LogOutputStream:75 - [STDERR_REDIRECT] 
2026-04-12 22:45:12,999 [ERROR] LogOutputStream:75 - [STDERR_REDIRECT] [Fatal Error] :1:1: Premature end of file.
2026-04-12 22:45:12,999 [ERROR] LogOutputStream:75 - [STDERR_REDIRECT] 
2026-04-12 22:45:13,991 [ERROR] LogOutputStream:75 - [STDERR_REDIRECT] [Fatal Error] :1:1: Premature end of file.
2026-04-12 22:45:13,991 [ERROR] LogOutputStream:75 - [STDERR_REDIRECT] 
2026-04-12 22:45:15,000 [ERROR] LogOutputStream:75 - [STDERR_REDIRECT] [Fatal Error] :1:1: Premature end of file.
2026-04-12 22:45:15,000 [ERROR] LogOutputStream:75 - [STDERR_REDIRECT] 
2026-04-12 22:45:15,997 [ERROR] LogOutputStream:75 - [STDERR_REDIRECT] [Fatal Error] :1:1: Premature end of file.
2026-04-12 22:45:15,997 [ERROR] LogOutputStream:75 - [STDERR_REDIRECT] 
2026-04-12 22:45:17,003 [ERROR] LogOutputStream:75 - [STDERR_REDIRECT] [Fatal Error] :1:1: Premature end of file.
2026-04-12 22:45:17,004 [ERROR] LogOutputStream:75 - [STDERR_REDIRECT] 
2026-04-12 22:45:18,000 [ERROR] LogOutputStream:75 - [STDERR_REDIRECT] [Fatal Error] :1:1: Premature end of file.
2026-04-12 22:45:18,001 [ERROR] LogOutputStream:75 - [STDERR_REDIRECT] 
2026-04-12 22:45:18,997 [ERROR] LogOutputStream:75 - [STDERR_REDIRECT] [Fatal Error] :1:1: Premature end of file.
2026-04-12 22:45:18,997 [ERROR] LogOutputStream:75 - [STDERR_REDIRECT] 
2026-04-12 22:45:20,003 [ERROR] LogOutputStream:75 - [STDERR_REDIRECT] [Fatal Error] :1:1: Premature end of file.
2026-04-12 22:45:20,003 [ERROR] LogOutputStream:75 - [STDERR_REDIRECT] 
2026-04-12 22:45:20,999 [ERROR] LogOutputStream:75 - [STDERR_REDIRECT] [Fatal Error] :1:1: Premature end of file.
2026-04-12 22:45:20,999 [ERROR] LogOutputStream:75 - [STDERR_REDIRECT] 
2026-04-12 22:45:21,998 [ERROR] LogOutputStream:75 - [STDERR_REDIRECT] [Fatal Error] :1:1: Premature end of file.
2026-04-12 22:45:21,998 [ERROR] LogOutputStream:75 - [STDERR_REDIRECT] 
2026-04-12 22:45:22,995 [ERROR] LogOutputStream:75 - [STDERR_REDIRECT] [Fatal Error] :1:1: Premature end of file.
2026-04-12 22:45:22,996 [ERROR] LogOutputStream:75 - [STDERR_REDIRECT] 
2026-04-12 22:45:24,003 [ERROR] LogOutputStream:75 - [STDERR_REDIRECT] [Fatal Error] :1:1: Premature end of file.
2026-04-12 22:45:24,004 [ERROR] LogOutputStream:75 - [STDERR_REDIRECT] 
2026-04-12 22:45:24,995 [ERROR] LogOutputStream:75 - [STDERR_REDIRECT] [Fatal Error] :1:1: Premature end of file.
2026-04-12 22:45:24,995 [ERROR] LogOutputStream:75 - [STDERR_REDIRECT] 
2026-04-12 22:45:26,006 [ERROR] LogOutputStream:75 - [STDERR_REDIRECT] [Fatal Error] :1:1: Premature end of file.
2026-04-12 22:45:26,006 [ERROR] LogOutputStream:75 - [STDERR_REDIRECT] 
2026-04-12 22:45:26,994 [ERROR] LogOutputStream:75 - [STDERR_REDIRECT] [Fatal Error] :1:1: Premature end of file.
2026-04-12 22:45:26,994 [ERROR] LogOutputStream:75 - [STDERR_REDIRECT] 
2026-04-12 22:45:27,992 [ERROR] LogOutputStream:75 - [STDERR_REDIRECT] [Fatal Error] :1:1: Premature end of file.
2026-04-12 22:45:27,993 [ERROR] LogOutputStream:75 - [STDERR_REDIRECT] 
2026-04-12 22:45:29,000 [ERROR] LogOutputStream:75 - [STDERR_REDIRECT] [Fatal Error] :1:1: Premature end of file.
2026-04-12 22:45:29,000 [ERROR] LogOutputStream:75 - [STDERR_REDIRECT] 
2026-04-12 22:45:29,996 [ERROR] LogOutputStream:75 - [STDERR_REDIRECT] [Fatal Error] :1:1: Premature end of file.
2026-04-12 22:45:29,996 [ERROR] LogOutputStream:75 - [STDERR_REDIRECT] 
2026-04-12 22:45:31,003 [ERROR] LogOutputStream:75 - [STDERR_REDIRECT] [Fatal Error] :1:1: Premature end of file.
2026-04-12 22:45:31,003 [ERROR] LogOutputStream:75 - [STDERR_REDIRECT] 
2026-04-12 22:45:31,994 [ERROR] LogOutputStream:75 - [STDERR_REDIRECT] [Fatal Error] :1:1: Premature end of file.
2026-04-12 22:45:31,994 [ERROR] LogOutputStream:75 - [STDERR_REDIRECT] 
2026-04-12 22:45:33,006 [ERROR] LogOutputStream:75 - [STDERR_REDIRECT] [Fatal Error] :1:1: Premature end of file.
2026-04-12 22:45:33,006 [ERROR] LogOutputStream:75 - [STDERR_REDIRECT] 
2026-04-12 22:45:33,992 [ERROR] LogOutputStream:75 - [STDERR_REDIRECT] [Fatal Error] :1:1: Premature end of file.
2026-04-12 22:45:33,993 [ERROR] LogOutputStream:75 - [STDERR_REDIRECT] 
2026-04-12 22:45:35,000 [ERROR] LogOutputStream:75 - [STDERR_REDIRECT] [Fatal Error] :1:1: Premature end of file.
2026-04-12 22:45:35,001 [ERROR] LogOutputStream:75 - [STDERR_REDIRECT] 
2026-04-12 22:45:35,991 [ERROR] LogOutputStream:75 - [STDERR_REDIRECT] [Fatal Error] :1:1: Premature end of file.
2026-04-12 22:45:35,991 [ERROR] LogOutputStream:75 - [STDERR_REDIRECT] 
2026-04-12 22:45:37,001 [ERROR] LogOutputStream:75 - [STDERR_REDIRECT] [Fatal Error] :1:1: Premature end of file.
2026-04-12 22:45:37,001 [ERROR] LogOutputStream:75 - [STDERR_REDIRECT] 
2026-04-12 22:45:37,992 [ERROR] LogOutputStream:75 - [STDERR_REDIRECT] [Fatal Error] :1:1: Premature end of file.
2026-04-12 22:45:37,992 [ERROR] LogOutputStream:75 - [STDERR_REDIRECT] 
2026-04-12 22:45:38,991 [ERROR] LogOutputStream:75 - [STDERR_REDIRECT] [Fatal Error] :1:1: Premature end of file.
2026-04-12 22:45:38,991 [ERROR] LogOutputStream:75 - [STDERR_REDIRECT] 
2026-04-12 22:45:40,001 [ERROR] LogOutputStream:75 - [STDERR_REDIRECT] [Fatal Error] :1:1: Premature end of file.
2026-04-12 22:45:40,001 [ERROR] LogOutputStream:75 - [STDERR_REDIRECT] 
2026-04-12 22:45:40,991 [ERROR] LogOutputStream:75 - [STDERR_REDIRECT] [Fatal Error] :1:1: Premature end of file.
2026-04-12 22:45:40,991 [ERROR] LogOutputStream:75 - [STDERR_REDIRECT] 
2026-04-12 22:45:41,997 [ERROR] LogOutputStream:75 - [STDERR_REDIRECT] [Fatal Error] :1:1: Premature end of file.
2026-04-12 22:45:41,997 [ERROR] LogOutputStream:75 - [STDERR_REDIRECT] 
2026-04-12 22:45:42,992 [ERROR] LogOutputStream:75 - [STDERR_REDIRECT] [Fatal Error] :1:1: Premature end of file.
2026-04-12 22:45:42,992 [ERROR] LogOutputStream:75 - [STDERR_REDIRECT] 
2026-04-12 22:45:44,001 [ERROR] LogOutputStream:75 - [STDERR_REDIRECT] [Fatal Error] :1:1: Premature end of file.
2026-04-12 22:45:44,001 [ERROR] LogOutputStream:75 - [STDERR_REDIRECT] 
2026-04-12 22:45:44,997 [ERROR] LogOutputStream:75 - [STDERR_REDIRECT] [Fatal Error] :1:1: Premature end of file.
2026-04-12 22:45:44,997 [ERROR] LogOutputStream:75 - [STDERR_REDIRECT] 
2026-04-12 22:45:46,004 [ERROR] LogOutputStream:75 - [STDERR_REDIRECT] [Fatal Error] :1:1: Premature end of file.
2026-04-12 22:45:46,004 [ERROR] LogOutputStream:75 - [STDERR_REDIRECT] 
2026-04-12 22:45:47,004 [ERROR] LogOutputStream:75 - [STDERR_REDIRECT] [Fatal Error] :1:1: Premature end of file.
2026-04-12 22:45:47,005 [ERROR] LogOutputStream:75 - [STDERR_REDIRECT] 
2026-04-12 22:45:48,006 [ERROR] LogOutputStream:75 - [STDERR_REDIRECT] [Fatal Error] :1:1: Premature end of file.
2026-04-12 22:45:48,006 [ERROR] LogOutputStream:75 - [STDERR_REDIRECT] 
2026-04-12 22:45:49,001 [ERROR] LogOutputStream:75 - [STDERR_REDIRECT] [Fatal Error] :1:1: Premature end of file.
2026-04-12 22:45:49,001 [ERROR] LogOutputStream:75 - [STDERR_REDIRECT] 
2026-04-12 22:45:49,994 [ERROR] LogOutputStream:75 - [STDERR_REDIRECT] [Fatal Error] :1:1: Premature end of file.
2026-04-12 22:45:49,995 [ERROR] LogOutputStream:75 - [STDERR_REDIRECT] 
2026-04-12 22:45:51,005 [ERROR] LogOutputStream:75 - [STDERR_REDIRECT] [Fatal Error] :1:1: Premature end of file.
2026-04-12 22:45:51,005 [ERROR] LogOutputStream:75 - [STDERR_REDIRECT] 
2026-04-12 22:45:51,996 [ERROR] LogOutputStream:75 - [STDERR_REDIRECT] [Fatal Error] :1:1: Premature end of file.
2026-04-12 22:45:51,996 [ERROR] LogOutputStream:75 - [STDERR_REDIRECT] 
2026-04-12 22:45:52,993 [ERROR] LogOutputStream:75 - [STDERR_REDIRECT] [Fatal Error] :1:1: Premature end of file.
2026-04-12 22:45:52,994 [ERROR] LogOutputStream:75 - [STDERR_REDIRECT] 
2026-04-12 22:45:54,007 [ERROR] LogOutputStream:75 - [STDERR_REDIRECT] [Fatal Error] :1:1: Premature end of file.
2026-04-12 22:45:54,007 [ERROR] LogOutputStream:75 - [STDERR_REDIRECT] 
2026-04-12 22:45:54,994 [ERROR] LogOutputStream:75 - [STDERR_REDIRECT] [Fatal Error] :1:1: Premature end of file.
2026-04-12 22:45:54,994 [ERROR] LogOutputStream:75 - [STDERR_REDIRECT] 
2026-04-12 22:45:56,004 [ERROR] LogOutputStream:75 - [STDERR_REDIRECT] [Fatal Error] :1:1: Premature end of file.
2026-04-12 22:45:56,005 [ERROR] LogOutputStream:75 - [STDERR_REDIRECT] 
2026-04-12 22:45:57,001 [ERROR] LogOutputStream:75 - [STDERR_REDIRECT] [Fatal Error] :1:1: Premature end of file.
2026-04-12 22:45:57,001 [ERROR] LogOutputStream:75 - [STDERR_REDIRECT] 
2026-04-12 22:45:57,996 [ERROR] LogOutputStream:75 - [STDERR_REDIRECT] [Fatal Error] :1:1: Premature end of file.
2026-04-12 22:45:57,996 [ERROR] LogOutputStream:75 - [STDERR_REDIRECT] 
2026-04-12 22:45:58,999 [ERROR] LogOutputStream:75 - [STDERR_REDIRECT] [Fatal Error] :1:1: Premature end of file.
2026-04-12 22:45:58,999 [ERROR] LogOutputStream:75 - [STDERR_REDIRECT] 
2026-04-12 22:46:00,062 [ERROR] LogOutputStream:75 - [STDERR_REDIRECT] [Fatal Error] :1:1: Premature end of file.
2026-04-12 22:46:00,062 [ERROR] LogOutputStream:75 - [STDERR_REDIRECT] 
2026-04-12 22:46:01,014 [ERROR] LogOutputStream:75 - [STDERR_REDIRECT] [Fatal Error] :1:1: Premature end of file.
2026-04-12 22:46:01,014 [ERROR] LogOutputStream:75 - [STDERR_REDIRECT] 
2026-04-12 22:46:02,000 [ERROR] LogOutputStream:75 - [STDERR_REDIRECT] [Fatal Error] :1:1: Premature end of file.
2026-04-12 22:46:02,000 [ERROR] LogOutputStream:75 - [STDERR_REDIRECT] 
2026-04-12 22:46:02,994 [ERROR] LogOutputStream:75 - [STDERR_REDIRECT] [Fatal Error] :1:1: Premature end of file.
2026-04-12 22:46:02,995 [ERROR] LogOutputStream:75 - [STDERR_REDIRECT] 
2026-04-12 22:46:03,989 [ERROR] LogOutputStream:75 - [STDERR_REDIRECT] [Fatal Error] :1:1: Premature end of file.
2026-04-12 22:46:03,990 [ERROR] LogOutputStream:75 - [STDERR_REDIRECT] 
2026-04-12 22:46:05,001 [ERROR] LogOutputStream:75 - [STDERR_REDIRECT] [Fatal Error] :1:1: Premature end of file.
2026-04-12 22:46:05,002 [ERROR] LogOutputStream:75 - [STDERR_REDIRECT] 
2026-04-12 22:46:05,991 [ERROR] LogOutputStream:75 - [STDERR_REDIRECT] [Fatal Error] :1:1: Premature end of file.
2026-04-12 22:46:05,992 [ERROR] LogOutputStream:75 - [STDERR_REDIRECT] 
2026-04-12 22:46:06,998 [ERROR] LogOutputStream:75 - [STDERR_REDIRECT] [Fatal Error] :1:1: Premature end of file.
2026-04-12 22:46:07,000 [ERROR] LogOutputStream:75 - [STDERR_REDIRECT] 
2026-04-12 22:46:07,992 [ERROR] LogOutputStream:75 - [STDERR_REDIRECT] [Fatal Error] :1:1: Premature end of file.
2026-04-12 22:46:07,992 [ERROR] LogOutputStream:75 - [STDERR_REDIRECT] 
2026-04-12 22:46:08,998 [ERROR] LogOutputStream:75 - [STDERR_REDIRECT] [Fatal Error] :1:1: Premature end of file.
2026-04-12 22:46:08,999 [ERROR] LogOutputStream:75 - [STDERR_REDIRECT] 
2026-04-12 22:46:09,995 [ERROR] LogOutputStream:75 - [STDERR_REDIRECT] [Fatal Error] :1:1: Premature end of file.
2026-04-12 22:46:09,995 [ERROR] LogOutputStream:75 - [STDERR_REDIRECT] 
2026-04-12 22:46:10,990 [ERROR] LogOutputStream:75 - [STDERR_REDIRECT] [Fatal Error] :1:1: Premature end of file.
2026-04-12 22:46:10,990 [ERROR] LogOutputStream:75 - [STDERR_REDIRECT] 
2026-04-12 22:46:11,999 [ERROR] LogOutputStream:75 - [STDERR_REDIRECT] [Fatal Error] :1:1: Premature end of file.
2026-04-12 22:46:11,999 [ERROR] LogOutputStream:75 - [STDERR_REDIRECT] 
2026-04-12 22:46:12,991 [ERROR] LogOutputStream:75 - [STDERR_REDIRECT] [Fatal Error] :1:1: Premature end of file.
2026-04-12 22:46:12,991 [ERROR] LogOutputStream:75 - [STDERR_REDIRECT] 
2026-04-12 22:46:13,997 [ERROR] LogOutputStream:75 - [STDERR_REDIRECT] [Fatal Error] :1:1: Premature end of file.
2026-04-12 22:46:13,997 [ERROR] LogOutputStream:75 - [STDERR_REDIRECT] 
2026-04-12 22:46:14,995 [ERROR] LogOutputStream:75 - [STDERR_REDIRECT] [Fatal Error] :1:1: Premature end of file.
2026-04-12 22:46:14,995 [ERROR] LogOutputStream:75 - [STDERR_REDIRECT] 
2026-04-12 22:46:16,002 [ERROR] LogOutputStream:75 - [STDERR_REDIRECT] [Fatal Error] :1:1: Premature end of file.
2026-04-12 22:46:16,003 [ERROR] LogOutputStream:75 - [STDERR_REDIRECT] 
2026-04-12 22:46:17,000 [ERROR] LogOutputStream:75 - [STDERR_REDIRECT] [Fatal Error] :1:1: Premature end of file.
2026-04-12 22:46:17,000 [ERROR] LogOutputStream:75 - [STDERR_REDIRECT] 
2026-04-12 22:46:17,993 [ERROR] LogOutputStream:75 - [STDERR_REDIRECT] [Fatal Error] :1:1: Premature end of file.
2026-04-12 22:46:17,993 [ERROR] LogOutputStream:75 - [STDERR_REDIRECT] 
2026-04-12 22:46:18,999 [ERROR] LogOutputStream:75 - [STDERR_REDIRECT] [Fatal Error] :1:1: Premature end of file.
2026-04-12 22:46:18,999 [ERROR] LogOutputStream:75 - [STDERR_REDIRECT] 
2026-04-12 22:46:20,003 [ERROR] LogOutputStream:75 - [STDERR_REDIRECT] [Fatal Error] :1:1: Premature end of file.
2026-04-12 22:46:20,004 [ERROR] LogOutputStream:75 - [STDERR_REDIRECT] 
2026-04-12 22:46:20,998 [ERROR] LogOutputStream:75 - [STDERR_REDIRECT] [Fatal Error] :1:1: Premature end of file.
2026-04-12 22:46:20,998 [ERROR] LogOutputStream:75 - [STDERR_REDIRECT] 
2026-04-12 22:46:21,999 [ERROR] LogOutputStream:75 - [STDERR_REDIRECT] [Fatal Error] :1:1: Premature end of file.
2026-04-12 22:46:21,999 [ERROR] LogOutputStream:75 - [STDERR_REDIRECT] 
2026-04-12 22:46:22,994 [ERROR] LogOutputStream:75 - [STDERR_REDIRECT] [Fatal Error] :1:1: Premature end of file.
2026-04-12 22:46:22,995 [ERROR] LogOutputStream:75 - [STDERR_REDIRECT] 
2026-04-12 22:46:24,005 [ERROR] LogOutputStream:75 - [STDERR_REDIRECT] [Fatal Error] :1:1: Premature end of file.
2026-04-12 22:46:24,005 [ERROR] LogOutputStream:75 - [STDERR_REDIRECT] 
2026-04-12 22:46:24,993 [ERROR] LogOutputStream:75 - [STDERR_REDIRECT] [Fatal Error] :1:1: Premature end of file.
2026-04-12 22:46:24,994 [ERROR] LogOutputStream:75 - [STDERR_REDIRECT] 
2026-04-12 22:46:26,003 [ERROR] LogOutputStream:75 - [STDERR_REDIRECT] [Fatal Error] :1:1: Premature end of file.
2026-04-12 22:46:26,003 [ERROR] LogOutputStream:75 - [STDERR_REDIRECT] 
2026-04-12 22:46:27,001 [ERROR] LogOutputStream:75 - [STDERR_REDIRECT] [Fatal Error] :1:1: Premature end of file.
2026-04-12 22:46:27,002 [ERROR] LogOutputStream:75 - [STDERR_REDIRECT] 
2026-04-12 22:46:27,996 [ERROR] LogOutputStream:75 - [STDERR_REDIRECT] [Fatal Error] :1:1: Premature end of file.
2026-04-12 22:46:27,997 [ERROR] LogOutputStream:75 - [STDERR_REDIRECT] 
2026-04-12 22:46:29,009 [ERROR] LogOutputStream:75 - [STDERR_REDIRECT] [Fatal Error] :1:1: Premature end of file.
2026-04-12 22:46:29,010 [ERROR] LogOutputStream:75 - [STDERR_REDIRECT] 
2026-04-12 22:46:29,991 [ERROR] LogOutputStream:75 - [STDERR_REDIRECT] [Fatal Error] :1:1: Premature end of file.
2026-04-12 22:46:29,991 [ERROR] LogOutputStream:75 - [STDERR_REDIRECT] 
2026-04-12 22:46:31,005 [ERROR] LogOutputStream:75 - [STDERR_REDIRECT] [Fatal Error] :1:1: Premature end of file.
2026-04-12 22:46:31,005 [ERROR] LogOutputStream:75 - [STDERR_REDIRECT] 
2026-04-12 22:46:31,995 [ERROR] LogOutputStream:75 - [STDERR_REDIRECT] [Fatal Error] :1:1: Premature end of file.
2026-04-12 22:46:31,995 [ERROR] LogOutputStream:75 - [STDERR_REDIRECT] 
2026-04-12 22:46:33,001 [ERROR] LogOutputStream:75 - [STDERR_REDIRECT] [Fatal Error] :1:1: Premature end of file.
2026-04-12 22:46:33,001 [ERROR] LogOutputStream:75 - [STDERR_REDIRECT] 
2026-04-12 22:46:33,999 [ERROR] LogOutputStream:75 - [STDERR_REDIRECT] [Fatal Error] :1:1: Premature end of file.
2026-04-12 22:46:33,999 [ERROR] LogOutputStream:75 - [STDERR_REDIRECT] 
2026-04-12 22:46:34,992 [ERROR] LogOutputStream:75 - [STDERR_REDIRECT] [Fatal Error] :1:1: Premature end of file.
2026-04-12 22:46:34,992 [ERROR] LogOutputStream:75 - [STDERR_REDIRECT] 
2026-04-12 22:46:36,001 [ERROR] LogOutputStream:75 - [STDERR_REDIRECT] [Fatal Error] :1:1: Premature end of file.
2026-04-12 22:46:36,001 [ERROR] LogOutputStream:75 - [STDERR_REDIRECT] 
2026-04-12 22:46:36,993 [ERROR] LogOutputStream:75 - [STDERR_REDIRECT] [Fatal Error] :1:1: Premature end of file.
2026-04-12 22:46:36,993 [ERROR] LogOutputStream:75 - [STDERR_REDIRECT] 
2026-04-12 22:46:38,003 [ERROR] LogOutputStream:75 - [STDERR_REDIRECT] [Fatal Error] :1:1: Premature end of file.
2026-04-12 22:46:38,004 [ERROR] LogOutputStream:75 - [STDERR_REDIRECT] 
2026-04-12 22:46:38,999 [ERROR] LogOutputStream:75 - [STDERR_REDIRECT] [Fatal Error] :1:1: Premature end of file.
2026-04-12 22:46:38,999 [ERROR] LogOutputStream:75 - [STDERR_REDIRECT] 
2026-04-12 22:46:39,994 [ERROR] LogOutputStream:75 - [STDERR_REDIRECT] [Fatal Error] :1:1: Premature end of file.
2026-04-12 22:46:39,995 [ERROR] LogOutputStream:75 - [STDERR_REDIRECT] 
2026-04-12 22:46:41,004 [ERROR] LogOutputStream:75 - [STDERR_REDIRECT] [Fatal Error] :1:1: Premature end of file.
2026-04-12 22:46:41,004 [ERROR] LogOutputStream:75 - [STDERR_REDIRECT] 
2026-04-12 22:46:41,998 [ERROR] LogOutputStream:75 - [STDERR_REDIRECT] [Fatal Error] :1:1: Premature end of file.
2026-04-12 22:46:41,999 [ERROR] LogOutputStream:75 - [STDERR_REDIRECT] 
2026-04-12 22:46:43,007 [ERROR] LogOutputStream:75 - [STDERR_REDIRECT] [Fatal Error] :1:1: Premature end of file.
2026-04-12 22:46:43,008 [ERROR] LogOutputStream:75 - [STDERR_REDIRECT] 
2026-04-12 22:46:43,996 [ERROR] LogOutputStream:75 - [STDERR_REDIRECT] [Fatal Error] :1:1: Premature end of file.
2026-04-12 22:46:43,996 [ERROR] LogOutputStream:75 - [STDERR_REDIRECT] 
2026-04-12 22:46:45,003 [ERROR] LogOutputStream:75 - [STDERR_REDIRECT] [Fatal Error] :1:1: Premature end of file.
2026-04-12 22:46:45,004 [ERROR] LogOutputStream:75 - [STDERR_REDIRECT] 
2026-04-12 22:46:45,999 [ERROR] LogOutputStream:75 - [STDERR_REDIRECT] [Fatal Error] :1:1: Premature end of file.
2026-04-12 22:46:46,000 [ERROR] LogOutputStream:75 - [STDERR_REDIRECT] 
2026-04-12 22:46:46,994 [ERROR] LogOutputStream:75 - [STDERR_REDIRECT] [Fatal Error] :1:1: Premature end of file.
2026-04-12 22:46:46,994 [ERROR] LogOutputStream:75 - [STDERR_REDIRECT] 
2026-04-12 22:46:48,060 [ERROR] LogOutputStream:75 - [STDERR_REDIRECT] [Fatal Error] :1:1: Premature end of file.
2026-04-12 22:46:48,061 [ERROR] LogOutputStream:75 - [STDERR_REDIRECT] 
2026-04-12 22:46:48,993 [ERROR] LogOutputStream:75 - [STDERR_REDIRECT] [Fatal Error] :1:1: Premature end of file.
2026-04-12 22:46:48,994 [ERROR] LogOutputStream:75 - [STDERR_REDIRECT] 
2026-04-12 22:46:50,004 [ERROR] LogOutputStream:75 - [STDERR_REDIRECT] [Fatal Error] :1:1: Premature end of file.
2026-04-12 22:46:50,004 [ERROR] LogOutputStream:75 - [STDERR_REDIRECT] 
2026-04-12 22:46:50,997 [ERROR] LogOutputStream:75 - [STDERR_REDIRECT] [Fatal Error] :1:1: Premature end of file.
2026-04-12 22:46:50,998 [ERROR] LogOutputStream:75 - [STDERR_REDIRECT] 
2026-04-12 22:46:51,991 [ERROR] LogOutputStream:75 - [STDERR_REDIRECT] [Fatal Error] :1:1: Premature end of file.
2026-04-12 22:46:51,992 [ERROR] LogOutputStream:75 - [STDERR_REDIRECT] 
2026-04-12 22:46:53,001 [ERROR] LogOutputStream:75 - [STDERR_REDIRECT] [Fatal Error] :1:1: Premature end of file.
2026-04-12 22:46:53,001 [ERROR] LogOutputStream:75 - [STDERR_REDIRECT] 
2026-04-12 22:46:53,997 [ERROR] LogOutputStream:75 - [STDERR_REDIRECT] [Fatal Error] :1:1: Premature end of file.
2026-04-12 22:46:53,997 [ERROR] LogOutputStream:75 - [STDERR_REDIRECT] 
2026-04-12 22:46:54,992 [ERROR] LogOutputStream:75 - [STDERR_REDIRECT] [Fatal Error] :1:1: Premature end of file.
2026-04-12 22:46:54,992 [ERROR] LogOutputStream:75 - [STDERR_REDIRECT] 
2026-04-12 22:46:56,003 [ERROR] LogOutputStream:75 - [STDERR_REDIRECT] [Fatal Error] :1:1: Premature end of file.
2026-04-12 22:46:56,003 [ERROR] LogOutputStream:75 - [STDERR_REDIRECT] 
2026-04-12 22:46:56,997 [ERROR] LogOutputStream:75 - [STDERR_REDIRECT] [Fatal Error] :1:1: Premature end of file.
2026-04-12 22:46:56,997 [ERROR] LogOutputStream:75 - [STDERR_REDIRECT] 
2026-04-12 22:46:58,002 [ERROR] LogOutputStream:75 - [STDERR_REDIRECT] [Fatal Error] :1:1: Premature end of file.
2026-04-12 22:46:58,003 [ERROR] LogOutputStream:75 - [STDERR_REDIRECT] 
2026-04-12 22:46:58,993 [ERROR] LogOutputStream:75 - [STDERR_REDIRECT] [Fatal Error] :1:1: Premature end of file.
2026-04-12 22:46:58,993 [ERROR] LogOutputStream:75 - [STDERR_REDIRECT] 
2026-04-12 22:47:00,005 [ERROR] LogOutputStream:75 - [STDERR_REDIRECT] [Fatal Error] :1:1: Premature end of file.
2026-04-12 22:47:00,006 [ERROR] LogOutputStream:75 - [STDERR_REDIRECT] 
2026-04-12 22:47:01,011 [ERROR] LogOutputStream:75 - [STDERR_REDIRECT] [Fatal Error] :1:1: Premature end of file.
2026-04-12 22:47:01,012 [ERROR] LogOutputStream:75 - [STDERR_REDIRECT] 
2026-04-12 22:47:01,995 [ERROR] LogOutputStream:75 - [STDERR_REDIRECT] [Fatal Error] :1:1: Premature end of file.
2026-04-12 22:47:01,995 [ERROR] LogOutputStream:75 - [STDERR_REDIRECT] 
2026-04-12 22:47:03,004 [ERROR] LogOutputStream:75 - [STDERR_REDIRECT] [Fatal Error] :1:1: Premature end of file.
2026-04-12 22:47:03,005 [ERROR] LogOutputStream:75 - [STDERR_REDIRECT] 
2026-04-12 22:47:04,000 [ERROR] LogOutputStream:75 - [STDERR_REDIRECT] [Fatal Error] :1:1: Premature end of file.
2026-04-12 22:47:04,000 [ERROR] LogOutputStream:75 - [STDERR_REDIRECT] 
2026-04-12 22:47:04,992 [ERROR] LogOutputStream:75 - [STDERR_REDIRECT] [Fatal Error] :1:1: Premature end of file.
2026-04-12 22:47:04,992 [ERROR] LogOutputStream:75 - [STDERR_REDIRECT] 
2026-04-12 22:47:06,005 [ERROR] LogOutputStream:75 - [STDERR_REDIRECT] [Fatal Error] :1:1: Premature end of file.
2026-04-12 22:47:06,457 [ERROR] LogOutputStream:75 - [STDERR_REDIRECT] 
2026-04-12 22:47:06,998 [ERROR] LogOutputStream:75 - [STDERR_REDIRECT] [Fatal Error] :1:1: Premature end of file.
2026-04-12 22:47:06,998 [ERROR] LogOutputStream:75 - [STDERR_REDIRECT] 
2026-04-12 22:47:07,994 [ERROR] LogOutputStream:75 - [STDERR_REDIRECT] [Fatal Error] :1:1: Premature end of file.
2026-04-12 22:47:07,994 [ERROR] LogOutputStream:75 - [STDERR_REDIRECT] 
2026-04-12 22:47:09,001 [ERROR] LogOutputStream:75 - [STDERR_REDIRECT] [Fatal Error] :1:1: Premature end of file.
2026-04-12 22:47:09,002 [ERROR] LogOutputStream:75 - [STDERR_REDIRECT] 
2026-04-12 22:47:09,998 [ERROR] LogOutputStream:75 - [STDERR_REDIRECT] [Fatal Error] :1:1: Premature end of file.
2026-04-12 22:47:09,998 [ERROR] LogOutputStream:75 - [STDERR_REDIRECT] 
2026-04-12 22:47:10,992 [ERROR] LogOutputStream:75 - [STDERR_REDIRECT] [Fatal Error] :1:1: Premature end of file.
2026-04-12 22:47:10,992 [ERROR] LogOutputStream:75 - [STDERR_REDIRECT] 
2026-04-12 22:47:11,993 [ERROR] LogOutputStream:75 - [STDERR_REDIRECT] [Fatal Error] :1:1: Premature end of file.
2026-04-12 22:47:11,994 [ERROR] LogOutputStream:75 - [STDERR_REDIRECT] 
2026-04-12 22:47:13,001 [ERROR] LogOutputStream:75 - [STDERR_REDIRECT] [Fatal Error] :1:1: Premature end of file.
2026-04-12 22:47:13,001 [ERROR] LogOutputStream:75 - [STDERR_REDIRECT] 
2026-04-12 22:47:14,002 [ERROR] LogOutputStream:75 - [STDERR_REDIRECT] [Fatal Error] :1:1: Premature end of file.
2026-04-12 22:47:14,002 [ERROR] LogOutputStream:75 - [STDERR_REDIRECT] 
2026-04-12 22:47:14,993 [ERROR] LogOutputStream:75 - [STDERR_REDIRECT] [Fatal Error] :1:1: Premature end of file.
2026-04-12 22:47:14,993 [ERROR] LogOutputStream:75 - [STDERR_REDIRECT] 
2026-04-12 22:47:16,004 [ERROR] LogOutputStream:75 - [STDERR_REDIRECT] [Fatal Error] :1:1: Premature end of file.
2026-04-12 22:47:16,006 [ERROR] LogOutputStream:75 - [STDERR_REDIRECT] 
2026-04-12 22:47:16,998 [ERROR] LogOutputStream:75 - [STDERR_REDIRECT] [Fatal Error] :1:1: Premature end of file.
2026-04-12 22:47:16,998 [ERROR] LogOutputStream:75 - [STDERR_REDIRECT] 
2026-04-12 22:47:18,001 [ERROR] LogOutputStream:75 - [STDERR_REDIRECT] [Fatal Error] :1:1: Premature end of file.
2026-04-12 22:47:18,001 [ERROR] LogOutputStream:75 - [STDERR_REDIRECT] 
2026-04-12 22:47:19,013 [ERROR] LogOutputStream:75 - [STDERR_REDIRECT] [Fatal Error] :1:1: Premature end of file.
2026-04-12 22:47:19,014 [ERROR] LogOutputStream:75 - [STDERR_REDIRECT] 
2026-04-12 22:47:19,999 [ERROR] LogOutputStream:75 - [STDERR_REDIRECT] [Fatal Error] :1:1: Premature end of file.
2026-04-12 22:47:19,999 [ERROR] LogOutputStream:75 - [STDERR_REDIRECT] 
2026-04-12 22:47:20,994 [ERROR] LogOutputStream:75 - [STDERR_REDIRECT] [Fatal Error] :1:1: Premature end of file.
2026-04-12 22:47:20,994 [ERROR] LogOutputStream:75 - [STDERR_REDIRECT] 
2026-04-12 22:47:22,006 [ERROR] LogOutputStream:75 - [STDERR_REDIRECT] [Fatal Error] :1:1: Premature end of file.
2026-04-12 22:47:22,006 [ERROR] LogOutputStream:75 - [STDERR_REDIRECT] 
2026-04-12 22:47:22,995 [ERROR] LogOutputStream:75 - [STDERR_REDIRECT] [Fatal Error] :1:1: Premature end of file.
2026-04-12 22:47:22,995 [ERROR] LogOutputStream:75 - [STDERR_REDIRECT] 
2026-04-12 22:47:23,992 [ERROR] LogOutputStream:75 - [STDERR_REDIRECT] [Fatal Error] :1:1: Premature end of file.
2026-04-12 22:47:23,993 [ERROR] LogOutputStream:75 - [STDERR_REDIRECT] 
2026-04-12 22:47:25,002 [ERROR] LogOutputStream:75 - [STDERR_REDIRECT] [Fatal Error] :1:1: Premature end of file.
2026-04-12 22:47:25,002 [ERROR] LogOutputStream:75 - [STDERR_REDIRECT] 
2026-04-12 22:47:25,994 [ERROR] LogOutputStream:75 - [STDERR_REDIRECT] [Fatal Error] :1:1: Premature end of file.
2026-04-12 22:47:25,994 [ERROR] LogOutputStream:75 - [STDERR_REDIRECT] 
2026-04-12 22:47:27,159 [ERROR] LogOutputStream:75 - [STDERR_REDIRECT] [Fatal Error] :1:1: Premature end of file.
2026-04-12 22:47:27,159 [ERROR] LogOutputStream:75 - [STDERR_REDIRECT] 
2026-04-12 22:47:28,013 [ERROR] LogOutputStream:75 - [STDERR_REDIRECT] [Fatal Error] :1:1: Premature end of file.
2026-04-12 22:47:28,014 [ERROR] LogOutputStream:75 - [STDERR_REDIRECT] 
2026-04-12 22:47:29,023 [ERROR] LogOutputStream:75 - [STDERR_REDIRECT] [Fatal Error] :1:1: Premature end of file.
2026-04-12 22:47:29,023 [ERROR] LogOutputStream:75 - [STDERR_REDIRECT] 
2026-04-12 22:47:30,022 [ERROR] LogOutputStream:75 - [STDERR_REDIRECT] [Fatal Error] :1:1: Premature end of file.
2026-04-12 22:47:30,022 [ERROR] LogOutputStream:75 - [STDERR_REDIRECT] 
2026-04-12 22:47:31,010 [ERROR] LogOutputStream:75 - [STDERR_REDIRECT] [Fatal Error] :1:1: Premature end of file.
2026-04-12 22:47:31,011 [ERROR] LogOutputStream:75 - [STDERR_REDIRECT] 
2026-04-12 22:47:32,003 [ERROR] LogOutputStream:75 - [STDERR_REDIRECT] [Fatal Error] :1:1: Premature end of file.
2026-04-12 22:47:32,003 [ERROR] LogOutputStream:75 - [STDERR_REDIRECT] 
2026-04-12 22:47:33,005 [ERROR] LogOutputStream:75 - [STDERR_REDIRECT] [Fatal Error] :1:1: Premature end of file.
2026-04-12 22:47:33,005 [ERROR] LogOutputStream:75 - [STDERR_REDIRECT] 
2026-04-12 22:47:34,010 [ERROR] LogOutputStream:75 - [STDERR_REDIRECT] [Fatal Error] :1:1: Premature end of file.
2026-04-12 22:47:34,011 [ERROR] LogOutputStream:75 - [STDERR_REDIRECT] 
2026-04-12 22:47:35,015 [ERROR] LogOutputStream:75 - [STDERR_REDIRECT] [Fatal Error] :1:1: Premature end of file.
2026-04-12 22:47:35,015 [ERROR] LogOutputStream:75 - [STDERR_REDIRECT] 
2026-04-12 22:47:36,008 [ERROR] LogOutputStream:75 - [STDERR_REDIRECT] [Fatal Error] :1:1: Premature end of file.
2026-04-12 22:47:36,008 [ERROR] LogOutputStream:75 - [STDERR_REDIRECT] 
2026-04-12 22:47:37,000 [ERROR] LogOutputStream:75 - [STDERR_REDIRECT] [Fatal Error] :1:1: Premature end of file.
2026-04-12 22:47:37,000 [ERROR] LogOutputStream:75 - [STDERR_REDIRECT] 
2026-04-12 22:47:38,017 [ERROR] LogOutputStream:75 - [STDERR_REDIRECT] [Fatal Error] :1:1: Premature end of file.
2026-04-12 22:47:38,018 [ERROR] LogOutputStream:75 - [STDERR_REDIRECT] 
2026-04-12 22:47:39,009 [ERROR] LogOutputStream:75 - [STDERR_REDIRECT] [Fatal Error] :1:1: Premature end of file.
2026-04-12 22:47:39,010 [ERROR] LogOutputStream:75 - [STDERR_REDIRECT] 
2026-04-12 22:47:40,003 [ERROR] LogOutputStream:75 - [STDERR_REDIRECT] [Fatal Error] :1:1: Premature end of file.
2026-04-12 22:47:40,003 [ERROR] LogOutputStream:75 - [STDERR_REDIRECT] 
2026-04-12 22:47:41,014 [ERROR] LogOutputStream:75 - [STDERR_REDIRECT] [Fatal Error] :1:1: Premature end of file.
2026-04-12 22:47:41,015 [ERROR] LogOutputStream:75 - [STDERR_REDIRECT] 
2026-04-12 22:47:42,026 [ERROR] LogOutputStream:75 - [STDERR_REDIRECT] [Fatal Error] :1:1: Premature end of file.
2026-04-12 22:47:42,027 [ERROR] LogOutputStream:75 - [STDERR_REDIRECT] 
2026-04-12 22:47:43,000 [ERROR] LogOutputStream:75 - [STDERR_REDIRECT] [Fatal Error] :1:1: Premature end of file.
2026-04-12 22:47:43,001 [ERROR] LogOutputStream:75 - [STDERR_REDIRECT] 
2026-04-12 22:47:44,004 [ERROR] LogOutputStream:75 - [STDERR_REDIRECT] [Fatal Error] :1:1: Premature end of file.
2026-04-12 22:47:44,005 [ERROR] LogOutputStream:75 - [STDERR_REDIRECT] 
2026-04-12 22:47:44,998 [ERROR] LogOutputStream:75 - [STDERR_REDIRECT] [Fatal Error] :1:1: Premature end of file.
2026-04-12 22:47:44,998 [ERROR] LogOutputStream:75 - [STDERR_REDIRECT] 
2026-04-12 22:47:46,015 [ERROR] LogOutputStream:75 - [STDERR_REDIRECT] [Fatal Error] :1:1: Premature end of file.
2026-04-12 22:47:46,015 [ERROR] LogOutputStream:75 - [STDERR_REDIRECT] 
2026-04-12 22:47:47,027 [ERROR] LogOutputStream:75 - [STDERR_REDIRECT] [Fatal Error] :1:1: Premature end of file.
2026-04-12 22:47:47,027 [ERROR] LogOutputStream:75 - [STDERR_REDIRECT] 
2026-04-12 22:47:48,022 [ERROR] LogOutputStream:75 - [STDERR_REDIRECT] [Fatal Error] :1:1: Premature end of file.
2026-04-12 22:47:48,023 [ERROR] LogOutputStream:75 - [STDERR_REDIRECT] 
2026-04-12 22:47:49,003 [ERROR] LogOutputStream:75 - [STDERR_REDIRECT] [Fatal Error] :1:1: Premature end of file.
2026-04-12 22:47:49,003 [ERROR] LogOutputStream:75 - [STDERR_REDIRECT] 
2026-04-12 22:47:50,016 [ERROR] LogOutputStream:75 - [STDERR_REDIRECT] [Fatal Error] :1:1: Premature end of file.
2026-04-12 22:47:50,016 [ERROR] LogOutputStream:75 - [STDERR_REDIRECT] 
2026-04-12 22:47:50,996 [ERROR] LogOutputStream:75 - [STDERR_REDIRECT] [Fatal Error] :1:1: Premature end of file.
2026-04-12 22:47:50,996 [ERROR] LogOutputStream:75 - [STDERR_REDIRECT] 
2026-04-12 22:47:52,020 [ERROR] LogOutputStream:75 - [STDERR_REDIRECT] [Fatal Error] :1:1: Premature end of file.
2026-04-12 22:47:52,021 [ERROR] LogOutputStream:75 - [STDERR_REDIRECT] 
2026-04-12 22:47:52,988 [ERROR] LogOutputStream:75 - [STDERR_REDIRECT] [Fatal Error] :1:1: Premature end of file.
2026-04-12 22:47:52,988 [ERROR] LogOutputStream:75 - [STDERR_REDIRECT] 
2026-04-12 22:47:53,992 [ERROR] LogOutputStream:75 - [STDERR_REDIRECT] [Fatal Error] :1:1: Premature end of file.
2026-04-12 22:47:53,992 [ERROR] LogOutputStream:75 - [STDERR_REDIRECT] 
2026-04-12 22:47:54,991 [ERROR] LogOutputStream:75 - [STDERR_REDIRECT] [Fatal Error] :1:1: Premature end of file.
2026-04-12 22:47:54,992 [ERROR] LogOutputStream:75 - [STDERR_REDIRECT] 
2026-04-12 22:47:55,993 [ERROR] LogOutputStream:75 - [STDERR_REDIRECT] [Fatal Error] :1:1: Premature end of file.
2026-04-12 22:47:55,993 [ERROR] LogOutputStream:75 - [STDERR_REDIRECT] 
2026-04-12 22:47:56,992 [ERROR] LogOutputStream:75 - [STDERR_REDIRECT] [Fatal Error] :1:1: Premature end of file.
2026-04-12 22:47:56,993 [ERROR] LogOutputStream:75 - [STDERR_REDIRECT] 
2026-04-12 22:47:57,992 [ERROR] LogOutputStream:75 - [STDERR_REDIRECT] [Fatal Error] :1:1: Premature end of file.
2026-04-12 22:47:57,993 [ERROR] LogOutputStream:75 - [STDERR_REDIRECT] 
2026-04-12 22:47:58,994 [ERROR] LogOutputStream:75 - [STDERR_REDIRECT] [Fatal Error] :1:1: Premature end of file.
2026-04-12 22:47:58,994 [ERROR] LogOutputStream:75 - [STDERR_REDIRECT] 
2026-04-12 22:47:59,991 [ERROR] LogOutputStream:75 - [STDERR_REDIRECT] [Fatal Error] :1:1: Premature end of file.
2026-04-12 22:47:59,992 [ERROR] LogOutputStream:75 - [STDERR_REDIRECT] 
2026-04-12 22:48:00,997 [ERROR] LogOutputStream:75 - [STDERR_REDIRECT] [Fatal Error] :1:1: Premature end of file.
2026-04-12 22:48:00,997 [ERROR] LogOutputStream:75 - [STDERR_REDIRECT] 
2026-04-12 22:48:01,990 [ERROR] LogOutputStream:75 - [STDERR_REDIRECT] [Fatal Error] :1:1: Premature end of file.
2026-04-12 22:48:01,990 [ERROR] LogOutputStream:75 - [STDERR_REDIRECT] 
2026-04-12 22:48:03,424 [ERROR] LogOutputStream:75 - [STDERR_REDIRECT] [Fatal Error] :1:1: Premature end of file.
2026-04-12 22:48:03,425 [ERROR] LogOutputStream:75 - [STDERR_REDIRECT] 
2026-04-12 22:48:03,989 [ERROR] LogOutputStream:75 - [STDERR_REDIRECT] [Fatal Error] :1:1: Premature end of file.
2026-04-12 22:48:03,989 [ERROR] LogOutputStream:75 - [STDERR_REDIRECT] 
2026-04-12 22:48:04,989 [ERROR] LogOutputStream:75 - [STDERR_REDIRECT] [Fatal Error] :1:1: Premature end of file.
2026-04-12 22:48:04,989 [ERROR] LogOutputStream:75 - [STDERR_REDIRECT] 
2026-04-12 22:48:05,988 [ERROR] LogOutputStream:75 - [STDERR_REDIRECT] [Fatal Error] :1:1: Premature end of file.
2026-04-12 22:48:05,989 [ERROR] LogOutputStream:75 - [STDERR_REDIRECT] 
2026-04-12 22:48:06,989 [ERROR] LogOutputStream:75 - [STDERR_REDIRECT] [Fatal Error] :1:1: Premature end of file.
2026-04-12 22:48:06,989 [ERROR] LogOutputStream:75 - [STDERR_REDIRECT] 
2026-04-12 22:48:07,991 [ERROR] LogOutputStream:75 - [STDERR_REDIRECT] [Fatal Error] :1:1: Premature end of file.
2026-04-12 22:48:07,991 [ERROR] LogOutputStream:75 - [STDERR_REDIRECT] 
2026-04-12 22:48:08,989 [ERROR] LogOutputStream:75 - [STDERR_REDIRECT] [Fatal Error] :1:1: Premature end of file.
2026-04-12 22:48:08,989 [ERROR] LogOutputStream:75 - [STDERR_REDIRECT] 
2026-04-12 22:48:09,988 [ERROR] LogOutputStream:75 - [STDERR_REDIRECT] [Fatal Error] :1:1: Premature end of file.
2026-04-12 22:48:09,988 [ERROR] LogOutputStream:75 - [STDERR_REDIRECT] 
2026-04-12 22:48:10,999 [ERROR] LogOutputStream:75 - [STDERR_REDIRECT] [Fatal Error] :1:1: Premature end of file.
2026-04-12 22:48:11,000 [ERROR] LogOutputStream:75 - [STDERR_REDIRECT] 
2026-04-12 22:48:11,989 [ERROR] LogOutputStream:75 - [STDERR_REDIRECT] [Fatal Error] :1:1: Premature end of file.
2026-04-12 22:48:11,989 [ERROR] LogOutputStream:75 - [STDERR_REDIRECT] 
2026-04-12 22:48:12,988 [ERROR] LogOutputStream:75 - [STDERR_REDIRECT] [Fatal Error] :1:1: Premature end of file.
2026-04-12 22:48:12,989 [ERROR] LogOutputStream:75 - [STDERR_REDIRECT] 
2026-04-12 22:48:13,993 [ERROR] LogOutputStream:75 - [STDERR_REDIRECT] [Fatal Error] :1:1: Premature end of file.
2026-04-12 22:48:13,993 [ERROR] LogOutputStream:75 - [STDERR_REDIRECT] 
2026-04-12 22:48:14,992 [ERROR] LogOutputStream:75 - [STDERR_REDIRECT] [Fatal Error] :1:1: Premature end of file.
2026-04-12 22:48:14,993 [ERROR] LogOutputStream:75 - [STDERR_REDIRECT] 
2026-04-12 22:48:15,992 [ERROR] LogOutputStream:75 - [STDERR_REDIRECT] [Fatal Error] :1:1: Premature end of file.
2026-04-12 22:48:15,992 [ERROR] LogOutputStream:75 - [STDERR_REDIRECT] 
2026-04-12 22:48:16,990 [ERROR] LogOutputStream:75 - [STDERR_REDIRECT] [Fatal Error] :1:1: Premature end of file.
2026-04-12 22:48:16,991 [ERROR] LogOutputStream:75 - [STDERR_REDIRECT] 
2026-04-12 22:48:17,990 [ERROR] LogOutputStream:75 - [STDERR_REDIRECT] [Fatal Error] :1:1: Premature end of file.
2026-04-12 22:48:17,990 [ERROR] LogOutputStream:75 - [STDERR_REDIRECT] 
2026-04-12 22:48:18,991 [ERROR] LogOutputStream:75 - [STDERR_REDIRECT] [Fatal Error] :1:1: Premature end of file.
2026-04-12 22:48:18,991 [ERROR] LogOutputStream:75 - [STDERR_REDIRECT] 
2026-04-12 22:48:19,990 [ERROR] LogOutputStream:75 - [STDERR_REDIRECT] [Fatal Error] :1:1: Premature end of file.
2026-04-12 22:48:19,990 [ERROR] LogOutputStream:75 - [STDERR_REDIRECT] 
2026-04-12 22:48:20,990 [ERROR] LogOutputStream:75 - [STDERR_REDIRECT] [Fatal Error] :1:1: Premature end of file.
2026-04-12 22:48:20,990 [ERROR] LogOutputStream:75 - [STDERR_REDIRECT] 
2026-04-12 22:48:21,993 [ERROR] LogOutputStream:75 - [STDERR_REDIRECT] [Fatal Error] :1:1: Premature end of file.
2026-04-12 22:48:21,994 [ERROR] LogOutputStream:75 - [STDERR_REDIRECT] 
2026-04-12 22:48:22,991 [ERROR] LogOutputStream:75 - [STDERR_REDIRECT] [Fatal Error] :1:1: Premature end of file.
2026-04-12 22:48:22,991 [ERROR] LogOutputStream:75 - [STDERR_REDIRECT] 
2026-04-12 22:48:23,990 [ERROR] LogOutputStream:75 - [STDERR_REDIRECT] [Fatal Error] :1:1: Premature end of file.
2026-04-12 22:48:23,990 [ERROR] LogOutputStream:75 - [STDERR_REDIRECT] 
2026-04-12 22:48:24,992 [ERROR] LogOutputStream:75 - [STDERR_REDIRECT] [Fatal Error] :1:1: Premature end of file.
2026-04-12 22:48:24,992 [ERROR] LogOutputStream:75 - [STDERR_REDIRECT] 
2026-04-12 22:48:25,990 [ERROR] LogOutputStream:75 - [STDERR_REDIRECT] [Fatal Error] :1:1: Premature end of file.
2026-04-12 22:48:25,990 [ERROR] LogOutputStream:75 - [STDERR_REDIRECT] 
2026-04-12 22:48:27,952 [ERROR] LogOutputStream:75 - [STDERR_REDIRECT] [Fatal Error] :1:1: Premature end of file.
2026-04-12 22:48:27,953 [ERROR] LogOutputStream:75 - [STDERR_REDIRECT] 
2026-04-12 22:48:28,068 [ERROR] LogOutputStream:75 - [STDERR_REDIRECT] [Fatal Error] :1:1: Premature end of file.
2026-04-12 22:48:28,068 [ERROR] LogOutputStream:75 - [STDERR_REDIRECT] 
2026-04-12 22:48:28,993 [ERROR] LogOutputStream:75 - [STDERR_REDIRECT] [Fatal Error] :1:1: Premature end of file.
2026-04-12 22:48:28,993 [ERROR] LogOutputStream:75 - [STDERR_REDIRECT] 
2026-04-12 22:48:29,989 [ERROR] LogOutputStream:75 - [STDERR_REDIRECT] [Fatal Error] :1:1: Premature end of file.
2026-04-12 22:48:29,989 [ERROR] LogOutputStream:75 - [STDERR_REDIRECT] 
2026-04-12 22:48:30,990 [ERROR] LogOutputStream:75 - [STDERR_REDIRECT] [Fatal Error] :1:1: Premature end of file.
2026-04-12 22:48:30,991 [ERROR] LogOutputStream:75 - [STDERR_REDIRECT] 
2026-04-12 22:48:31,991 [ERROR] LogOutputStream:75 - [STDERR_REDIRECT] [Fatal Error] :1:1: Premature end of file.
2026-04-12 22:48:31,992 [ERROR] LogOutputStream:75 - [STDERR_REDIRECT] 
2026-04-12 22:48:33,041 [ERROR] LogOutputStream:75 - [STDERR_REDIRECT] [Fatal Error] :1:1: Premature end of file.
2026-04-12 22:48:33,042 [ERROR] LogOutputStream:75 - [STDERR_REDIRECT] 
2026-04-12 22:48:34,010 [ERROR] LogOutputStream:75 - [STDERR_REDIRECT] [Fatal Error] :1:1: Premature end of file.
2026-04-12 22:48:34,010 [ERROR] LogOutputStream:75 - [STDERR_REDIRECT] 
2026-04-12 22:48:35,011 [ERROR] LogOutputStream:75 - [STDERR_REDIRECT] [Fatal Error] :1:1: Premature end of file.
2026-04-12 22:48:35,011 [ERROR] LogOutputStream:75 - [STDERR_REDIRECT] 
2026-04-12 22:48:36,020 [ERROR] LogOutputStream:75 - [STDERR_REDIRECT] [Fatal Error] :1:1: Premature end of file.
2026-04-12 22:48:36,020 [ERROR] LogOutputStream:75 - [STDERR_REDIRECT] 
2026-04-12 22:48:37,008 [ERROR] LogOutputStream:75 - [STDERR_REDIRECT] [Fatal Error] :1:1: Premature end of file.
2026-04-12 22:48:37,008 [ERROR] LogOutputStream:75 - [STDERR_REDIRECT] 
2026-04-12 22:48:38,012 [ERROR] LogOutputStream:75 - [STDERR_REDIRECT] [Fatal Error] :1:1: Premature end of file.
2026-04-12 22:48:38,012 [ERROR] LogOutputStream:75 - [STDERR_REDIRECT] 
2026-04-12 22:48:39,003 [ERROR] LogOutputStream:75 - [STDERR_REDIRECT] [Fatal Error] :1:1: Premature end of file.
2026-04-12 22:48:39,003 [ERROR] LogOutputStream:75 - [STDERR_REDIRECT] 
2026-04-12 22:48:40,012 [ERROR] LogOutputStream:75 - [STDERR_REDIRECT] [Fatal Error] :1:1: Premature end of file.
2026-04-12 22:48:40,012 [ERROR] LogOutputStream:75 - [STDERR_REDIRECT] 
2026-04-12 22:48:41,011 [ERROR] LogOutputStream:75 - [STDERR_REDIRECT] [Fatal Error] :1:1: Premature end of file.
2026-04-12 22:48:41,011 [ERROR] LogOutputStream:75 - [STDERR_REDIRECT] 
2026-04-12 22:48:42,014 [ERROR] LogOutputStream:75 - [STDERR_REDIRECT] [Fatal Error] :1:1: Premature end of file.
2026-04-12 22:48:42,015 [ERROR] LogOutputStream:75 - [STDERR_REDIRECT] 
2026-04-12 22:48:43,021 [ERROR] LogOutputStream:75 - [STDERR_REDIRECT] [Fatal Error] :1:1: Premature end of file.
2026-04-12 22:48:43,021 [ERROR] LogOutputStream:75 - [STDERR_REDIRECT] 
2026-04-12 22:48:44,014 [ERROR] LogOutputStream:75 - [STDERR_REDIRECT] [Fatal Error] :1:1: Premature end of file.
2026-04-12 22:48:44,015 [ERROR] LogOutputStream:75 - [STDERR_REDIRECT] 
2026-04-12 22:48:45,024 [ERROR] LogOutputStream:75 - [STDERR_REDIRECT] [Fatal Error] :1:1: Premature end of file.
2026-04-12 22:48:45,025 [ERROR] LogOutputStream:75 - [STDERR_REDIRECT] 
2026-04-12 22:48:46,142 [ERROR] LogOutputStream:75 - [STDERR_REDIRECT] [Fatal Error] :1:1: Premature end of file.
2026-04-12 22:48:46,142 [ERROR] LogOutputStream:75 - [STDERR_REDIRECT] 
2026-04-12 22:48:47,002 [ERROR] LogOutputStream:75 - [STDERR_REDIRECT] [Fatal Error] :1:1: Premature end of file.
2026-04-12 22:48:47,002 [ERROR] LogOutputStream:75 - [STDERR_REDIRECT] 
2026-04-12 22:48:47,999 [ERROR] LogOutputStream:75 - [STDERR_REDIRECT] [Fatal Error] :1:1: Premature end of file.
2026-04-12 22:48:47,999 [ERROR] LogOutputStream:75 - [STDERR_REDIRECT] 
2026-04-12 22:48:49,043 [ERROR] LogOutputStream:75 - [STDERR_REDIRECT] [Fatal Error] :1:1: Premature end of file.
2026-04-12 22:48:49,043 [ERROR] LogOutputStream:75 - [STDERR_REDIRECT] 
2026-04-12 22:48:50,018 [ERROR] LogOutputStream:75 - [STDERR_REDIRECT] [Fatal Error] :1:1: Premature end of file.
2026-04-12 22:48:50,018 [ERROR] LogOutputStream:75 - [STDERR_REDIRECT] 
2026-04-12 22:48:51,002 [ERROR] LogOutputStream:75 - [STDERR_REDIRECT] [Fatal Error] :1:1: Premature end of file.
2026-04-12 22:48:51,003 [ERROR] LogOutputStream:75 - [STDERR_REDIRECT] 
2026-04-12 22:48:51,999 [ERROR] LogOutputStream:75 - [STDERR_REDIRECT] [Fatal Error] :1:1: Premature end of file.
2026-04-12 22:48:52,000 [ERROR] LogOutputStream:75 - [STDERR_REDIRECT] 
2026-04-12 22:48:53,411 [ERROR] LogOutputStream:75 - [STDERR_REDIRECT] [Fatal Error] :1:1: Premature end of file.
2026-04-12 22:48:53,412 [ERROR] LogOutputStream:75 - [STDERR_REDIRECT] 
2026-04-12 22:48:54,014 [ERROR] LogOutputStream:75 - [STDERR_REDIRECT] [Fatal Error] :1:1: Premature end of file.
2026-04-12 22:48:54,015 [ERROR] LogOutputStream:75 - [STDERR_REDIRECT] 
2026-04-12 22:48:55,001 [ERROR] LogOutputStream:75 - [STDERR_REDIRECT] [Fatal Error] :1:1: Premature end of file.
2026-04-12 22:48:55,001 [ERROR] LogOutputStream:75 - [STDERR_REDIRECT] 
2026-04-12 22:48:56,088 [ERROR] LogOutputStream:75 - [STDERR_REDIRECT] [Fatal Error] :1:1: Premature end of file.
2026-04-12 22:48:56,088 [ERROR] LogOutputStream:75 - [STDERR_REDIRECT] 
2026-04-12 22:48:57,017 [ERROR] LogOutputStream:75 - [STDERR_REDIRECT] [Fatal Error] :1:1: Premature end of file.
2026-04-12 22:48:57,019 [ERROR] LogOutputStream:75 - [STDERR_REDIRECT] 
2026-04-12 22:48:58,028 [ERROR] LogOutputStream:75 - [STDERR_REDIRECT] [Fatal Error] :1:1: Premature end of file.
2026-04-12 22:48:58,028 [ERROR] LogOutputStream:75 - [STDERR_REDIRECT] 
2026-04-12 22:48:59,002 [ERROR] LogOutputStream:75 - [STDERR_REDIRECT] [Fatal Error] :1:1: Premature end of file.
2026-04-12 22:48:59,003 [ERROR] LogOutputStream:75 - [STDERR_REDIRECT] 
2026-04-12 22:49:00,018 [ERROR] LogOutputStream:75 - [STDERR_REDIRECT] [Fatal Error] :1:1: Premature end of file.
2026-04-12 22:49:00,019 [ERROR] LogOutputStream:75 - [STDERR_REDIRECT] 
2026-04-12 22:49:01,024 [ERROR] LogOutputStream:75 - [STDERR_REDIRECT] [Fatal Error] :1:1: Premature end of file.
2026-04-12 22:49:01,025 [ERROR] LogOutputStream:75 - [STDERR_REDIRECT] 
2026-04-12 22:49:02,006 [ERROR] LogOutputStream:75 - [STDERR_REDIRECT] [Fatal Error] :1:1: Premature end of file.
2026-04-12 22:49:02,006 [ERROR] LogOutputStream:75 - [STDERR_REDIRECT] 
2026-04-12 22:49:03,009 [ERROR] LogOutputStream:75 - [STDERR_REDIRECT] [Fatal Error] :1:1: Premature end of file.
2026-04-12 22:49:03,009 [ERROR] LogOutputStream:75 - [STDERR_REDIRECT] 
2026-04-12 22:49:04,008 [ERROR] LogOutputStream:75 - [STDERR_REDIRECT] [Fatal Error] :1:1: Premature end of file.
2026-04-12 22:49:04,008 [ERROR] LogOutputStream:75 - [STDERR_REDIRECT] 
2026-04-12 22:49:05,009 [ERROR] LogOutputStream:75 - [STDERR_REDIRECT] [Fatal Error] :1:1: Premature end of file.
2026-04-12 22:49:05,011 [ERROR] LogOutputStream:75 - [STDERR_REDIRECT] 
2026-04-12 22:49:06,016 [ERROR] LogOutputStream:75 - [STDERR_REDIRECT] [Fatal Error] :1:1: Premature end of file.
2026-04-12 22:49:06,017 [ERROR] LogOutputStream:75 - [STDERR_REDIRECT] 
2026-04-12 22:49:07,021 [ERROR] LogOutputStream:75 - [STDERR_REDIRECT] [Fatal Error] :1:1: Premature end of file.
2026-04-12 22:49:07,021 [ERROR] LogOutputStream:75 - [STDERR_REDIRECT] 
2026-04-12 22:49:08,003 [ERROR] LogOutputStream:75 - [STDERR_REDIRECT] [Fatal Error] :1:1: Premature end of file.
2026-04-12 22:49:08,003 [ERROR] LogOutputStream:75 - [STDERR_REDIRECT] 
2026-04-12 22:49:09,013 [ERROR] LogOutputStream:75 - [STDERR_REDIRECT] [Fatal Error] :1:1: Premature end of file.
2026-04-12 22:49:09,013 [ERROR] LogOutputStream:75 - [STDERR_REDIRECT] 
2026-04-12 22:49:09,992 [ERROR] LogOutputStream:75 - [STDERR_REDIRECT] [Fatal Error] :1:1: Premature end of file.
2026-04-12 22:49:09,992 [ERROR] LogOutputStream:75 - [STDERR_REDIRECT] 
2026-04-12 22:49:10,992 [ERROR] LogOutputStream:75 - [STDERR_REDIRECT] [Fatal Error] :1:1: Premature end of file.
2026-04-12 22:49:10,992 [ERROR] LogOutputStream:75 - [STDERR_REDIRECT] 
2026-04-12 22:49:11,991 [ERROR] LogOutputStream:75 - [STDERR_REDIRECT] [Fatal Error] :1:1: Premature end of file.
2026-04-12 22:49:11,991 [ERROR] LogOutputStream:75 - [STDERR_REDIRECT] 
2026-04-12 22:49:12,993 [ERROR] LogOutputStream:75 - [STDERR_REDIRECT] [Fatal Error] :1:1: Premature end of file.
2026-04-12 22:49:12,993 [ERROR] LogOutputStream:75 - [STDERR_REDIRECT] 
2026-04-12 22:49:13,991 [ERROR] LogOutputStream:75 - [STDERR_REDIRECT] [Fatal Error] :1:1: Premature end of file.
2026-04-12 22:49:13,992 [ERROR] LogOutputStream:75 - [STDERR_REDIRECT] 
2026-04-12 22:49:14,991 [ERROR] LogOutputStream:75 - [STDERR_REDIRECT] [Fatal Error] :1:1: Premature end of file.
2026-04-12 22:49:14,991 [ERROR] LogOutputStream:75 - [STDERR_REDIRECT] 
2026-04-12 22:49:15,993 [ERROR] LogOutputStream:75 - [STDERR_REDIRECT] [Fatal Error] :1:1: Premature end of file.
2026-04-12 22:49:15,993 [ERROR] LogOutputStream:75 - [STDERR_REDIRECT] 
2026-04-12 22:49:16,995 [ERROR] LogOutputStream:75 - [STDERR_REDIRECT] [Fatal Error] :1:1: Premature end of file.
2026-04-12 22:49:16,995 [ERROR] LogOutputStream:75 - [STDERR_REDIRECT] 
2026-04-12 22:49:18,013 [ERROR] LogOutputStream:75 - [STDERR_REDIRECT] [Fatal Error] :1:1: Premature end of file.
2026-04-12 22:49:18,014 [ERROR] LogOutputStream:75 - [STDERR_REDIRECT] 
2026-04-12 22:49:19,035 [ERROR] LogOutputStream:75 - [STDERR_REDIRECT] [Fatal Error] :1:1: Premature end of file.
2026-04-12 22:49:19,036 [ERROR] LogOutputStream:75 - [STDERR_REDIRECT] 
2026-04-12 22:49:20,000 [ERROR] LogOutputStream:75 - [STDERR_REDIRECT] [Fatal Error] :1:1: Premature end of file.
2026-04-12 22:49:20,000 [ERROR] LogOutputStream:75 - [STDERR_REDIRECT] 
2026-04-12 22:49:20,998 [ERROR] LogOutputStream:75 - [STDERR_REDIRECT] [Fatal Error] :1:1: Premature end of file.
2026-04-12 22:49:20,999 [ERROR] LogOutputStream:75 - [STDERR_REDIRECT] 
2026-04-12 22:49:21,999 [ERROR] LogOutputStream:75 - [STDERR_REDIRECT] [Fatal Error] :1:1: Premature end of file.
2026-04-12 22:49:21,999 [ERROR] LogOutputStream:75 - [STDERR_REDIRECT] 
2026-04-12 22:49:23,003 [ERROR] LogOutputStream:75 - [STDERR_REDIRECT] [Fatal Error] :1:1: Premature end of file.
2026-04-12 22:49:23,003 [ERROR] LogOutputStream:75 - [STDERR_REDIRECT] 
2026-04-12 22:49:24,004 [ERROR] LogOutputStream:75 - [STDERR_REDIRECT] [Fatal Error] :1:1: Premature end of file.
2026-04-12 22:49:24,004 [ERROR] LogOutputStream:75 - [STDERR_REDIRECT] 
2026-04-12 22:49:25,004 [ERROR] LogOutputStream:75 - [STDERR_REDIRECT] [Fatal Error] :1:1: Premature end of file.
2026-04-12 22:49:25,004 [ERROR] LogOutputStream:75 - [STDERR_REDIRECT] 
2026-04-12 22:49:26,005 [ERROR] LogOutputStream:75 - [STDERR_REDIRECT] [Fatal Error] :1:1: Premature end of file.
2026-04-12 22:49:26,005 [ERROR] LogOutputStream:75 - [STDERR_REDIRECT] 
2026-04-12 22:49:27,014 [ERROR] LogOutputStream:75 - [STDERR_REDIRECT] [Fatal Error] :1:1: Premature end of file.
2026-04-12 22:49:27,015 [ERROR] LogOutputStream:75 - [STDERR_REDIRECT] 
2026-04-12 22:49:28,012 [ERROR] LogOutputStream:75 - [STDERR_REDIRECT] [Fatal Error] :1:1: Premature end of file.
2026-04-12 22:49:28,013 [ERROR] LogOutputStream:75 - [STDERR_REDIRECT] 
2026-04-12 22:49:29,000 [ERROR] LogOutputStream:75 - [STDERR_REDIRECT] [Fatal Error] :1:1: Premature end of file.
2026-04-12 22:49:29,001 [ERROR] LogOutputStream:75 - [STDERR_REDIRECT] 
2026-04-12 22:49:30,012 [ERROR] LogOutputStream:75 - [STDERR_REDIRECT] [Fatal Error] :1:1: Premature end of file.
2026-04-12 22:49:30,013 [ERROR] LogOutputStream:75 - [STDERR_REDIRECT] 
2026-04-12 22:49:31,011 [ERROR] LogOutputStream:75 - [STDERR_REDIRECT] [Fatal Error] :1:1: Premature end of file.
2026-04-12 22:49:31,012 [ERROR] LogOutputStream:75 - [STDERR_REDIRECT] 
2026-04-12 22:49:32,107 [ERROR] LogOutputStream:75 - [STDERR_REDIRECT] [Fatal Error] :1:1: Premature end of file.
2026-04-12 22:49:32,107 [ERROR] LogOutputStream:75 - [STDERR_REDIRECT] 
2026-04-12 22:49:33,001 [ERROR] LogOutputStream:75 - [STDERR_REDIRECT] [Fatal Error] :1:1: Premature end of file.
2026-04-12 22:49:33,001 [ERROR] LogOutputStream:75 - [STDERR_REDIRECT] 
2026-04-12 22:49:34,008 [ERROR] LogOutputStream:75 - [STDERR_REDIRECT] [Fatal Error] :1:1: Premature end of file.
2026-04-12 22:49:34,008 [ERROR] LogOutputStream:75 - [STDERR_REDIRECT] 
2026-04-12 22:49:35,042 [ERROR] LogOutputStream:75 - [STDERR_REDIRECT] [Fatal Error] :1:1: Premature end of file.
2026-04-12 22:49:35,043 [ERROR] LogOutputStream:75 - [STDERR_REDIRECT] 
2026-04-12 22:49:36,014 [ERROR] LogOutputStream:75 - [STDERR_REDIRECT] [Fatal Error] :1:1: Premature end of file.
2026-04-12 22:49:36,014 [ERROR] LogOutputStream:75 - [STDERR_REDIRECT] 
2026-04-12 22:49:37,000 [ERROR] LogOutputStream:75 - [STDERR_REDIRECT] [Fatal Error] :1:1: Premature end of file.
2026-04-12 22:49:37,002 [ERROR] LogOutputStream:75 - [STDERR_REDIRECT] 
2026-04-12 22:49:38,008 [ERROR] LogOutputStream:75 - [STDERR_REDIRECT] [Fatal Error] :1:1: Premature end of file.
2026-04-12 22:49:38,009 [ERROR] LogOutputStream:75 - [STDERR_REDIRECT] 
2026-04-12 22:49:39,008 [ERROR] LogOutputStream:75 - [STDERR_REDIRECT] [Fatal Error] :1:1: Premature end of file.
2026-04-12 22:49:39,008 [ERROR] LogOutputStream:75 - [STDERR_REDIRECT] 
2026-04-12 22:49:40,009 [ERROR] LogOutputStream:75 - [STDERR_REDIRECT] [Fatal Error] :1:1: Premature end of file.
2026-04-12 22:49:40,009 [ERROR] LogOutputStream:75 - [STDERR_REDIRECT] 
2026-04-12 22:49:41,014 [ERROR] LogOutputStream:75 - [STDERR_REDIRECT] [Fatal Error] :1:1: Premature end of file.
2026-04-12 22:49:41,014 [ERROR] LogOutputStream:75 - [STDERR_REDIRECT] 
2026-04-12 22:49:42,018 [ERROR] LogOutputStream:75 - [STDERR_REDIRECT] [Fatal Error] :1:1: Premature end of file.
2026-04-12 22:49:42,019 [ERROR] LogOutputStream:75 - [STDERR_REDIRECT] 
2026-04-12 22:49:43,004 [ERROR] LogOutputStream:75 - [STDERR_REDIRECT] [Fatal Error] :1:1: Premature end of file.
2026-04-12 22:49:43,004 [ERROR] LogOutputStream:75 - [STDERR_REDIRECT] 
2026-04-12 22:49:44,019 [ERROR] LogOutputStream:75 - [STDERR_REDIRECT] [Fatal Error] :1:1: Premature end of file.
2026-04-12 22:49:44,019 [ERROR] LogOutputStream:75 - [STDERR_REDIRECT] 
2026-04-12 22:49:45,003 [ERROR] LogOutputStream:75 - [STDERR_REDIRECT] [Fatal Error] :1:1: Premature end of file.
2026-04-12 22:49:45,003 [ERROR] LogOutputStream:75 - [STDERR_REDIRECT] 
2026-04-12 22:49:46,001 [ERROR] LogOutputStream:75 - [STDERR_REDIRECT] [Fatal Error] :1:1: Premature end of file.
2026-04-12 22:49:46,001 [ERROR] LogOutputStream:75 - [STDERR_REDIRECT] 
2026-04-12 22:49:46,990 [ERROR] LogOutputStream:75 - [STDERR_REDIRECT] [Fatal Error] :1:1: Premature end of file.
2026-04-12 22:49:46,991 [ERROR] LogOutputStream:75 - [STDERR_REDIRECT] 
2026-04-12 22:49:48,252 [ERROR] LogOutputStream:75 - [STDERR_REDIRECT] [Fatal Error] :1:1: Premature end of file.
2026-04-12 22:49:48,252 [ERROR] LogOutputStream:75 - [STDERR_REDIRECT] 
2026-04-12 22:49:49,020 [ERROR] LogOutputStream:75 - [STDERR_REDIRECT] [Fatal Error] :1:1: Premature end of file.
2026-04-12 22:49:49,021 [ERROR] LogOutputStream:75 - [STDERR_REDIRECT] 
2026-04-12 22:49:49,990 [ERROR] LogOutputStream:75 - [STDERR_REDIRECT] [Fatal Error] :1:1: Premature end of file.
2026-04-12 22:49:49,990 [ERROR] LogOutputStream:75 - [STDERR_REDIRECT] 
2026-04-12 22:49:50,993 [ERROR] LogOutputStream:75 - [STDERR_REDIRECT] [Fatal Error] :1:1: Premature end of file.
2026-04-12 22:49:50,993 [ERROR] LogOutputStream:75 - [STDERR_REDIRECT] 
2026-04-12 22:49:51,990 [ERROR] LogOutputStream:75 - [STDERR_REDIRECT] [Fatal Error] :1:1: Premature end of file.
2026-04-12 22:49:51,991 [ERROR] LogOutputStream:75 - [STDERR_REDIRECT] 
2026-04-12 22:49:52,991 [ERROR] LogOutputStream:75 - [STDERR_REDIRECT] [Fatal Error] :1:1: Premature end of file.
2026-04-12 22:49:52,991 [ERROR] LogOutputStream:75 - [STDERR_REDIRECT] 
2026-04-12 22:49:54,012 [ERROR] LogOutputStream:75 - [STDERR_REDIRECT] [Fatal Error] :1:1: Premature end of file.
2026-04-12 22:49:54,012 [ERROR] LogOutputStream:75 - [STDERR_REDIRECT] 
2026-04-12 22:49:55,003 [ERROR] LogOutputStream:75 - [STDERR_REDIRECT] [Fatal Error] :1:1: Premature end of file.
2026-04-12 22:49:55,004 [ERROR] LogOutputStream:75 - [STDERR_REDIRECT] 
2026-04-12 22:49:55,990 [ERROR] LogOutputStream:75 - [STDERR_REDIRECT] [Fatal Error] :1:1: Premature end of file.
2026-04-12 22:49:55,990 [ERROR] LogOutputStream:75 - [STDERR_REDIRECT] 
2026-04-12 22:49:56,990 [ERROR] LogOutputStream:75 - [STDERR_REDIRECT] [Fatal Error] :1:1: Premature end of file.
2026-04-12 22:49:56,990 [ERROR] LogOutputStream:75 - [STDERR_REDIRECT] 
2026-04-12 22:49:57,993 [ERROR] LogOutputStream:75 - [STDERR_REDIRECT] [Fatal Error] :1:1: Premature end of file.
2026-04-12 22:49:57,993 [ERROR] LogOutputStream:75 - [STDERR_REDIRECT] 
2026-04-12 22:49:58,989 [ERROR] LogOutputStream:75 - [STDERR_REDIRECT] [Fatal Error] :1:1: Premature end of file.
2026-04-12 22:49:58,989 [ERROR] LogOutputStream:75 - [STDERR_REDIRECT] 
2026-04-12 22:49:59,990 [ERROR] LogOutputStream:75 - [STDERR_REDIRECT] [Fatal Error] :1:1: Premature end of file.
2026-04-12 22:49:59,990 [ERROR] LogOutputStream:75 - [STDERR_REDIRECT] 
2026-04-12 22:50:00,993 [ERROR] LogOutputStream:75 - [STDERR_REDIRECT] [Fatal Error] :1:1: Premature end of file.
2026-04-12 22:50:00,993 [ERROR] LogOutputStream:75 - [STDERR_REDIRECT] 
2026-04-12 22:50:01,988 [ERROR] LogOutputStream:75 - [STDERR_REDIRECT] [Fatal Error] :1:1: Premature end of file.
2026-04-12 22:50:01,988 [ERROR] LogOutputStream:75 - [STDERR_REDIRECT] 
2026-04-12 22:50:02,989 [ERROR] LogOutputStream:75 - [STDERR_REDIRECT] [Fatal Error] :1:1: Premature end of file.
2026-04-12 22:50:02,989 [ERROR] LogOutputStream:75 - [STDERR_REDIRECT] 
2026-04-12 22:50:03,989 [ERROR] LogOutputStream:75 - [STDERR_REDIRECT] [Fatal Error] :1:1: Premature end of file.
2026-04-12 22:50:03,989 [ERROR] LogOutputStream:75 - [STDERR_REDIRECT] 
2026-04-12 22:50:04,990 [ERROR] LogOutputStream:75 - [STDERR_REDIRECT] [Fatal Error] :1:1: Premature end of file.
2026-04-12 22:50:04,990 [ERROR] LogOutputStream:75 - [STDERR_REDIRECT] 
2026-04-12 22:50:05,989 [ERROR] LogOutputStream:75 - [STDERR_REDIRECT] [Fatal Error] :1:1: Premature end of file.
2026-04-12 22:50:05,989 [ERROR] LogOutputStream:75 - [STDERR_REDIRECT] 
2026-04-12 22:50:06,989 [ERROR] LogOutputStream:75 - [STDERR_REDIRECT] [Fatal Error] :1:1: Premature end of file.
2026-04-12 22:50:06,989 [ERROR] LogOutputStream:75 - [STDERR_REDIRECT] 
2026-04-12 22:50:08,015 [ERROR] LogOutputStream:75 - [STDERR_REDIRECT] [Fatal Error] :1:1: Premature end of file.
2026-04-12 22:50:08,015 [ERROR] LogOutputStream:75 - [STDERR_REDIRECT] 
2026-04-12 22:50:08,988 [ERROR] LogOutputStream:75 - [STDERR_REDIRECT] [Fatal Error] :1:1: Premature end of file.
2026-04-12 22:50:08,989 [ERROR] LogOutputStream:75 - [STDERR_REDIRECT] 
2026-04-12 22:50:09,992 [ERROR] LogOutputStream:75 - [STDERR_REDIRECT] [Fatal Error] :1:1: Premature end of file.
2026-04-12 22:50:09,992 [ERROR] LogOutputStream:75 - [STDERR_REDIRECT] 
2026-04-12 22:50:10,991 [ERROR] LogOutputStream:75 - [STDERR_REDIRECT] [Fatal Error] :1:1: Premature end of file.
2026-04-12 22:50:10,992 [ERROR] LogOutputStream:75 - [STDERR_REDIRECT] 
2026-04-12 22:50:11,991 [ERROR] LogOutputStream:75 - [STDERR_REDIRECT] [Fatal Error] :1:1: Premature end of file.
2026-04-12 22:50:11,991 [ERROR] LogOutputStream:75 - [STDERR_REDIRECT] 
2026-04-12 22:50:12,991 [ERROR] LogOutputStream:75 - [STDERR_REDIRECT] [Fatal Error] :1:1: Premature end of file.
2026-04-12 22:50:12,991 [ERROR] LogOutputStream:75 - [STDERR_REDIRECT] 
2026-04-12 22:50:13,993 [ERROR] LogOutputStream:75 - [STDERR_REDIRECT] [Fatal Error] :1:1: Premature end of file.
2026-04-12 22:50:13,993 [ERROR] LogOutputStream:75 - [STDERR_REDIRECT] 
2026-04-12 22:50:14,993 [ERROR] LogOutputStream:75 - [STDERR_REDIRECT] [Fatal Error] :1:1: Premature end of file.
2026-04-12 22:50:14,994 [ERROR] LogOutputStream:75 - [STDERR_REDIRECT] 
2026-04-12 22:50:15,993 [ERROR] LogOutputStream:75 - [STDERR_REDIRECT] [Fatal Error] :1:1: Premature end of file.
2026-04-12 22:50:15,993 [ERROR] LogOutputStream:75 - [STDERR_REDIRECT] 
2026-04-12 22:50:17,073 [ERROR] LogOutputStream:75 - [STDERR_REDIRECT] [Fatal Error] :1:1: Premature end of file.
2026-04-12 22:50:17,074 [ERROR] LogOutputStream:75 - [STDERR_REDIRECT] 
2026-04-12 22:50:18,042 [ERROR] LogOutputStream:75 - [STDERR_REDIRECT] [Fatal Error] :1:1: Premature end of file.
2026-04-12 22:50:18,042 [ERROR] LogOutputStream:75 - [STDERR_REDIRECT] 
2026-04-12 22:50:19,003 [ERROR] LogOutputStream:75 - [STDERR_REDIRECT] [Fatal Error] :1:1: Premature end of file.
2026-04-12 22:50:19,004 [ERROR] LogOutputStream:75 - [STDERR_REDIRECT] 
2026-04-12 22:50:20,209 [ERROR] LogOutputStream:75 - [STDERR_REDIRECT] [Fatal Error] :1:1: Premature end of file.
2026-04-12 22:50:20,209 [ERROR] LogOutputStream:75 - [STDERR_REDIRECT] 
2026-04-12 22:50:21,008 [ERROR] LogOutputStream:75 - [STDERR_REDIRECT] [Fatal Error] :1:1: Premature end of file.
2026-04-12 22:50:21,008 [ERROR] LogOutputStream:75 - [STDERR_REDIRECT] 
2026-04-12 22:50:22,022 [ERROR] LogOutputStream:75 - [STDERR_REDIRECT] [Fatal Error] :1:1: Premature end of file.
2026-04-12 22:50:22,023 [ERROR] LogOutputStream:75 - [STDERR_REDIRECT] 
2026-04-12 22:50:23,006 [ERROR] LogOutputStream:75 - [STDERR_REDIRECT] [Fatal Error] :1:1: Premature end of file.
2026-04-12 22:50:23,007 [ERROR] LogOutputStream:75 - [STDERR_REDIRECT] 
2026-04-12 22:50:24,012 [ERROR] LogOutputStream:75 - [STDERR_REDIRECT] [Fatal Error] :1:1: Premature end of file.
2026-04-12 22:50:24,013 [ERROR] LogOutputStream:75 - [STDERR_REDIRECT] 
2026-04-12 22:50:25,055 [ERROR] LogOutputStream:75 - [STDERR_REDIRECT] [Fatal Error] :1:1: Premature end of file.
2026-04-12 22:50:25,056 [ERROR] LogOutputStream:75 - [STDERR_REDIRECT] 
2026-04-12 22:50:26,015 [ERROR] LogOutputStream:75 - [STDERR_REDIRECT] [Fatal Error] :1:1: Premature end of file.
2026-04-12 22:50:26,016 [ERROR] LogOutputStream:75 - [STDERR_REDIRECT] 
2026-04-12 22:50:27,023 [ERROR] LogOutputStream:75 - [STDERR_REDIRECT] [Fatal Error] :1:1: Premature end of file.
2026-04-12 22:50:27,024 [ERROR] LogOutputStream:75 - [STDERR_REDIRECT] 
2026-04-12 22:50:28,013 [ERROR] LogOutputStream:75 - [STDERR_REDIRECT] [Fatal Error] :1:1: Premature end of file.
2026-04-12 22:50:28,013 [ERROR] LogOutputStream:75 - [STDERR_REDIRECT] 
2026-04-12 22:50:29,178 [ERROR] LogOutputStream:75 - [STDERR_REDIRECT] [Fatal Error] :1:1: Premature end of file.
2026-04-12 22:50:29,179 [ERROR] LogOutputStream:75 - [STDERR_REDIRECT] 
2026-04-12 22:50:29,999 [ERROR] LogOutputStream:75 - [STDERR_REDIRECT] [Fatal Error] :1:1: Premature end of file.
2026-04-12 22:50:30,000 [ERROR] LogOutputStream:75 - [STDERR_REDIRECT] 
2026-04-12 22:50:30,999 [ERROR] LogOutputStream:75 - [STDERR_REDIRECT] [Fatal Error] :1:1: Premature end of file.
2026-04-12 22:50:31,000 [ERROR] LogOutputStream:75 - [STDERR_REDIRECT] 
2026-04-12 22:50:31,997 [ERROR] LogOutputStream:75 - [STDERR_REDIRECT] [Fatal Error] :1:1: Premature end of file.
2026-04-12 22:50:31,998 [ERROR] LogOutputStream:75 - [STDERR_REDIRECT] 
2026-04-12 22:50:32,997 [ERROR] LogOutputStream:75 - [STDERR_REDIRECT] [Fatal Error] :1:1: Premature end of file.
2026-04-12 22:50:32,998 [ERROR] LogOutputStream:75 - [STDERR_REDIRECT] 
2026-04-12 22:50:34,030 [ERROR] LogOutputStream:75 - [STDERR_REDIRECT] [Fatal Error] :1:1: Premature end of file.
2026-04-12 22:50:34,030 [ERROR] LogOutputStream:75 - [STDERR_REDIRECT] 
2026-04-12 22:50:35,004 [ERROR] LogOutputStream:75 - [STDERR_REDIRECT] [Fatal Error] :1:1: Premature end of file.
2026-04-12 22:50:35,004 [ERROR] LogOutputStream:75 - [STDERR_REDIRECT] 
2026-04-12 22:50:36,004 [ERROR] LogOutputStream:75 - [STDERR_REDIRECT] [Fatal Error] :1:1: Premature end of file.
2026-04-12 22:50:36,004 [ERROR] LogOutputStream:75 - [STDERR_REDIRECT] 
2026-04-12 22:50:37,005 [ERROR] LogOutputStream:75 - [STDERR_REDIRECT] [Fatal Error] :1:1: Premature end of file.
2026-04-12 22:50:37,006 [ERROR] LogOutputStream:75 - [STDERR_REDIRECT] 
2026-04-12 22:50:38,010 [ERROR] LogOutputStream:75 - [STDERR_REDIRECT] [Fatal Error] :1:1: Premature end of file.
2026-04-12 22:50:38,010 [ERROR] LogOutputStream:75 - [STDERR_REDIRECT] 
2026-04-12 22:50:39,003 [ERROR] LogOutputStream:75 - [STDERR_REDIRECT] [Fatal Error] :1:1: Premature end of file.
2026-04-12 22:50:39,003 [ERROR] LogOutputStream:75 - [STDERR_REDIRECT] 
2026-04-12 22:50:40,050 [ERROR] LogOutputStream:75 - [STDERR_REDIRECT] [Fatal Error] :1:1: Premature end of file.
2026-04-12 22:50:40,050 [ERROR] LogOutputStream:75 - [STDERR_REDIRECT] 
2026-04-12 22:50:41,002 [ERROR] LogOutputStream:75 - [STDERR_REDIRECT] [Fatal Error] :1:1: Premature end of file.
2026-04-12 22:50:41,002 [ERROR] LogOutputStream:75 - [STDERR_REDIRECT] 
2026-04-12 22:50:41,997 [ERROR] LogOutputStream:75 - [STDERR_REDIRECT] [Fatal Error] :1:1: Premature end of file.
2026-04-12 22:50:41,998 [ERROR] LogOutputStream:75 - [STDERR_REDIRECT] 
2026-04-12 22:50:43,004 [ERROR] LogOutputStream:75 - [STDERR_REDIRECT] [Fatal Error] :1:1: Premature end of file.
2026-04-12 22:50:43,004 [ERROR] LogOutputStream:75 - [STDERR_REDIRECT] 
2026-04-12 22:50:44,000 [ERROR] LogOutputStream:75 - [STDERR_REDIRECT] [Fatal Error] :1:1: Premature end of file.
2026-04-12 22:50:44,001 [ERROR] LogOutputStream:75 - [STDERR_REDIRECT] 
2026-04-12 22:50:45,001 [ERROR] LogOutputStream:75 - [STDERR_REDIRECT] [Fatal Error] :1:1: Premature end of file.
2026-04-12 22:50:45,002 [ERROR] LogOutputStream:75 - [STDERR_REDIRECT] 
2026-04-12 22:50:45,998 [ERROR] LogOutputStream:75 - [STDERR_REDIRECT] [Fatal Error] :1:1: Premature end of file.
2026-04-12 22:50:45,998 [ERROR] LogOutputStream:75 - [STDERR_REDIRECT] 
2026-04-12 22:50:47,288 [ERROR] LogOutputStream:75 - [STDERR_REDIRECT] [Fatal Error] :1:1: Premature end of file.
2026-04-12 22:50:47,288 [ERROR] LogOutputStream:75 - [STDERR_REDIRECT] 
2026-04-12 22:50:47,998 [ERROR] LogOutputStream:75 - [STDERR_REDIRECT] [Fatal Error] :1:1: Premature end of file.
2026-04-12 22:50:47,998 [ERROR] LogOutputStream:75 - [STDERR_REDIRECT] 
2026-04-12 22:50:49,000 [ERROR] LogOutputStream:75 - [STDERR_REDIRECT] [Fatal Error] :1:1: Premature end of file.
2026-04-12 22:50:49,000 [ERROR] LogOutputStream:75 - [STDERR_REDIRECT] 
2026-04-12 22:50:50,001 [ERROR] LogOutputStream:75 - [STDERR_REDIRECT] [Fatal Error] :1:1: Premature end of file.
2026-04-12 22:50:50,002 [ERROR] LogOutputStream:75 - [STDERR_REDIRECT] 
2026-04-12 22:50:50,998 [ERROR] LogOutputStream:75 - [STDERR_REDIRECT] [Fatal Error] :1:1: Premature end of file.
2026-04-12 22:50:50,998 [ERROR] LogOutputStream:75 - [STDERR_REDIRECT] 
2026-04-12 22:50:51,996 [ERROR] LogOutputStream:75 - [STDERR_REDIRECT] [Fatal Error] :1:1: Premature end of file.
2026-04-12 22:50:51,996 [ERROR] LogOutputStream:75 - [STDERR_REDIRECT] 
2026-04-12 22:50:52,998 [ERROR] LogOutputStream:75 - [STDERR_REDIRECT] [Fatal Error] :1:1: Premature end of file.
2026-04-12 22:50:52,998 [ERROR] LogOutputStream:75 - [STDERR_REDIRECT] 
2026-04-12 22:50:53,996 [ERROR] LogOutputStream:75 - [STDERR_REDIRECT] [Fatal Error] :1:1: Premature end of file.
2026-04-12 22:50:53,996 [ERROR] LogOutputStream:75 - [STDERR_REDIRECT] 
2026-04-12 22:50:55,011 [ERROR] LogOutputStream:75 - [STDERR_REDIRECT] [Fatal Error] :1:1: Premature end of file.
2026-04-12 22:50:55,011 [ERROR] LogOutputStream:75 - [STDERR_REDIRECT] 
2026-04-12 22:50:56,178 [ERROR] LogOutputStream:75 - [STDERR_REDIRECT] [Fatal Error] :1:1: Premature end of file.
2026-04-12 22:50:56,179 [ERROR] LogOutputStream:75 - [STDERR_REDIRECT] 
2026-04-12 22:50:57,003 [ERROR] LogOutputStream:75 - [STDERR_REDIRECT] [Fatal Error] :1:1: Premature end of file.
2026-04-12 22:50:57,004 [ERROR] LogOutputStream:75 - [STDERR_REDIRECT] 
2026-04-12 22:50:57,993 [ERROR] LogOutputStream:75 - [STDERR_REDIRECT] [Fatal Error] :1:1: Premature end of file.
2026-04-12 22:50:57,994 [ERROR] LogOutputStream:75 - [STDERR_REDIRECT] 
2026-04-12 22:50:58,996 [ERROR] LogOutputStream:75 - [STDERR_REDIRECT] [Fatal Error] :1:1: Premature end of file.
2026-04-12 22:50:58,996 [ERROR] LogOutputStream:75 - [STDERR_REDIRECT] 
2026-04-12 22:51:00,009 [ERROR] LogOutputStream:75 - [STDERR_REDIRECT] [Fatal Error] :1:1: Premature end of file.
2026-04-12 22:51:00,010 [ERROR] LogOutputStream:75 - [STDERR_REDIRECT] 
2026-04-12 22:51:01,015 [ERROR] LogOutputStream:75 - [STDERR_REDIRECT] [Fatal Error] :1:1: Premature end of file.
2026-04-12 22:51:01,016 [ERROR] LogOutputStream:75 - [STDERR_REDIRECT] 
2026-04-12 22:51:02,022 [ERROR] LogOutputStream:75 - [STDERR_REDIRECT] [Fatal Error] :1:1: Premature end of file.
2026-04-12 22:51:02,022 [ERROR] LogOutputStream:75 - [STDERR_REDIRECT] 
2026-04-12 22:51:02,999 [ERROR] LogOutputStream:75 - [STDERR_REDIRECT] [Fatal Error] :1:1: Premature end of file.
2026-04-12 22:51:03,000 [ERROR] LogOutputStream:75 - [STDERR_REDIRECT] 
2026-04-12 22:51:04,046 [ERROR] LogOutputStream:75 - [STDERR_REDIRECT] [Fatal Error] :1:1: Premature end of file.
2026-04-12 22:51:04,047 [ERROR] LogOutputStream:75 - [STDERR_REDIRECT] 
2026-04-12 22:51:05,015 [ERROR] LogOutputStream:75 - [STDERR_REDIRECT] [Fatal Error] :1:1: Premature end of file.
2026-04-12 22:51:05,015 [ERROR] LogOutputStream:75 - [STDERR_REDIRECT] 
2026-04-12 22:51:06,034 [ERROR] LogOutputStream:75 - [STDERR_REDIRECT] [Fatal Error] :1:1: Premature end of file.
2026-04-12 22:51:06,035 [ERROR] LogOutputStream:75 - [STDERR_REDIRECT] 
2026-04-12 22:51:07,013 [ERROR] LogOutputStream:75 - [STDERR_REDIRECT] [Fatal Error] :1:1: Premature end of file.
2026-04-12 22:51:07,013 [ERROR] LogOutputStream:75 - [STDERR_REDIRECT] 
2026-04-12 22:51:08,013 [ERROR] LogOutputStream:75 - [STDERR_REDIRECT] [Fatal Error] :1:1: Premature end of file.
2026-04-12 22:51:08,013 [ERROR] LogOutputStream:75 - [STDERR_REDIRECT] 
2026-04-12 22:51:09,010 [ERROR] LogOutputStream:75 - [STDERR_REDIRECT] [Fatal Error] :1:1: Premature end of file.
2026-04-12 22:51:09,010 [ERROR] LogOutputStream:75 - [STDERR_REDIRECT] 
2026-04-12 22:51:10,028 [ERROR] LogOutputStream:75 - [STDERR_REDIRECT] [Fatal Error] :1:1: Premature end of file.
2026-04-12 22:51:10,028 [ERROR] LogOutputStream:75 - [STDERR_REDIRECT] 
2026-04-12 22:51:11,007 [ERROR] LogOutputStream:75 - [STDERR_REDIRECT] [Fatal Error] :1:1: Premature end of file.
2026-04-12 22:51:11,008 [ERROR] LogOutputStream:75 - [STDERR_REDIRECT] 
2026-04-12 22:51:12,043 [ERROR] LogOutputStream:75 - [STDERR_REDIRECT] [Fatal Error] :1:1: Premature end of file.
2026-04-12 22:51:12,043 [ERROR] LogOutputStream:75 - [STDERR_REDIRECT] 
2026-04-12 22:51:12,990 [ERROR] LogOutputStream:75 - [STDERR_REDIRECT] [Fatal Error] :1:1: Premature end of file.
2026-04-12 22:51:12,990 [ERROR] LogOutputStream:75 - [STDERR_REDIRECT] 
2026-04-12 22:51:13,990 [ERROR] LogOutputStream:75 - [STDERR_REDIRECT] [Fatal Error] :1:1: Premature end of file.
2026-04-12 22:51:13,990 [ERROR] LogOutputStream:75 - [STDERR_REDIRECT] 
2026-04-12 22:51:14,990 [ERROR] LogOutputStream:75 - [STDERR_REDIRECT] [Fatal Error] :1:1: Premature end of file.
2026-04-12 22:51:14,990 [ERROR] LogOutputStream:75 - [STDERR_REDIRECT] 
2026-04-12 22:51:15,990 [ERROR] LogOutputStream:75 - [STDERR_REDIRECT] [Fatal Error] :1:1: Premature end of file.
2026-04-12 22:51:15,990 [ERROR] LogOutputStream:75 - [STDERR_REDIRECT] 
2026-04-12 22:51:16,999 [ERROR] LogOutputStream:75 - [STDERR_REDIRECT] [Fatal Error] :1:1: Premature end of file.
2026-04-12 22:51:17,000 [ERROR] LogOutputStream:75 - [STDERR_REDIRECT] 
2026-04-12 22:51:17,991 [ERROR] LogOutputStream:75 - [STDERR_REDIRECT] [Fatal Error] :1:1: Premature end of file.
2026-04-12 22:51:17,991 [ERROR] LogOutputStream:75 - [STDERR_REDIRECT] 
2026-04-12 22:51:19,020 [ERROR] LogOutputStream:75 - [STDERR_REDIRECT] [Fatal Error] :1:1: Premature end of file.
2026-04-12 22:51:19,021 [ERROR] LogOutputStream:75 - [STDERR_REDIRECT] 
2026-04-12 22:51:19,990 [ERROR] LogOutputStream:75 - [STDERR_REDIRECT] [Fatal Error] :1:1: Premature end of file.
2026-04-12 22:51:19,990 [ERROR] LogOutputStream:75 - [STDERR_REDIRECT] 
2026-04-12 22:51:20,990 [ERROR] LogOutputStream:75 - [STDERR_REDIRECT] [Fatal Error] :1:1: Premature end of file.
2026-04-12 22:51:20,990 [ERROR] LogOutputStream:75 - [STDERR_REDIRECT] 
2026-04-12 22:51:21,989 [ERROR] LogOutputStream:75 - [STDERR_REDIRECT] [Fatal Error] :1:1: Premature end of file.
2026-04-12 22:51:21,990 [ERROR] LogOutputStream:75 - [STDERR_REDIRECT] 
2026-04-12 22:51:22,988 [ERROR] LogOutputStream:75 - [STDERR_REDIRECT] [Fatal Error] :1:1: Premature end of file.
2026-04-12 22:51:22,989 [ERROR] LogOutputStream:75 - [STDERR_REDIRECT] 
2026-04-12 22:51:23,989 [ERROR] LogOutputStream:75 - [STDERR_REDIRECT] [Fatal Error] :1:1: Premature end of file.
2026-04-12 22:51:23,990 [ERROR] LogOutputStream:75 - [STDERR_REDIRECT] 
2026-04-12 22:51:24,989 [ERROR] LogOutputStream:75 - [STDERR_REDIRECT] [Fatal Error] :1:1: Premature end of file.
2026-04-12 22:51:24,989 [ERROR] LogOutputStream:75 - [STDERR_REDIRECT] 
2026-04-12 22:51:25,991 [ERROR] LogOutputStream:75 - [STDERR_REDIRECT] [Fatal Error] :1:1: Premature end of file.
2026-04-12 22:51:25,991 [ERROR] LogOutputStream:75 - [STDERR_REDIRECT] 
2026-04-12 22:51:26,991 [ERROR] LogOutputStream:75 - [STDERR_REDIRECT] [Fatal Error] :1:1: Premature end of file.
2026-04-12 22:51:26,991 [ERROR] LogOutputStream:75 - [STDERR_REDIRECT] 
2026-04-12 22:51:27,992 [ERROR] LogOutputStream:75 - [STDERR_REDIRECT] [Fatal Error] :1:1: Premature end of file.
2026-04-12 22:51:27,993 [ERROR] LogOutputStream:75 - [STDERR_REDIRECT] 
2026-04-12 22:51:28,989 [ERROR] LogOutputStream:75 - [STDERR_REDIRECT] [Fatal Error] :1:1: Premature end of file.
2026-04-12 22:51:28,990 [ERROR] LogOutputStream:75 - [STDERR_REDIRECT] 
2026-04-12 22:51:29,988 [ERROR] LogOutputStream:75 - [STDERR_REDIRECT] [Fatal Error] :1:1: Premature end of file.
2026-04-12 22:51:29,988 [ERROR] LogOutputStream:75 - [STDERR_REDIRECT] 
2026-04-12 22:51:31,006 [ERROR] LogOutputStream:75 - [STDERR_REDIRECT] [Fatal Error] :1:1: Premature end of file.
2026-04-12 22:51:31,006 [ERROR] LogOutputStream:75 - [STDERR_REDIRECT] 
2026-04-12 22:51:31,994 [ERROR] LogOutputStream:75 - [STDERR_REDIRECT] [Fatal Error] :1:1: Premature end of file.
2026-04-12 22:51:31,994 [ERROR] LogOutputStream:75 - [STDERR_REDIRECT] 
2026-04-12 22:51:32,993 [ERROR] LogOutputStream:75 - [STDERR_REDIRECT] [Fatal Error] :1:1: Premature end of file.
2026-04-12 22:51:32,994 [ERROR] LogOutputStream:75 - [STDERR_REDIRECT] 
2026-04-12 22:51:34,003 [ERROR] LogOutputStream:75 - [STDERR_REDIRECT] [Fatal Error] :1:1: Premature end of file.
2026-04-12 22:51:34,004 [ERROR] LogOutputStream:75 - [STDERR_REDIRECT] 
2026-04-12 22:51:35,000 [ERROR] LogOutputStream:75 - [STDERR_REDIRECT] [Fatal Error] :1:1: Premature end of file.
2026-04-12 22:51:35,000 [ERROR] LogOutputStream:75 - [STDERR_REDIRECT] 
2026-04-12 22:51:36,008 [ERROR] LogOutputStream:75 - [STDERR_REDIRECT] [Fatal Error] :1:1: Premature end of file.
2026-04-12 22:51:36,009 [ERROR] LogOutputStream:75 - [STDERR_REDIRECT] 
2026-04-12 22:51:37,008 [ERROR] LogOutputStream:75 - [STDERR_REDIRECT] [Fatal Error] :1:1: Premature end of file.
2026-04-12 22:51:37,009 [ERROR] LogOutputStream:75 - [STDERR_REDIRECT] 
2026-04-12 22:51:37,995 [ERROR] LogOutputStream:75 - [STDERR_REDIRECT] [Fatal Error] :1:1: Premature end of file.
2026-04-12 22:51:37,995 [ERROR] LogOutputStream:75 - [STDERR_REDIRECT] 
2026-04-12 22:51:38,997 [ERROR] LogOutputStream:75 - [STDERR_REDIRECT] [Fatal Error] :1:1: Premature end of file.
2026-04-12 22:51:38,997 [ERROR] LogOutputStream:75 - [STDERR_REDIRECT] 
2026-04-12 22:51:39,991 [ERROR] LogOutputStream:75 - [STDERR_REDIRECT] [Fatal Error] :1:1: Premature end of file.
2026-04-12 22:51:39,991 [ERROR] LogOutputStream:75 - [STDERR_REDIRECT] 
2026-04-12 22:51:40,995 [ERROR] LogOutputStream:75 - [STDERR_REDIRECT] [Fatal Error] :1:1: Premature end of file.
2026-04-12 22:51:40,995 [ERROR] LogOutputStream:75 - [STDERR_REDIRECT] 
2026-04-12 22:51:41,991 [ERROR] LogOutputStream:75 - [STDERR_REDIRECT] [Fatal Error] :1:1: Premature end of file.
2026-04-12 22:51:41,991 [ERROR] LogOutputStream:75 - [STDERR_REDIRECT] 
2026-04-12 22:51:42,994 [ERROR] LogOutputStream:75 - [STDERR_REDIRECT] [Fatal Error] :1:1: Premature end of file.
2026-04-12 22:51:42,994 [ERROR] LogOutputStream:75 - [STDERR_REDIRECT] 
2026-04-12 22:51:43,991 [ERROR] LogOutputStream:75 - [STDERR_REDIRECT] [Fatal Error] :1:1: Premature end of file.
2026-04-12 22:51:43,991 [ERROR] LogOutputStream:75 - [STDERR_REDIRECT] 
2026-04-12 22:51:44,991 [ERROR] LogOutputStream:75 - [STDERR_REDIRECT] [Fatal Error] :1:1: Premature end of file.
2026-04-12 22:51:44,992 [ERROR] LogOutputStream:75 - [STDERR_REDIRECT] 
2026-04-12 22:51:45,991 [ERROR] LogOutputStream:75 - [STDERR_REDIRECT] [Fatal Error] :1:1: Premature end of file.
2026-04-12 22:51:45,992 [ERROR] LogOutputStream:75 - [STDERR_REDIRECT] 
2026-04-12 22:51:47,029 [ERROR] LogOutputStream:75 - [STDERR_REDIRECT] [Fatal Error] :1:1: Premature end of file.
2026-04-12 22:51:47,029 [ERROR] LogOutputStream:75 - [STDERR_REDIRECT] 
2026-04-12 22:51:47,996 [ERROR] LogOutputStream:75 - [STDERR_REDIRECT] [Fatal Error] :1:1: Premature end of file.
2026-04-12 22:51:47,996 [ERROR] LogOutputStream:75 - [STDERR_REDIRECT] 
2026-04-12 22:51:48,997 [ERROR] LogOutputStream:75 - [STDERR_REDIRECT] [Fatal Error] :1:1: Premature end of file.
2026-04-12 22:51:48,998 [ERROR] LogOutputStream:75 - [STDERR_REDIRECT] 
2026-04-12 22:51:49,991 [ERROR] LogOutputStream:75 - [STDERR_REDIRECT] [Fatal Error] :1:1: Premature end of file.
2026-04-12 22:51:49,992 [ERROR] LogOutputStream:75 - [STDERR_REDIRECT] 
2026-04-12 22:51:50,992 [ERROR] LogOutputStream:75 - [STDERR_REDIRECT] [Fatal Error] :1:1: Premature end of file.
2026-04-12 22:51:50,992 [ERROR] LogOutputStream:75 - [STDERR_REDIRECT] 
2026-04-12 22:51:51,989 [ERROR] LogOutputStream:75 - [STDERR_REDIRECT] [Fatal Error] :1:1: Premature end of file.
2026-04-12 22:51:51,990 [ERROR] LogOutputStream:75 - [STDERR_REDIRECT] 
2026-04-12 22:51:53,031 [ERROR] LogOutputStream:75 - [STDERR_REDIRECT] [Fatal Error] :1:1: Premature end of file.
2026-04-12 22:51:53,031 [ERROR] LogOutputStream:75 - [STDERR_REDIRECT] 
2026-04-12 22:51:53,994 [ERROR] LogOutputStream:75 - [STDERR_REDIRECT] [Fatal Error] :1:1: Premature end of file.
2026-04-12 22:51:53,994 [ERROR] LogOutputStream:75 - [STDERR_REDIRECT] 
2026-04-12 22:51:54,988 [ERROR] LogOutputStream:75 - [STDERR_REDIRECT] [Fatal Error] :1:1: Premature end of file.
2026-04-12 22:51:54,989 [ERROR] LogOutputStream:75 - [STDERR_REDIRECT] 
2026-04-12 22:51:55,993 [ERROR] LogOutputStream:75 - [STDERR_REDIRECT] [Fatal Error] :1:1: Premature end of file.
2026-04-12 22:51:55,995 [ERROR] LogOutputStream:75 - [STDERR_REDIRECT] 
2026-04-12 22:51:56,992 [ERROR] LogOutputStream:75 - [STDERR_REDIRECT] [Fatal Error] :1:1: Premature end of file.
2026-04-12 22:51:56,992 [ERROR] LogOutputStream:75 - [STDERR_REDIRECT] 
2026-04-12 22:51:57,992 [ERROR] LogOutputStream:75 - [STDERR_REDIRECT] [Fatal Error] :1:1: Premature end of file.
2026-04-12 22:51:57,993 [ERROR] LogOutputStream:75 - [STDERR_REDIRECT] 
2026-04-12 22:51:59,009 [ERROR] LogOutputStream:75 - [STDERR_REDIRECT] [Fatal Error] :1:1: Premature end of file.
2026-04-12 22:51:59,010 [ERROR] LogOutputStream:75 - [STDERR_REDIRECT] 
2026-04-12 22:51:59,992 [ERROR] LogOutputStream:75 - [STDERR_REDIRECT] [Fatal Error] :1:1: Premature end of file.
2026-04-12 22:51:59,992 [ERROR] LogOutputStream:75 - [STDERR_REDIRECT] 
2026-04-12 22:52:01,052 [ERROR] LogOutputStream:75 - [STDERR_REDIRECT] [Fatal Error] :1:1: Premature end of file.
2026-04-12 22:52:01,052 [ERROR] LogOutputStream:75 - [STDERR_REDIRECT] 
2026-04-12 22:52:01,990 [ERROR] LogOutputStream:75 - [STDERR_REDIRECT] [Fatal Error] :1:1: Premature end of file.
2026-04-12 22:52:01,991 [ERROR] LogOutputStream:75 - [STDERR_REDIRECT] 
2026-04-12 22:52:03,133 [ERROR] LogOutputStream:75 - [STDERR_REDIRECT] [Fatal Error] :1:1: Premature end of file.
2026-04-12 22:52:03,133 [ERROR] LogOutputStream:75 - [STDERR_REDIRECT] 
2026-04-12 22:52:03,992 [ERROR] LogOutputStream:75 - [STDERR_REDIRECT] [Fatal Error] :1:1: Premature end of file.
2026-04-12 22:52:03,993 [ERROR] LogOutputStream:75 - [STDERR_REDIRECT] 
2026-04-12 22:52:04,993 [ERROR] LogOutputStream:75 - [STDERR_REDIRECT] [Fatal Error] :1:1: Premature end of file.
2026-04-12 22:52:04,993 [ERROR] LogOutputStream:75 - [STDERR_REDIRECT] 
2026-04-12 22:52:06,008 [ERROR] LogOutputStream:75 - [STDERR_REDIRECT] [Fatal Error] :1:1: Premature end of file.
2026-04-12 22:52:06,009 [ERROR] LogOutputStream:75 - [STDERR_REDIRECT] 
2026-04-12 22:52:06,993 [ERROR] LogOutputStream:75 - [STDERR_REDIRECT] [Fatal Error] :1:1: Premature end of file.
2026-04-12 22:52:06,993 [ERROR] LogOutputStream:75 - [STDERR_REDIRECT] 
2026-04-12 22:52:07,992 [ERROR] LogOutputStream:75 - [STDERR_REDIRECT] [Fatal Error] :1:1: Premature end of file.
2026-04-12 22:52:07,993 [ERROR] LogOutputStream:75 - [STDERR_REDIRECT] 
2026-04-12 22:52:08,993 [ERROR] LogOutputStream:75 - [STDERR_REDIRECT] [Fatal Error] :1:1: Premature end of file.
2026-04-12 22:52:08,993 [ERROR] LogOutputStream:75 - [STDERR_REDIRECT] 
2026-04-12 22:52:10,023 [ERROR] LogOutputStream:75 - [STDERR_REDIRECT] [Fatal Error] :1:1: Premature end of file.
2026-04-12 22:52:10,023 [ERROR] LogOutputStream:75 - [STDERR_REDIRECT] 
2026-04-12 22:52:11,030 [ERROR] LogOutputStream:75 - [STDERR_REDIRECT] [Fatal Error] :1:1: Premature end of file.
2026-04-12 22:52:11,030 [ERROR] LogOutputStream:75 - [STDERR_REDIRECT] 
2026-04-12 22:52:12,008 [ERROR] LogOutputStream:75 - [STDERR_REDIRECT] [Fatal Error] :1:1: Premature end of file.
2026-04-12 22:52:12,008 [ERROR] LogOutputStream:75 - [STDERR_REDIRECT] 
2026-04-12 22:52:13,069 [ERROR] LogOutputStream:75 - [STDERR_REDIRECT] [Fatal Error] :1:1: Premature end of file.
2026-04-12 22:52:13,069 [ERROR] LogOutputStream:75 - [STDERR_REDIRECT] 
2026-04-12 22:52:13,999 [ERROR] LogOutputStream:75 - [STDERR_REDIRECT] [Fatal Error] :1:1: Premature end of file.
2026-04-12 22:52:14,001 [ERROR] LogOutputStream:75 - [STDERR_REDIRECT] 
2026-04-12 22:52:15,013 [ERROR] LogOutputStream:75 - [STDERR_REDIRECT] [Fatal Error] :1:1: Premature end of file.
2026-04-12 22:52:15,013 [ERROR] LogOutputStream:75 - [STDERR_REDIRECT] 
2026-04-12 22:52:16,013 [ERROR] LogOutputStream:75 - [STDERR_REDIRECT] [Fatal Error] :1:1: Premature end of file.
2026-04-12 22:52:16,014 [ERROR] LogOutputStream:75 - [STDERR_REDIRECT] 
2026-04-12 22:52:16,999 [ERROR] LogOutputStream:75 - [STDERR_REDIRECT] [Fatal Error] :1:1: Premature end of file.
2026-04-12 22:52:17,000 [ERROR] LogOutputStream:75 - [STDERR_REDIRECT] 
2026-04-12 22:52:18,067 [ERROR] LogOutputStream:75 - [STDERR_REDIRECT] [Fatal Error] :1:1: Premature end of file.
2026-04-12 22:52:18,067 [ERROR] LogOutputStream:75 - [STDERR_REDIRECT] 
2026-04-12 22:52:19,018 [ERROR] LogOutputStream:75 - [STDERR_REDIRECT] [Fatal Error] :1:1: Premature end of file.
2026-04-12 22:52:19,019 [ERROR] LogOutputStream:75 - [STDERR_REDIRECT] 
2026-04-12 22:52:20,025 [ERROR] LogOutputStream:75 - [STDERR_REDIRECT] [Fatal Error] :1:1: Premature end of file.
2026-04-12 22:52:20,025 [ERROR] LogOutputStream:75 - [STDERR_REDIRECT] 
2026-04-12 22:52:21,042 [ERROR] LogOutputStream:75 - [STDERR_REDIRECT] [Fatal Error] :1:1: Premature end of file.
2026-04-12 22:52:21,042 [ERROR] LogOutputStream:75 - [STDERR_REDIRECT] 
2026-04-12 22:52:22,001 [ERROR] LogOutputStream:75 - [STDERR_REDIRECT] [Fatal Error] :1:1: Premature end of file.
2026-04-12 22:52:22,001 [ERROR] LogOutputStream:75 - [STDERR_REDIRECT] 
2026-04-12 22:52:23,033 [ERROR] LogOutputStream:75 - [STDERR_REDIRECT] [Fatal Error] :1:1: Premature end of file.
2026-04-12 22:52:23,033 [ERROR] LogOutputStream:75 - [STDERR_REDIRECT] 
2026-04-12 22:52:24,001 [ERROR] LogOutputStream:75 - [STDERR_REDIRECT] [Fatal Error] :1:1: Premature end of file.
2026-04-12 22:52:24,001 [ERROR] LogOutputStream:75 - [STDERR_REDIRECT] 
2026-04-12 22:52:25,013 [ERROR] LogOutputStream:75 - [STDERR_REDIRECT] [Fatal Error] :1:1: Premature end of file.
2026-04-12 22:52:25,013 [ERROR] LogOutputStream:75 - [STDERR_REDIRECT] 
2026-04-12 22:52:26,004 [ERROR] LogOutputStream:75 - [STDERR_REDIRECT] [Fatal Error] :1:1: Premature end of file.
2026-04-12 22:52:26,005 [ERROR] LogOutputStream:75 - [STDERR_REDIRECT] 
2026-04-12 22:52:27,022 [ERROR] LogOutputStream:75 - [STDERR_REDIRECT] [Fatal Error] :1:1: Premature end of file.
2026-04-12 22:52:27,023 [ERROR] LogOutputStream:75 - [STDERR_REDIRECT] 
2026-04-12 22:52:28,010 [ERROR] LogOutputStream:75 - [STDERR_REDIRECT] [Fatal Error] :1:1: Premature end of file.
2026-04-12 22:52:28,010 [ERROR] LogOutputStream:75 - [STDERR_REDIRECT] 
2026-04-12 22:52:29,013 [ERROR] LogOutputStream:75 - [STDERR_REDIRECT] [Fatal Error] :1:1: Premature end of file.
2026-04-12 22:52:29,013 [ERROR] LogOutputStream:75 - [STDERR_REDIRECT] 
2026-04-12 22:52:30,052 [ERROR] LogOutputStream:75 - [STDERR_REDIRECT] [Fatal Error] :1:1: Premature end of file.
2026-04-12 22:52:30,052 [ERROR] LogOutputStream:75 - [STDERR_REDIRECT] 
2026-04-12 22:52:31,005 [ERROR] LogOutputStream:75 - [STDERR_REDIRECT] [Fatal Error] :1:1: Premature end of file.
2026-04-12 22:52:31,006 [ERROR] LogOutputStream:75 - [STDERR_REDIRECT] 
2026-04-12 22:52:32,007 [ERROR] LogOutputStream:75 - [STDERR_REDIRECT] [Fatal Error] :1:1: Premature end of file.
2026-04-12 22:52:32,008 [ERROR] LogOutputStream:75 - [STDERR_REDIRECT] 
2026-04-12 22:52:33,009 [ERROR] LogOutputStream:75 - [STDERR_REDIRECT] [Fatal Error] :1:1: Premature end of file.
2026-04-12 22:52:33,009 [ERROR] LogOutputStream:75 - [STDERR_REDIRECT] 
2026-04-12 22:52:34,008 [ERROR] LogOutputStream:75 - [STDERR_REDIRECT] [Fatal Error] :1:1: Premature end of file.
2026-04-12 22:52:34,008 [ERROR] LogOutputStream:75 - [STDERR_REDIRECT] 
2026-04-12 22:52:35,005 [ERROR] LogOutputStream:75 - [STDERR_REDIRECT] [Fatal Error] :1:1: Premature end of file.
2026-04-12 22:52:35,006 [ERROR] LogOutputStream:75 - [STDERR_REDIRECT] 
2026-04-12 22:52:35,999 [ERROR] LogOutputStream:75 - [STDERR_REDIRECT] [Fatal Error] :1:1: Premature end of file.
2026-04-12 22:52:36,000 [ERROR] LogOutputStream:75 - [STDERR_REDIRECT] 
2026-04-12 22:52:37,093 [ERROR] LogOutputStream:75 - [STDERR_REDIRECT] [Fatal Error] :1:1: Premature end of file.
2026-04-12 22:52:37,094 [ERROR] LogOutputStream:75 - [STDERR_REDIRECT] 
2026-04-12 22:52:38,002 [ERROR] LogOutputStream:75 - [STDERR_REDIRECT] [Fatal Error] :1:1: Premature end of file.
2026-04-12 22:52:38,002 [ERROR] LogOutputStream:75 - [STDERR_REDIRECT] 
2026-04-12 22:52:39,014 [ERROR] LogOutputStream:75 - [STDERR_REDIRECT] [Fatal Error] :1:1: Premature end of file.
2026-04-12 22:52:39,014 [ERROR] LogOutputStream:75 - [STDERR_REDIRECT] 
2026-04-12 22:52:40,114 [ERROR] LogOutputStream:75 - [STDERR_REDIRECT] [Fatal Error] :1:1: Premature end of file.
2026-04-12 22:52:40,114 [ERROR] LogOutputStream:75 - [STDERR_REDIRECT] 
2026-04-12 22:52:41,001 [ERROR] LogOutputStream:75 - [STDERR_REDIRECT] [Fatal Error] :1:1: Premature end of file.
2026-04-12 22:52:41,002 [ERROR] LogOutputStream:75 - [STDERR_REDIRECT] 
2026-04-12 22:52:42,018 [ERROR] LogOutputStream:75 - [STDERR_REDIRECT] [Fatal Error] :1:1: Premature end of file.
2026-04-12 22:52:42,018 [ERROR] LogOutputStream:75 - [STDERR_REDIRECT] 
2026-04-12 22:52:43,016 [ERROR] LogOutputStream:75 - [STDERR_REDIRECT] [Fatal Error] :1:1: Premature end of file.
2026-04-12 22:52:43,016 [ERROR] LogOutputStream:75 - [STDERR_REDIRECT] 
2026-04-12 22:52:43,999 [ERROR] LogOutputStream:75 - [STDERR_REDIRECT] [Fatal Error] :1:1: Premature end of file.
2026-04-12 22:52:43,999 [ERROR] LogOutputStream:75 - [STDERR_REDIRECT] 
2026-04-12 22:52:45,007 [ERROR] LogOutputStream:75 - [STDERR_REDIRECT] [Fatal Error] :1:1: Premature end of file.
2026-04-12 22:52:45,007 [ERROR] LogOutputStream:75 - [STDERR_REDIRECT] 
2026-04-12 22:52:46,005 [ERROR] LogOutputStream:75 - [STDERR_REDIRECT] [Fatal Error] :1:1: Premature end of file.
2026-04-12 22:52:46,005 [ERROR] LogOutputStream:75 - [STDERR_REDIRECT] 
2026-04-12 22:52:47,006 [ERROR] LogOutputStream:75 - [STDERR_REDIRECT] [Fatal Error] :1:1: Premature end of file.
2026-04-12 22:52:47,006 [ERROR] LogOutputStream:75 - [STDERR_REDIRECT] 
2026-04-12 22:52:48,002 [ERROR] LogOutputStream:75 - [STDERR_REDIRECT] [Fatal Error] :1:1: Premature end of file.
2026-04-12 22:52:48,002 [ERROR] LogOutputStream:75 - [STDERR_REDIRECT] 
2026-04-12 22:52:49,013 [ERROR] LogOutputStream:75 - [STDERR_REDIRECT] [Fatal Error] :1:1: Premature end of file.
2026-04-12 22:52:49,013 [ERROR] LogOutputStream:75 - [STDERR_REDIRECT] 
2026-04-12 22:52:50,012 [ERROR] LogOutputStream:75 - [STDERR_REDIRECT] [Fatal Error] :1:1: Premature end of file.
2026-04-12 22:52:50,013 [ERROR] LogOutputStream:75 - [STDERR_REDIRECT] 
2026-04-12 22:52:51,008 [ERROR] LogOutputStream:75 - [STDERR_REDIRECT] [Fatal Error] :1:1: Premature end of file.
2026-04-12 22:52:51,008 [ERROR] LogOutputStream:75 - [STDERR_REDIRECT] 
2026-04-12 22:52:52,016 [ERROR] LogOutputStream:75 - [STDERR_REDIRECT] [Fatal Error] :1:1: Premature end of file.
2026-04-12 22:52:52,016 [ERROR] LogOutputStream:75 - [STDERR_REDIRECT] 
2026-04-12 22:52:53,011 [ERROR] LogOutputStream:75 - [STDERR_REDIRECT] [Fatal Error] :1:1: Premature end of file.
2026-04-12 22:52:53,011 [ERROR] LogOutputStream:75 - [STDERR_REDIRECT] 
2026-04-12 22:52:54,015 [ERROR] LogOutputStream:75 - [STDERR_REDIRECT] [Fatal Error] :1:1: Premature end of file.
2026-04-12 22:52:54,015 [ERROR] LogOutputStream:75 - [STDERR_REDIRECT] 
2026-04-12 22:52:55,051 [ERROR] LogOutputStream:75 - [STDERR_REDIRECT] [Fatal Error] :1:1: Premature end of file.
2026-04-12 22:52:55,051 [ERROR] LogOutputStream:75 - [STDERR_REDIRECT] 
2026-04-12 22:52:56,026 [ERROR] LogOutputStream:75 - [STDERR_REDIRECT] [Fatal Error] :1:1: Premature end of file.
2026-04-12 22:52:56,026 [ERROR] LogOutputStream:75 - [STDERR_REDIRECT] 
2026-04-12 22:52:57,031 [ERROR] LogOutputStream:75 - [STDERR_REDIRECT] [Fatal Error] :1:1: Premature end of file.
2026-04-12 22:52:57,031 [ERROR] LogOutputStream:75 - [STDERR_REDIRECT] 
2026-04-12 22:52:58,021 [ERROR] LogOutputStream:75 - [STDERR_REDIRECT] [Fatal Error] :1:1: Premature end of file.
2026-04-12 22:52:58,022 [ERROR] LogOutputStream:75 - [STDERR_REDIRECT] 
2026-04-12 22:52:59,009 [ERROR] LogOutputStream:75 - [STDERR_REDIRECT] [Fatal Error] :1:1: Premature end of file.
2026-04-12 22:52:59,010 [ERROR] LogOutputStream:75 - [STDERR_REDIRECT] 
2026-04-12 22:53:00,004 [ERROR] LogOutputStream:75 - [STDERR_REDIRECT] [Fatal Error] :1:1: Premature end of file.
2026-04-12 22:53:00,058 [ERROR] LogOutputStream:75 - [STDERR_REDIRECT] 
2026-04-12 22:53:01,047 [ERROR] LogOutputStream:75 - [STDERR_REDIRECT] [Fatal Error] :1:1: Premature end of file.
2026-04-12 22:53:01,048 [ERROR] LogOutputStream:75 - [STDERR_REDIRECT] 
2026-04-12 22:53:02,047 [ERROR] LogOutputStream:75 - [STDERR_REDIRECT] [Fatal Error] :1:1: Premature end of file.
2026-04-12 22:53:02,047 [ERROR] LogOutputStream:75 - [STDERR_REDIRECT] 
2026-04-12 22:53:02,989 [ERROR] LogOutputStream:75 - [STDERR_REDIRECT] [Fatal Error] :1:1: Premature end of file.
2026-04-12 22:53:02,989 [ERROR] LogOutputStream:75 - [STDERR_REDIRECT] 
2026-04-12 22:53:03,992 [ERROR] LogOutputStream:75 - [STDERR_REDIRECT] [Fatal Error] :1:1: Premature end of file.
2026-04-12 22:53:03,992 [ERROR] LogOutputStream:75 - [STDERR_REDIRECT] 
2026-04-12 22:53:04,987 [ERROR] LogOutputStream:75 - [STDERR_REDIRECT] [Fatal Error] :1:1: Premature end of file.
2026-04-12 22:53:04,987 [ERROR] LogOutputStream:75 - [STDERR_REDIRECT] 
2026-04-12 22:53:05,988 [ERROR] LogOutputStream:75 - [STDERR_REDIRECT] [Fatal Error] :1:1: Premature end of file.
2026-04-12 22:53:05,988 [ERROR] LogOutputStream:75 - [STDERR_REDIRECT] 
2026-04-12 22:53:06,990 [ERROR] LogOutputStream:75 - [STDERR_REDIRECT] [Fatal Error] :1:1: Premature end of file.
2026-04-12 22:53:06,990 [ERROR] LogOutputStream:75 - [STDERR_REDIRECT] 
2026-04-12 22:53:07,989 [ERROR] LogOutputStream:75 - [STDERR_REDIRECT] [Fatal Error] :1:1: Premature end of file.
2026-04-12 22:53:07,989 [ERROR] LogOutputStream:75 - [STDERR_REDIRECT] 
2026-04-12 22:53:08,987 [ERROR] LogOutputStream:75 - [STDERR_REDIRECT] [Fatal Error] :1:1: Premature end of file.
2026-04-12 22:53:08,987 [ERROR] LogOutputStream:75 - [STDERR_REDIRECT] 
2026-04-12 22:53:09,987 [ERROR] LogOutputStream:75 - [STDERR_REDIRECT] [Fatal Error] :1:1: Premature end of file.
2026-04-12 22:53:09,987 [ERROR] LogOutputStream:75 - [STDERR_REDIRECT] 
2026-04-12 22:53:10,988 [ERROR] LogOutputStream:75 - [STDERR_REDIRECT] [Fatal Error] :1:1: Premature end of file.
2026-04-12 22:53:10,988 [ERROR] LogOutputStream:75 - [STDERR_REDIRECT] 
2026-04-12 22:53:11,988 [ERROR] LogOutputStream:75 - [STDERR_REDIRECT] [Fatal Error] :1:1: Premature end of file.
2026-04-12 22:53:11,988 [ERROR] LogOutputStream:75 - [STDERR_REDIRECT] 
2026-04-12 22:53:12,987 [ERROR] LogOutputStream:75 - [STDERR_REDIRECT] [Fatal Error] :1:1: Premature end of file.
2026-04-12 22:53:12,987 [ERROR] LogOutputStream:75 - [STDERR_REDIRECT] 
2026-04-12 22:53:13,988 [ERROR] LogOutputStream:75 - [STDERR_REDIRECT] [Fatal Error] :1:1: Premature end of file.
2026-04-12 22:53:13,988 [ERROR] LogOutputStream:75 - [STDERR_REDIRECT] 
2026-04-12 22:53:14,987 [ERROR] LogOutputStream:75 - [STDERR_REDIRECT] [Fatal Error] :1:1: Premature end of file.
2026-04-12 22:53:14,988 [ERROR] LogOutputStream:75 - [STDERR_REDIRECT] 
2026-04-12 22:53:15,987 [ERROR] LogOutputStream:75 - [STDERR_REDIRECT] [Fatal Error] :1:1: Premature end of file.
2026-04-12 22:53:15,988 [ERROR] LogOutputStream:75 - [STDERR_REDIRECT] 
2026-04-12 22:53:16,987 [ERROR] LogOutputStream:75 - [STDERR_REDIRECT] [Fatal Error] :1:1: Premature end of file.
2026-04-12 22:53:16,988 [ERROR] LogOutputStream:75 - [STDERR_REDIRECT] 
2026-04-12 22:53:17,995 [ERROR] LogOutputStream:75 - [STDERR_REDIRECT] [Fatal Error] :1:1: Premature end of file.
2026-04-12 22:53:17,996 [ERROR] LogOutputStream:75 - [STDERR_REDIRECT] 
2026-04-12 22:53:18,986 [ERROR] LogOutputStream:75 - [STDERR_REDIRECT] [Fatal Error] :1:1: Premature end of file.
2026-04-12 22:53:18,986 [ERROR] LogOutputStream:75 - [STDERR_REDIRECT] 
2026-04-12 22:53:19,991 [ERROR] LogOutputStream:75 - [STDERR_REDIRECT] [Fatal Error] :1:1: Premature end of file.
2026-04-12 22:53:19,991 [ERROR] LogOutputStream:75 - [STDERR_REDIRECT] 
2026-04-12 22:53:20,987 [ERROR] LogOutputStream:75 - [STDERR_REDIRECT] [Fatal Error] :1:1: Premature end of file.
2026-04-12 22:53:20,987 [ERROR] LogOutputStream:75 - [STDERR_REDIRECT] 
2026-04-12 22:53:21,988 [ERROR] LogOutputStream:75 - [STDERR_REDIRECT] [Fatal Error] :1:1: Premature end of file.
2026-04-12 22:53:21,988 [ERROR] LogOutputStream:75 - [STDERR_REDIRECT] 
2026-04-12 22:53:22,987 [ERROR] LogOutputStream:75 - [STDERR_REDIRECT] [Fatal Error] :1:1: Premature end of file.
2026-04-12 22:53:22,988 [ERROR] LogOutputStream:75 - [STDERR_REDIRECT] 
2026-04-12 22:53:23,988 [ERROR] LogOutputStream:75 - [STDERR_REDIRECT] [Fatal Error] :1:1: Premature end of file.
2026-04-12 22:53:23,988 [ERROR] LogOutputStream:75 - [STDERR_REDIRECT] 
2026-04-12 22:53:24,987 [ERROR] LogOutputStream:75 - [STDERR_REDIRECT] [Fatal Error] :1:1: Premature end of file.
2026-04-12 22:53:24,987 [ERROR] LogOutputStream:75 - [STDERR_REDIRECT] 
2026-04-12 22:53:25,988 [ERROR] LogOutputStream:75 - [STDERR_REDIRECT] [Fatal Error] :1:1: Premature end of file.
2026-04-12 22:53:25,989 [ERROR] LogOutputStream:75 - [STDERR_REDIRECT] 
2026-04-12 22:53:26,989 [ERROR] LogOutputStream:75 - [STDERR_REDIRECT] [Fatal Error] :1:1: Premature end of file.
2026-04-12 22:53:26,989 [ERROR] LogOutputStream:75 - [STDERR_REDIRECT] 
2026-04-12 22:53:27,987 [ERROR] LogOutputStream:75 - [STDERR_REDIRECT] [Fatal Error] :1:1: Premature end of file.
2026-04-12 22:53:27,988 [ERROR] LogOutputStream:75 - [STDERR_REDIRECT] 
2026-04-12 22:53:28,986 [ERROR] LogOutputStream:75 - [STDERR_REDIRECT] [Fatal Error] :1:1: Premature end of file.
2026-04-12 22:53:28,987 [ERROR] LogOutputStream:75 - [STDERR_REDIRECT] 
2026-04-12 22:53:29,987 [ERROR] LogOutputStream:75 - [STDERR_REDIRECT] [Fatal Error] :1:1: Premature end of file.
2026-04-12 22:53:29,988 [ERROR] LogOutputStream:75 - [STDERR_REDIRECT] 
2026-04-12 22:53:30,988 [ERROR] LogOutputStream:75 - [STDERR_REDIRECT] [Fatal Error] :1:1: Premature end of file.
2026-04-12 22:53:30,988 [ERROR] LogOutputStream:75 - [STDERR_REDIRECT] 
2026-04-12 22:53:31,988 [ERROR] LogOutputStream:75 - [STDERR_REDIRECT] [Fatal Error] :1:1: Premature end of file.
2026-04-12 22:53:31,988 [ERROR] LogOutputStream:75 - [STDERR_REDIRECT] 
2026-04-12 22:53:32,988 [ERROR] LogOutputStream:75 - [STDERR_REDIRECT] [Fatal Error] :1:1: Premature end of file.
2026-04-12 22:53:32,988 [ERROR] LogOutputStream:75 - [STDERR_REDIRECT] 
2026-04-12 22:53:33,987 [ERROR] LogOutputStream:75 - [STDERR_REDIRECT] [Fatal Error] :1:1: Premature end of file.
2026-04-12 22:53:33,987 [ERROR] LogOutputStream:75 - [STDERR_REDIRECT] 
2026-04-12 22:53:34,987 [ERROR] LogOutputStream:75 - [STDERR_REDIRECT] [Fatal Error] :1:1: Premature end of file.
2026-04-12 22:53:34,987 [ERROR] LogOutputStream:75 - [STDERR_REDIRECT] 
2026-04-12 22:53:35,987 [ERROR] LogOutputStream:75 - [STDERR_REDIRECT] [Fatal Error] :1:1: Premature end of file.
2026-04-12 22:53:35,988 [ERROR] LogOutputStream:75 - [STDERR_REDIRECT] 
2026-04-12 22:53:36,993 [ERROR] LogOutputStream:75 - [STDERR_REDIRECT] [Fatal Error] :1:1: Premature end of file.
2026-04-12 22:53:36,993 [ERROR] LogOutputStream:75 - [STDERR_REDIRECT] 
2026-04-12 22:53:37,990 [ERROR] LogOutputStream:75 - [STDERR_REDIRECT] [Fatal Error] :1:1: Premature end of file.
2026-04-12 22:53:37,990 [ERROR] LogOutputStream:75 - [STDERR_REDIRECT] 
2026-04-12 22:53:38,992 [ERROR] LogOutputStream:75 - [STDERR_REDIRECT] [Fatal Error] :1:1: Premature end of file.
2026-04-12 22:53:38,992 [ERROR] LogOutputStream:75 - [STDERR_REDIRECT] 
2026-04-12 22:53:39,986 [ERROR] LogOutputStream:75 - [STDERR_REDIRECT] [Fatal Error] :1:1: Premature end of file.
2026-04-12 22:53:39,986 [ERROR] LogOutputStream:75 - [STDERR_REDIRECT] 
2026-04-12 22:53:40,990 [ERROR] LogOutputStream:75 - [STDERR_REDIRECT] [Fatal Error] :1:1: Premature end of file.
2026-04-12 22:53:40,990 [ERROR] LogOutputStream:75 - [STDERR_REDIRECT] 
2026-04-12 22:53:41,987 [ERROR] LogOutputStream:75 - [STDERR_REDIRECT] [Fatal Error] :1:1: Premature end of file.
2026-04-12 22:53:41,987 [ERROR] LogOutputStream:75 - [STDERR_REDIRECT] 
2026-04-12 22:53:42,988 [ERROR] LogOutputStream:75 - [STDERR_REDIRECT] [Fatal Error] :1:1: Premature end of file.
2026-04-12 22:53:42,988 [ERROR] LogOutputStream:75 - [STDERR_REDIRECT] 
2026-04-12 22:53:43,990 [ERROR] LogOutputStream:75 - [STDERR_REDIRECT] [Fatal Error] :1:1: Premature end of file.
2026-04-12 22:53:43,990 [ERROR] LogOutputStream:75 - [STDERR_REDIRECT] 
2026-04-12 22:53:44,988 [ERROR] LogOutputStream:75 - [STDERR_REDIRECT] [Fatal Error] :1:1: Premature end of file.
2026-04-12 22:53:44,988 [ERROR] LogOutputStream:75 - [STDERR_REDIRECT] 
2026-04-12 22:53:45,989 [ERROR] LogOutputStream:75 - [STDERR_REDIRECT] [Fatal Error] :1:1: Premature end of file.
2026-04-12 22:53:45,989 [ERROR] LogOutputStream:75 - [STDERR_REDIRECT] 
2026-04-12 22:53:46,988 [ERROR] LogOutputStream:75 - [STDERR_REDIRECT] [Fatal Error] :1:1: Premature end of file.
2026-04-12 22:53:46,988 [ERROR] LogOutputStream:75 - [STDERR_REDIRECT] 
2026-04-12 22:53:47,986 [ERROR] LogOutputStream:75 - [STDERR_REDIRECT] [Fatal Error] :1:1: Premature end of file.
2026-04-12 22:53:47,986 [ERROR] LogOutputStream:75 - [STDERR_REDIRECT] 
2026-04-12 22:53:48,989 [ERROR] LogOutputStream:75 - [STDERR_REDIRECT] [Fatal Error] :1:1: Premature end of file.
2026-04-12 22:53:48,989 [ERROR] LogOutputStream:75 - [STDERR_REDIRECT] 
2026-04-12 22:53:49,996 [ERROR] LogOutputStream:75 - [STDERR_REDIRECT] [Fatal Error] :1:1: Premature end of file.
2026-04-12 22:53:49,997 [ERROR] LogOutputStream:75 - [STDERR_REDIRECT] 
2026-04-12 22:53:50,987 [ERROR] LogOutputStream:75 - [STDERR_REDIRECT] [Fatal Error] :1:1: Premature end of file.
2026-04-12 22:53:50,987 [ERROR] LogOutputStream:75 - [STDERR_REDIRECT] 
2026-04-12 22:53:51,988 [ERROR] LogOutputStream:75 - [STDERR_REDIRECT] [Fatal Error] :1:1: Premature end of file.
2026-04-12 22:53:51,989 [ERROR] LogOutputStream:75 - [STDERR_REDIRECT] 
2026-04-12 22:53:52,987 [ERROR] LogOutputStream:75 - [STDERR_REDIRECT] [Fatal Error] :1:1: Premature end of file.
2026-04-12 22:53:52,988 [ERROR] LogOutputStream:75 - [STDERR_REDIRECT] 
2026-04-12 22:53:53,989 [ERROR] LogOutputStream:75 - [STDERR_REDIRECT] [Fatal Error] :1:1: Premature end of file.
2026-04-12 22:53:53,989 [ERROR] LogOutputStream:75 - [STDERR_REDIRECT] 
2026-04-12 22:53:54,995 [ERROR] LogOutputStream:75 - [STDERR_REDIRECT] [Fatal Error] :1:1: Premature end of file.
2026-04-12 22:53:54,995 [ERROR] LogOutputStream:75 - [STDERR_REDIRECT] 
2026-04-12 22:53:55,990 [ERROR] LogOutputStream:75 - [STDERR_REDIRECT] [Fatal Error] :1:1: Premature end of file.
2026-04-12 22:53:55,991 [ERROR] LogOutputStream:75 - [STDERR_REDIRECT] 
2026-04-12 22:53:57,017 [ERROR] LogOutputStream:75 - [STDERR_REDIRECT] [Fatal Error] :1:1: Premature end of file.
2026-04-12 22:53:57,018 [ERROR] LogOutputStream:75 - [STDERR_REDIRECT] 
2026-04-12 22:53:58,026 [ERROR] LogOutputStream:75 - [STDERR_REDIRECT] [Fatal Error] :1:1: Premature end of file.
2026-04-12 22:53:58,028 [ERROR] LogOutputStream:75 - [STDERR_REDIRECT] 
2026-04-12 22:53:59,000 [ERROR] LogOutputStream:75 - [STDERR_REDIRECT] [Fatal Error] :1:1: Premature end of file.
2026-04-12 22:53:59,000 [ERROR] LogOutputStream:75 - [STDERR_REDIRECT] 
2026-04-12 22:54:00,017 [ERROR] LogOutputStream:75 - [STDERR_REDIRECT] [Fatal Error] :1:1: Premature end of file.
2026-04-12 22:54:00,017 [ERROR] LogOutputStream:75 - [STDERR_REDIRECT] 
2026-04-12 22:54:01,025 [ERROR] LogOutputStream:75 - [STDERR_REDIRECT] [Fatal Error] :1:1: Premature end of file.
2026-04-12 22:54:01,025 [ERROR] LogOutputStream:75 - [STDERR_REDIRECT] 
2026-04-12 22:54:02,048 [ERROR] LogOutputStream:75 - [STDERR_REDIRECT] [Fatal Error] :1:1: Premature end of file.
2026-04-12 22:54:02,048 [ERROR] LogOutputStream:75 - [STDERR_REDIRECT] 
2026-04-12 22:54:03,020 [ERROR] LogOutputStream:75 - [STDERR_REDIRECT] [Fatal Error] :1:1: Premature end of file.
2026-04-12 22:54:03,020 [ERROR] LogOutputStream:75 - [STDERR_REDIRECT] 
2026-04-12 22:54:04,002 [ERROR] LogOutputStream:75 - [STDERR_REDIRECT] [Fatal Error] :1:1: Premature end of file.
2026-04-12 22:54:04,003 [ERROR] LogOutputStream:75 - [STDERR_REDIRECT] 
2026-04-12 22:54:04,996 [ERROR] LogOutputStream:75 - [STDERR_REDIRECT] [Fatal Error] :1:1: Premature end of file.
2026-04-12 22:54:04,996 [ERROR] LogOutputStream:75 - [STDERR_REDIRECT] 
2026-04-12 22:54:05,997 [ERROR] LogOutputStream:75 - [STDERR_REDIRECT] [Fatal Error] :1:1: Premature end of file.
2026-04-12 22:54:05,998 [ERROR] LogOutputStream:75 - [STDERR_REDIRECT] 
2026-04-12 22:54:07,047 [ERROR] LogOutputStream:75 - [STDERR_REDIRECT] [Fatal Error] :1:1: Premature end of file.
2026-04-12 22:54:07,047 [ERROR] LogOutputStream:75 - [STDERR_REDIRECT] 
2026-04-12 22:54:07,999 [ERROR] LogOutputStream:75 - [STDERR_REDIRECT] [Fatal Error] :1:1: Premature end of file.
2026-04-12 22:54:08,000 [ERROR] LogOutputStream:75 - [STDERR_REDIRECT] 
2026-04-12 22:54:08,999 [ERROR] LogOutputStream:75 - [STDERR_REDIRECT] [Fatal Error] :1:1: Premature end of file.
2026-04-12 22:54:08,999 [ERROR] LogOutputStream:75 - [STDERR_REDIRECT] 
2026-04-12 22:54:09,995 [ERROR] LogOutputStream:75 - [STDERR_REDIRECT] [Fatal Error] :1:1: Premature end of file.
2026-04-12 22:54:09,995 [ERROR] LogOutputStream:75 - [STDERR_REDIRECT] 
2026-04-12 22:54:11,008 [ERROR] LogOutputStream:75 - [STDERR_REDIRECT] [Fatal Error] :1:1: Premature end of file.
2026-04-12 22:54:11,008 [ERROR] LogOutputStream:75 - [STDERR_REDIRECT] 
2026-04-12 22:54:12,018 [ERROR] LogOutputStream:75 - [STDERR_REDIRECT] [Fatal Error] :1:1: Premature end of file.
2026-04-12 22:54:12,018 [ERROR] LogOutputStream:75 - [STDERR_REDIRECT] 
2026-04-12 22:54:13,000 [ERROR] LogOutputStream:75 - [STDERR_REDIRECT] [Fatal Error] :1:1: Premature end of file.
2026-04-12 22:54:13,000 [ERROR] LogOutputStream:75 - [STDERR_REDIRECT] 
2026-04-12 22:54:13,998 [ERROR] LogOutputStream:75 - [STDERR_REDIRECT] [Fatal Error] :1:1: Premature end of file.
2026-04-12 22:54:13,998 [ERROR] LogOutputStream:75 - [STDERR_REDIRECT] 
2026-04-12 22:54:15,001 [ERROR] LogOutputStream:75 - [STDERR_REDIRECT] [Fatal Error] :1:1: Premature end of file.
2026-04-12 22:54:15,001 [ERROR] LogOutputStream:75 - [STDERR_REDIRECT] 
2026-04-12 22:54:15,998 [ERROR] LogOutputStream:75 - [STDERR_REDIRECT] [Fatal Error] :1:1: Premature end of file.
2026-04-12 22:54:15,998 [ERROR] LogOutputStream:75 - [STDERR_REDIRECT] 
2026-04-12 22:54:17,065 [ERROR] LogOutputStream:75 - [STDERR_REDIRECT] [Fatal Error] :1:1: Premature end of file.
2026-04-12 22:54:17,066 [ERROR] LogOutputStream:75 - [STDERR_REDIRECT] 
2026-04-12 22:54:18,003 [ERROR] LogOutputStream:75 - [STDERR_REDIRECT] [Fatal Error] :1:1: Premature end of file.
2026-04-12 22:54:18,003 [ERROR] LogOutputStream:75 - [STDERR_REDIRECT] 
2026-04-12 22:54:19,008 [ERROR] LogOutputStream:75 - [STDERR_REDIRECT] [Fatal Error] :1:1: Premature end of file.
2026-04-12 22:54:19,008 [ERROR] LogOutputStream:75 - [STDERR_REDIRECT] 
2026-04-12 22:54:20,000 [ERROR] LogOutputStream:75 - [STDERR_REDIRECT] [Fatal Error] :1:1: Premature end of file.
2026-04-12 22:54:20,001 [ERROR] LogOutputStream:75 - [STDERR_REDIRECT] 
2026-04-12 22:54:20,998 [ERROR] LogOutputStream:75 - [STDERR_REDIRECT] [Fatal Error] :1:1: Premature end of file.
2026-04-12 22:54:20,998 [ERROR] LogOutputStream:75 - [STDERR_REDIRECT] 
2026-04-12 22:54:22,000 [ERROR] LogOutputStream:75 - [STDERR_REDIRECT] [Fatal Error] :1:1: Premature end of file.
2026-04-12 22:54:22,000 [ERROR] LogOutputStream:75 - [STDERR_REDIRECT] 
2026-04-12 22:54:22,996 [ERROR] LogOutputStream:75 - [STDERR_REDIRECT] [Fatal Error] :1:1: Premature end of file.
2026-04-12 22:54:22,996 [ERROR] LogOutputStream:75 - [STDERR_REDIRECT] 
2026-04-12 22:54:24,009 [ERROR] LogOutputStream:75 - [STDERR_REDIRECT] [Fatal Error] :1:1: Premature end of file.
2026-04-12 22:54:24,009 [ERROR] LogOutputStream:75 - [STDERR_REDIRECT] 
2026-04-12 22:54:25,005 [ERROR] LogOutputStream:75 - [STDERR_REDIRECT] [Fatal Error] :1:1: Premature end of file.
2026-04-12 22:54:25,005 [ERROR] LogOutputStream:75 - [STDERR_REDIRECT] 
2026-04-12 22:54:25,994 [ERROR] LogOutputStream:75 - [STDERR_REDIRECT] [Fatal Error] :1:1: Premature end of file.
2026-04-12 22:54:25,995 [ERROR] LogOutputStream:75 - [STDERR_REDIRECT] 
2026-04-12 22:54:26,995 [ERROR] LogOutputStream:75 - [STDERR_REDIRECT] [Fatal Error] :1:1: Premature end of file.
2026-04-12 22:54:26,996 [ERROR] LogOutputStream:75 - [STDERR_REDIRECT] 
2026-04-12 22:54:27,995 [ERROR] LogOutputStream:75 - [STDERR_REDIRECT] [Fatal Error] :1:1: Premature end of file.
2026-04-12 22:54:27,995 [ERROR] LogOutputStream:75 - [STDERR_REDIRECT] 
2026-04-12 22:54:29,001 [ERROR] LogOutputStream:75 - [STDERR_REDIRECT] [Fatal Error] :1:1: Premature end of file.
2026-04-12 22:54:29,002 [ERROR] LogOutputStream:75 - [STDERR_REDIRECT] 
2026-04-12 22:54:30,001 [ERROR] LogOutputStream:75 - [STDERR_REDIRECT] [Fatal Error] :1:1: Premature end of file.
2026-04-12 22:54:30,001 [ERROR] LogOutputStream:75 - [STDERR_REDIRECT] 
2026-04-12 22:54:31,002 [ERROR] LogOutputStream:75 - [STDERR_REDIRECT] [Fatal Error] :1:1: Premature end of file.
2026-04-12 22:54:31,002 [ERROR] LogOutputStream:75 - [STDERR_REDIRECT] 
2026-04-12 22:54:31,999 [ERROR] LogOutputStream:75 - [STDERR_REDIRECT] [Fatal Error] :1:1: Premature end of file.
2026-04-12 22:54:31,999 [ERROR] LogOutputStream:75 - [STDERR_REDIRECT] 
2026-04-12 22:54:32,997 [ERROR] LogOutputStream:75 - [STDERR_REDIRECT] [Fatal Error] :1:1: Premature end of file.
2026-04-12 22:54:32,998 [ERROR] LogOutputStream:75 - [STDERR_REDIRECT] 
2026-04-12 22:54:33,998 [ERROR] LogOutputStream:75 - [STDERR_REDIRECT] [Fatal Error] :1:1: Premature end of file.
2026-04-12 22:54:33,998 [ERROR] LogOutputStream:75 - [STDERR_REDIRECT] 
2026-04-12 22:54:35,000 [ERROR] LogOutputStream:75 - [STDERR_REDIRECT] [Fatal Error] :1:1: Premature end of file.
2026-04-12 22:54:35,000 [ERROR] LogOutputStream:75 - [STDERR_REDIRECT] 
2026-04-12 22:54:36,002 [ERROR] LogOutputStream:75 - [STDERR_REDIRECT] [Fatal Error] :1:1: Premature end of file.
2026-04-12 22:54:36,002 [ERROR] LogOutputStream:75 - [STDERR_REDIRECT] 
2026-04-12 22:54:36,997 [ERROR] LogOutputStream:75 - [STDERR_REDIRECT] [Fatal Error] :1:1: Premature end of file.
2026-04-12 22:54:36,997 [ERROR] LogOutputStream:75 - [STDERR_REDIRECT] 
2026-04-12 22:54:38,080 [ERROR] LogOutputStream:75 - [STDERR_REDIRECT] [Fatal Error] :1:1: Premature end of file.
2026-04-12 22:54:38,115 [ERROR] LogOutputStream:75 - [STDERR_REDIRECT] 
2026-04-12 22:54:39,000 [ERROR] LogOutputStream:75 - [STDERR_REDIRECT] [Fatal Error] :1:1: Premature end of file.
2026-04-12 22:54:39,000 [ERROR] LogOutputStream:75 - [STDERR_REDIRECT] 
2026-04-12 22:54:39,996 [ERROR] LogOutputStream:75 - [STDERR_REDIRECT] [Fatal Error] :1:1: Premature end of file.
2026-04-12 22:54:39,997 [ERROR] LogOutputStream:75 - [STDERR_REDIRECT] 
2026-04-12 22:54:41,001 [ERROR] LogOutputStream:75 - [STDERR_REDIRECT] [Fatal Error] :1:1: Premature end of file.
2026-04-12 22:54:41,002 [ERROR] LogOutputStream:75 - [STDERR_REDIRECT] 
2026-04-12 22:54:42,000 [ERROR] LogOutputStream:75 - [STDERR_REDIRECT] [Fatal Error] :1:1: Premature end of file.
2026-04-12 22:54:42,000 [ERROR] LogOutputStream:75 - [STDERR_REDIRECT] 
2026-04-12 22:54:42,999 [ERROR] LogOutputStream:75 - [STDERR_REDIRECT] [Fatal Error] :1:1: Premature end of file.
2026-04-12 22:54:42,999 [ERROR] LogOutputStream:75 - [STDERR_REDIRECT] 
2026-04-12 22:54:43,996 [ERROR] LogOutputStream:75 - [STDERR_REDIRECT] [Fatal Error] :1:1: Premature end of file.
2026-04-12 22:54:43,996 [ERROR] LogOutputStream:75 - [STDERR_REDIRECT] 
2026-04-12 22:54:44,995 [ERROR] LogOutputStream:75 - [STDERR_REDIRECT] [Fatal Error] :1:1: Premature end of file.
2026-04-12 22:54:44,996 [ERROR] LogOutputStream:75 - [STDERR_REDIRECT] 
2026-04-12 22:54:46,002 [ERROR] LogOutputStream:75 - [STDERR_REDIRECT] [Fatal Error] :1:1: Premature end of file.
2026-04-12 22:54:46,002 [ERROR] LogOutputStream:75 - [STDERR_REDIRECT] 
2026-04-12 22:54:47,095 [ERROR] LogOutputStream:75 - [STDERR_REDIRECT] [Fatal Error] :1:1: Premature end of file.
2026-04-12 22:54:47,096 [ERROR] LogOutputStream:75 - [STDERR_REDIRECT] 
2026-04-12 22:54:48,157 [ERROR] LogOutputStream:75 - [STDERR_REDIRECT] [Fatal Error] :1:1: Premature end of file.
2026-04-12 22:54:48,158 [ERROR] LogOutputStream:75 - [STDERR_REDIRECT] 
2026-04-12 22:54:49,696 [ERROR] LogOutputStream:75 - [STDERR_REDIRECT] [Fatal Error] :1:1: Premature end of file.
2026-04-12 22:54:49,696 [ERROR] LogOutputStream:75 - [STDERR_REDIRECT] 
2026-04-12 22:54:50,208 [ERROR] LogOutputStream:75 - [STDERR_REDIRECT] [Fatal Error] :1:1: Premature end of file.
2026-04-12 22:54:50,210 [ERROR] LogOutputStream:75 - [STDERR_REDIRECT] 
2026-04-12 22:54:51,151 [ERROR] LogOutputStream:75 - [STDERR_REDIRECT] [Fatal Error] :1:1: Premature end of file.
2026-04-12 22:54:51,152 [ERROR] LogOutputStream:75 - [STDERR_REDIRECT] 
2026-04-12 22:54:52,037 [ERROR] LogOutputStream:75 - [STDERR_REDIRECT] [Fatal Error] :1:1: Premature end of file.
2026-04-12 22:54:52,037 [ERROR] LogOutputStream:75 - [STDERR_REDIRECT] 
2026-04-12 22:54:53,029 [ERROR] LogOutputStream:75 - [STDERR_REDIRECT] [Fatal Error] :1:1: Premature end of file.
2026-04-12 22:54:53,029 [ERROR] LogOutputStream:75 - [STDERR_REDIRECT] 
2026-04-12 22:54:53,990 [ERROR] LogOutputStream:75 - [STDERR_REDIRECT] [Fatal Error] :1:1: Premature end of file.
2026-04-12 22:54:53,990 [ERROR] LogOutputStream:75 - [STDERR_REDIRECT] 
2026-04-12 22:54:54,995 [ERROR] LogOutputStream:75 - [STDERR_REDIRECT] [Fatal Error] :1:1: Premature end of file.
2026-04-12 22:54:54,996 [ERROR] LogOutputStream:75 - [STDERR_REDIRECT] 
2026-04-12 22:54:55,991 [ERROR] LogOutputStream:75 - [STDERR_REDIRECT] [Fatal Error] :1:1: Premature end of file.
2026-04-12 22:54:55,991 [ERROR] LogOutputStream:75 - [STDERR_REDIRECT] 
2026-04-12 22:54:56,990 [ERROR] LogOutputStream:75 - [STDERR_REDIRECT] [Fatal Error] :1:1: Premature end of file.
2026-04-12 22:54:56,990 [ERROR] LogOutputStream:75 - [STDERR_REDIRECT] 
2026-04-12 22:54:57,993 [ERROR] LogOutputStream:75 - [STDERR_REDIRECT] [Fatal Error] :1:1: Premature end of file.
2026-04-12 22:54:57,993 [ERROR] LogOutputStream:75 - [STDERR_REDIRECT] 
2026-04-12 22:54:58,992 [ERROR] LogOutputStream:75 - [STDERR_REDIRECT] [Fatal Error] :1:1: Premature end of file.
2026-04-12 22:54:58,992 [ERROR] LogOutputStream:75 - [STDERR_REDIRECT] 
2026-04-12 22:54:59,990 [ERROR] LogOutputStream:75 - [STDERR_REDIRECT] [Fatal Error] :1:1: Premature end of file.
2026-04-12 22:54:59,990 [ERROR] LogOutputStream:75 - [STDERR_REDIRECT] 
2026-04-12 22:55:00,997 [ERROR] LogOutputStream:75 - [STDERR_REDIRECT] [Fatal Error] :1:1: Premature end of file.
2026-04-12 22:55:00,997 [ERROR] LogOutputStream:75 - [STDERR_REDIRECT] 
2026-04-12 22:55:01,990 [ERROR] LogOutputStream:75 - [STDERR_REDIRECT] [Fatal Error] :1:1: Premature end of file.
2026-04-12 22:55:01,990 [ERROR] LogOutputStream:75 - [STDERR_REDIRECT] 
2026-04-12 22:55:02,992 [ERROR] LogOutputStream:75 - [STDERR_REDIRECT] [Fatal Error] :1:1: Premature end of file.
2026-04-12 22:55:02,992 [ERROR] LogOutputStream:75 - [STDERR_REDIRECT] 
2026-04-12 22:55:03,997 [ERROR] LogOutputStream:75 - [STDERR_REDIRECT] [Fatal Error] :1:1: Premature end of file.
2026-04-12 22:55:03,997 [ERROR] LogOutputStream:75 - [STDERR_REDIRECT] 
2026-04-12 22:55:04,990 [ERROR] LogOutputStream:75 - [STDERR_REDIRECT] [Fatal Error] :1:1: Premature end of file.
2026-04-12 22:55:04,990 [ERROR] LogOutputStream:75 - [STDERR_REDIRECT] 
2026-04-12 22:55:05,991 [ERROR] LogOutputStream:75 - [STDERR_REDIRECT] [Fatal Error] :1:1: Premature end of file.
2026-04-12 22:55:05,991 [ERROR] LogOutputStream:75 - [STDERR_REDIRECT] 
2026-04-12 22:55:06,988 [ERROR] LogOutputStream:75 - [STDERR_REDIRECT] [Fatal Error] :1:1: Premature end of file.
2026-04-12 22:55:06,988 [ERROR] LogOutputStream:75 - [STDERR_REDIRECT] 
2026-04-12 22:55:07,993 [ERROR] LogOutputStream:75 - [STDERR_REDIRECT] [Fatal Error] :1:1: Premature end of file.
2026-04-12 22:55:07,993 [ERROR] LogOutputStream:75 - [STDERR_REDIRECT] 
2026-04-12 22:55:08,989 [ERROR] LogOutputStream:75 - [STDERR_REDIRECT] [Fatal Error] :1:1: Premature end of file.
2026-04-12 22:55:08,990 [ERROR] LogOutputStream:75 - [STDERR_REDIRECT] 
2026-04-12 22:55:09,989 [ERROR] LogOutputStream:75 - [STDERR_REDIRECT] [Fatal Error] :1:1: Premature end of file.
2026-04-12 22:55:09,989 [ERROR] LogOutputStream:75 - [STDERR_REDIRECT] 
2026-04-12 22:55:10,992 [ERROR] LogOutputStream:75 - [STDERR_REDIRECT] [Fatal Error] :1:1: Premature end of file.
2026-04-12 22:55:10,992 [ERROR] LogOutputStream:75 - [STDERR_REDIRECT] 
2026-04-12 22:55:11,990 [ERROR] LogOutputStream:75 - [STDERR_REDIRECT] [Fatal Error] :1:1: Premature end of file.
2026-04-12 22:55:11,990 [ERROR] LogOutputStream:75 - [STDERR_REDIRECT] 
2026-04-12 22:55:12,993 [ERROR] LogOutputStream:75 - [STDERR_REDIRECT] [Fatal Error] :1:1: Premature end of file.
2026-04-12 22:55:12,993 [ERROR] LogOutputStream:75 - [STDERR_REDIRECT] 
2026-04-12 22:55:13,988 [ERROR] LogOutputStream:75 - [STDERR_REDIRECT] [Fatal Error] :1:1: Premature end of file.
2026-04-12 22:55:13,988 [ERROR] LogOutputStream:75 - [STDERR_REDIRECT] 
2026-04-12 22:55:15,001 [ERROR] LogOutputStream:75 - [STDERR_REDIRECT] [Fatal Error] :1:1: Premature end of file.
2026-04-12 22:55:15,001 [ERROR] LogOutputStream:75 - [STDERR_REDIRECT] 
2026-04-12 22:55:16,004 [ERROR] LogOutputStream:75 - [STDERR_REDIRECT] [Fatal Error] :1:1: Premature end of file.
2026-04-12 22:55:16,005 [ERROR] LogOutputStream:75 - [STDERR_REDIRECT] 
2026-04-12 22:55:16,998 [ERROR] LogOutputStream:75 - [STDERR_REDIRECT] [Fatal Error] :1:1: Premature end of file.
2026-04-12 22:55:16,998 [ERROR] LogOutputStream:75 - [STDERR_REDIRECT] 
2026-04-12 22:55:17,991 [ERROR] LogOutputStream:75 - [STDERR_REDIRECT] [Fatal Error] :1:1: Premature end of file.
2026-04-12 22:55:17,991 [ERROR] LogOutputStream:75 - [STDERR_REDIRECT] 
2026-04-12 22:55:18,990 [ERROR] LogOutputStream:75 - [STDERR_REDIRECT] [Fatal Error] :1:1: Premature end of file.
2026-04-12 22:55:18,990 [ERROR] LogOutputStream:75 - [STDERR_REDIRECT] 
2026-04-12 22:55:19,992 [ERROR] LogOutputStream:75 - [STDERR_REDIRECT] [Fatal Error] :1:1: Premature end of file.
2026-04-12 22:55:19,992 [ERROR] LogOutputStream:75 - [STDERR_REDIRECT] 
2026-04-12 22:55:20,991 [ERROR] LogOutputStream:75 - [STDERR_REDIRECT] [Fatal Error] :1:1: Premature end of file.
2026-04-12 22:55:20,991 [ERROR] LogOutputStream:75 - [STDERR_REDIRECT] 
2026-04-12 22:55:21,992 [ERROR] LogOutputStream:75 - [STDERR_REDIRECT] [Fatal Error] :1:1: Premature end of file.
2026-04-12 22:55:21,992 [ERROR] LogOutputStream:75 - [STDERR_REDIRECT] 
2026-04-12 22:55:22,989 [ERROR] LogOutputStream:75 - [STDERR_REDIRECT] [Fatal Error] :1:1: Premature end of file.
2026-04-12 22:55:22,989 [ERROR] LogOutputStream:75 - [STDERR_REDIRECT] 
2026-04-12 22:55:24,030 [ERROR] LogOutputStream:75 - [STDERR_REDIRECT] [Fatal Error] :1:1: Premature end of file.
2026-04-12 22:55:24,030 [ERROR] LogOutputStream:75 - [STDERR_REDIRECT] 
2026-04-12 22:55:24,989 [ERROR] LogOutputStream:75 - [STDERR_REDIRECT] [Fatal Error] :1:1: Premature end of file.
2026-04-12 22:55:24,989 [ERROR] LogOutputStream:75 - [STDERR_REDIRECT] 
2026-04-12 22:55:25,988 [ERROR] LogOutputStream:75 - [STDERR_REDIRECT] [Fatal Error] :1:1: Premature end of file.
2026-04-12 22:55:25,989 [ERROR] LogOutputStream:75 - [STDERR_REDIRECT] 
2026-04-12 22:55:26,990 [ERROR] LogOutputStream:75 - [STDERR_REDIRECT] [Fatal Error] :1:1: Premature end of file.
2026-04-12 22:55:26,990 [ERROR] LogOutputStream:75 - [STDERR_REDIRECT] 
2026-04-12 22:55:27,989 [ERROR] LogOutputStream:75 - [STDERR_REDIRECT] [Fatal Error] :1:1: Premature end of file.
2026-04-12 22:55:27,989 [ERROR] LogOutputStream:75 - [STDERR_REDIRECT] 
2026-04-12 22:55:28,990 [ERROR] LogOutputStream:75 - [STDERR_REDIRECT] [Fatal Error] :1:1: Premature end of file.
2026-04-12 22:55:28,990 [ERROR] LogOutputStream:75 - [STDERR_REDIRECT] 
2026-04-12 22:55:29,990 [ERROR] LogOutputStream:75 - [STDERR_REDIRECT] [Fatal Error] :1:1: Premature end of file.
2026-04-12 22:55:29,990 [ERROR] LogOutputStream:75 - [STDERR_REDIRECT] 
2026-04-12 22:55:30,990 [ERROR] LogOutputStream:75 - [STDERR_REDIRECT] [Fatal Error] :1:1: Premature end of file.
2026-04-12 22:55:30,991 [ERROR] LogOutputStream:75 - [STDERR_REDIRECT] 
2026-04-12 22:55:32,003 [ERROR] LogOutputStream:75 - [STDERR_REDIRECT] [Fatal Error] :1:1: Premature end of file.
2026-04-12 22:55:32,004 [ERROR] LogOutputStream:75 - [STDERR_REDIRECT] 
2026-04-12 22:55:32,999 [ERROR] LogOutputStream:75 - [STDERR_REDIRECT] [Fatal Error] :1:1: Premature end of file.
2026-04-12 22:55:32,999 [ERROR] LogOutputStream:75 - [STDERR_REDIRECT] 
2026-04-12 22:55:33,988 [ERROR] LogOutputStream:75 - [STDERR_REDIRECT] [Fatal Error] :1:1: Premature end of file.
2026-04-12 22:55:33,988 [ERROR] LogOutputStream:75 - [STDERR_REDIRECT] 
2026-04-12 22:55:34,988 [ERROR] LogOutputStream:75 - [STDERR_REDIRECT] [Fatal Error] :1:1: Premature end of file.
2026-04-12 22:55:34,989 [ERROR] LogOutputStream:75 - [STDERR_REDIRECT] 
2026-04-12 22:55:36,028 [ERROR] LogOutputStream:75 - [STDERR_REDIRECT] [Fatal Error] :1:1: Premature end of file.
2026-04-12 22:55:36,029 [ERROR] LogOutputStream:75 - [STDERR_REDIRECT] 
2026-04-12 22:55:36,989 [ERROR] LogOutputStream:75 - [STDERR_REDIRECT] [Fatal Error] :1:1: Premature end of file.
2026-04-12 22:55:36,989 [ERROR] LogOutputStream:75 - [STDERR_REDIRECT] 
2026-04-12 22:55:37,990 [ERROR] LogOutputStream:75 - [STDERR_REDIRECT] [Fatal Error] :1:1: Premature end of file.
2026-04-12 22:55:37,990 [ERROR] LogOutputStream:75 - [STDERR_REDIRECT] 
2026-04-12 22:55:38,989 [ERROR] LogOutputStream:75 - [STDERR_REDIRECT] [Fatal Error] :1:1: Premature end of file.
2026-04-12 22:55:38,990 [ERROR] LogOutputStream:75 - [STDERR_REDIRECT] 
2026-04-12 22:55:39,991 [ERROR] LogOutputStream:75 - [STDERR_REDIRECT] [Fatal Error] :1:1: Premature end of file.
2026-04-12 22:55:39,991 [ERROR] LogOutputStream:75 - [STDERR_REDIRECT] 
2026-04-12 22:55:40,991 [ERROR] LogOutputStream:75 - [STDERR_REDIRECT] [Fatal Error] :1:1: Premature end of file.
2026-04-12 22:55:40,991 [ERROR] LogOutputStream:75 - [STDERR_REDIRECT] 
2026-04-12 22:55:41,989 [ERROR] LogOutputStream:75 - [STDERR_REDIRECT] [Fatal Error] :1:1: Premature end of file.
2026-04-12 22:55:41,990 [ERROR] LogOutputStream:75 - [STDERR_REDIRECT] 
2026-04-12 22:55:42,989 [ERROR] LogOutputStream:75 - [STDERR_REDIRECT] [Fatal Error] :1:1: Premature end of file.
2026-04-12 22:55:42,989 [ERROR] LogOutputStream:75 - [STDERR_REDIRECT] 
2026-04-12 22:55:43,989 [ERROR] LogOutputStream:75 - [STDERR_REDIRECT] [Fatal Error] :1:1: Premature end of file.
2026-04-12 22:55:43,989 [ERROR] LogOutputStream:75 - [STDERR_REDIRECT] 
2026-04-12 22:55:44,991 [ERROR] LogOutputStream:75 - [STDERR_REDIRECT] [Fatal Error] :1:1: Premature end of file.
2026-04-12 22:55:44,992 [ERROR] LogOutputStream:75 - [STDERR_REDIRECT] 
2026-04-12 22:55:45,988 [ERROR] LogOutputStream:75 - [STDERR_REDIRECT] [Fatal Error] :1:1: Premature end of file.
2026-04-12 22:55:45,988 [ERROR] LogOutputStream:75 - [STDERR_REDIRECT] 
2026-04-12 22:55:46,990 [ERROR] LogOutputStream:75 - [STDERR_REDIRECT] [Fatal Error] :1:1: Premature end of file.
2026-04-12 22:55:46,990 [ERROR] LogOutputStream:75 - [STDERR_REDIRECT] 
2026-04-12 22:55:47,990 [ERROR] LogOutputStream:75 - [STDERR_REDIRECT] [Fatal Error] :1:1: Premature end of file.
2026-04-12 22:55:47,990 [ERROR] LogOutputStream:75 - [STDERR_REDIRECT] 
2026-04-12 22:55:48,997 [ERROR] LogOutputStream:75 - [STDERR_REDIRECT] [Fatal Error] :1:1: Premature end of file.
2026-04-12 22:55:48,997 [ERROR] LogOutputStream:75 - [STDERR_REDIRECT] 
2026-04-12 22:55:49,989 [ERROR] LogOutputStream:75 - [STDERR_REDIRECT] [Fatal Error] :1:1: Premature end of file.
2026-04-12 22:55:49,989 [ERROR] LogOutputStream:75 - [STDERR_REDIRECT] 
2026-04-12 22:55:50,990 [ERROR] LogOutputStream:75 - [STDERR_REDIRECT] [Fatal Error] :1:1: Premature end of file.
2026-04-12 22:55:50,991 [ERROR] LogOutputStream:75 - [STDERR_REDIRECT] 
2026-04-12 22:55:52,020 [ERROR] LogOutputStream:75 - [STDERR_REDIRECT] [Fatal Error] :1:1: Premature end of file.
2026-04-12 22:55:52,020 [ERROR] LogOutputStream:75 - [STDERR_REDIRECT] 
2026-04-12 22:55:52,990 [ERROR] LogOutputStream:75 - [STDERR_REDIRECT] [Fatal Error] :1:1: Premature end of file.
2026-04-12 22:55:52,991 [ERROR] LogOutputStream:75 - [STDERR_REDIRECT] 
2026-04-12 22:55:53,989 [ERROR] LogOutputStream:75 - [STDERR_REDIRECT] [Fatal Error] :1:1: Premature end of file.
2026-04-12 22:55:53,990 [ERROR] LogOutputStream:75 - [STDERR_REDIRECT] 
2026-04-12 22:55:54,991 [ERROR] LogOutputStream:75 - [STDERR_REDIRECT] [Fatal Error] :1:1: Premature end of file.
2026-04-12 22:55:54,991 [ERROR] LogOutputStream:75 - [STDERR_REDIRECT] 
2026-04-12 22:55:55,988 [ERROR] LogOutputStream:75 - [STDERR_REDIRECT] [Fatal Error] :1:1: Premature end of file.
2026-04-12 22:55:55,989 [ERROR] LogOutputStream:75 - [STDERR_REDIRECT] 
2026-04-12 22:55:56,991 [ERROR] LogOutputStream:75 - [STDERR_REDIRECT] [Fatal Error] :1:1: Premature end of file.
2026-04-12 22:55:56,992 [ERROR] LogOutputStream:75 - [STDERR_REDIRECT] 
2026-04-12 22:55:57,990 [ERROR] LogOutputStream:75 - [STDERR_REDIRECT] [Fatal Error] :1:1: Premature end of file.
2026-04-12 22:55:57,990 [ERROR] LogOutputStream:75 - [STDERR_REDIRECT] 
2026-04-12 22:55:58,990 [ERROR] LogOutputStream:75 - [STDERR_REDIRECT] [Fatal Error] :1:1: Premature end of file.
2026-04-12 22:55:58,991 [ERROR] LogOutputStream:75 - [STDERR_REDIRECT] 
2026-04-12 22:55:59,991 [ERROR] LogOutputStream:75 - [STDERR_REDIRECT] [Fatal Error] :1:1: Premature end of file.
2026-04-12 22:55:59,991 [ERROR] LogOutputStream:75 - [STDERR_REDIRECT] 
2026-04-12 22:56:00,992 [ERROR] LogOutputStream:75 - [STDERR_REDIRECT] [Fatal Error] :1:1: Premature end of file.
2026-04-12 22:56:00,992 [ERROR] LogOutputStream:75 - [STDERR_REDIRECT] 
2026-04-12 22:56:01,989 [ERROR] LogOutputStream:75 - [STDERR_REDIRECT] [Fatal Error] :1:1: Premature end of file.
2026-04-12 22:56:01,989 [ERROR] LogOutputStream:75 - [STDERR_REDIRECT] 
2026-04-12 22:56:02,990 [ERROR] LogOutputStream:75 - [STDERR_REDIRECT] [Fatal Error] :1:1: Premature end of file.
2026-04-12 22:56:02,990 [ERROR] LogOutputStream:75 - [STDERR_REDIRECT] 
2026-04-12 22:56:03,989 [ERROR] LogOutputStream:75 - [STDERR_REDIRECT] [Fatal Error] :1:1: Premature end of file.
2026-04-12 22:56:03,990 [ERROR] LogOutputStream:75 - [STDERR_REDIRECT] 
2026-04-12 22:56:04,989 [ERROR] LogOutputStream:75 - [STDERR_REDIRECT] [Fatal Error] :1:1: Premature end of file.
2026-04-12 22:56:04,990 [ERROR] LogOutputStream:75 - [STDERR_REDIRECT] 
2026-04-12 22:56:05,989 [ERROR] LogOutputStream:75 - [STDERR_REDIRECT] [Fatal Error] :1:1: Premature end of file.
2026-04-12 22:56:05,990 [ERROR] LogOutputStream:75 - [STDERR_REDIRECT] 
2026-04-12 22:56:06,990 [ERROR] LogOutputStream:75 - [STDERR_REDIRECT] [Fatal Error] :1:1: Premature end of file.
2026-04-12 22:56:06,990 [ERROR] LogOutputStream:75 - [STDERR_REDIRECT] 
2026-04-12 22:56:07,992 [ERROR] LogOutputStream:75 - [STDERR_REDIRECT] [Fatal Error] :1:1: Premature end of file.
2026-04-12 22:56:07,992 [ERROR] LogOutputStream:75 - [STDERR_REDIRECT] 
2026-04-12 22:56:09,013 [ERROR] LogOutputStream:75 - [STDERR_REDIRECT] [Fatal Error] :1:1: Premature end of file.
2026-04-12 22:56:09,014 [ERROR] LogOutputStream:75 - [STDERR_REDIRECT] 
2026-04-12 22:56:09,989 [ERROR] LogOutputStream:75 - [STDERR_REDIRECT] [Fatal Error] :1:1: Premature end of file.
2026-04-12 22:56:09,990 [ERROR] LogOutputStream:75 - [STDERR_REDIRECT] 
2026-04-12 22:56:11,170 [ERROR] LogOutputStream:75 - [STDERR_REDIRECT] [Fatal Error] :1:1: Premature end of file.
2026-04-12 22:56:11,170 [ERROR] LogOutputStream:75 - [STDERR_REDIRECT] 
2026-04-12 22:56:11,989 [ERROR] LogOutputStream:75 - [STDERR_REDIRECT] [Fatal Error] :1:1: Premature end of file.
2026-04-12 22:56:11,990 [ERROR] LogOutputStream:75 - [STDERR_REDIRECT] 
2026-04-12 22:56:12,989 [ERROR] LogOutputStream:75 - [STDERR_REDIRECT] [Fatal Error] :1:1: Premature end of file.
2026-04-12 22:56:12,989 [ERROR] LogOutputStream:75 - [STDERR_REDIRECT] 
2026-04-12 22:56:14,099 [ERROR] LogOutputStream:75 - [STDERR_REDIRECT] [Fatal Error] :1:1: Premature end of file.
2026-04-12 22:56:14,099 [ERROR] LogOutputStream:75 - [STDERR_REDIRECT] 
2026-04-12 22:56:14,994 [ERROR] LogOutputStream:75 - [STDERR_REDIRECT] [Fatal Error] :1:1: Premature end of file.
2026-04-12 22:56:14,995 [ERROR] LogOutputStream:75 - [STDERR_REDIRECT] 
2026-04-12 22:56:15,989 [ERROR] LogOutputStream:75 - [STDERR_REDIRECT] [Fatal Error] :1:1: Premature end of file.
2026-04-12 22:56:15,990 [ERROR] LogOutputStream:75 - [STDERR_REDIRECT] 
2026-04-12 22:56:16,989 [ERROR] LogOutputStream:75 - [STDERR_REDIRECT] [Fatal Error] :1:1: Premature end of file.
2026-04-12 22:56:16,990 [ERROR] LogOutputStream:75 - [STDERR_REDIRECT] 
2026-04-12 22:56:17,990 [ERROR] LogOutputStream:75 - [STDERR_REDIRECT] [Fatal Error] :1:1: Premature end of file.
2026-04-12 22:56:17,990 [ERROR] LogOutputStream:75 - [STDERR_REDIRECT] 
2026-04-12 22:56:18,989 [ERROR] LogOutputStream:75 - [STDERR_REDIRECT] [Fatal Error] :1:1: Premature end of file.
2026-04-12 22:56:18,990 [ERROR] LogOutputStream:75 - [STDERR_REDIRECT] 
2026-04-12 22:56:19,990 [ERROR] LogOutputStream:75 - [STDERR_REDIRECT] [Fatal Error] :1:1: Premature end of file.
2026-04-12 22:56:19,991 [ERROR] LogOutputStream:75 - [STDERR_REDIRECT] 
2026-04-12 22:56:20,990 [ERROR] LogOutputStream:75 - [STDERR_REDIRECT] [Fatal Error] :1:1: Premature end of file.
2026-04-12 22:56:20,990 [ERROR] LogOutputStream:75 - [STDERR_REDIRECT] 
2026-04-12 22:56:21,990 [ERROR] LogOutputStream:75 - [STDERR_REDIRECT] [Fatal Error] :1:1: Premature end of file.
2026-04-12 22:56:21,990 [ERROR] LogOutputStream:75 - [STDERR_REDIRECT] 
2026-04-12 22:56:22,990 [ERROR] LogOutputStream:75 - [STDERR_REDIRECT] [Fatal Error] :1:1: Premature end of file.
2026-04-12 22:56:22,990 [ERROR] LogOutputStream:75 - [STDERR_REDIRECT] 
2026-04-12 22:56:23,990 [ERROR] LogOutputStream:75 - [STDERR_REDIRECT] [Fatal Error] :1:1: Premature end of file.
2026-04-12 22:56:23,990 [ERROR] LogOutputStream:75 - [STDERR_REDIRECT] 
2026-04-12 22:56:24,990 [ERROR] LogOutputStream:75 - [STDERR_REDIRECT] [Fatal Error] :1:1: Premature end of file.
2026-04-12 22:56:24,990 [ERROR] LogOutputStream:75 - [STDERR_REDIRECT] 
2026-04-12 22:56:25,990 [ERROR] LogOutputStream:75 - [STDERR_REDIRECT] [Fatal Error] :1:1: Premature end of file.
2026-04-12 22:56:25,991 [ERROR] LogOutputStream:75 - [STDERR_REDIRECT] 
2026-04-12 22:56:26,988 [ERROR] LogOutputStream:75 - [STDERR_REDIRECT] [Fatal Error] :1:1: Premature end of file.
2026-04-12 22:56:26,989 [ERROR] LogOutputStream:75 - [STDERR_REDIRECT] 
2026-04-12 22:56:28,034 [ERROR] LogOutputStream:75 - [STDERR_REDIRECT] [Fatal Error] :1:1: Premature end of file.
2026-04-12 22:56:28,034 [ERROR] LogOutputStream:75 - [STDERR_REDIRECT] 
2026-04-12 22:56:28,996 [ERROR] LogOutputStream:75 - [STDERR_REDIRECT] [Fatal Error] :1:1: Premature end of file.
2026-04-12 22:56:28,996 [ERROR] LogOutputStream:75 - [STDERR_REDIRECT] 
2026-04-12 22:56:30,002 [ERROR] LogOutputStream:75 - [STDERR_REDIRECT] [Fatal Error] :1:1: Premature end of file.
2026-04-12 22:56:30,002 [ERROR] LogOutputStream:75 - [STDERR_REDIRECT] 
2026-04-12 22:56:30,990 [ERROR] LogOutputStream:75 - [STDERR_REDIRECT] [Fatal Error] :1:1: Premature end of file.
2026-04-12 22:56:30,990 [ERROR] LogOutputStream:75 - [STDERR_REDIRECT] 
2026-04-12 22:56:31,991 [ERROR] LogOutputStream:75 - [STDERR_REDIRECT] [Fatal Error] :1:1: Premature end of file.
2026-04-12 22:56:31,991 [ERROR] LogOutputStream:75 - [STDERR_REDIRECT] 
2026-04-12 22:56:32,989 [ERROR] LogOutputStream:75 - [STDERR_REDIRECT] [Fatal Error] :1:1: Premature end of file.
2026-04-12 22:56:32,990 [ERROR] LogOutputStream:75 - [STDERR_REDIRECT] 
2026-04-12 22:56:33,990 [ERROR] LogOutputStream:75 - [STDERR_REDIRECT] [Fatal Error] :1:1: Premature end of file.
2026-04-12 22:56:33,999 [ERROR] LogOutputStream:75 - [STDERR_REDIRECT] 
2026-04-12 22:56:34,988 [ERROR] LogOutputStream:75 - [STDERR_REDIRECT] [Fatal Error] :1:1: Premature end of file.
2026-04-12 22:56:34,988 [ERROR] LogOutputStream:75 - [STDERR_REDIRECT] 
2026-04-12 22:56:35,993 [ERROR] LogOutputStream:75 - [STDERR_REDIRECT] [Fatal Error] :1:1: Premature end of file.
2026-04-12 22:56:35,993 [ERROR] LogOutputStream:75 - [STDERR_REDIRECT] 
2026-04-12 22:56:36,991 [ERROR] LogOutputStream:75 - [STDERR_REDIRECT] [Fatal Error] :1:1: Premature end of file.
2026-04-12 22:56:36,992 [ERROR] LogOutputStream:75 - [STDERR_REDIRECT] 
2026-04-12 22:56:37,989 [ERROR] LogOutputStream:75 - [STDERR_REDIRECT] [Fatal Error] :1:1: Premature end of file.
2026-04-12 22:56:37,989 [ERROR] LogOutputStream:75 - [STDERR_REDIRECT] 
2026-04-12 22:56:38,990 [ERROR] LogOutputStream:75 - [STDERR_REDIRECT] [Fatal Error] :1:1: Premature end of file.
2026-04-12 22:56:38,990 [ERROR] LogOutputStream:75 - [STDERR_REDIRECT] 
2026-04-12 22:56:39,990 [ERROR] LogOutputStream:75 - [STDERR_REDIRECT] [Fatal Error] :1:1: Premature end of file.
2026-04-12 22:56:39,990 [ERROR] LogOutputStream:75 - [STDERR_REDIRECT] 
2026-04-12 22:56:40,989 [ERROR] LogOutputStream:75 - [STDERR_REDIRECT] [Fatal Error] :1:1: Premature end of file.
2026-04-12 22:56:40,990 [ERROR] LogOutputStream:75 - [STDERR_REDIRECT] 
2026-04-12 22:56:41,990 [ERROR] LogOutputStream:75 - [STDERR_REDIRECT] [Fatal Error] :1:1: Premature end of file.
2026-04-12 22:56:41,990 [ERROR] LogOutputStream:75 - [STDERR_REDIRECT] 
2026-04-12 22:56:42,993 [ERROR] LogOutputStream:75 - [STDERR_REDIRECT] [Fatal Error] :1:1: Premature end of file.
2026-04-12 22:56:42,993 [ERROR] LogOutputStream:75 - [STDERR_REDIRECT] 
2026-04-12 22:56:43,990 [ERROR] LogOutputStream:75 - [STDERR_REDIRECT] [Fatal Error] :1:1: Premature end of file.
2026-04-12 22:56:43,990 [ERROR] LogOutputStream:75 - [STDERR_REDIRECT] 
2026-04-12 22:56:44,989 [ERROR] LogOutputStream:75 - [STDERR_REDIRECT] [Fatal Error] :1:1: Premature end of file.
2026-04-12 22:56:44,989 [ERROR] LogOutputStream:75 - [STDERR_REDIRECT] 
2026-04-12 22:56:45,997 [ERROR] LogOutputStream:75 - [STDERR_REDIRECT] [Fatal Error] :1:1: Premature end of file.
2026-04-12 22:56:45,997 [ERROR] LogOutputStream:75 - [STDERR_REDIRECT] 
2026-04-12 22:56:46,989 [ERROR] LogOutputStream:75 - [STDERR_REDIRECT] [Fatal Error] :1:1: Premature end of file.
2026-04-12 22:56:46,989 [ERROR] LogOutputStream:75 - [STDERR_REDIRECT] 
2026-04-12 22:56:47,994 [ERROR] LogOutputStream:75 - [STDERR_REDIRECT] [Fatal Error] :1:1: Premature end of file.
2026-04-12 22:56:47,995 [ERROR] LogOutputStream:75 - [STDERR_REDIRECT] 
2026-04-12 22:56:49,000 [ERROR] LogOutputStream:75 - [STDERR_REDIRECT] [Fatal Error] :1:1: Premature end of file.
2026-04-12 22:56:49,000 [ERROR] LogOutputStream:75 - [STDERR_REDIRECT] 
2026-04-12 22:56:49,996 [ERROR] LogOutputStream:75 - [STDERR_REDIRECT] [Fatal Error] :1:1: Premature end of file.
2026-04-12 22:56:49,997 [ERROR] LogOutputStream:75 - [STDERR_REDIRECT] 
2026-04-12 22:56:51,001 [ERROR] LogOutputStream:75 - [STDERR_REDIRECT] [Fatal Error] :1:1: Premature end of file.
2026-04-12 22:56:51,001 [ERROR] LogOutputStream:75 - [STDERR_REDIRECT] 
2026-04-12 22:56:52,002 [ERROR] LogOutputStream:75 - [STDERR_REDIRECT] [Fatal Error] :1:1: Premature end of file.
2026-04-12 22:56:52,003 [ERROR] LogOutputStream:75 - [STDERR_REDIRECT] 
2026-04-12 22:56:52,992 [ERROR] LogOutputStream:75 - [STDERR_REDIRECT] [Fatal Error] :1:1: Premature end of file.
2026-04-12 22:56:52,992 [ERROR] LogOutputStream:75 - [STDERR_REDIRECT] 
2026-04-12 22:56:53,992 [ERROR] LogOutputStream:75 - [STDERR_REDIRECT] [Fatal Error] :1:1: Premature end of file.
2026-04-12 22:56:53,992 [ERROR] LogOutputStream:75 - [STDERR_REDIRECT] 
2026-04-12 22:56:55,014 [ERROR] LogOutputStream:75 - [STDERR_REDIRECT] [Fatal Error] :1:1: Premature end of file.
2026-04-12 22:56:55,015 [ERROR] LogOutputStream:75 - [STDERR_REDIRECT] 
2026-04-12 22:56:56,005 [ERROR] LogOutputStream:75 - [STDERR_REDIRECT] [Fatal Error] :1:1: Premature end of file.
2026-04-12 22:56:56,005 [ERROR] LogOutputStream:75 - [STDERR_REDIRECT] 
2026-04-12 22:56:57,016 [ERROR] LogOutputStream:75 - [STDERR_REDIRECT] [Fatal Error] :1:1: Premature end of file.
2026-04-12 22:56:57,016 [ERROR] LogOutputStream:75 - [STDERR_REDIRECT] 
2026-04-12 22:56:58,002 [ERROR] LogOutputStream:75 - [STDERR_REDIRECT] [Fatal Error] :1:1: Premature end of file.
2026-04-12 22:56:58,002 [ERROR] LogOutputStream:75 - [STDERR_REDIRECT] 
2026-04-12 22:56:58,993 [ERROR] LogOutputStream:75 - [STDERR_REDIRECT] [Fatal Error] :1:1: Premature end of file.
2026-04-12 22:56:58,993 [ERROR] LogOutputStream:75 - [STDERR_REDIRECT] 
2026-04-12 22:56:59,999 [ERROR] LogOutputStream:75 - [STDERR_REDIRECT] [Fatal Error] :1:1: Premature end of file.
2026-04-12 22:56:59,999 [ERROR] LogOutputStream:75 - [STDERR_REDIRECT] 
2026-04-12 22:57:01,010 [ERROR] LogOutputStream:75 - [STDERR_REDIRECT] [Fatal Error] :1:1: Premature end of file.
2026-04-12 22:57:01,010 [ERROR] LogOutputStream:75 - [STDERR_REDIRECT] 
2026-04-12 22:57:01,988 [ERROR] LogOutputStream:75 - [STDERR_REDIRECT] [Fatal Error] :1:1: Premature end of file.
2026-04-12 22:57:01,988 [ERROR] LogOutputStream:75 - [STDERR_REDIRECT] 
2026-04-12 22:57:03,000 [ERROR] LogOutputStream:75 - [STDERR_REDIRECT] [Fatal Error] :1:1: Premature end of file.
2026-04-12 22:57:03,000 [ERROR] LogOutputStream:75 - [STDERR_REDIRECT] 
2026-04-12 22:57:03,997 [ERROR] LogOutputStream:75 - [STDERR_REDIRECT] [Fatal Error] :1:1: Premature end of file.
2026-04-12 22:57:03,997 [ERROR] LogOutputStream:75 - [STDERR_REDIRECT] 
2026-04-12 22:57:04,997 [ERROR] LogOutputStream:75 - [STDERR_REDIRECT] [Fatal Error] :1:1: Premature end of file.
2026-04-12 22:57:04,998 [ERROR] LogOutputStream:75 - [STDERR_REDIRECT] 
2026-04-12 22:57:06,004 [ERROR] LogOutputStream:75 - [STDERR_REDIRECT] [Fatal Error] :1:1: Premature end of file.
2026-04-12 22:57:06,004 [ERROR] LogOutputStream:75 - [STDERR_REDIRECT] 
2026-04-12 22:57:06,990 [ERROR] LogOutputStream:75 - [STDERR_REDIRECT] [Fatal Error] :1:1: Premature end of file.
2026-04-12 22:57:06,990 [ERROR] LogOutputStream:75 - [STDERR_REDIRECT] 
2026-04-12 22:57:07,991 [ERROR] LogOutputStream:75 - [STDERR_REDIRECT] [Fatal Error] :1:1: Premature end of file.
2026-04-12 22:57:07,992 [ERROR] LogOutputStream:75 - [STDERR_REDIRECT] 
2026-04-12 22:57:08,995 [ERROR] LogOutputStream:75 - [STDERR_REDIRECT] [Fatal Error] :1:1: Premature end of file.
2026-04-12 22:57:08,995 [ERROR] LogOutputStream:75 - [STDERR_REDIRECT] 
2026-04-12 22:57:10,003 [ERROR] LogOutputStream:75 - [STDERR_REDIRECT] [Fatal Error] :1:1: Premature end of file.
2026-04-12 22:57:10,005 [ERROR] LogOutputStream:75 - [STDERR_REDIRECT] 
2026-04-12 22:57:10,997 [ERROR] LogOutputStream:75 - [STDERR_REDIRECT] [Fatal Error] :1:1: Premature end of file.
2026-04-12 22:57:10,997 [ERROR] LogOutputStream:75 - [STDERR_REDIRECT] 
2026-04-12 22:57:12,000 [ERROR] LogOutputStream:75 - [STDERR_REDIRECT] [Fatal Error] :1:1: Premature end of file.
2026-04-12 22:57:12,001 [ERROR] LogOutputStream:75 - [STDERR_REDIRECT] 
2026-04-12 22:57:12,991 [ERROR] LogOutputStream:75 - [STDERR_REDIRECT] [Fatal Error] :1:1: Premature end of file.
2026-04-12 22:57:12,991 [ERROR] LogOutputStream:75 - [STDERR_REDIRECT] 
2026-04-12 22:57:13,993 [ERROR] LogOutputStream:75 - [STDERR_REDIRECT] [Fatal Error] :1:1: Premature end of file.
2026-04-12 22:57:13,994 [ERROR] LogOutputStream:75 - [STDERR_REDIRECT] 
2026-04-12 22:57:15,002 [ERROR] LogOutputStream:75 - [STDERR_REDIRECT] [Fatal Error] :1:1: Premature end of file.
2026-04-12 22:57:15,002 [ERROR] LogOutputStream:75 - [STDERR_REDIRECT] 
2026-04-12 22:57:15,994 [ERROR] LogOutputStream:75 - [STDERR_REDIRECT] [Fatal Error] :1:1: Premature end of file.
2026-04-12 22:57:15,994 [ERROR] LogOutputStream:75 - [STDERR_REDIRECT] 
2026-04-12 22:57:16,996 [ERROR] LogOutputStream:75 - [STDERR_REDIRECT] [Fatal Error] :1:1: Premature end of file.
2026-04-12 22:57:16,996 [ERROR] LogOutputStream:75 - [STDERR_REDIRECT] 
2026-04-12 22:57:18,003 [ERROR] LogOutputStream:75 - [STDERR_REDIRECT] [Fatal Error] :1:1: Premature end of file.
2026-04-12 22:57:18,004 [ERROR] LogOutputStream:75 - [STDERR_REDIRECT] 
2026-04-12 22:57:18,992 [ERROR] LogOutputStream:75 - [STDERR_REDIRECT] [Fatal Error] :1:1: Premature end of file.
2026-04-12 22:57:18,992 [ERROR] LogOutputStream:75 - [STDERR_REDIRECT] 
2026-04-12 22:57:19,992 [ERROR] LogOutputStream:75 - [STDERR_REDIRECT] [Fatal Error] :1:1: Premature end of file.
2026-04-12 22:57:19,993 [ERROR] LogOutputStream:75 - [STDERR_REDIRECT] 
2026-04-12 22:57:20,997 [ERROR] LogOutputStream:75 - [STDERR_REDIRECT] [Fatal Error] :1:1: Premature end of file.
2026-04-12 22:57:20,997 [ERROR] LogOutputStream:75 - [STDERR_REDIRECT] 
2026-04-12 22:57:22,000 [ERROR] LogOutputStream:75 - [STDERR_REDIRECT] [Fatal Error] :1:1: Premature end of file.
2026-04-12 22:57:22,001 [ERROR] LogOutputStream:75 - [STDERR_REDIRECT] 
2026-04-12 22:57:22,999 [ERROR] LogOutputStream:75 - [STDERR_REDIRECT] [Fatal Error] :1:1: Premature end of file.
2026-04-12 22:57:22,999 [ERROR] LogOutputStream:75 - [STDERR_REDIRECT] 
2026-04-12 22:57:24,002 [ERROR] LogOutputStream:75 - [STDERR_REDIRECT] [Fatal Error] :1:1: Premature end of file.
2026-04-12 22:57:24,003 [ERROR] LogOutputStream:75 - [STDERR_REDIRECT] 
2026-04-12 22:57:24,993 [ERROR] LogOutputStream:75 - [STDERR_REDIRECT] [Fatal Error] :1:1: Premature end of file.
2026-04-12 22:57:24,993 [ERROR] LogOutputStream:75 - [STDERR_REDIRECT] 
2026-04-12 22:57:25,995 [ERROR] LogOutputStream:75 - [STDERR_REDIRECT] [Fatal Error] :1:1: Premature end of file.
2026-04-12 22:57:25,995 [ERROR] LogOutputStream:75 - [STDERR_REDIRECT] 
2026-04-12 22:57:26,998 [ERROR] LogOutputStream:75 - [STDERR_REDIRECT] [Fatal Error] :1:1: Premature end of file.
2026-04-12 22:57:26,999 [ERROR] LogOutputStream:75 - [STDERR_REDIRECT] 
2026-04-12 22:57:28,002 [ERROR] LogOutputStream:75 - [STDERR_REDIRECT] [Fatal Error] :1:1: Premature end of file.
2026-04-12 22:57:28,003 [ERROR] LogOutputStream:75 - [STDERR_REDIRECT] 
2026-04-12 22:57:28,994 [ERROR] LogOutputStream:75 - [STDERR_REDIRECT] [Fatal Error] :1:1: Premature end of file.
2026-04-12 22:57:28,994 [ERROR] LogOutputStream:75 - [STDERR_REDIRECT] 
2026-04-12 22:57:29,993 [ERROR] LogOutputStream:75 - [STDERR_REDIRECT] [Fatal Error] :1:1: Premature end of file.
2026-04-12 22:57:29,994 [ERROR] LogOutputStream:75 - [STDERR_REDIRECT] 
2026-04-12 22:57:31,008 [ERROR] LogOutputStream:75 - [STDERR_REDIRECT] [Fatal Error] :1:1: Premature end of file.
2026-04-12 22:57:31,008 [ERROR] LogOutputStream:75 - [STDERR_REDIRECT] 
2026-04-12 22:57:32,007 [ERROR] LogOutputStream:75 - [STDERR_REDIRECT] [Fatal Error] :1:1: Premature end of file.
2026-04-12 22:57:32,007 [ERROR] LogOutputStream:75 - [STDERR_REDIRECT] 
2026-04-12 22:57:33,013 [ERROR] LogOutputStream:75 - [STDERR_REDIRECT] [Fatal Error] :1:1: Premature end of file.
2026-04-12 22:57:33,014 [ERROR] LogOutputStream:75 - [STDERR_REDIRECT] 
2026-04-12 22:57:33,989 [ERROR] LogOutputStream:75 - [STDERR_REDIRECT] [Fatal Error] :1:1: Premature end of file.
2026-04-12 22:57:33,989 [ERROR] LogOutputStream:75 - [STDERR_REDIRECT] 
2026-04-12 22:57:35,000 [ERROR] LogOutputStream:75 - [STDERR_REDIRECT] [Fatal Error] :1:1: Premature end of file.
2026-04-12 22:57:35,000 [ERROR] LogOutputStream:75 - [STDERR_REDIRECT] 
2026-04-12 22:57:36,003 [ERROR] LogOutputStream:75 - [STDERR_REDIRECT] [Fatal Error] :1:1: Premature end of file.
2026-04-12 22:57:36,003 [ERROR] LogOutputStream:75 - [STDERR_REDIRECT] 
2026-04-12 22:57:36,991 [ERROR] LogOutputStream:75 - [STDERR_REDIRECT] [Fatal Error] :1:1: Premature end of file.
2026-04-12 22:57:36,991 [ERROR] LogOutputStream:75 - [STDERR_REDIRECT] 
2026-04-12 22:57:37,995 [ERROR] LogOutputStream:75 - [STDERR_REDIRECT] [Fatal Error] :1:1: Premature end of file.
2026-04-12 22:57:37,995 [ERROR] LogOutputStream:75 - [STDERR_REDIRECT] 
2026-04-12 22:57:39,000 [ERROR] LogOutputStream:75 - [STDERR_REDIRECT] [Fatal Error] :1:1: Premature end of file.
2026-04-12 22:57:39,000 [ERROR] LogOutputStream:75 - [STDERR_REDIRECT] 
2026-04-12 22:57:40,004 [ERROR] LogOutputStream:75 - [STDERR_REDIRECT] [Fatal Error] :1:1: Premature end of file.
2026-04-12 22:57:40,004 [ERROR] LogOutputStream:75 - [STDERR_REDIRECT] 
2026-04-12 22:57:40,992 [ERROR] LogOutputStream:75 - [STDERR_REDIRECT] [Fatal Error] :1:1: Premature end of file.
2026-04-12 22:57:40,993 [ERROR] LogOutputStream:75 - [STDERR_REDIRECT] 
2026-04-12 22:57:41,995 [ERROR] LogOutputStream:75 - [STDERR_REDIRECT] [Fatal Error] :1:1: Premature end of file.
2026-04-12 22:57:41,996 [ERROR] LogOutputStream:75 - [STDERR_REDIRECT] 
2026-04-12 22:57:42,998 [ERROR] LogOutputStream:75 - [STDERR_REDIRECT] [Fatal Error] :1:1: Premature end of file.
2026-04-12 22:57:42,998 [ERROR] LogOutputStream:75 - [STDERR_REDIRECT] 
2026-04-12 22:57:44,002 [ERROR] LogOutputStream:75 - [STDERR_REDIRECT] [Fatal Error] :1:1: Premature end of file.
2026-04-12 22:57:44,002 [ERROR] LogOutputStream:75 - [STDERR_REDIRECT] 
2026-04-12 22:57:44,991 [ERROR] LogOutputStream:75 - [STDERR_REDIRECT] [Fatal Error] :1:1: Premature end of file.
2026-04-12 22:57:44,992 [ERROR] LogOutputStream:75 - [STDERR_REDIRECT] 
2026-04-12 22:57:45,994 [ERROR] LogOutputStream:75 - [STDERR_REDIRECT] [Fatal Error] :1:1: Premature end of file.
2026-04-12 22:57:45,995 [ERROR] LogOutputStream:75 - [STDERR_REDIRECT] 
2026-04-12 22:57:47,005 [ERROR] LogOutputStream:75 - [STDERR_REDIRECT] [Fatal Error] :1:1: Premature end of file.
2026-04-12 22:57:47,005 [ERROR] LogOutputStream:75 - [STDERR_REDIRECT] 
2026-04-12 22:57:47,992 [ERROR] LogOutputStream:75 - [STDERR_REDIRECT] [Fatal Error] :1:1: Premature end of file.
2026-04-12 22:57:47,993 [ERROR] LogOutputStream:75 - [STDERR_REDIRECT] 
2026-04-12 22:57:48,997 [ERROR] LogOutputStream:75 - [STDERR_REDIRECT] [Fatal Error] :1:1: Premature end of file.
2026-04-12 22:57:48,998 [ERROR] LogOutputStream:75 - [STDERR_REDIRECT] 
2026-04-12 22:57:49,993 [ERROR] LogOutputStream:75 - [STDERR_REDIRECT] [Fatal Error] :1:1: Premature end of file.
2026-04-12 22:57:49,993 [ERROR] LogOutputStream:75 - [STDERR_REDIRECT] 
2026-04-12 22:57:50,995 [ERROR] LogOutputStream:75 - [STDERR_REDIRECT] [Fatal Error] :1:1: Premature end of file.
2026-04-12 22:57:50,995 [ERROR] LogOutputStream:75 - [STDERR_REDIRECT] 
2026-04-12 22:57:52,000 [ERROR] LogOutputStream:75 - [STDERR_REDIRECT] [Fatal Error] :1:1: Premature end of file.
2026-04-12 22:57:52,000 [ERROR] LogOutputStream:75 - [STDERR_REDIRECT] 
2026-04-12 22:57:53,001 [ERROR] LogOutputStream:75 - [STDERR_REDIRECT] [Fatal Error] :1:1: Premature end of file.
2026-04-12 22:57:53,002 [ERROR] LogOutputStream:75 - [STDERR_REDIRECT] 
2026-04-12 22:57:54,003 [ERROR] LogOutputStream:75 - [STDERR_REDIRECT] [Fatal Error] :1:1: Premature end of file.
2026-04-12 22:57:54,003 [ERROR] LogOutputStream:75 - [STDERR_REDIRECT] 
2026-04-12 22:57:54,989 [ERROR] LogOutputStream:75 - [STDERR_REDIRECT] [Fatal Error] :1:1: Premature end of file.
2026-04-12 22:57:54,990 [ERROR] LogOutputStream:75 - [STDERR_REDIRECT] 
2026-04-12 22:57:55,995 [ERROR] LogOutputStream:75 - [STDERR_REDIRECT] [Fatal Error] :1:1: Premature end of file.
2026-04-12 22:57:55,996 [ERROR] LogOutputStream:75 - [STDERR_REDIRECT] 
2026-04-12 22:57:57,002 [ERROR] LogOutputStream:75 - [STDERR_REDIRECT] [Fatal Error] :1:1: Premature end of file.
2026-04-12 22:57:57,003 [ERROR] LogOutputStream:75 - [STDERR_REDIRECT] 
2026-04-12 22:57:57,993 [ERROR] LogOutputStream:75 - [STDERR_REDIRECT] [Fatal Error] :1:1: Premature end of file.
2026-04-12 22:57:57,994 [ERROR] LogOutputStream:75 - [STDERR_REDIRECT] 
2026-04-12 22:57:59,015 [ERROR] LogOutputStream:75 - [STDERR_REDIRECT] [Fatal Error] :1:1: Premature end of file.
2026-04-12 22:57:59,015 [ERROR] LogOutputStream:75 - [STDERR_REDIRECT] 
2026-04-12 22:58:00,001 [ERROR] LogOutputStream:75 - [STDERR_REDIRECT] [Fatal Error] :1:1: Premature end of file.
2026-04-12 22:58:00,001 [ERROR] LogOutputStream:75 - [STDERR_REDIRECT] 
2026-04-12 22:58:00,995 [ERROR] LogOutputStream:75 - [STDERR_REDIRECT] [Fatal Error] :1:1: Premature end of file.
2026-04-12 22:58:00,995 [ERROR] LogOutputStream:75 - [STDERR_REDIRECT] 
2026-04-12 22:58:01,991 [ERROR] LogOutputStream:75 - [STDERR_REDIRECT] [Fatal Error] :1:1: Premature end of file.
2026-04-12 22:58:01,991 [ERROR] LogOutputStream:75 - [STDERR_REDIRECT] 
2026-04-12 22:58:03,001 [ERROR] LogOutputStream:75 - [STDERR_REDIRECT] [Fatal Error] :1:1: Premature end of file.
2026-04-12 22:58:03,001 [ERROR] LogOutputStream:75 - [STDERR_REDIRECT] 
2026-04-12 22:58:04,001 [ERROR] LogOutputStream:75 - [STDERR_REDIRECT] [Fatal Error] :1:1: Premature end of file.
2026-04-12 22:58:04,001 [ERROR] LogOutputStream:75 - [STDERR_REDIRECT] 
2026-04-12 22:58:04,995 [ERROR] LogOutputStream:75 - [STDERR_REDIRECT] [Fatal Error] :1:1: Premature end of file.
2026-04-12 22:58:04,995 [ERROR] LogOutputStream:75 - [STDERR_REDIRECT] 
2026-04-12 22:58:06,000 [ERROR] LogOutputStream:75 - [STDERR_REDIRECT] [Fatal Error] :1:1: Premature end of file.
2026-04-12 22:58:06,000 [ERROR] LogOutputStream:75 - [STDERR_REDIRECT] 
2026-04-12 22:58:07,002 [ERROR] LogOutputStream:75 - [STDERR_REDIRECT] [Fatal Error] :1:1: Premature end of file.
2026-04-12 22:58:07,002 [ERROR] LogOutputStream:75 - [STDERR_REDIRECT] 
2026-04-12 22:58:07,992 [ERROR] LogOutputStream:75 - [STDERR_REDIRECT] [Fatal Error] :1:1: Premature end of file.
2026-04-12 22:58:07,993 [ERROR] LogOutputStream:75 - [STDERR_REDIRECT] 
2026-04-12 22:58:08,996 [ERROR] LogOutputStream:75 - [STDERR_REDIRECT] [Fatal Error] :1:1: Premature end of file.
2026-04-12 22:58:08,996 [ERROR] LogOutputStream:75 - [STDERR_REDIRECT] 
2026-04-12 22:58:10,000 [ERROR] LogOutputStream:75 - [STDERR_REDIRECT] [Fatal Error] :1:1: Premature end of file.
2026-04-12 22:58:10,000 [ERROR] LogOutputStream:75 - [STDERR_REDIRECT] 
2026-04-12 22:58:10,999 [ERROR] LogOutputStream:75 - [STDERR_REDIRECT] [Fatal Error] :1:1: Premature end of file.
2026-04-12 22:58:11,000 [ERROR] LogOutputStream:75 - [STDERR_REDIRECT] 
2026-04-12 22:58:11,988 [ERROR] LogOutputStream:75 - [STDERR_REDIRECT] [Fatal Error] :1:1: Premature end of file.
2026-04-12 22:58:11,989 [ERROR] LogOutputStream:75 - [STDERR_REDIRECT] 
2026-04-12 22:58:12,989 [ERROR] LogOutputStream:75 - [STDERR_REDIRECT] [Fatal Error] :1:1: Premature end of file.
2026-04-12 22:58:12,989 [ERROR] LogOutputStream:75 - [STDERR_REDIRECT] 
2026-04-12 22:58:13,992 [ERROR] LogOutputStream:75 - [STDERR_REDIRECT] [Fatal Error] :1:1: Premature end of file.
2026-04-12 22:58:13,992 [ERROR] LogOutputStream:75 - [STDERR_REDIRECT] 
2026-04-12 22:58:14,990 [ERROR] LogOutputStream:75 - [STDERR_REDIRECT] [Fatal Error] :1:1: Premature end of file.
2026-04-12 22:58:14,990 [ERROR] LogOutputStream:75 - [STDERR_REDIRECT] 
2026-04-12 22:58:15,989 [ERROR] LogOutputStream:75 - [STDERR_REDIRECT] [Fatal Error] :1:1: Premature end of file.
2026-04-12 22:58:15,989 [ERROR] LogOutputStream:75 - [STDERR_REDIRECT] 
2026-04-12 22:58:16,988 [ERROR] LogOutputStream:75 - [STDERR_REDIRECT] [Fatal Error] :1:1: Premature end of file.
2026-04-12 22:58:16,989 [ERROR] LogOutputStream:75 - [STDERR_REDIRECT] 
2026-04-12 22:58:17,986 [ERROR] LogOutputStream:75 - [STDERR_REDIRECT] [Fatal Error] :1:1: Premature end of file.
2026-04-12 22:58:17,986 [ERROR] LogOutputStream:75 - [STDERR_REDIRECT] 
2026-04-12 22:58:19,017 [ERROR] LogOutputStream:75 - [STDERR_REDIRECT] [Fatal Error] :1:1: Premature end of file.
2026-04-12 22:58:19,018 [ERROR] LogOutputStream:75 - [STDERR_REDIRECT] 
2026-04-12 22:58:19,988 [ERROR] LogOutputStream:75 - [STDERR_REDIRECT] [Fatal Error] :1:1: Premature end of file.
2026-04-12 22:58:19,988 [ERROR] LogOutputStream:75 - [STDERR_REDIRECT] 
2026-04-12 22:58:20,987 [ERROR] LogOutputStream:75 - [STDERR_REDIRECT] [Fatal Error] :1:1: Premature end of file.
2026-04-12 22:58:20,987 [ERROR] LogOutputStream:75 - [STDERR_REDIRECT] 
2026-04-12 22:58:22,016 [ERROR] LogOutputStream:75 - [STDERR_REDIRECT] [Fatal Error] :1:1: Premature end of file.
2026-04-12 22:58:22,016 [ERROR] LogOutputStream:75 - [STDERR_REDIRECT] 
2026-04-12 22:58:22,989 [ERROR] LogOutputStream:75 - [STDERR_REDIRECT] [Fatal Error] :1:1: Premature end of file.
2026-04-12 22:58:22,989 [ERROR] LogOutputStream:75 - [STDERR_REDIRECT] 
2026-04-12 22:58:23,988 [ERROR] LogOutputStream:75 - [STDERR_REDIRECT] [Fatal Error] :1:1: Premature end of file.
2026-04-12 22:58:23,988 [ERROR] LogOutputStream:75 - [STDERR_REDIRECT] 
2026-04-12 22:58:24,986 [ERROR] LogOutputStream:75 - [STDERR_REDIRECT] [Fatal Error] :1:1: Premature end of file.
2026-04-12 22:58:24,986 [ERROR] LogOutputStream:75 - [STDERR_REDIRECT] 
2026-04-12 22:58:25,987 [ERROR] LogOutputStream:75 - [STDERR_REDIRECT] [Fatal Error] :1:1: Premature end of file.
2026-04-12 22:58:25,988 [ERROR] LogOutputStream:75 - [STDERR_REDIRECT] 
2026-04-12 22:58:26,987 [ERROR] LogOutputStream:75 - [STDERR_REDIRECT] [Fatal Error] :1:1: Premature end of file.
2026-04-12 22:58:26,988 [ERROR] LogOutputStream:75 - [STDERR_REDIRECT] 
2026-04-12 22:58:27,999 [ERROR] LogOutputStream:75 - [STDERR_REDIRECT] [Fatal Error] :1:1: Premature end of file.
2026-04-12 22:58:27,999 [ERROR] LogOutputStream:75 - [STDERR_REDIRECT] 
2026-04-12 22:58:28,990 [ERROR] LogOutputStream:75 - [STDERR_REDIRECT] [Fatal Error] :1:1: Premature end of file.
2026-04-12 22:58:28,990 [ERROR] LogOutputStream:75 - [STDERR_REDIRECT] 
2026-04-12 22:58:29,986 [ERROR] LogOutputStream:75 - [STDERR_REDIRECT] [Fatal Error] :1:1: Premature end of file.
2026-04-12 22:58:29,986 [ERROR] LogOutputStream:75 - [STDERR_REDIRECT] 
2026-04-12 22:58:30,989 [ERROR] LogOutputStream:75 - [STDERR_REDIRECT] [Fatal Error] :1:1: Premature end of file.
2026-04-12 22:58:30,989 [ERROR] LogOutputStream:75 - [STDERR_REDIRECT] 
2026-04-12 22:58:31,989 [ERROR] LogOutputStream:75 - [STDERR_REDIRECT] [Fatal Error] :1:1: Premature end of file.
2026-04-12 22:58:31,990 [ERROR] LogOutputStream:75 - [STDERR_REDIRECT] 
2026-04-12 22:58:32,988 [ERROR] LogOutputStream:75 - [STDERR_REDIRECT] [Fatal Error] :1:1: Premature end of file.
2026-04-12 22:58:32,988 [ERROR] LogOutputStream:75 - [STDERR_REDIRECT] 
2026-04-12 22:58:33,988 [ERROR] LogOutputStream:75 - [STDERR_REDIRECT] [Fatal Error] :1:1: Premature end of file.
2026-04-12 22:58:33,988 [ERROR] LogOutputStream:75 - [STDERR_REDIRECT] 
2026-04-12 22:58:34,987 [ERROR] LogOutputStream:75 - [STDERR_REDIRECT] [Fatal Error] :1:1: Premature end of file.
2026-04-12 22:58:34,987 [ERROR] LogOutputStream:75 - [STDERR_REDIRECT] 
2026-04-12 22:58:35,992 [ERROR] LogOutputStream:75 - [STDERR_REDIRECT] [Fatal Error] :1:1: Premature end of file.
2026-04-12 22:58:35,992 [ERROR] LogOutputStream:75 - [STDERR_REDIRECT] 
2026-04-12 22:58:36,988 [ERROR] LogOutputStream:75 - [STDERR_REDIRECT] [Fatal Error] :1:1: Premature end of file.
2026-04-12 22:58:36,988 [ERROR] LogOutputStream:75 - [STDERR_REDIRECT] 
2026-04-12 22:58:37,988 [ERROR] LogOutputStream:75 - [STDERR_REDIRECT] [Fatal Error] :1:1: Premature end of file.
2026-04-12 22:58:37,988 [ERROR] LogOutputStream:75 - [STDERR_REDIRECT] 
2026-04-12 22:58:38,989 [ERROR] LogOutputStream:75 - [STDERR_REDIRECT] [Fatal Error] :1:1: Premature end of file.
2026-04-12 22:58:38,989 [ERROR] LogOutputStream:75 - [STDERR_REDIRECT] 
2026-04-12 22:58:39,988 [ERROR] LogOutputStream:75 - [STDERR_REDIRECT] [Fatal Error] :1:1: Premature end of file.
2026-04-12 22:58:39,988 [ERROR] LogOutputStream:75 - [STDERR_REDIRECT] 
2026-04-12 22:58:40,989 [ERROR] LogOutputStream:75 - [STDERR_REDIRECT] [Fatal Error] :1:1: Premature end of file.
2026-04-12 22:58:40,989 [ERROR] LogOutputStream:75 - [STDERR_REDIRECT] 
2026-04-12 22:58:41,997 [ERROR] LogOutputStream:75 - [STDERR_REDIRECT] [Fatal Error] :1:1: Premature end of file.
2026-04-12 22:58:41,998 [ERROR] LogOutputStream:75 - [STDERR_REDIRECT] 
2026-04-12 22:58:42,994 [ERROR] LogOutputStream:75 - [STDERR_REDIRECT] [Fatal Error] :1:1: Premature end of file.
2026-04-12 22:58:42,994 [ERROR] LogOutputStream:75 - [STDERR_REDIRECT] 
2026-04-12 22:58:43,987 [ERROR] LogOutputStream:75 - [STDERR_REDIRECT] [Fatal Error] :1:1: Premature end of file.
2026-04-12 22:58:43,987 [ERROR] LogOutputStream:75 - [STDERR_REDIRECT] 
2026-04-12 22:58:44,986 [ERROR] LogOutputStream:75 - [STDERR_REDIRECT] [Fatal Error] :1:1: Premature end of file.
2026-04-12 22:58:44,986 [ERROR] LogOutputStream:75 - [STDERR_REDIRECT] 
2026-04-12 22:58:45,988 [ERROR] LogOutputStream:75 - [STDERR_REDIRECT] [Fatal Error] :1:1: Premature end of file.
2026-04-12 22:58:45,988 [ERROR] LogOutputStream:75 - [STDERR_REDIRECT] 
2026-04-12 22:58:47,010 [ERROR] LogOutputStream:75 - [STDERR_REDIRECT] [Fatal Error] :1:1: Premature end of file.
2026-04-12 22:58:47,011 [ERROR] LogOutputStream:75 - [STDERR_REDIRECT] 
2026-04-12 22:58:48,161 [ERROR] LogOutputStream:75 - [STDERR_REDIRECT] [Fatal Error] :1:1: Premature end of file.
2026-04-12 22:58:48,161 [ERROR] LogOutputStream:75 - [STDERR_REDIRECT] 
2026-04-12 22:58:49,100 [ERROR] LogOutputStream:75 - [STDERR_REDIRECT] [Fatal Error] :1:1: Premature end of file.
2026-04-12 22:58:49,101 [ERROR] LogOutputStream:75 - [STDERR_REDIRECT] 
2026-04-12 22:58:49,993 [ERROR] LogOutputStream:75 - [STDERR_REDIRECT] [Fatal Error] :1:1: Premature end of file.
2026-04-12 22:58:49,993 [ERROR] LogOutputStream:75 - [STDERR_REDIRECT] 
2026-04-12 22:58:50,987 [ERROR] LogOutputStream:75 - [STDERR_REDIRECT] [Fatal Error] :1:1: Premature end of file.
2026-04-12 22:58:50,987 [ERROR] LogOutputStream:75 - [STDERR_REDIRECT] 
2026-04-12 22:58:51,994 [ERROR] LogOutputStream:75 - [STDERR_REDIRECT] [Fatal Error] :1:1: Premature end of file.
2026-04-12 22:58:51,994 [ERROR] LogOutputStream:75 - [STDERR_REDIRECT] 
2026-04-12 22:58:52,990 [ERROR] LogOutputStream:75 - [STDERR_REDIRECT] [Fatal Error] :1:1: Premature end of file.
2026-04-12 22:58:52,990 [ERROR] LogOutputStream:75 - [STDERR_REDIRECT] 
2026-04-12 22:58:53,986 [ERROR] LogOutputStream:75 - [STDERR_REDIRECT] [Fatal Error] :1:1: Premature end of file.
2026-04-12 22:58:53,987 [ERROR] LogOutputStream:75 - [STDERR_REDIRECT] 
2026-04-12 22:58:54,990 [ERROR] LogOutputStream:75 - [STDERR_REDIRECT] [Fatal Error] :1:1: Premature end of file.
2026-04-12 22:58:54,991 [ERROR] LogOutputStream:75 - [STDERR_REDIRECT] 
2026-04-12 22:58:55,990 [ERROR] LogOutputStream:75 - [STDERR_REDIRECT] [Fatal Error] :1:1: Premature end of file.
2026-04-12 22:58:55,991 [ERROR] LogOutputStream:75 - [STDERR_REDIRECT] 
2026-04-12 22:58:57,117 [ERROR] LogOutputStream:75 - [STDERR_REDIRECT] [Fatal Error] :1:1: Premature end of file.
2026-04-12 22:58:57,118 [ERROR] LogOutputStream:75 - [STDERR_REDIRECT] 
2026-04-12 22:58:57,993 [ERROR] LogOutputStream:75 - [STDERR_REDIRECT] [Fatal Error] :1:1: Premature end of file.
2026-04-12 22:58:57,994 [ERROR] LogOutputStream:75 - [STDERR_REDIRECT] 
2026-04-12 22:58:58,987 [ERROR] LogOutputStream:75 - [STDERR_REDIRECT] [Fatal Error] :1:1: Premature end of file.
2026-04-12 22:58:58,988 [ERROR] LogOutputStream:75 - [STDERR_REDIRECT] 
2026-04-12 22:59:00,013 [ERROR] LogOutputStream:75 - [STDERR_REDIRECT] [Fatal Error] :1:1: Premature end of file.
2026-04-12 22:59:00,013 [ERROR] LogOutputStream:75 - [STDERR_REDIRECT] 
2026-04-12 22:59:01,008 [ERROR] LogOutputStream:75 - [STDERR_REDIRECT] [Fatal Error] :1:1: Premature end of file.
2026-04-12 22:59:01,008 [ERROR] LogOutputStream:75 - [STDERR_REDIRECT] 
2026-04-12 22:59:01,987 [ERROR] LogOutputStream:75 - [STDERR_REDIRECT] [Fatal Error] :1:1: Premature end of file.
2026-04-12 22:59:01,988 [ERROR] LogOutputStream:75 - [STDERR_REDIRECT] 
2026-04-12 22:59:02,989 [ERROR] LogOutputStream:75 - [STDERR_REDIRECT] [Fatal Error] :1:1: Premature end of file.
2026-04-12 22:59:02,989 [ERROR] LogOutputStream:75 - [STDERR_REDIRECT] 
2026-04-12 22:59:03,988 [ERROR] LogOutputStream:75 - [STDERR_REDIRECT] [Fatal Error] :1:1: Premature end of file.
2026-04-12 22:59:03,989 [ERROR] LogOutputStream:75 - [STDERR_REDIRECT] 
2026-04-12 22:59:04,990 [ERROR] LogOutputStream:75 - [STDERR_REDIRECT] [Fatal Error] :1:1: Premature end of file.
2026-04-12 22:59:04,990 [ERROR] LogOutputStream:75 - [STDERR_REDIRECT] 
2026-04-12 22:59:05,988 [ERROR] LogOutputStream:75 - [STDERR_REDIRECT] [Fatal Error] :1:1: Premature end of file.
2026-04-12 22:59:05,988 [ERROR] LogOutputStream:75 - [STDERR_REDIRECT] 
2026-04-12 22:59:06,990 [ERROR] LogOutputStream:75 - [STDERR_REDIRECT] [Fatal Error] :1:1: Premature end of file.
2026-04-12 22:59:06,990 [ERROR] LogOutputStream:75 - [STDERR_REDIRECT] 
2026-04-12 22:59:07,988 [ERROR] LogOutputStream:75 - [STDERR_REDIRECT] [Fatal Error] :1:1: Premature end of file.
2026-04-12 22:59:07,988 [ERROR] LogOutputStream:75 - [STDERR_REDIRECT] 
2026-04-12 22:59:08,988 [ERROR] LogOutputStream:75 - [STDERR_REDIRECT] [Fatal Error] :1:1: Premature end of file.
2026-04-12 22:59:08,988 [ERROR] LogOutputStream:75 - [STDERR_REDIRECT] 
2026-04-12 22:59:10,012 [ERROR] LogOutputStream:75 - [STDERR_REDIRECT] [Fatal Error] :1:1: Premature end of file.
2026-04-12 22:59:10,012 [ERROR] LogOutputStream:75 - [STDERR_REDIRECT] 
2026-04-12 22:59:10,990 [ERROR] LogOutputStream:75 - [STDERR_REDIRECT] [Fatal Error] :1:1: Premature end of file.
2026-04-12 22:59:10,991 [ERROR] LogOutputStream:75 - [STDERR_REDIRECT] 
2026-04-12 22:59:11,992 [ERROR] LogOutputStream:75 - [STDERR_REDIRECT] [Fatal Error] :1:1: Premature end of file.
2026-04-12 22:59:11,993 [ERROR] LogOutputStream:75 - [STDERR_REDIRECT] 
2026-04-12 22:59:12,987 [ERROR] LogOutputStream:75 - [STDERR_REDIRECT] [Fatal Error] :1:1: Premature end of file.
2026-04-12 22:59:12,988 [ERROR] LogOutputStream:75 - [STDERR_REDIRECT] 
2026-04-12 22:59:13,996 [ERROR] LogOutputStream:75 - [STDERR_REDIRECT] [Fatal Error] :1:1: Premature end of file.
2026-04-12 22:59:13,997 [ERROR] LogOutputStream:75 - [STDERR_REDIRECT] 
2026-04-12 22:59:14,988 [ERROR] LogOutputStream:75 - [STDERR_REDIRECT] [Fatal Error] :1:1: Premature end of file.
2026-04-12 22:59:14,988 [ERROR] LogOutputStream:75 - [STDERR_REDIRECT] 
2026-04-12 22:59:15,988 [ERROR] LogOutputStream:75 - [STDERR_REDIRECT] [Fatal Error] :1:1: Premature end of file.
2026-04-12 22:59:15,988 [ERROR] LogOutputStream:75 - [STDERR_REDIRECT] 
2026-04-12 22:59:16,988 [ERROR] LogOutputStream:75 - [STDERR_REDIRECT] [Fatal Error] :1:1: Premature end of file.
2026-04-12 22:59:16,989 [ERROR] LogOutputStream:75 - [STDERR_REDIRECT] 
2026-04-12 22:59:17,987 [ERROR] LogOutputStream:75 - [STDERR_REDIRECT] [Fatal Error] :1:1: Premature end of file.
2026-04-12 22:59:17,987 [ERROR] LogOutputStream:75 - [STDERR_REDIRECT] 
2026-04-12 22:59:18,988 [ERROR] LogOutputStream:75 - [STDERR_REDIRECT] [Fatal Error] :1:1: Premature end of file.
2026-04-12 22:59:18,988 [ERROR] LogOutputStream:75 - [STDERR_REDIRECT] 
2026-04-12 22:59:20,003 [ERROR] LogOutputStream:75 - [STDERR_REDIRECT] [Fatal Error] :1:1: Premature end of file.
2026-04-12 22:59:20,003 [ERROR] LogOutputStream:75 - [STDERR_REDIRECT] 
2026-04-12 22:59:20,988 [ERROR] LogOutputStream:75 - [STDERR_REDIRECT] [Fatal Error] :1:1: Premature end of file.
2026-04-12 22:59:20,988 [ERROR] LogOutputStream:75 - [STDERR_REDIRECT] 
2026-04-12 22:59:21,987 [ERROR] LogOutputStream:75 - [STDERR_REDIRECT] [Fatal Error] :1:1: Premature end of file.
2026-04-12 22:59:21,987 [ERROR] LogOutputStream:75 - [STDERR_REDIRECT] 
2026-04-12 22:59:22,988 [ERROR] LogOutputStream:75 - [STDERR_REDIRECT] [Fatal Error] :1:1: Premature end of file.
2026-04-12 22:59:22,988 [ERROR] LogOutputStream:75 - [STDERR_REDIRECT] 
2026-04-12 22:59:23,991 [ERROR] LogOutputStream:75 - [STDERR_REDIRECT] [Fatal Error] :1:1: Premature end of file.
2026-04-12 22:59:23,991 [ERROR] LogOutputStream:75 - [STDERR_REDIRECT] 
2026-04-12 22:59:24,987 [ERROR] LogOutputStream:75 - [STDERR_REDIRECT] [Fatal Error] :1:1: Premature end of file.
2026-04-12 22:59:24,987 [ERROR] LogOutputStream:75 - [STDERR_REDIRECT] 
2026-04-12 22:59:25,989 [ERROR] LogOutputStream:75 - [STDERR_REDIRECT] [Fatal Error] :1:1: Premature end of file.
2026-04-12 22:59:25,989 [ERROR] LogOutputStream:75 - [STDERR_REDIRECT] 
2026-04-12 22:59:26,988 [ERROR] LogOutputStream:75 - [STDERR_REDIRECT] [Fatal Error] :1:1: Premature end of file.
2026-04-12 22:59:26,988 [ERROR] LogOutputStream:75 - [STDERR_REDIRECT] 
2026-04-12 22:59:27,988 [ERROR] LogOutputStream:75 - [STDERR_REDIRECT] [Fatal Error] :1:1: Premature end of file.
2026-04-12 22:59:27,988 [ERROR] LogOutputStream:75 - [STDERR_REDIRECT] 
2026-04-12 22:59:28,989 [ERROR] LogOutputStream:75 - [STDERR_REDIRECT] [Fatal Error] :1:1: Premature end of file.
2026-04-12 22:59:28,989 [ERROR] LogOutputStream:75 - [STDERR_REDIRECT] 
2026-04-12 22:59:29,988 [ERROR] LogOutputStream:75 - [STDERR_REDIRECT] [Fatal Error] :1:1: Premature end of file.
2026-04-12 22:59:29,988 [ERROR] LogOutputStream:75 - [STDERR_REDIRECT] 
2026-04-12 22:59:30,988 [ERROR] LogOutputStream:75 - [STDERR_REDIRECT] [Fatal Error] :1:1: Premature end of file.
2026-04-12 22:59:30,988 [ERROR] LogOutputStream:75 - [STDERR_REDIRECT] 
2026-04-12 22:59:31,989 [ERROR] LogOutputStream:75 - [STDERR_REDIRECT] [Fatal Error] :1:1: Premature end of file.
2026-04-12 22:59:31,989 [ERROR] LogOutputStream:75 - [STDERR_REDIRECT] 
2026-04-12 22:59:32,988 [ERROR] LogOutputStream:75 - [STDERR_REDIRECT] [Fatal Error] :1:1: Premature end of file.
2026-04-12 22:59:32,988 [ERROR] LogOutputStream:75 - [STDERR_REDIRECT] 
2026-04-12 22:59:33,987 [ERROR] LogOutputStream:75 - [STDERR_REDIRECT] [Fatal Error] :1:1: Premature end of file.
2026-04-12 22:59:33,988 [ERROR] LogOutputStream:75 - [STDERR_REDIRECT] 
2026-04-12 22:59:34,987 [ERROR] LogOutputStream:75 - [STDERR_REDIRECT] [Fatal Error] :1:1: Premature end of file.
2026-04-12 22:59:34,987 [ERROR] LogOutputStream:75 - [STDERR_REDIRECT] 
2026-04-12 22:59:35,989 [ERROR] LogOutputStream:75 - [STDERR_REDIRECT] [Fatal Error] :1:1: Premature end of file.
2026-04-12 22:59:35,989 [ERROR] LogOutputStream:75 - [STDERR_REDIRECT] 
2026-04-12 22:59:36,996 [ERROR] LogOutputStream:75 - [STDERR_REDIRECT] [Fatal Error] :1:1: Premature end of file.
2026-04-12 22:59:36,996 [ERROR] LogOutputStream:75 - [STDERR_REDIRECT] 
2026-04-12 22:59:37,989 [ERROR] LogOutputStream:75 - [STDERR_REDIRECT] [Fatal Error] :1:1: Premature end of file.
2026-04-12 22:59:37,990 [ERROR] LogOutputStream:75 - [STDERR_REDIRECT] 
2026-04-12 22:59:38,988 [ERROR] LogOutputStream:75 - [STDERR_REDIRECT] [Fatal Error] :1:1: Premature end of file.
2026-04-12 22:59:38,988 [ERROR] LogOutputStream:75 - [STDERR_REDIRECT] 
2026-04-12 22:59:39,987 [ERROR] LogOutputStream:75 - [STDERR_REDIRECT] [Fatal Error] :1:1: Premature end of file.
2026-04-12 22:59:39,988 [ERROR] LogOutputStream:75 - [STDERR_REDIRECT] 
2026-04-12 22:59:40,987 [ERROR] LogOutputStream:75 - [STDERR_REDIRECT] [Fatal Error] :1:1: Premature end of file.
2026-04-12 22:59:40,987 [ERROR] LogOutputStream:75 - [STDERR_REDIRECT] 
2026-04-12 22:59:41,989 [ERROR] LogOutputStream:75 - [STDERR_REDIRECT] [Fatal Error] :1:1: Premature end of file.
2026-04-12 22:59:41,989 [ERROR] LogOutputStream:75 - [STDERR_REDIRECT] 
2026-04-12 22:59:42,986 [ERROR] LogOutputStream:75 - [STDERR_REDIRECT] [Fatal Error] :1:1: Premature end of file.
2026-04-12 22:59:42,986 [ERROR] LogOutputStream:75 - [STDERR_REDIRECT] 
2026-04-12 22:59:43,991 [ERROR] LogOutputStream:75 - [STDERR_REDIRECT] [Fatal Error] :1:1: Premature end of file.
2026-04-12 22:59:43,991 [ERROR] LogOutputStream:75 - [STDERR_REDIRECT] 
2026-04-12 22:59:44,992 [ERROR] LogOutputStream:75 - [STDERR_REDIRECT] [Fatal Error] :1:1: Premature end of file.
2026-04-12 22:59:44,993 [ERROR] LogOutputStream:75 - [STDERR_REDIRECT] 
2026-04-12 22:59:46,024 [ERROR] LogOutputStream:75 - [STDERR_REDIRECT] [Fatal Error] :1:1: Premature end of file.
2026-04-12 22:59:46,024 [ERROR] LogOutputStream:75 - [STDERR_REDIRECT] 
2026-04-12 22:59:47,191 [ERROR] LogOutputStream:75 - [STDERR_REDIRECT] [Fatal Error] :1:1: Premature end of file.
2026-04-12 22:59:47,191 [ERROR] LogOutputStream:75 - [STDERR_REDIRECT] 
2026-04-12 22:59:48,029 [ERROR] LogOutputStream:75 - [STDERR_REDIRECT] [Fatal Error] :1:1: Premature end of file.
2026-04-12 22:59:48,030 [ERROR] LogOutputStream:75 - [STDERR_REDIRECT] 
2026-04-12 22:59:49,023 [ERROR] LogOutputStream:75 - [STDERR_REDIRECT] [Fatal Error] :1:1: Premature end of file.
2026-04-12 22:59:49,023 [ERROR] LogOutputStream:75 - [STDERR_REDIRECT] 
2026-04-12 22:59:50,010 [ERROR] LogOutputStream:75 - [STDERR_REDIRECT] [Fatal Error] :1:1: Premature end of file.
2026-04-12 22:59:50,010 [ERROR] LogOutputStream:75 - [STDERR_REDIRECT] 
2026-04-12 22:59:51,003 [ERROR] LogOutputStream:75 - [STDERR_REDIRECT] [Fatal Error] :1:1: Premature end of file.
2026-04-12 22:59:51,003 [ERROR] LogOutputStream:75 - [STDERR_REDIRECT] 
2026-04-12 22:59:52,031 [ERROR] LogOutputStream:75 - [STDERR_REDIRECT] [Fatal Error] :1:1: Premature end of file.
2026-04-12 22:59:52,032 [ERROR] LogOutputStream:75 - [STDERR_REDIRECT] 
2026-04-12 22:59:53,007 [ERROR] LogOutputStream:75 - [STDERR_REDIRECT] [Fatal Error] :1:1: Premature end of file.
2026-04-12 22:59:53,007 [ERROR] LogOutputStream:75 - [STDERR_REDIRECT] 
2026-04-12 22:59:54,005 [ERROR] LogOutputStream:75 - [STDERR_REDIRECT] [Fatal Error] :1:1: Premature end of file.
2026-04-12 22:59:54,006 [ERROR] LogOutputStream:75 - [STDERR_REDIRECT] 
2026-04-12 22:59:55,023 [ERROR] LogOutputStream:75 - [STDERR_REDIRECT] [Fatal Error] :1:1: Premature end of file.
2026-04-12 22:59:55,023 [ERROR] LogOutputStream:75 - [STDERR_REDIRECT] 
2026-04-12 22:59:56,013 [ERROR] LogOutputStream:75 - [STDERR_REDIRECT] [Fatal Error] :1:1: Premature end of file.
2026-04-12 22:59:56,015 [ERROR] LogOutputStream:75 - [STDERR_REDIRECT] 
2026-04-12 22:59:57,017 [ERROR] LogOutputStream:75 - [STDERR_REDIRECT] [Fatal Error] :1:1: Premature end of file.
2026-04-12 22:59:57,017 [ERROR] LogOutputStream:75 - [STDERR_REDIRECT] 
2026-04-12 22:59:58,004 [ERROR] LogOutputStream:75 - [STDERR_REDIRECT] [Fatal Error] :1:1: Premature end of file.
2026-04-12 22:59:58,004 [ERROR] LogOutputStream:75 - [STDERR_REDIRECT] 
2026-04-12 22:59:59,008 [ERROR] LogOutputStream:75 - [STDERR_REDIRECT] [Fatal Error] :1:1: Premature end of file.
2026-04-12 22:59:59,009 [ERROR] LogOutputStream:75 - [STDERR_REDIRECT] 
2026-04-12 23:00:00,012 [ERROR] LogOutputStream:75 - [STDERR_REDIRECT] [Fatal Error] :1:1: Premature end of file.
2026-04-12 23:00:00,013 [ERROR] LogOutputStream:75 - [STDERR_REDIRECT] 
2026-04-12 23:00:01,025 [ERROR] LogOutputStream:75 - [STDERR_REDIRECT] [Fatal Error] :1:1: Premature end of file.
2026-04-12 23:00:01,027 [ERROR] LogOutputStream:75 - [STDERR_REDIRECT] 
2026-04-12 23:00:01,999 [ERROR] LogOutputStream:75 - [STDERR_REDIRECT] [Fatal Error] :1:1: Premature end of file.
2026-04-12 23:00:01,999 [ERROR] LogOutputStream:75 - [STDERR_REDIRECT] 
2026-04-12 23:00:03,000 [ERROR] LogOutputStream:75 - [STDERR_REDIRECT] [Fatal Error] :1:1: Premature end of file.
2026-04-12 23:00:03,001 [ERROR] LogOutputStream:75 - [STDERR_REDIRECT] 
2026-04-12 23:00:04,001 [ERROR] LogOutputStream:75 - [STDERR_REDIRECT] [Fatal Error] :1:1: Premature end of file.
2026-04-12 23:00:04,004 [ERROR] LogOutputStream:75 - [STDERR_REDIRECT] 
2026-04-12 23:00:05,037 [ERROR] LogOutputStream:75 - [STDERR_REDIRECT] [Fatal Error] :1:1: Premature end of file.
2026-04-12 23:00:05,037 [ERROR] LogOutputStream:75 - [STDERR_REDIRECT] 
2026-04-12 23:00:06,014 [ERROR] LogOutputStream:75 - [STDERR_REDIRECT] [Fatal Error] :1:1: Premature end of file.
2026-04-12 23:00:06,014 [ERROR] LogOutputStream:75 - [STDERR_REDIRECT] 
2026-04-12 23:00:07,011 [ERROR] LogOutputStream:75 - [STDERR_REDIRECT] [Fatal Error] :1:1: Premature end of file.
2026-04-12 23:00:07,012 [ERROR] LogOutputStream:75 - [STDERR_REDIRECT] 
2026-04-12 23:00:08,017 [ERROR] LogOutputStream:75 - [STDERR_REDIRECT] [Fatal Error] :1:1: Premature end of file.
2026-04-12 23:00:08,018 [ERROR] LogOutputStream:75 - [STDERR_REDIRECT] 
2026-04-12 23:00:09,015 [ERROR] LogOutputStream:75 - [STDERR_REDIRECT] [Fatal Error] :1:1: Premature end of file.
2026-04-12 23:00:09,017 [ERROR] LogOutputStream:75 - [STDERR_REDIRECT] 
2026-04-12 23:00:10,010 [ERROR] LogOutputStream:75 - [STDERR_REDIRECT] [Fatal Error] :1:1: Premature end of file.
2026-04-12 23:00:10,010 [ERROR] LogOutputStream:75 - [STDERR_REDIRECT] 
2026-04-12 23:00:11,020 [ERROR] LogOutputStream:75 - [STDERR_REDIRECT] [Fatal Error] :1:1: Premature end of file.
2026-04-12 23:00:11,021 [ERROR] LogOutputStream:75 - [STDERR_REDIRECT] 
2026-04-12 23:00:12,023 [ERROR] LogOutputStream:75 - [STDERR_REDIRECT] [Fatal Error] :1:1: Premature end of file.
2026-04-12 23:00:12,024 [ERROR] LogOutputStream:75 - [STDERR_REDIRECT] 
2026-04-12 23:00:13,009 [ERROR] LogOutputStream:75 - [STDERR_REDIRECT] [Fatal Error] :1:1: Premature end of file.
2026-04-12 23:00:13,010 [ERROR] LogOutputStream:75 - [STDERR_REDIRECT] 
2026-04-12 23:00:14,003 [ERROR] LogOutputStream:75 - [STDERR_REDIRECT] [Fatal Error] :1:1: Premature end of file.
2026-04-12 23:00:14,003 [ERROR] LogOutputStream:75 - [STDERR_REDIRECT] 
2026-04-12 23:00:15,007 [ERROR] LogOutputStream:75 - [STDERR_REDIRECT] [Fatal Error] :1:1: Premature end of file.
2026-04-12 23:00:15,007 [ERROR] LogOutputStream:75 - [STDERR_REDIRECT] 
2026-04-12 23:00:16,003 [ERROR] LogOutputStream:75 - [STDERR_REDIRECT] [Fatal Error] :1:1: Premature end of file.
2026-04-12 23:00:16,004 [ERROR] LogOutputStream:75 - [STDERR_REDIRECT] 
2026-04-12 23:00:17,010 [ERROR] LogOutputStream:75 - [STDERR_REDIRECT] [Fatal Error] :1:1: Premature end of file.
2026-04-12 23:00:17,011 [ERROR] LogOutputStream:75 - [STDERR_REDIRECT] 
2026-04-12 23:00:18,015 [ERROR] LogOutputStream:75 - [STDERR_REDIRECT] [Fatal Error] :1:1: Premature end of file.
2026-04-12 23:00:18,016 [ERROR] LogOutputStream:75 - [STDERR_REDIRECT] 
2026-04-12 23:00:19,002 [ERROR] LogOutputStream:75 - [STDERR_REDIRECT] [Fatal Error] :1:1: Premature end of file.
2026-04-12 23:00:19,002 [ERROR] LogOutputStream:75 - [STDERR_REDIRECT] 
2026-04-12 23:00:20,001 [ERROR] LogOutputStream:75 - [STDERR_REDIRECT] [Fatal Error] :1:1: Premature end of file.
2026-04-12 23:00:20,001 [ERROR] LogOutputStream:75 - [STDERR_REDIRECT] 
2026-04-12 23:00:21,040 [ERROR] LogOutputStream:75 - [STDERR_REDIRECT] [Fatal Error] :1:1: Premature end of file.
2026-04-12 23:00:21,041 [ERROR] LogOutputStream:75 - [STDERR_REDIRECT] 
2026-04-12 23:00:22,015 [ERROR] LogOutputStream:75 - [STDERR_REDIRECT] [Fatal Error] :1:1: Premature end of file.
2026-04-12 23:00:22,016 [ERROR] LogOutputStream:75 - [STDERR_REDIRECT] 
2026-04-12 23:00:23,009 [ERROR] LogOutputStream:75 - [STDERR_REDIRECT] [Fatal Error] :1:1: Premature end of file.
2026-04-12 23:00:23,009 [ERROR] LogOutputStream:75 - [STDERR_REDIRECT] 
2026-04-12 23:00:24,065 [ERROR] LogOutputStream:75 - [STDERR_REDIRECT] [Fatal Error] :1:1: Premature end of file.
2026-04-12 23:00:24,065 [ERROR] LogOutputStream:75 - [STDERR_REDIRECT] 
2026-04-12 23:00:24,998 [ERROR] LogOutputStream:75 - [STDERR_REDIRECT] [Fatal Error] :1:1: Premature end of file.
2026-04-12 23:00:24,999 [ERROR] LogOutputStream:75 - [STDERR_REDIRECT] 
2026-04-12 23:00:26,007 [ERROR] LogOutputStream:75 - [STDERR_REDIRECT] [Fatal Error] :1:1: Premature end of file.
2026-04-12 23:00:26,007 [ERROR] LogOutputStream:75 - [STDERR_REDIRECT] 
2026-04-12 23:00:27,146 [ERROR] LogOutputStream:75 - [STDERR_REDIRECT] [Fatal Error] :1:1: Premature end of file.
2026-04-12 23:00:27,147 [ERROR] LogOutputStream:75 - [STDERR_REDIRECT] 
2026-04-12 23:00:28,008 [ERROR] LogOutputStream:75 - [STDERR_REDIRECT] [Fatal Error] :1:1: Premature end of file.
2026-04-12 23:00:28,008 [ERROR] LogOutputStream:75 - [STDERR_REDIRECT] 
2026-04-12 23:00:29,004 [ERROR] LogOutputStream:75 - [STDERR_REDIRECT] [Fatal Error] :1:1: Premature end of file.
2026-04-12 23:00:29,005 [ERROR] LogOutputStream:75 - [STDERR_REDIRECT] 
2026-04-12 23:00:30,010 [ERROR] LogOutputStream:75 - [STDERR_REDIRECT] [Fatal Error] :1:1: Premature end of file.
2026-04-12 23:00:30,011 [ERROR] LogOutputStream:75 - [STDERR_REDIRECT] 
2026-04-12 23:00:31,243 [ERROR] LogOutputStream:75 - [STDERR_REDIRECT] [Fatal Error] :1:1: Premature end of file.
2026-04-12 23:00:31,243 [ERROR] LogOutputStream:75 - [STDERR_REDIRECT] 
2026-04-12 23:00:31,999 [ERROR] LogOutputStream:75 - [STDERR_REDIRECT] [Fatal Error] :1:1: Premature end of file.
2026-04-12 23:00:31,999 [ERROR] LogOutputStream:75 - [STDERR_REDIRECT] 
2026-04-12 23:00:33,002 [ERROR] LogOutputStream:75 - [STDERR_REDIRECT] [Fatal Error] :1:1: Premature end of file.
2026-04-12 23:00:33,002 [ERROR] LogOutputStream:75 - [STDERR_REDIRECT] 
2026-04-12 23:00:34,009 [ERROR] LogOutputStream:75 - [STDERR_REDIRECT] [Fatal Error] :1:1: Premature end of file.
2026-04-12 23:00:34,011 [ERROR] LogOutputStream:75 - [STDERR_REDIRECT] 
2026-04-12 23:00:35,000 [ERROR] LogOutputStream:75 - [STDERR_REDIRECT] [Fatal Error] :1:1: Premature end of file.
2026-04-12 23:00:35,001 [ERROR] LogOutputStream:75 - [STDERR_REDIRECT] 
2026-04-12 23:00:36,007 [ERROR] LogOutputStream:75 - [STDERR_REDIRECT] [Fatal Error] :1:1: Premature end of file.
2026-04-12 23:00:36,007 [ERROR] LogOutputStream:75 - [STDERR_REDIRECT] 
2026-04-12 23:00:37,401 [ERROR] LogOutputStream:75 - [STDERR_REDIRECT] [Fatal Error] :1:1: Premature end of file.
2026-04-12 23:00:37,401 [ERROR] LogOutputStream:75 - [STDERR_REDIRECT] 
2026-04-12 23:00:38,018 [ERROR] LogOutputStream:75 - [STDERR_REDIRECT] [Fatal Error] :1:1: Premature end of file.
2026-04-12 23:00:38,019 [ERROR] LogOutputStream:75 - [STDERR_REDIRECT] 
2026-04-12 23:00:38,996 [ERROR] LogOutputStream:75 - [STDERR_REDIRECT] [Fatal Error] :1:1: Premature end of file.
2026-04-12 23:00:38,996 [ERROR] LogOutputStream:75 - [STDERR_REDIRECT] 
2026-04-12 23:00:40,017 [ERROR] LogOutputStream:75 - [STDERR_REDIRECT] [Fatal Error] :1:1: Premature end of file.
2026-04-12 23:00:40,017 [ERROR] LogOutputStream:75 - [STDERR_REDIRECT] 
2026-04-12 23:00:41,020 [ERROR] LogOutputStream:75 - [STDERR_REDIRECT] [Fatal Error] :1:1: Premature end of file.
2026-04-12 23:00:41,022 [ERROR] LogOutputStream:75 - [STDERR_REDIRECT] 
2026-04-12 23:00:41,997 [ERROR] LogOutputStream:75 - [STDERR_REDIRECT] [Fatal Error] :1:1: Premature end of file.
2026-04-12 23:00:41,998 [ERROR] LogOutputStream:75 - [STDERR_REDIRECT] 
2026-04-12 23:00:42,998 [ERROR] LogOutputStream:75 - [STDERR_REDIRECT] [Fatal Error] :1:1: Premature end of file.
2026-04-12 23:00:42,998 [ERROR] LogOutputStream:75 - [STDERR_REDIRECT] 
2026-04-12 23:00:43,997 [ERROR] LogOutputStream:75 - [STDERR_REDIRECT] [Fatal Error] :1:1: Premature end of file.
2026-04-12 23:00:43,998 [ERROR] LogOutputStream:75 - [STDERR_REDIRECT] 
2026-04-12 23:00:45,017 [ERROR] LogOutputStream:75 - [STDERR_REDIRECT] [Fatal Error] :1:1: Premature end of file.
2026-04-12 23:00:45,018 [ERROR] LogOutputStream:75 - [STDERR_REDIRECT] 
2026-04-12 23:00:46,004 [ERROR] LogOutputStream:75 - [STDERR_REDIRECT] [Fatal Error] :1:1: Premature end of file.
2026-04-12 23:00:46,004 [ERROR] LogOutputStream:75 - [STDERR_REDIRECT] 
2026-04-12 23:00:46,996 [ERROR] LogOutputStream:75 - [STDERR_REDIRECT] [Fatal Error] :1:1: Premature end of file.
2026-04-12 23:00:46,996 [ERROR] LogOutputStream:75 - [STDERR_REDIRECT] 
2026-04-12 23:00:48,000 [ERROR] LogOutputStream:75 - [STDERR_REDIRECT] [Fatal Error] :1:1: Premature end of file.
2026-04-12 23:00:48,000 [ERROR] LogOutputStream:75 - [STDERR_REDIRECT] 
2026-04-12 23:00:49,002 [ERROR] LogOutputStream:75 - [STDERR_REDIRECT] [Fatal Error] :1:1: Premature end of file.
2026-04-12 23:00:49,002 [ERROR] LogOutputStream:75 - [STDERR_REDIRECT] 
2026-04-12 23:00:50,157 [ERROR] LogOutputStream:75 - [STDERR_REDIRECT] [Fatal Error] :1:1: Premature end of file.
2026-04-12 23:00:50,158 [ERROR] LogOutputStream:75 - [STDERR_REDIRECT] 
2026-04-12 23:00:51,053 [ERROR] LogOutputStream:75 - [STDERR_REDIRECT] [Fatal Error] :1:1: Premature end of file.
2026-04-12 23:00:51,054 [ERROR] LogOutputStream:75 - [STDERR_REDIRECT] 
2026-04-12 23:00:51,992 [ERROR] LogOutputStream:75 - [STDERR_REDIRECT] [Fatal Error] :1:1: Premature end of file.
2026-04-12 23:00:51,992 [ERROR] LogOutputStream:75 - [STDERR_REDIRECT] 
2026-04-12 23:00:53,007 [ERROR] LogOutputStream:75 - [STDERR_REDIRECT] [Fatal Error] :1:1: Premature end of file.
2026-04-12 23:00:53,008 [ERROR] LogOutputStream:75 - [STDERR_REDIRECT] 
2026-04-12 23:00:53,990 [ERROR] LogOutputStream:75 - [STDERR_REDIRECT] [Fatal Error] :1:1: Premature end of file.
2026-04-12 23:00:53,991 [ERROR] LogOutputStream:75 - [STDERR_REDIRECT] 
2026-04-12 23:00:55,001 [ERROR] LogOutputStream:75 - [STDERR_REDIRECT] [Fatal Error] :1:1: Premature end of file.
2026-04-12 23:00:55,001 [ERROR] LogOutputStream:75 - [STDERR_REDIRECT] 
2026-04-12 23:00:55,989 [ERROR] LogOutputStream:75 - [STDERR_REDIRECT] [Fatal Error] :1:1: Premature end of file.
2026-04-12 23:00:55,989 [ERROR] LogOutputStream:75 - [STDERR_REDIRECT] 
2026-04-12 23:00:56,991 [ERROR] LogOutputStream:75 - [STDERR_REDIRECT] [Fatal Error] :1:1: Premature end of file.
2026-04-12 23:00:56,991 [ERROR] LogOutputStream:75 - [STDERR_REDIRECT] 
2026-04-12 23:00:57,991 [ERROR] LogOutputStream:75 - [STDERR_REDIRECT] [Fatal Error] :1:1: Premature end of file.
2026-04-12 23:00:57,992 [ERROR] LogOutputStream:75 - [STDERR_REDIRECT] 
2026-04-12 23:00:59,010 [ERROR] LogOutputStream:75 - [STDERR_REDIRECT] [Fatal Error] :1:1: Premature end of file.
2026-04-12 23:00:59,011 [ERROR] LogOutputStream:75 - [STDERR_REDIRECT] 
2026-04-12 23:00:59,994 [ERROR] LogOutputStream:75 - [STDERR_REDIRECT] [Fatal Error] :1:1: Premature end of file.
2026-04-12 23:00:59,994 [ERROR] LogOutputStream:75 - [STDERR_REDIRECT] 
2026-04-12 23:01:01,025 [ERROR] LogOutputStream:75 - [STDERR_REDIRECT] [Fatal Error] :1:1: Premature end of file.
2026-04-12 23:01:01,026 [ERROR] LogOutputStream:75 - [STDERR_REDIRECT] 
2026-04-12 23:01:01,991 [ERROR] LogOutputStream:75 - [STDERR_REDIRECT] [Fatal Error] :1:1: Premature end of file.
2026-04-12 23:01:01,991 [ERROR] LogOutputStream:75 - [STDERR_REDIRECT] 
2026-04-12 23:01:02,992 [ERROR] LogOutputStream:75 - [STDERR_REDIRECT] [Fatal Error] :1:1: Premature end of file.
2026-04-12 23:01:02,992 [ERROR] LogOutputStream:75 - [STDERR_REDIRECT] 
2026-04-12 23:01:04,011 [ERROR] LogOutputStream:75 - [STDERR_REDIRECT] [Fatal Error] :1:1: Premature end of file.
2026-04-12 23:01:04,012 [ERROR] LogOutputStream:75 - [STDERR_REDIRECT] 
2026-04-12 23:01:04,994 [ERROR] LogOutputStream:75 - [STDERR_REDIRECT] [Fatal Error] :1:1: Premature end of file.
2026-04-12 23:01:04,994 [ERROR] LogOutputStream:75 - [STDERR_REDIRECT] 
2026-04-12 23:01:05,993 [ERROR] LogOutputStream:75 - [STDERR_REDIRECT] [Fatal Error] :1:1: Premature end of file.
2026-04-12 23:01:05,993 [ERROR] LogOutputStream:75 - [STDERR_REDIRECT] 
2026-04-12 23:01:06,999 [ERROR] LogOutputStream:75 - [STDERR_REDIRECT] [Fatal Error] :1:1: Premature end of file.
2026-04-12 23:01:06,999 [ERROR] LogOutputStream:75 - [STDERR_REDIRECT] 
2026-04-12 23:01:07,991 [ERROR] LogOutputStream:75 - [STDERR_REDIRECT] [Fatal Error] :1:1: Premature end of file.
2026-04-12 23:01:07,992 [ERROR] LogOutputStream:75 - [STDERR_REDIRECT] 
2026-04-12 23:01:08,999 [ERROR] LogOutputStream:75 - [STDERR_REDIRECT] [Fatal Error] :1:1: Premature end of file.
2026-04-12 23:01:09,000 [ERROR] LogOutputStream:75 - [STDERR_REDIRECT] 
2026-04-12 23:01:09,990 [ERROR] LogOutputStream:75 - [STDERR_REDIRECT] [Fatal Error] :1:1: Premature end of file.
2026-04-12 23:01:09,990 [ERROR] LogOutputStream:75 - [STDERR_REDIRECT] 
2026-04-12 23:01:11,002 [ERROR] LogOutputStream:75 - [STDERR_REDIRECT] [Fatal Error] :1:1: Premature end of file.
2026-04-12 23:01:11,003 [ERROR] LogOutputStream:75 - [STDERR_REDIRECT] 
2026-04-12 23:01:11,994 [ERROR] LogOutputStream:75 - [STDERR_REDIRECT] [Fatal Error] :1:1: Premature end of file.
2026-04-12 23:01:11,994 [ERROR] LogOutputStream:75 - [STDERR_REDIRECT] 
2026-04-12 23:01:13,001 [ERROR] LogOutputStream:75 - [STDERR_REDIRECT] [Fatal Error] :1:1: Premature end of file.
2026-04-12 23:01:13,001 [ERROR] LogOutputStream:75 - [STDERR_REDIRECT] 
2026-04-12 23:01:13,996 [ERROR] LogOutputStream:75 - [STDERR_REDIRECT] [Fatal Error] :1:1: Premature end of file.
2026-04-12 23:01:13,996 [ERROR] LogOutputStream:75 - [STDERR_REDIRECT] 
2026-04-12 23:01:14,997 [ERROR] LogOutputStream:75 - [STDERR_REDIRECT] [Fatal Error] :1:1: Premature end of file.
2026-04-12 23:01:14,998 [ERROR] LogOutputStream:75 - [STDERR_REDIRECT] 
2026-04-12 23:01:15,991 [ERROR] LogOutputStream:75 - [STDERR_REDIRECT] [Fatal Error] :1:1: Premature end of file.
2026-04-12 23:01:15,991 [ERROR] LogOutputStream:75 - [STDERR_REDIRECT] 
2026-04-12 23:01:17,002 [ERROR] LogOutputStream:75 - [STDERR_REDIRECT] [Fatal Error] :1:1: Premature end of file.
2026-04-12 23:01:17,003 [ERROR] LogOutputStream:75 - [STDERR_REDIRECT] 
2026-04-12 23:01:17,998 [ERROR] LogOutputStream:75 - [STDERR_REDIRECT] [Fatal Error] :1:1: Premature end of file.
2026-04-12 23:01:17,998 [ERROR] LogOutputStream:75 - [STDERR_REDIRECT] 
2026-04-12 23:01:18,990 [ERROR] LogOutputStream:75 - [STDERR_REDIRECT] [Fatal Error] :1:1: Premature end of file.
2026-04-12 23:01:18,990 [ERROR] LogOutputStream:75 - [STDERR_REDIRECT] 
2026-04-12 23:01:19,995 [ERROR] LogOutputStream:75 - [STDERR_REDIRECT] [Fatal Error] :1:1: Premature end of file.
2026-04-12 23:01:19,995 [ERROR] LogOutputStream:75 - [STDERR_REDIRECT] 
2026-04-12 23:01:21,031 [ERROR] LogOutputStream:75 - [STDERR_REDIRECT] [Fatal Error] :1:1: Premature end of file.
2026-04-12 23:01:21,040 [ERROR] LogOutputStream:75 - [STDERR_REDIRECT] 
2026-04-12 23:01:21,994 [ERROR] LogOutputStream:75 - [STDERR_REDIRECT] [Fatal Error] :1:1: Premature end of file.
2026-04-12 23:01:21,994 [ERROR] LogOutputStream:75 - [STDERR_REDIRECT] 
2026-04-12 23:01:22,988 [ERROR] LogOutputStream:75 - [STDERR_REDIRECT] [Fatal Error] :1:1: Premature end of file.
2026-04-12 23:01:22,989 [ERROR] LogOutputStream:75 - [STDERR_REDIRECT] 
2026-04-12 23:01:24,018 [ERROR] LogOutputStream:75 - [STDERR_REDIRECT] [Fatal Error] :1:1: Premature end of file.
2026-04-12 23:01:24,018 [ERROR] LogOutputStream:75 - [STDERR_REDIRECT] 
2026-04-12 23:01:24,990 [ERROR] LogOutputStream:75 - [STDERR_REDIRECT] [Fatal Error] :1:1: Premature end of file.
2026-04-12 23:01:24,990 [ERROR] LogOutputStream:75 - [STDERR_REDIRECT] 
2026-04-12 23:01:25,999 [ERROR] LogOutputStream:75 - [STDERR_REDIRECT] [Fatal Error] :1:1: Premature end of file.
2026-04-12 23:01:26,000 [ERROR] LogOutputStream:75 - [STDERR_REDIRECT] 
2026-04-12 23:01:26,999 [ERROR] LogOutputStream:75 - [STDERR_REDIRECT] [Fatal Error] :1:1: Premature end of file.
2026-04-12 23:01:27,000 [ERROR] LogOutputStream:75 - [STDERR_REDIRECT] 
2026-04-12 23:01:27,997 [ERROR] LogOutputStream:75 - [STDERR_REDIRECT] [Fatal Error] :1:1: Premature end of file.
2026-04-12 23:01:27,998 [ERROR] LogOutputStream:75 - [STDERR_REDIRECT] 
2026-04-12 23:01:28,992 [ERROR] LogOutputStream:75 - [STDERR_REDIRECT] [Fatal Error] :1:1: Premature end of file.
2026-04-12 23:01:28,992 [ERROR] LogOutputStream:75 - [STDERR_REDIRECT] 
2026-04-12 23:01:29,989 [ERROR] LogOutputStream:75 - [STDERR_REDIRECT] [Fatal Error] :1:1: Premature end of file.
2026-04-12 23:01:29,989 [ERROR] LogOutputStream:75 - [STDERR_REDIRECT] 
2026-04-12 23:01:31,013 [ERROR] LogOutputStream:75 - [STDERR_REDIRECT] [Fatal Error] :1:1: Premature end of file.
2026-04-12 23:01:31,014 [ERROR] LogOutputStream:75 - [STDERR_REDIRECT] 
2026-04-12 23:01:31,997 [ERROR] LogOutputStream:75 - [STDERR_REDIRECT] [Fatal Error] :1:1: Premature end of file.
2026-04-12 23:01:31,997 [ERROR] LogOutputStream:75 - [STDERR_REDIRECT] 
2026-04-12 23:01:33,003 [ERROR] LogOutputStream:75 - [STDERR_REDIRECT] [Fatal Error] :1:1: Premature end of file.
2026-04-12 23:01:33,003 [ERROR] LogOutputStream:75 - [STDERR_REDIRECT] 
2026-04-12 23:01:33,994 [ERROR] LogOutputStream:75 - [STDERR_REDIRECT] [Fatal Error] :1:1: Premature end of file.
2026-04-12 23:01:33,994 [ERROR] LogOutputStream:75 - [STDERR_REDIRECT] 
2026-04-12 23:01:34,996 [ERROR] LogOutputStream:75 - [STDERR_REDIRECT] [Fatal Error] :1:1: Premature end of file.
2026-04-12 23:01:34,997 [ERROR] LogOutputStream:75 - [STDERR_REDIRECT] 
2026-04-12 23:01:36,003 [ERROR] LogOutputStream:75 - [STDERR_REDIRECT] [Fatal Error] :1:1: Premature end of file.
2026-04-12 23:01:36,003 [ERROR] LogOutputStream:75 - [STDERR_REDIRECT] 
2026-04-12 23:01:36,995 [ERROR] LogOutputStream:75 - [STDERR_REDIRECT] [Fatal Error] :1:1: Premature end of file.
2026-04-12 23:01:36,995 [ERROR] LogOutputStream:75 - [STDERR_REDIRECT] 
2026-04-12 23:01:37,989 [ERROR] LogOutputStream:75 - [STDERR_REDIRECT] [Fatal Error] :1:1: Premature end of file.
2026-04-12 23:01:37,990 [ERROR] LogOutputStream:75 - [STDERR_REDIRECT] 
2026-04-12 23:01:39,002 [ERROR] LogOutputStream:75 - [STDERR_REDIRECT] [Fatal Error] :1:1: Premature end of file.
2026-04-12 23:01:39,002 [ERROR] LogOutputStream:75 - [STDERR_REDIRECT] 
2026-04-12 23:01:39,993 [ERROR] LogOutputStream:75 - [STDERR_REDIRECT] [Fatal Error] :1:1: Premature end of file.
2026-04-12 23:01:39,993 [ERROR] LogOutputStream:75 - [STDERR_REDIRECT] 
2026-04-12 23:01:40,997 [ERROR] LogOutputStream:75 - [STDERR_REDIRECT] [Fatal Error] :1:1: Premature end of file.
2026-04-12 23:01:40,998 [ERROR] LogOutputStream:75 - [STDERR_REDIRECT] 
2026-04-12 23:01:41,995 [ERROR] LogOutputStream:75 - [STDERR_REDIRECT] [Fatal Error] :1:1: Premature end of file.
2026-04-12 23:01:41,995 [ERROR] LogOutputStream:75 - [STDERR_REDIRECT] 
2026-04-12 23:01:42,992 [ERROR] LogOutputStream:75 - [STDERR_REDIRECT] [Fatal Error] :1:1: Premature end of file.
2026-04-12 23:01:42,992 [ERROR] LogOutputStream:75 - [STDERR_REDIRECT] 
2026-04-12 23:01:44,000 [ERROR] LogOutputStream:75 - [STDERR_REDIRECT] [Fatal Error] :1:1: Premature end of file.
2026-04-12 23:01:44,000 [ERROR] LogOutputStream:75 - [STDERR_REDIRECT] 
2026-04-12 23:01:45,000 [ERROR] LogOutputStream:75 - [STDERR_REDIRECT] [Fatal Error] :1:1: Premature end of file.
2026-04-12 23:01:45,000 [ERROR] LogOutputStream:75 - [STDERR_REDIRECT] 
2026-04-12 23:01:45,992 [ERROR] LogOutputStream:75 - [STDERR_REDIRECT] [Fatal Error] :1:1: Premature end of file.
2026-04-12 23:01:45,992 [ERROR] LogOutputStream:75 - [STDERR_REDIRECT] 
2026-04-12 23:01:46,990 [ERROR] LogOutputStream:75 - [STDERR_REDIRECT] [Fatal Error] :1:1: Premature end of file.
2026-04-12 23:01:46,990 [ERROR] LogOutputStream:75 - [STDERR_REDIRECT] 
2026-04-12 23:01:48,002 [ERROR] LogOutputStream:75 - [STDERR_REDIRECT] [Fatal Error] :1:1: Premature end of file.
2026-04-12 23:01:48,002 [ERROR] LogOutputStream:75 - [STDERR_REDIRECT] 
2026-04-12 23:01:48,997 [ERROR] LogOutputStream:75 - [STDERR_REDIRECT] [Fatal Error] :1:1: Premature end of file.
2026-04-12 23:01:48,997 [ERROR] LogOutputStream:75 - [STDERR_REDIRECT] 
2026-04-12 23:01:49,998 [ERROR] LogOutputStream:75 - [STDERR_REDIRECT] [Fatal Error] :1:1: Premature end of file.
2026-04-12 23:01:49,998 [ERROR] LogOutputStream:75 - [STDERR_REDIRECT] 
2026-04-12 23:01:51,006 [ERROR] LogOutputStream:75 - [STDERR_REDIRECT] [Fatal Error] :1:1: Premature end of file.
2026-04-12 23:01:51,006 [ERROR] LogOutputStream:75 - [STDERR_REDIRECT] 
2026-04-12 23:01:51,995 [ERROR] LogOutputStream:75 - [STDERR_REDIRECT] [Fatal Error] :1:1: Premature end of file.
2026-04-12 23:01:51,995 [ERROR] LogOutputStream:75 - [STDERR_REDIRECT] 
2026-04-12 23:01:52,993 [ERROR] LogOutputStream:75 - [STDERR_REDIRECT] [Fatal Error] :1:1: Premature end of file.
2026-04-12 23:01:52,994 [ERROR] LogOutputStream:75 - [STDERR_REDIRECT] 
2026-04-12 23:01:53,996 [ERROR] LogOutputStream:75 - [STDERR_REDIRECT] [Fatal Error] :1:1: Premature end of file.
2026-04-12 23:01:53,996 [ERROR] LogOutputStream:75 - [STDERR_REDIRECT] 
2026-04-12 23:01:55,019 [ERROR] LogOutputStream:75 - [STDERR_REDIRECT] [Fatal Error] :1:1: Premature end of file.
2026-04-12 23:01:55,020 [ERROR] LogOutputStream:75 - [STDERR_REDIRECT] 
2026-04-12 23:01:55,997 [ERROR] LogOutputStream:75 - [STDERR_REDIRECT] [Fatal Error] :1:1: Premature end of file.
2026-04-12 23:01:55,997 [ERROR] LogOutputStream:75 - [STDERR_REDIRECT] 
2026-04-12 23:01:57,002 [ERROR] LogOutputStream:75 - [STDERR_REDIRECT] [Fatal Error] :1:1: Premature end of file.
2026-04-12 23:01:57,002 [ERROR] LogOutputStream:75 - [STDERR_REDIRECT] 
2026-04-12 23:01:58,000 [ERROR] LogOutputStream:75 - [STDERR_REDIRECT] [Fatal Error] :1:1: Premature end of file.
2026-04-12 23:01:58,000 [ERROR] LogOutputStream:75 - [STDERR_REDIRECT] 
2026-04-12 23:01:59,014 [ERROR] LogOutputStream:75 - [STDERR_REDIRECT] [Fatal Error] :1:1: Premature end of file.
2026-04-12 23:01:59,014 [ERROR] LogOutputStream:75 - [STDERR_REDIRECT] 
2026-04-12 23:02:00,003 [ERROR] LogOutputStream:75 - [STDERR_REDIRECT] [Fatal Error] :1:1: Premature end of file.
2026-04-12 23:02:00,099 [ERROR] LogOutputStream:75 - [STDERR_REDIRECT] 
2026-04-12 23:02:00,996 [ERROR] LogOutputStream:75 - [STDERR_REDIRECT] [Fatal Error] :1:1: Premature end of file.
2026-04-12 23:02:00,996 [ERROR] LogOutputStream:75 - [STDERR_REDIRECT] 
2026-04-12 23:02:01,992 [ERROR] LogOutputStream:75 - [STDERR_REDIRECT] [Fatal Error] :1:1: Premature end of file.
2026-04-12 23:02:01,992 [ERROR] LogOutputStream:75 - [STDERR_REDIRECT] 
2026-04-12 23:02:02,992 [ERROR] LogOutputStream:75 - [STDERR_REDIRECT] [Fatal Error] :1:1: Premature end of file.
2026-04-12 23:02:02,992 [ERROR] LogOutputStream:75 - [STDERR_REDIRECT] 
2026-04-12 23:02:03,995 [ERROR] LogOutputStream:75 - [STDERR_REDIRECT] [Fatal Error] :1:1: Premature end of file.
2026-04-12 23:02:03,995 [ERROR] LogOutputStream:75 - [STDERR_REDIRECT] 
2026-04-12 23:02:04,989 [ERROR] LogOutputStream:75 - [STDERR_REDIRECT] [Fatal Error] :1:1: Premature end of file.
2026-04-12 23:02:04,989 [ERROR] LogOutputStream:75 - [STDERR_REDIRECT] 
2026-04-12 23:02:05,992 [ERROR] LogOutputStream:75 - [STDERR_REDIRECT] [Fatal Error] :1:1: Premature end of file.
2026-04-12 23:02:05,992 [ERROR] LogOutputStream:75 - [STDERR_REDIRECT] 
2026-04-12 23:02:06,993 [ERROR] LogOutputStream:75 - [STDERR_REDIRECT] [Fatal Error] :1:1: Premature end of file.
2026-04-12 23:02:06,993 [ERROR] LogOutputStream:75 - [STDERR_REDIRECT] 
2026-04-12 23:02:08,017 [ERROR] LogOutputStream:75 - [STDERR_REDIRECT] [Fatal Error] :1:1: Premature end of file.
2026-04-12 23:02:08,017 [ERROR] LogOutputStream:75 - [STDERR_REDIRECT] 
2026-04-12 23:02:08,990 [ERROR] LogOutputStream:75 - [STDERR_REDIRECT] [Fatal Error] :1:1: Premature end of file.
2026-04-12 23:02:08,990 [ERROR] LogOutputStream:75 - [STDERR_REDIRECT] 
2026-04-12 23:02:09,990 [ERROR] LogOutputStream:75 - [STDERR_REDIRECT] [Fatal Error] :1:1: Premature end of file.
2026-04-12 23:02:09,990 [ERROR] LogOutputStream:75 - [STDERR_REDIRECT] 
2026-04-12 23:02:10,992 [ERROR] LogOutputStream:75 - [STDERR_REDIRECT] [Fatal Error] :1:1: Premature end of file.
2026-04-12 23:02:10,992 [ERROR] LogOutputStream:75 - [STDERR_REDIRECT] 
2026-04-12 23:02:11,990 [ERROR] LogOutputStream:75 - [STDERR_REDIRECT] [Fatal Error] :1:1: Premature end of file.
2026-04-12 23:02:11,990 [ERROR] LogOutputStream:75 - [STDERR_REDIRECT] 
2026-04-12 23:02:12,990 [ERROR] LogOutputStream:75 - [STDERR_REDIRECT] [Fatal Error] :1:1: Premature end of file.
2026-04-12 23:02:12,991 [ERROR] LogOutputStream:75 - [STDERR_REDIRECT] 
2026-04-12 23:02:13,989 [ERROR] LogOutputStream:75 - [STDERR_REDIRECT] [Fatal Error] :1:1: Premature end of file.
2026-04-12 23:02:13,990 [ERROR] LogOutputStream:75 - [STDERR_REDIRECT] 
2026-04-12 23:02:14,994 [ERROR] LogOutputStream:75 - [STDERR_REDIRECT] [Fatal Error] :1:1: Premature end of file.
2026-04-12 23:02:14,994 [ERROR] LogOutputStream:75 - [STDERR_REDIRECT] 
2026-04-12 23:02:15,988 [ERROR] LogOutputStream:75 - [STDERR_REDIRECT] [Fatal Error] :1:1: Premature end of file.
2026-04-12 23:02:15,988 [ERROR] LogOutputStream:75 - [STDERR_REDIRECT] 
2026-04-12 23:02:16,990 [ERROR] LogOutputStream:75 - [STDERR_REDIRECT] [Fatal Error] :1:1: Premature end of file.
2026-04-12 23:02:16,990 [ERROR] LogOutputStream:75 - [STDERR_REDIRECT] 
2026-04-12 23:02:17,991 [ERROR] LogOutputStream:75 - [STDERR_REDIRECT] [Fatal Error] :1:1: Premature end of file.
2026-04-12 23:02:17,991 [ERROR] LogOutputStream:75 - [STDERR_REDIRECT] 
2026-04-12 23:02:18,990 [ERROR] LogOutputStream:75 - [STDERR_REDIRECT] [Fatal Error] :1:1: Premature end of file.
2026-04-12 23:02:18,990 [ERROR] LogOutputStream:75 - [STDERR_REDIRECT] 
2026-04-12 23:02:19,990 [ERROR] LogOutputStream:75 - [STDERR_REDIRECT] [Fatal Error] :1:1: Premature end of file.
2026-04-12 23:02:19,990 [ERROR] LogOutputStream:75 - [STDERR_REDIRECT] 
2026-04-12 23:02:20,992 [ERROR] LogOutputStream:75 - [STDERR_REDIRECT] [Fatal Error] :1:1: Premature end of file.
2026-04-12 23:02:20,992 [ERROR] LogOutputStream:75 - [STDERR_REDIRECT] 
2026-04-12 23:02:21,994 [ERROR] LogOutputStream:75 - [STDERR_REDIRECT] [Fatal Error] :1:1: Premature end of file.
2026-04-12 23:02:21,994 [ERROR] LogOutputStream:75 - [STDERR_REDIRECT] 
2026-04-12 23:02:22,991 [ERROR] LogOutputStream:75 - [STDERR_REDIRECT] [Fatal Error] :1:1: Premature end of file.
2026-04-12 23:02:22,991 [ERROR] LogOutputStream:75 - [STDERR_REDIRECT] 
2026-04-12 23:02:23,990 [ERROR] LogOutputStream:75 - [STDERR_REDIRECT] [Fatal Error] :1:1: Premature end of file.
2026-04-12 23:02:23,990 [ERROR] LogOutputStream:75 - [STDERR_REDIRECT] 
2026-04-12 23:02:24,989 [ERROR] LogOutputStream:75 - [STDERR_REDIRECT] [Fatal Error] :1:1: Premature end of file.
2026-04-12 23:02:24,990 [ERROR] LogOutputStream:75 - [STDERR_REDIRECT] 
2026-04-12 23:02:25,991 [ERROR] LogOutputStream:75 - [STDERR_REDIRECT] [Fatal Error] :1:1: Premature end of file.
2026-04-12 23:02:25,991 [ERROR] LogOutputStream:75 - [STDERR_REDIRECT] 
2026-04-12 23:02:26,987 [ERROR] LogOutputStream:75 - [STDERR_REDIRECT] [Fatal Error] :1:1: Premature end of file.
2026-04-12 23:02:26,987 [ERROR] LogOutputStream:75 - [STDERR_REDIRECT] 
2026-04-12 23:02:27,989 [ERROR] LogOutputStream:75 - [STDERR_REDIRECT] [Fatal Error] :1:1: Premature end of file.
2026-04-12 23:02:27,989 [ERROR] LogOutputStream:75 - [STDERR_REDIRECT] 
2026-04-12 23:02:28,991 [ERROR] LogOutputStream:75 - [STDERR_REDIRECT] [Fatal Error] :1:1: Premature end of file.
2026-04-12 23:02:28,992 [ERROR] LogOutputStream:75 - [STDERR_REDIRECT] 
2026-04-12 23:02:29,989 [ERROR] LogOutputStream:75 - [STDERR_REDIRECT] [Fatal Error] :1:1: Premature end of file.
2026-04-12 23:02:29,989 [ERROR] LogOutputStream:75 - [STDERR_REDIRECT] 
2026-04-12 23:02:30,989 [ERROR] LogOutputStream:75 - [STDERR_REDIRECT] [Fatal Error] :1:1: Premature end of file.
2026-04-12 23:02:30,989 [ERROR] LogOutputStream:75 - [STDERR_REDIRECT] 
2026-04-12 23:02:31,988 [ERROR] LogOutputStream:75 - [STDERR_REDIRECT] [Fatal Error] :1:1: Premature end of file.
2026-04-12 23:02:31,989 [ERROR] LogOutputStream:75 - [STDERR_REDIRECT] 
2026-04-12 23:02:32,990 [ERROR] LogOutputStream:75 - [STDERR_REDIRECT] [Fatal Error] :1:1: Premature end of file.
2026-04-12 23:02:32,990 [ERROR] LogOutputStream:75 - [STDERR_REDIRECT] 
2026-04-12 23:02:34,013 [ERROR] LogOutputStream:75 - [STDERR_REDIRECT] [Fatal Error] :1:1: Premature end of file.
2026-04-12 23:02:34,014 [ERROR] LogOutputStream:75 - [STDERR_REDIRECT] 
2026-04-12 23:02:34,990 [ERROR] LogOutputStream:75 - [STDERR_REDIRECT] [Fatal Error] :1:1: Premature end of file.
2026-04-12 23:02:34,991 [ERROR] LogOutputStream:75 - [STDERR_REDIRECT] 
2026-04-12 23:02:35,993 [ERROR] LogOutputStream:75 - [STDERR_REDIRECT] [Fatal Error] :1:1: Premature end of file.
2026-04-12 23:02:35,993 [ERROR] LogOutputStream:75 - [STDERR_REDIRECT] 
2026-04-12 23:02:36,995 [ERROR] LogOutputStream:75 - [STDERR_REDIRECT] [Fatal Error] :1:1: Premature end of file.
2026-04-12 23:02:36,996 [ERROR] LogOutputStream:75 - [STDERR_REDIRECT] 
2026-04-12 23:02:37,988 [ERROR] LogOutputStream:75 - [STDERR_REDIRECT] [Fatal Error] :1:1: Premature end of file.
2026-04-12 23:02:37,989 [ERROR] LogOutputStream:75 - [STDERR_REDIRECT] 
2026-04-12 23:02:38,992 [ERROR] LogOutputStream:75 - [STDERR_REDIRECT] [Fatal Error] :1:1: Premature end of file.
2026-04-12 23:02:38,992 [ERROR] LogOutputStream:75 - [STDERR_REDIRECT] 
2026-04-12 23:02:39,991 [ERROR] LogOutputStream:75 - [STDERR_REDIRECT] [Fatal Error] :1:1: Premature end of file.
2026-04-12 23:02:39,992 [ERROR] LogOutputStream:75 - [STDERR_REDIRECT] 
2026-04-12 23:02:40,991 [ERROR] LogOutputStream:75 - [STDERR_REDIRECT] [Fatal Error] :1:1: Premature end of file.
2026-04-12 23:02:40,991 [ERROR] LogOutputStream:75 - [STDERR_REDIRECT] 
2026-04-12 23:02:41,989 [ERROR] LogOutputStream:75 - [STDERR_REDIRECT] [Fatal Error] :1:1: Premature end of file.
2026-04-12 23:02:41,989 [ERROR] LogOutputStream:75 - [STDERR_REDIRECT] 
2026-04-12 23:02:42,993 [ERROR] LogOutputStream:75 - [STDERR_REDIRECT] [Fatal Error] :1:1: Premature end of file.
2026-04-12 23:02:42,993 [ERROR] LogOutputStream:75 - [STDERR_REDIRECT] 
2026-04-12 23:02:43,987 [ERROR] LogOutputStream:75 - [STDERR_REDIRECT] [Fatal Error] :1:1: Premature end of file.
2026-04-12 23:02:43,987 [ERROR] LogOutputStream:75 - [STDERR_REDIRECT] 
2026-04-12 23:02:44,989 [ERROR] LogOutputStream:75 - [STDERR_REDIRECT] [Fatal Error] :1:1: Premature end of file.
2026-04-12 23:02:44,989 [ERROR] LogOutputStream:75 - [STDERR_REDIRECT] 
2026-04-12 23:02:45,988 [ERROR] LogOutputStream:75 - [STDERR_REDIRECT] [Fatal Error] :1:1: Premature end of file.
2026-04-12 23:02:45,989 [ERROR] LogOutputStream:75 - [STDERR_REDIRECT] 
2026-04-12 23:02:47,071 [ERROR] LogOutputStream:75 - [STDERR_REDIRECT] [Fatal Error] :1:1: Premature end of file.
2026-04-12 23:02:47,071 [ERROR] LogOutputStream:75 - [STDERR_REDIRECT] 
2026-04-12 23:02:47,990 [ERROR] LogOutputStream:75 - [STDERR_REDIRECT] [Fatal Error] :1:1: Premature end of file.
2026-04-12 23:02:47,990 [ERROR] LogOutputStream:75 - [STDERR_REDIRECT] 
2026-04-12 23:02:48,990 [ERROR] LogOutputStream:75 - [STDERR_REDIRECT] [Fatal Error] :1:1: Premature end of file.
2026-04-12 23:02:48,990 [ERROR] LogOutputStream:75 - [STDERR_REDIRECT] 
2026-04-12 23:02:49,994 [ERROR] LogOutputStream:75 - [STDERR_REDIRECT] [Fatal Error] :1:1: Premature end of file.
2026-04-12 23:02:49,994 [ERROR] LogOutputStream:75 - [STDERR_REDIRECT] 
2026-04-12 23:02:50,989 [ERROR] LogOutputStream:75 - [STDERR_REDIRECT] [Fatal Error] :1:1: Premature end of file.
2026-04-12 23:02:50,989 [ERROR] LogOutputStream:75 - [STDERR_REDIRECT] 
2026-04-12 23:02:51,992 [ERROR] LogOutputStream:75 - [STDERR_REDIRECT] [Fatal Error] :1:1: Premature end of file.
2026-04-12 23:02:51,992 [ERROR] LogOutputStream:75 - [STDERR_REDIRECT] 
2026-04-12 23:02:52,988 [ERROR] LogOutputStream:75 - [STDERR_REDIRECT] [Fatal Error] :1:1: Premature end of file.
2026-04-12 23:02:52,988 [ERROR] LogOutputStream:75 - [STDERR_REDIRECT] 
2026-04-12 23:02:53,989 [ERROR] LogOutputStream:75 - [STDERR_REDIRECT] [Fatal Error] :1:1: Premature end of file.
2026-04-12 23:02:53,990 [ERROR] LogOutputStream:75 - [STDERR_REDIRECT] 
2026-04-12 23:02:54,990 [ERROR] LogOutputStream:75 - [STDERR_REDIRECT] [Fatal Error] :1:1: Premature end of file.
2026-04-12 23:02:54,990 [ERROR] LogOutputStream:75 - [STDERR_REDIRECT] 
2026-04-12 23:02:55,991 [ERROR] LogOutputStream:75 - [STDERR_REDIRECT] [Fatal Error] :1:1: Premature end of file.
2026-04-12 23:02:55,992 [ERROR] LogOutputStream:75 - [STDERR_REDIRECT] 
2026-04-12 23:02:56,991 [ERROR] LogOutputStream:75 - [STDERR_REDIRECT] [Fatal Error] :1:1: Premature end of file.
2026-04-12 23:02:56,991 [ERROR] LogOutputStream:75 - [STDERR_REDIRECT] 
2026-04-12 23:02:57,991 [ERROR] LogOutputStream:75 - [STDERR_REDIRECT] [Fatal Error] :1:1: Premature end of file.
2026-04-12 23:02:57,991 [ERROR] LogOutputStream:75 - [STDERR_REDIRECT] 
2026-04-12 23:02:58,991 [ERROR] LogOutputStream:75 - [STDERR_REDIRECT] [Fatal Error] :1:1: Premature end of file.
2026-04-12 23:02:58,992 [ERROR] LogOutputStream:75 - [STDERR_REDIRECT] 
2026-04-12 23:03:00,002 [ERROR] LogOutputStream:75 - [STDERR_REDIRECT] [Fatal Error] :1:1: Premature end of file.
2026-04-12 23:03:00,002 [ERROR] LogOutputStream:75 - [STDERR_REDIRECT] 
2026-04-12 23:03:01,010 [ERROR] LogOutputStream:75 - [STDERR_REDIRECT] [Fatal Error] :1:1: Premature end of file.
2026-04-12 23:03:01,010 [ERROR] LogOutputStream:75 - [STDERR_REDIRECT] 
2026-04-12 23:03:01,990 [ERROR] LogOutputStream:75 - [STDERR_REDIRECT] [Fatal Error] :1:1: Premature end of file.
2026-04-12 23:03:01,990 [ERROR] LogOutputStream:75 - [STDERR_REDIRECT] 
2026-04-12 23:03:02,989 [ERROR] LogOutputStream:75 - [STDERR_REDIRECT] [Fatal Error] :1:1: Premature end of file.
2026-04-12 23:03:02,989 [ERROR] LogOutputStream:75 - [STDERR_REDIRECT] 
2026-04-12 23:03:03,990 [ERROR] LogOutputStream:75 - [STDERR_REDIRECT] [Fatal Error] :1:1: Premature end of file.
2026-04-12 23:03:03,990 [ERROR] LogOutputStream:75 - [STDERR_REDIRECT] 
2026-04-12 23:03:04,988 [ERROR] LogOutputStream:75 - [STDERR_REDIRECT] [Fatal Error] :1:1: Premature end of file.
2026-04-12 23:03:04,988 [ERROR] LogOutputStream:75 - [STDERR_REDIRECT] 
2026-04-12 23:03:05,989 [ERROR] LogOutputStream:75 - [STDERR_REDIRECT] [Fatal Error] :1:1: Premature end of file.
2026-04-12 23:03:05,989 [ERROR] LogOutputStream:75 - [STDERR_REDIRECT] 
2026-04-12 23:03:06,989 [ERROR] LogOutputStream:75 - [STDERR_REDIRECT] [Fatal Error] :1:1: Premature end of file.
2026-04-12 23:03:06,990 [ERROR] LogOutputStream:75 - [STDERR_REDIRECT] 
2026-04-12 23:03:07,989 [ERROR] LogOutputStream:75 - [STDERR_REDIRECT] [Fatal Error] :1:1: Premature end of file.
2026-04-12 23:03:07,989 [ERROR] LogOutputStream:75 - [STDERR_REDIRECT] 
2026-04-12 23:03:08,990 [ERROR] LogOutputStream:75 - [STDERR_REDIRECT] [Fatal Error] :1:1: Premature end of file.
2026-04-12 23:03:08,990 [ERROR] LogOutputStream:75 - [STDERR_REDIRECT] 
2026-04-12 23:03:09,988 [ERROR] LogOutputStream:75 - [STDERR_REDIRECT] [Fatal Error] :1:1: Premature end of file.
2026-04-12 23:03:09,989 [ERROR] LogOutputStream:75 - [STDERR_REDIRECT] 
2026-04-12 23:03:10,990 [ERROR] LogOutputStream:75 - [STDERR_REDIRECT] [Fatal Error] :1:1: Premature end of file.
2026-04-12 23:03:10,990 [ERROR] LogOutputStream:75 - [STDERR_REDIRECT] 
2026-04-12 23:03:11,990 [ERROR] LogOutputStream:75 - [STDERR_REDIRECT] [Fatal Error] :1:1: Premature end of file.
2026-04-12 23:03:11,990 [ERROR] LogOutputStream:75 - [STDERR_REDIRECT] 
2026-04-12 23:03:13,000 [ERROR] LogOutputStream:75 - [STDERR_REDIRECT] [Fatal Error] :1:1: Premature end of file.
2026-04-12 23:03:13,000 [ERROR] LogOutputStream:75 - [STDERR_REDIRECT] 
2026-04-12 23:03:13,992 [ERROR] LogOutputStream:75 - [STDERR_REDIRECT] [Fatal Error] :1:1: Premature end of file.
2026-04-12 23:03:13,992 [ERROR] LogOutputStream:75 - [STDERR_REDIRECT] 
2026-04-12 23:03:14,990 [ERROR] LogOutputStream:75 - [STDERR_REDIRECT] [Fatal Error] :1:1: Premature end of file.
2026-04-12 23:03:14,990 [ERROR] LogOutputStream:75 - [STDERR_REDIRECT] 
2026-04-12 23:03:15,998 [ERROR] LogOutputStream:75 - [STDERR_REDIRECT] [Fatal Error] :1:1: Premature end of file.
2026-04-12 23:03:15,998 [ERROR] LogOutputStream:75 - [STDERR_REDIRECT] 
2026-04-12 23:03:16,990 [ERROR] LogOutputStream:75 - [STDERR_REDIRECT] [Fatal Error] :1:1: Premature end of file.
2026-04-12 23:03:16,990 [ERROR] LogOutputStream:75 - [STDERR_REDIRECT] 
2026-04-12 23:03:17,989 [ERROR] LogOutputStream:75 - [STDERR_REDIRECT] [Fatal Error] :1:1: Premature end of file.
2026-04-12 23:03:17,989 [ERROR] LogOutputStream:75 - [STDERR_REDIRECT] 
2026-04-12 23:03:18,991 [ERROR] LogOutputStream:75 - [STDERR_REDIRECT] [Fatal Error] :1:1: Premature end of file.
2026-04-12 23:03:18,991 [ERROR] LogOutputStream:75 - [STDERR_REDIRECT] 
2026-04-12 23:03:19,991 [ERROR] LogOutputStream:75 - [STDERR_REDIRECT] [Fatal Error] :1:1: Premature end of file.
2026-04-12 23:03:19,991 [ERROR] LogOutputStream:75 - [STDERR_REDIRECT] 
2026-04-12 23:03:20,989 [ERROR] LogOutputStream:75 - [STDERR_REDIRECT] [Fatal Error] :1:1: Premature end of file.
2026-04-12 23:03:20,989 [ERROR] LogOutputStream:75 - [STDERR_REDIRECT] 
2026-04-12 23:03:21,989 [ERROR] LogOutputStream:75 - [STDERR_REDIRECT] [Fatal Error] :1:1: Premature end of file.
2026-04-12 23:03:21,990 [ERROR] LogOutputStream:75 - [STDERR_REDIRECT] 
2026-04-12 23:03:22,992 [ERROR] LogOutputStream:75 - [STDERR_REDIRECT] [Fatal Error] :1:1: Premature end of file.
2026-04-12 23:03:22,993 [ERROR] LogOutputStream:75 - [STDERR_REDIRECT] 
2026-04-12 23:03:23,989 [ERROR] LogOutputStream:75 - [STDERR_REDIRECT] [Fatal Error] :1:1: Premature end of file.
2026-04-12 23:03:23,989 [ERROR] LogOutputStream:75 - [STDERR_REDIRECT] 
2026-04-12 23:03:24,988 [ERROR] LogOutputStream:75 - [STDERR_REDIRECT] [Fatal Error] :1:1: Premature end of file.
2026-04-12 23:03:24,988 [ERROR] LogOutputStream:75 - [STDERR_REDIRECT] 
2026-04-12 23:03:26,016 [ERROR] LogOutputStream:75 - [STDERR_REDIRECT] [Fatal Error] :1:1: Premature end of file.
2026-04-12 23:03:26,016 [ERROR] LogOutputStream:75 - [STDERR_REDIRECT] 
2026-04-12 23:03:27,023 [ERROR] LogOutputStream:75 - [STDERR_REDIRECT] [Fatal Error] :1:1: Premature end of file.
2026-04-12 23:03:27,023 [ERROR] LogOutputStream:75 - [STDERR_REDIRECT] 
2026-04-12 23:03:27,990 [ERROR] LogOutputStream:75 - [STDERR_REDIRECT] [Fatal Error] :1:1: Premature end of file.
2026-04-12 23:03:27,990 [ERROR] LogOutputStream:75 - [STDERR_REDIRECT] 
2026-04-12 23:03:28,992 [ERROR] LogOutputStream:75 - [STDERR_REDIRECT] [Fatal Error] :1:1: Premature end of file.
2026-04-12 23:03:28,992 [ERROR] LogOutputStream:75 - [STDERR_REDIRECT] 
2026-04-12 23:03:29,989 [ERROR] LogOutputStream:75 - [STDERR_REDIRECT] [Fatal Error] :1:1: Premature end of file.
2026-04-12 23:03:29,989 [ERROR] LogOutputStream:75 - [STDERR_REDIRECT] 
2026-04-12 23:03:30,990 [ERROR] LogOutputStream:75 - [STDERR_REDIRECT] [Fatal Error] :1:1: Premature end of file.
2026-04-12 23:03:30,990 [ERROR] LogOutputStream:75 - [STDERR_REDIRECT] 
2026-04-12 23:03:31,991 [ERROR] LogOutputStream:75 - [STDERR_REDIRECT] [Fatal Error] :1:1: Premature end of file.
2026-04-12 23:03:31,991 [ERROR] LogOutputStream:75 - [STDERR_REDIRECT] 
2026-04-12 23:03:32,991 [ERROR] LogOutputStream:75 - [STDERR_REDIRECT] [Fatal Error] :1:1: Premature end of file.
2026-04-12 23:03:32,992 [ERROR] LogOutputStream:75 - [STDERR_REDIRECT] 
2026-04-12 23:03:33,991 [ERROR] LogOutputStream:75 - [STDERR_REDIRECT] [Fatal Error] :1:1: Premature end of file.
2026-04-12 23:03:33,991 [ERROR] LogOutputStream:75 - [STDERR_REDIRECT] 
2026-04-12 23:03:34,991 [ERROR] LogOutputStream:75 - [STDERR_REDIRECT] [Fatal Error] :1:1: Premature end of file.
2026-04-12 23:03:34,992 [ERROR] LogOutputStream:75 - [STDERR_REDIRECT] 
2026-04-12 23:03:35,990 [ERROR] LogOutputStream:75 - [STDERR_REDIRECT] [Fatal Error] :1:1: Premature end of file.
2026-04-12 23:03:35,990 [ERROR] LogOutputStream:75 - [STDERR_REDIRECT] 
2026-04-12 23:03:36,992 [ERROR] LogOutputStream:75 - [STDERR_REDIRECT] [Fatal Error] :1:1: Premature end of file.
2026-04-12 23:03:36,992 [ERROR] LogOutputStream:75 - [STDERR_REDIRECT] 
2026-04-12 23:03:37,990 [ERROR] LogOutputStream:75 - [STDERR_REDIRECT] [Fatal Error] :1:1: Premature end of file.
2026-04-12 23:03:37,991 [ERROR] LogOutputStream:75 - [STDERR_REDIRECT] 
2026-04-12 23:03:39,021 [ERROR] LogOutputStream:75 - [STDERR_REDIRECT] [Fatal Error] :1:1: Premature end of file.
2026-04-12 23:03:39,021 [ERROR] LogOutputStream:75 - [STDERR_REDIRECT] 
2026-04-12 23:03:39,990 [ERROR] LogOutputStream:75 - [STDERR_REDIRECT] [Fatal Error] :1:1: Premature end of file.
2026-04-12 23:03:39,990 [ERROR] LogOutputStream:75 - [STDERR_REDIRECT] 
2026-04-12 23:03:40,991 [ERROR] LogOutputStream:75 - [STDERR_REDIRECT] [Fatal Error] :1:1: Premature end of file.
2026-04-12 23:03:40,991 [ERROR] LogOutputStream:75 - [STDERR_REDIRECT] 
2026-04-12 23:03:41,989 [ERROR] LogOutputStream:75 - [STDERR_REDIRECT] [Fatal Error] :1:1: Premature end of file.
2026-04-12 23:03:41,989 [ERROR] LogOutputStream:75 - [STDERR_REDIRECT] 
2026-04-12 23:03:42,991 [ERROR] LogOutputStream:75 - [STDERR_REDIRECT] [Fatal Error] :1:1: Premature end of file.
2026-04-12 23:03:42,991 [ERROR] LogOutputStream:75 - [STDERR_REDIRECT] 
2026-04-12 23:03:43,989 [ERROR] LogOutputStream:75 - [STDERR_REDIRECT] [Fatal Error] :1:1: Premature end of file.
2026-04-12 23:03:43,989 [ERROR] LogOutputStream:75 - [STDERR_REDIRECT] 
2026-04-12 23:03:45,017 [ERROR] LogOutputStream:75 - [STDERR_REDIRECT] [Fatal Error] :1:1: Premature end of file.
2026-04-12 23:03:45,017 [ERROR] LogOutputStream:75 - [STDERR_REDIRECT] 
2026-04-12 23:03:45,988 [ERROR] LogOutputStream:75 - [STDERR_REDIRECT] [Fatal Error] :1:1: Premature end of file.
2026-04-12 23:03:45,988 [ERROR] LogOutputStream:75 - [STDERR_REDIRECT] 
2026-04-12 23:03:46,989 [ERROR] LogOutputStream:75 - [STDERR_REDIRECT] [Fatal Error] :1:1: Premature end of file.
2026-04-12 23:03:46,990 [ERROR] LogOutputStream:75 - [STDERR_REDIRECT] 
2026-04-12 23:03:47,989 [ERROR] LogOutputStream:75 - [STDERR_REDIRECT] [Fatal Error] :1:1: Premature end of file.
2026-04-12 23:03:47,989 [ERROR] LogOutputStream:75 - [STDERR_REDIRECT] 
2026-04-12 23:03:49,238 [ERROR] LogOutputStream:75 - [STDERR_REDIRECT] [Fatal Error] :1:1: Premature end of file.
2026-04-12 23:03:49,238 [ERROR] LogOutputStream:75 - [STDERR_REDIRECT] 
2026-04-12 23:03:49,993 [ERROR] LogOutputStream:75 - [STDERR_REDIRECT] [Fatal Error] :1:1: Premature end of file.
2026-04-12 23:03:49,993 [ERROR] LogOutputStream:75 - [STDERR_REDIRECT] 
2026-04-12 23:03:51,005 [ERROR] LogOutputStream:75 - [STDERR_REDIRECT] [Fatal Error] :1:1: Premature end of file.
2026-04-12 23:03:51,005 [ERROR] LogOutputStream:75 - [STDERR_REDIRECT] 
2026-04-12 23:03:52,009 [ERROR] LogOutputStream:75 - [STDERR_REDIRECT] [Fatal Error] :1:1: Premature end of file.
2026-04-12 23:03:52,009 [ERROR] LogOutputStream:75 - [STDERR_REDIRECT] 
2026-04-12 23:03:53,003 [ERROR] LogOutputStream:75 - [STDERR_REDIRECT] [Fatal Error] :1:1: Premature end of file.
2026-04-12 23:03:53,004 [ERROR] LogOutputStream:75 - [STDERR_REDIRECT] 
2026-04-12 23:03:53,990 [ERROR] LogOutputStream:75 - [STDERR_REDIRECT] [Fatal Error] :1:1: Premature end of file.
2026-04-12 23:03:53,990 [ERROR] LogOutputStream:75 - [STDERR_REDIRECT] 
2026-04-12 23:03:54,991 [ERROR] LogOutputStream:75 - [STDERR_REDIRECT] [Fatal Error] :1:1: Premature end of file.
2026-04-12 23:03:54,992 [ERROR] LogOutputStream:75 - [STDERR_REDIRECT] 
2026-04-12 23:03:55,990 [ERROR] LogOutputStream:75 - [STDERR_REDIRECT] [Fatal Error] :1:1: Premature end of file.
2026-04-12 23:03:55,990 [ERROR] LogOutputStream:75 - [STDERR_REDIRECT] 
2026-04-12 23:03:57,021 [ERROR] LogOutputStream:75 - [STDERR_REDIRECT] [Fatal Error] :1:1: Premature end of file.
2026-04-12 23:03:57,021 [ERROR] LogOutputStream:75 - [STDERR_REDIRECT] 
2026-04-12 23:03:57,989 [ERROR] LogOutputStream:75 - [STDERR_REDIRECT] [Fatal Error] :1:1: Premature end of file.
2026-04-12 23:03:57,990 [ERROR] LogOutputStream:75 - [STDERR_REDIRECT] 
2026-04-12 23:03:58,990 [ERROR] LogOutputStream:75 - [STDERR_REDIRECT] [Fatal Error] :1:1: Premature end of file.
2026-04-12 23:03:58,990 [ERROR] LogOutputStream:75 - [STDERR_REDIRECT] 
2026-04-12 23:03:59,990 [ERROR] LogOutputStream:75 - [STDERR_REDIRECT] [Fatal Error] :1:1: Premature end of file.
2026-04-12 23:03:59,991 [ERROR] LogOutputStream:75 - [STDERR_REDIRECT] 
2026-04-12 23:04:00,997 [ERROR] LogOutputStream:75 - [STDERR_REDIRECT] [Fatal Error] :1:1: Premature end of file.
2026-04-12 23:04:00,998 [ERROR] LogOutputStream:75 - [STDERR_REDIRECT] 
2026-04-12 23:04:01,989 [ERROR] LogOutputStream:75 - [STDERR_REDIRECT] [Fatal Error] :1:1: Premature end of file.
2026-04-12 23:04:01,990 [ERROR] LogOutputStream:75 - [STDERR_REDIRECT] 
2026-04-12 23:04:02,991 [ERROR] LogOutputStream:75 - [STDERR_REDIRECT] [Fatal Error] :1:1: Premature end of file.
2026-04-12 23:04:02,991 [ERROR] LogOutputStream:75 - [STDERR_REDIRECT] 
2026-04-12 23:04:03,999 [ERROR] LogOutputStream:75 - [STDERR_REDIRECT] [Fatal Error] :1:1: Premature end of file.
2026-04-12 23:04:03,999 [ERROR] LogOutputStream:75 - [STDERR_REDIRECT] 
2026-04-12 23:04:04,999 [ERROR] LogOutputStream:75 - [STDERR_REDIRECT] [Fatal Error] :1:1: Premature end of file.
2026-04-12 23:04:04,999 [ERROR] LogOutputStream:75 - [STDERR_REDIRECT] 
2026-04-12 23:04:05,990 [ERROR] LogOutputStream:75 - [STDERR_REDIRECT] [Fatal Error] :1:1: Premature end of file.
2026-04-12 23:04:05,990 [ERROR] LogOutputStream:75 - [STDERR_REDIRECT] 
2026-04-12 23:04:06,989 [ERROR] LogOutputStream:75 - [STDERR_REDIRECT] [Fatal Error] :1:1: Premature end of file.
2026-04-12 23:04:06,989 [ERROR] LogOutputStream:75 - [STDERR_REDIRECT] 
2026-04-12 23:04:07,998 [ERROR] LogOutputStream:75 - [STDERR_REDIRECT] [Fatal Error] :1:1: Premature end of file.
2026-04-12 23:04:07,998 [ERROR] LogOutputStream:75 - [STDERR_REDIRECT] 
2026-04-12 23:04:08,997 [ERROR] LogOutputStream:75 - [STDERR_REDIRECT] [Fatal Error] :1:1: Premature end of file.
2026-04-12 23:04:08,997 [ERROR] LogOutputStream:75 - [STDERR_REDIRECT] 
2026-04-12 23:04:09,993 [ERROR] LogOutputStream:75 - [STDERR_REDIRECT] [Fatal Error] :1:1: Premature end of file.
2026-04-12 23:04:09,993 [ERROR] LogOutputStream:75 - [STDERR_REDIRECT] 
2026-04-12 23:04:10,992 [ERROR] LogOutputStream:75 - [STDERR_REDIRECT] [Fatal Error] :1:1: Premature end of file.
2026-04-12 23:04:10,992 [ERROR] LogOutputStream:75 - [STDERR_REDIRECT] 
2026-04-12 23:04:12,007 [ERROR] LogOutputStream:75 - [STDERR_REDIRECT] [Fatal Error] :1:1: Premature end of file.
2026-04-12 23:04:12,007 [ERROR] LogOutputStream:75 - [STDERR_REDIRECT] 
2026-04-12 23:04:13,091 [ERROR] LogOutputStream:75 - [STDERR_REDIRECT] [Fatal Error] :1:1: Premature end of file.
2026-04-12 23:04:13,092 [ERROR] LogOutputStream:75 - [STDERR_REDIRECT] 
2026-04-12 23:04:14,002 [ERROR] LogOutputStream:75 - [STDERR_REDIRECT] [Fatal Error] :1:1: Premature end of file.
2026-04-12 23:04:14,003 [ERROR] LogOutputStream:75 - [STDERR_REDIRECT] 
2026-04-12 23:04:15,012 [ERROR] LogOutputStream:75 - [STDERR_REDIRECT] [Fatal Error] :1:1: Premature end of file.
2026-04-12 23:04:15,013 [ERROR] LogOutputStream:75 - [STDERR_REDIRECT] 
2026-04-12 23:04:16,026 [ERROR] LogOutputStream:75 - [STDERR_REDIRECT] [Fatal Error] :1:1: Premature end of file.
2026-04-12 23:04:16,026 [ERROR] LogOutputStream:75 - [STDERR_REDIRECT] 
2026-04-12 23:04:17,007 [ERROR] LogOutputStream:75 - [STDERR_REDIRECT] [Fatal Error] :1:1: Premature end of file.
2026-04-12 23:04:17,008 [ERROR] LogOutputStream:75 - [STDERR_REDIRECT] 
2026-04-12 23:04:18,075 [ERROR] LogOutputStream:75 - [STDERR_REDIRECT] [Fatal Error] :1:1: Premature end of file.
2026-04-12 23:04:18,077 [ERROR] LogOutputStream:75 - [STDERR_REDIRECT] 
2026-04-12 23:04:19,048 [ERROR] LogOutputStream:75 - [STDERR_REDIRECT] [Fatal Error] :1:1: Premature end of file.
2026-04-12 23:04:19,048 [ERROR] LogOutputStream:75 - [STDERR_REDIRECT] 
2026-04-12 23:04:20,001 [ERROR] LogOutputStream:75 - [STDERR_REDIRECT] [Fatal Error] :1:1: Premature end of file.
2026-04-12 23:04:20,002 [ERROR] LogOutputStream:75 - [STDERR_REDIRECT] 
2026-04-12 23:04:21,004 [ERROR] LogOutputStream:75 - [STDERR_REDIRECT] [Fatal Error] :1:1: Premature end of file.
2026-04-12 23:04:21,005 [ERROR] LogOutputStream:75 - [STDERR_REDIRECT] 
2026-04-12 23:04:22,006 [ERROR] LogOutputStream:75 - [STDERR_REDIRECT] [Fatal Error] :1:1: Premature end of file.
2026-04-12 23:04:22,007 [ERROR] LogOutputStream:75 - [STDERR_REDIRECT] 
2026-04-12 23:04:22,999 [ERROR] LogOutputStream:75 - [STDERR_REDIRECT] [Fatal Error] :1:1: Premature end of file.
2026-04-12 23:04:22,999 [ERROR] LogOutputStream:75 - [STDERR_REDIRECT] 
2026-04-12 23:04:24,038 [ERROR] LogOutputStream:75 - [STDERR_REDIRECT] [Fatal Error] :1:1: Premature end of file.
2026-04-12 23:04:24,038 [ERROR] LogOutputStream:75 - [STDERR_REDIRECT] 
2026-04-12 23:04:25,022 [ERROR] LogOutputStream:75 - [STDERR_REDIRECT] [Fatal Error] :1:1: Premature end of file.
2026-04-12 23:04:25,022 [ERROR] LogOutputStream:75 - [STDERR_REDIRECT] 
2026-04-12 23:04:26,037 [ERROR] LogOutputStream:75 - [STDERR_REDIRECT] [Fatal Error] :1:1: Premature end of file.
2026-04-12 23:04:26,037 [ERROR] LogOutputStream:75 - [STDERR_REDIRECT] 
2026-04-12 23:04:27,027 [ERROR] LogOutputStream:75 - [STDERR_REDIRECT] [Fatal Error] :1:1: Premature end of file.
2026-04-12 23:04:27,027 [ERROR] LogOutputStream:75 - [STDERR_REDIRECT] 
2026-04-12 23:04:28,008 [ERROR] LogOutputStream:75 - [STDERR_REDIRECT] [Fatal Error] :1:1: Premature end of file.
2026-04-12 23:04:28,009 [ERROR] LogOutputStream:75 - [STDERR_REDIRECT] 
2026-04-12 23:04:29,014 [ERROR] LogOutputStream:75 - [STDERR_REDIRECT] [Fatal Error] :1:1: Premature end of file.
2026-04-12 23:04:29,014 [ERROR] LogOutputStream:75 - [STDERR_REDIRECT] 
2026-04-12 23:04:30,016 [ERROR] LogOutputStream:75 - [STDERR_REDIRECT] [Fatal Error] :1:1: Premature end of file.
2026-04-12 23:04:30,016 [ERROR] LogOutputStream:75 - [STDERR_REDIRECT] 
2026-04-12 23:04:31,007 [ERROR] LogOutputStream:75 - [STDERR_REDIRECT] [Fatal Error] :1:1: Premature end of file.
2026-04-12 23:04:31,007 [ERROR] LogOutputStream:75 - [STDERR_REDIRECT] 
2026-04-12 23:04:31,997 [ERROR] LogOutputStream:75 - [STDERR_REDIRECT] [Fatal Error] :1:1: Premature end of file.
2026-04-12 23:04:31,997 [ERROR] LogOutputStream:75 - [STDERR_REDIRECT] 
2026-04-12 23:04:33,025 [ERROR] LogOutputStream:75 - [STDERR_REDIRECT] [Fatal Error] :1:1: Premature end of file.
2026-04-12 23:04:33,026 [ERROR] LogOutputStream:75 - [STDERR_REDIRECT] 
2026-04-12 23:04:34,047 [ERROR] LogOutputStream:75 - [STDERR_REDIRECT] [Fatal Error] :1:1: Premature end of file.
2026-04-12 23:04:34,047 [ERROR] LogOutputStream:75 - [STDERR_REDIRECT] 
2026-04-12 23:04:35,011 [ERROR] LogOutputStream:75 - [STDERR_REDIRECT] [Fatal Error] :1:1: Premature end of file.
2026-04-12 23:04:35,011 [ERROR] LogOutputStream:75 - [STDERR_REDIRECT] 
2026-04-12 23:04:35,993 [ERROR] LogOutputStream:75 - [STDERR_REDIRECT] [Fatal Error] :1:1: Premature end of file.
2026-04-12 23:04:35,993 [ERROR] LogOutputStream:75 - [STDERR_REDIRECT] 
2026-04-12 23:04:37,007 [ERROR] LogOutputStream:75 - [STDERR_REDIRECT] [Fatal Error] :1:1: Premature end of file.
2026-04-12 23:04:37,007 [ERROR] LogOutputStream:75 - [STDERR_REDIRECT] 
2026-04-12 23:04:38,011 [ERROR] LogOutputStream:75 - [STDERR_REDIRECT] [Fatal Error] :1:1: Premature end of file.
2026-04-12 23:04:38,011 [ERROR] LogOutputStream:75 - [STDERR_REDIRECT] 
2026-04-12 23:04:39,004 [ERROR] LogOutputStream:75 - [STDERR_REDIRECT] [Fatal Error] :1:1: Premature end of file.
2026-04-12 23:04:39,004 [ERROR] LogOutputStream:75 - [STDERR_REDIRECT] 
2026-04-12 23:04:39,993 [ERROR] LogOutputStream:75 - [STDERR_REDIRECT] [Fatal Error] :1:1: Premature end of file.
2026-04-12 23:04:39,994 [ERROR] LogOutputStream:75 - [STDERR_REDIRECT] 
2026-04-12 23:04:41,005 [ERROR] LogOutputStream:75 - [STDERR_REDIRECT] [Fatal Error] :1:1: Premature end of file.
2026-04-12 23:04:41,005 [ERROR] LogOutputStream:75 - [STDERR_REDIRECT] 
2026-04-12 23:04:42,005 [ERROR] LogOutputStream:75 - [STDERR_REDIRECT] [Fatal Error] :1:1: Premature end of file.
2026-04-12 23:04:42,005 [ERROR] LogOutputStream:75 - [STDERR_REDIRECT] 
2026-04-12 23:04:43,004 [ERROR] LogOutputStream:75 - [STDERR_REDIRECT] [Fatal Error] :1:1: Premature end of file.
2026-04-12 23:04:43,004 [ERROR] LogOutputStream:75 - [STDERR_REDIRECT] 
2026-04-12 23:04:43,989 [ERROR] LogOutputStream:75 - [STDERR_REDIRECT] [Fatal Error] :1:1: Premature end of file.
2026-04-12 23:04:43,989 [ERROR] LogOutputStream:75 - [STDERR_REDIRECT] 
2026-04-12 23:04:45,014 [ERROR] LogOutputStream:75 - [STDERR_REDIRECT] [Fatal Error] :1:1: Premature end of file.
2026-04-12 23:04:45,014 [ERROR] LogOutputStream:75 - [STDERR_REDIRECT] 
2026-04-12 23:04:46,001 [ERROR] LogOutputStream:75 - [STDERR_REDIRECT] [Fatal Error] :1:1: Premature end of file.
2026-04-12 23:04:46,002 [ERROR] LogOutputStream:75 - [STDERR_REDIRECT] 
2026-04-12 23:04:46,998 [ERROR] LogOutputStream:75 - [STDERR_REDIRECT] [Fatal Error] :1:1: Premature end of file.
2026-04-12 23:04:46,998 [ERROR] LogOutputStream:75 - [STDERR_REDIRECT] 
2026-04-12 23:04:48,000 [ERROR] LogOutputStream:75 - [STDERR_REDIRECT] [Fatal Error] :1:1: Premature end of file.
2026-04-12 23:04:48,001 [ERROR] LogOutputStream:75 - [STDERR_REDIRECT] 
2026-04-12 23:04:49,003 [ERROR] LogOutputStream:75 - [STDERR_REDIRECT] [Fatal Error] :1:1: Premature end of file.
2026-04-12 23:04:49,005 [ERROR] LogOutputStream:75 - [STDERR_REDIRECT] 
2026-04-12 23:04:49,998 [ERROR] LogOutputStream:75 - [STDERR_REDIRECT] [Fatal Error] :1:1: Premature end of file.
2026-04-12 23:04:49,998 [ERROR] LogOutputStream:75 - [STDERR_REDIRECT] 
2026-04-12 23:04:50,994 [ERROR] LogOutputStream:75 - [STDERR_REDIRECT] [Fatal Error] :1:1: Premature end of file.
2026-04-12 23:04:50,994 [ERROR] LogOutputStream:75 - [STDERR_REDIRECT] 
2026-04-12 23:04:52,004 [ERROR] LogOutputStream:75 - [STDERR_REDIRECT] [Fatal Error] :1:1: Premature end of file.
2026-04-12 23:04:52,004 [ERROR] LogOutputStream:75 - [STDERR_REDIRECT] 
2026-04-12 23:04:52,992 [ERROR] LogOutputStream:75 - [STDERR_REDIRECT] [Fatal Error] :1:1: Premature end of file.
2026-04-12 23:04:52,993 [ERROR] LogOutputStream:75 - [STDERR_REDIRECT] 
2026-04-12 23:04:54,003 [ERROR] LogOutputStream:75 - [STDERR_REDIRECT] [Fatal Error] :1:1: Premature end of file.
2026-04-12 23:04:54,003 [ERROR] LogOutputStream:75 - [STDERR_REDIRECT] 
2026-04-12 23:04:54,992 [ERROR] LogOutputStream:75 - [STDERR_REDIRECT] [Fatal Error] :1:1: Premature end of file.
2026-04-12 23:04:54,992 [ERROR] LogOutputStream:75 - [STDERR_REDIRECT] 
2026-04-12 23:04:55,999 [ERROR] LogOutputStream:75 - [STDERR_REDIRECT] [Fatal Error] :1:1: Premature end of file.
2026-04-12 23:04:55,999 [ERROR] LogOutputStream:75 - [STDERR_REDIRECT] 
2026-04-12 23:04:57,003 [ERROR] LogOutputStream:75 - [STDERR_REDIRECT] [Fatal Error] :1:1: Premature end of file.
2026-04-12 23:04:57,004 [ERROR] LogOutputStream:75 - [STDERR_REDIRECT] 
2026-04-12 23:04:58,008 [ERROR] LogOutputStream:75 - [STDERR_REDIRECT] [Fatal Error] :1:1: Premature end of file.
2026-04-12 23:04:58,008 [ERROR] LogOutputStream:75 - [STDERR_REDIRECT] 
2026-04-12 23:04:59,004 [ERROR] LogOutputStream:75 - [STDERR_REDIRECT] [Fatal Error] :1:1: Premature end of file.
2026-04-12 23:04:59,005 [ERROR] LogOutputStream:75 - [STDERR_REDIRECT] 
2026-04-12 23:04:59,999 [ERROR] LogOutputStream:75 - [STDERR_REDIRECT] [Fatal Error] :1:1: Premature end of file.
2026-04-12 23:04:59,999 [ERROR] LogOutputStream:75 - [STDERR_REDIRECT] 
2026-04-12 23:05:01,011 [ERROR] LogOutputStream:75 - [STDERR_REDIRECT] [Fatal Error] :1:1: Premature end of file.
2026-04-12 23:05:01,011 [ERROR] LogOutputStream:75 - [STDERR_REDIRECT] 
2026-04-12 23:05:01,999 [ERROR] LogOutputStream:75 - [STDERR_REDIRECT] [Fatal Error] :1:1: Premature end of file.
2026-04-12 23:05:01,999 [ERROR] LogOutputStream:75 - [STDERR_REDIRECT] 
2026-04-12 23:05:03,002 [ERROR] LogOutputStream:75 - [STDERR_REDIRECT] [Fatal Error] :1:1: Premature end of file.
2026-04-12 23:05:03,002 [ERROR] LogOutputStream:75 - [STDERR_REDIRECT] 
2026-04-12 23:05:04,002 [ERROR] LogOutputStream:75 - [STDERR_REDIRECT] [Fatal Error] :1:1: Premature end of file.
2026-04-12 23:05:04,003 [ERROR] LogOutputStream:75 - [STDERR_REDIRECT] 
2026-04-12 23:05:04,996 [ERROR] LogOutputStream:75 - [STDERR_REDIRECT] [Fatal Error] :1:1: Premature end of file.
2026-04-12 23:05:04,996 [ERROR] LogOutputStream:75 - [STDERR_REDIRECT] 
2026-04-12 23:05:06,000 [ERROR] LogOutputStream:75 - [STDERR_REDIRECT] [Fatal Error] :1:1: Premature end of file.
2026-04-12 23:05:06,001 [ERROR] LogOutputStream:75 - [STDERR_REDIRECT] 
2026-04-12 23:05:06,997 [ERROR] LogOutputStream:75 - [STDERR_REDIRECT] [Fatal Error] :1:1: Premature end of file.
2026-04-12 23:05:06,998 [ERROR] LogOutputStream:75 - [STDERR_REDIRECT] 
2026-04-12 23:05:07,996 [ERROR] LogOutputStream:75 - [STDERR_REDIRECT] [Fatal Error] :1:1: Premature end of file.
2026-04-12 23:05:07,996 [ERROR] LogOutputStream:75 - [STDERR_REDIRECT] 
2026-04-12 23:05:08,994 [ERROR] LogOutputStream:75 - [STDERR_REDIRECT] [Fatal Error] :1:1: Premature end of file.
2026-04-12 23:05:08,994 [ERROR] LogOutputStream:75 - [STDERR_REDIRECT] 
2026-04-12 23:05:10,004 [ERROR] LogOutputStream:75 - [STDERR_REDIRECT] [Fatal Error] :1:1: Premature end of file.
2026-04-12 23:05:10,004 [ERROR] LogOutputStream:75 - [STDERR_REDIRECT] 
2026-04-12 23:05:10,995 [ERROR] LogOutputStream:75 - [STDERR_REDIRECT] [Fatal Error] :1:1: Premature end of file.
2026-04-12 23:05:10,995 [ERROR] LogOutputStream:75 - [STDERR_REDIRECT] 
2026-04-12 23:05:11,994 [ERROR] LogOutputStream:75 - [STDERR_REDIRECT] [Fatal Error] :1:1: Premature end of file.
2026-04-12 23:05:11,994 [ERROR] LogOutputStream:75 - [STDERR_REDIRECT] 
2026-04-12 23:05:12,989 [ERROR] LogOutputStream:75 - [STDERR_REDIRECT] [Fatal Error] :1:1: Premature end of file.
2026-04-12 23:05:12,989 [ERROR] LogOutputStream:75 - [STDERR_REDIRECT] 
2026-04-12 23:05:13,995 [ERROR] LogOutputStream:75 - [STDERR_REDIRECT] [Fatal Error] :1:1: Premature end of file.
2026-04-12 23:05:13,996 [ERROR] LogOutputStream:75 - [STDERR_REDIRECT] 
2026-04-12 23:05:15,000 [ERROR] LogOutputStream:75 - [STDERR_REDIRECT] [Fatal Error] :1:1: Premature end of file.
2026-04-12 23:05:15,000 [ERROR] LogOutputStream:75 - [STDERR_REDIRECT] 
2026-04-12 23:05:15,994 [ERROR] LogOutputStream:75 - [STDERR_REDIRECT] [Fatal Error] :1:1: Premature end of file.
2026-04-12 23:05:15,994 [ERROR] LogOutputStream:75 - [STDERR_REDIRECT] 
2026-04-12 23:05:16,994 [ERROR] LogOutputStream:75 - [STDERR_REDIRECT] [Fatal Error] :1:1: Premature end of file.
2026-04-12 23:05:16,994 [ERROR] LogOutputStream:75 - [STDERR_REDIRECT] 
2026-04-12 23:05:17,990 [ERROR] LogOutputStream:75 - [STDERR_REDIRECT] [Fatal Error] :1:1: Premature end of file.
2026-04-12 23:05:17,991 [ERROR] LogOutputStream:75 - [STDERR_REDIRECT] 
2026-04-12 23:05:19,003 [ERROR] LogOutputStream:75 - [STDERR_REDIRECT] [Fatal Error] :1:1: Premature end of file.
2026-04-12 23:05:19,003 [ERROR] LogOutputStream:75 - [STDERR_REDIRECT] 
2026-04-12 23:05:20,000 [ERROR] LogOutputStream:75 - [STDERR_REDIRECT] [Fatal Error] :1:1: Premature end of file.
2026-04-12 23:05:20,000 [ERROR] LogOutputStream:75 - [STDERR_REDIRECT] 
2026-04-12 23:05:20,991 [ERROR] LogOutputStream:75 - [STDERR_REDIRECT] [Fatal Error] :1:1: Premature end of file.
2026-04-12 23:05:20,991 [ERROR] LogOutputStream:75 - [STDERR_REDIRECT] 
2026-04-12 23:05:22,000 [ERROR] LogOutputStream:75 - [STDERR_REDIRECT] [Fatal Error] :1:1: Premature end of file.
2026-04-12 23:05:22,001 [ERROR] LogOutputStream:75 - [STDERR_REDIRECT] 
2026-04-12 23:05:22,988 [ERROR] LogOutputStream:75 - [STDERR_REDIRECT] [Fatal Error] :1:1: Premature end of file.
2026-04-12 23:05:22,988 [ERROR] LogOutputStream:75 - [STDERR_REDIRECT] 
2026-04-12 23:05:24,001 [ERROR] LogOutputStream:75 - [STDERR_REDIRECT] [Fatal Error] :1:1: Premature end of file.
2026-04-12 23:05:24,001 [ERROR] LogOutputStream:75 - [STDERR_REDIRECT] 
2026-04-12 23:05:24,993 [ERROR] LogOutputStream:75 - [STDERR_REDIRECT] [Fatal Error] :1:1: Premature end of file.
2026-04-12 23:05:24,993 [ERROR] LogOutputStream:75 - [STDERR_REDIRECT] 
2026-04-12 23:05:25,999 [ERROR] LogOutputStream:75 - [STDERR_REDIRECT] [Fatal Error] :1:1: Premature end of file.
2026-04-12 23:05:25,999 [ERROR] LogOutputStream:75 - [STDERR_REDIRECT] 
2026-04-12 23:05:26,996 [ERROR] LogOutputStream:75 - [STDERR_REDIRECT] [Fatal Error] :1:1: Premature end of file.
2026-04-12 23:05:26,996 [ERROR] LogOutputStream:75 - [STDERR_REDIRECT] 
2026-04-12 23:05:27,994 [ERROR] LogOutputStream:75 - [STDERR_REDIRECT] [Fatal Error] :1:1: Premature end of file.
2026-04-12 23:05:27,994 [ERROR] LogOutputStream:75 - [STDERR_REDIRECT] 
2026-04-12 23:05:28,988 [ERROR] LogOutputStream:75 - [STDERR_REDIRECT] [Fatal Error] :1:1: Premature end of file.
2026-04-12 23:05:28,989 [ERROR] LogOutputStream:75 - [STDERR_REDIRECT] 
2026-04-12 23:05:29,995 [ERROR] LogOutputStream:75 - [STDERR_REDIRECT] [Fatal Error] :1:1: Premature end of file.
2026-04-12 23:05:29,995 [ERROR] LogOutputStream:75 - [STDERR_REDIRECT] 
2026-04-12 23:05:30,990 [ERROR] LogOutputStream:75 - [STDERR_REDIRECT] [Fatal Error] :1:1: Premature end of file.
2026-04-12 23:05:30,991 [ERROR] LogOutputStream:75 - [STDERR_REDIRECT] 
2026-04-12 23:05:32,000 [ERROR] LogOutputStream:75 - [STDERR_REDIRECT] [Fatal Error] :1:1: Premature end of file.
2026-04-12 23:05:32,001 [ERROR] LogOutputStream:75 - [STDERR_REDIRECT] 
2026-04-12 23:05:32,994 [ERROR] LogOutputStream:75 - [STDERR_REDIRECT] [Fatal Error] :1:1: Premature end of file.
2026-04-12 23:05:32,995 [ERROR] LogOutputStream:75 - [STDERR_REDIRECT] 
2026-04-12 23:05:33,989 [ERROR] LogOutputStream:75 - [STDERR_REDIRECT] [Fatal Error] :1:1: Premature end of file.
2026-04-12 23:05:33,990 [ERROR] LogOutputStream:75 - [STDERR_REDIRECT] 
2026-04-12 23:05:35,007 [ERROR] LogOutputStream:75 - [STDERR_REDIRECT] [Fatal Error] :1:1: Premature end of file.
2026-04-12 23:05:35,008 [ERROR] LogOutputStream:75 - [STDERR_REDIRECT] 
2026-04-12 23:05:35,991 [ERROR] LogOutputStream:75 - [STDERR_REDIRECT] [Fatal Error] :1:1: Premature end of file.
2026-04-12 23:05:35,992 [ERROR] LogOutputStream:75 - [STDERR_REDIRECT] 
2026-04-12 23:05:37,008 [ERROR] LogOutputStream:75 - [STDERR_REDIRECT] [Fatal Error] :1:1: Premature end of file.
2026-04-12 23:05:37,008 [ERROR] LogOutputStream:75 - [STDERR_REDIRECT] 
2026-04-12 23:05:38,000 [ERROR] LogOutputStream:75 - [STDERR_REDIRECT] [Fatal Error] :1:1: Premature end of file.
2026-04-12 23:05:38,000 [ERROR] LogOutputStream:75 - [STDERR_REDIRECT] 
2026-04-12 23:05:39,003 [ERROR] LogOutputStream:75 - [STDERR_REDIRECT] [Fatal Error] :1:1: Premature end of file.
2026-04-12 23:05:39,003 [ERROR] LogOutputStream:75 - [STDERR_REDIRECT] 
2026-04-12 23:05:40,006 [ERROR] LogOutputStream:75 - [STDERR_REDIRECT] [Fatal Error] :1:1: Premature end of file.
2026-04-12 23:05:40,006 [ERROR] LogOutputStream:75 - [STDERR_REDIRECT] 
2026-04-12 23:05:40,993 [ERROR] LogOutputStream:75 - [STDERR_REDIRECT] [Fatal Error] :1:1: Premature end of file.
2026-04-12 23:05:40,993 [ERROR] LogOutputStream:75 - [STDERR_REDIRECT] 
2026-04-12 23:05:42,004 [ERROR] LogOutputStream:75 - [STDERR_REDIRECT] [Fatal Error] :1:1: Premature end of file.
2026-04-12 23:05:42,004 [ERROR] LogOutputStream:75 - [STDERR_REDIRECT] 
2026-04-12 23:05:43,008 [ERROR] LogOutputStream:75 - [STDERR_REDIRECT] [Fatal Error] :1:1: Premature end of file.
2026-04-12 23:05:43,008 [ERROR] LogOutputStream:75 - [STDERR_REDIRECT] 
2026-04-12 23:05:43,999 [ERROR] LogOutputStream:75 - [STDERR_REDIRECT] [Fatal Error] :1:1: Premature end of file.
2026-04-12 23:05:44,000 [ERROR] LogOutputStream:75 - [STDERR_REDIRECT] 
2026-04-12 23:05:44,995 [ERROR] LogOutputStream:75 - [STDERR_REDIRECT] [Fatal Error] :1:1: Premature end of file.
2026-04-12 23:05:44,995 [ERROR] LogOutputStream:75 - [STDERR_REDIRECT] 
2026-04-12 23:05:46,014 [ERROR] LogOutputStream:75 - [STDERR_REDIRECT] [Fatal Error] :1:1: Premature end of file.
2026-04-12 23:05:46,014 [ERROR] LogOutputStream:75 - [STDERR_REDIRECT] 
2026-04-12 23:05:47,023 [ERROR] LogOutputStream:75 - [STDERR_REDIRECT] [Fatal Error] :1:1: Premature end of file.
2026-04-12 23:05:47,023 [ERROR] LogOutputStream:75 - [STDERR_REDIRECT] 
2026-04-12 23:05:47,997 [ERROR] LogOutputStream:75 - [STDERR_REDIRECT] [Fatal Error] :1:1: Premature end of file.
2026-04-12 23:05:47,997 [ERROR] LogOutputStream:75 - [STDERR_REDIRECT] 
2026-04-12 23:05:48,997 [ERROR] LogOutputStream:75 - [STDERR_REDIRECT] [Fatal Error] :1:1: Premature end of file.
2026-04-12 23:05:48,997 [ERROR] LogOutputStream:75 - [STDERR_REDIRECT] 
2026-04-12 23:05:50,004 [ERROR] LogOutputStream:75 - [STDERR_REDIRECT] [Fatal Error] :1:1: Premature end of file.
2026-04-12 23:05:50,004 [ERROR] LogOutputStream:75 - [STDERR_REDIRECT] 
2026-04-12 23:05:51,011 [ERROR] LogOutputStream:75 - [STDERR_REDIRECT] [Fatal Error] :1:1: Premature end of file.
2026-04-12 23:05:51,011 [ERROR] LogOutputStream:75 - [STDERR_REDIRECT] 
2026-04-12 23:05:51,999 [ERROR] LogOutputStream:75 - [STDERR_REDIRECT] [Fatal Error] :1:1: Premature end of file.
2026-04-12 23:05:52,000 [ERROR] LogOutputStream:75 - [STDERR_REDIRECT] 
2026-04-12 23:05:52,994 [ERROR] LogOutputStream:75 - [STDERR_REDIRECT] [Fatal Error] :1:1: Premature end of file.
2026-04-12 23:05:52,994 [ERROR] LogOutputStream:75 - [STDERR_REDIRECT] 
2026-04-12 23:05:53,994 [ERROR] LogOutputStream:75 - [STDERR_REDIRECT] [Fatal Error] :1:1: Premature end of file.
2026-04-12 23:05:53,994 [ERROR] LogOutputStream:75 - [STDERR_REDIRECT] 
2026-04-12 23:05:54,991 [ERROR] LogOutputStream:75 - [STDERR_REDIRECT] [Fatal Error] :1:1: Premature end of file.
2026-04-12 23:05:54,991 [ERROR] LogOutputStream:75 - [STDERR_REDIRECT] 
2026-04-12 23:05:55,999 [ERROR] LogOutputStream:75 - [STDERR_REDIRECT] [Fatal Error] :1:1: Premature end of file.
2026-04-12 23:05:55,999 [ERROR] LogOutputStream:75 - [STDERR_REDIRECT] 
2026-04-12 23:05:56,990 [ERROR] LogOutputStream:75 - [STDERR_REDIRECT] [Fatal Error] :1:1: Premature end of file.
2026-04-12 23:05:56,990 [ERROR] LogOutputStream:75 - [STDERR_REDIRECT] 
2026-04-12 23:05:58,000 [ERROR] LogOutputStream:75 - [STDERR_REDIRECT] [Fatal Error] :1:1: Premature end of file.
2026-04-12 23:05:58,000 [ERROR] LogOutputStream:75 - [STDERR_REDIRECT] 
2026-04-12 23:05:58,995 [ERROR] LogOutputStream:75 - [STDERR_REDIRECT] [Fatal Error] :1:1: Premature end of file.
2026-04-12 23:05:58,995 [ERROR] LogOutputStream:75 - [STDERR_REDIRECT] 
2026-04-12 23:06:00,001 [ERROR] LogOutputStream:75 - [STDERR_REDIRECT] [Fatal Error] :1:1: Premature end of file.
2026-04-12 23:06:00,001 [ERROR] LogOutputStream:75 - [STDERR_REDIRECT] 
2026-04-12 23:06:00,994 [ERROR] LogOutputStream:75 - [STDERR_REDIRECT] [Fatal Error] :1:1: Premature end of file.
2026-04-12 23:06:00,994 [ERROR] LogOutputStream:75 - [STDERR_REDIRECT] 
2026-04-12 23:06:01,994 [ERROR] LogOutputStream:75 - [STDERR_REDIRECT] [Fatal Error] :1:1: Premature end of file.
2026-04-12 23:06:01,994 [ERROR] LogOutputStream:75 - [STDERR_REDIRECT] 
2026-04-12 23:06:03,004 [ERROR] LogOutputStream:75 - [STDERR_REDIRECT] [Fatal Error] :1:1: Premature end of file.
2026-04-12 23:06:03,004 [ERROR] LogOutputStream:75 - [STDERR_REDIRECT] 
2026-04-12 23:06:04,000 [ERROR] LogOutputStream:75 - [STDERR_REDIRECT] [Fatal Error] :1:1: Premature end of file.
2026-04-12 23:06:04,000 [ERROR] LogOutputStream:75 - [STDERR_REDIRECT] 
2026-04-12 23:06:04,999 [ERROR] LogOutputStream:75 - [STDERR_REDIRECT] [Fatal Error] :1:1: Premature end of file.
2026-04-12 23:06:05,000 [ERROR] LogOutputStream:75 - [STDERR_REDIRECT] 
2026-04-12 23:06:05,995 [ERROR] LogOutputStream:75 - [STDERR_REDIRECT] [Fatal Error] :1:1: Premature end of file.
2026-04-12 23:06:05,995 [ERROR] LogOutputStream:75 - [STDERR_REDIRECT] 
2026-04-12 23:06:06,992 [ERROR] LogOutputStream:75 - [STDERR_REDIRECT] [Fatal Error] :1:1: Premature end of file.
2026-04-12 23:06:06,992 [ERROR] LogOutputStream:75 - [STDERR_REDIRECT] 
2026-04-12 23:06:07,992 [ERROR] LogOutputStream:75 - [STDERR_REDIRECT] [Fatal Error] :1:1: Premature end of file.
2026-04-12 23:06:07,992 [ERROR] LogOutputStream:75 - [STDERR_REDIRECT] 
2026-04-12 23:06:09,002 [ERROR] LogOutputStream:75 - [STDERR_REDIRECT] [Fatal Error] :1:1: Premature end of file.
2026-04-12 23:06:09,002 [ERROR] LogOutputStream:75 - [STDERR_REDIRECT] 
2026-04-12 23:06:09,997 [ERROR] LogOutputStream:75 - [STDERR_REDIRECT] [Fatal Error] :1:1: Premature end of file.
2026-04-12 23:06:09,997 [ERROR] LogOutputStream:75 - [STDERR_REDIRECT] 
2026-04-12 23:06:10,995 [ERROR] LogOutputStream:75 - [STDERR_REDIRECT] [Fatal Error] :1:1: Premature end of file.
2026-04-12 23:06:10,996 [ERROR] LogOutputStream:75 - [STDERR_REDIRECT] 
2026-04-12 23:06:11,999 [ERROR] LogOutputStream:75 - [STDERR_REDIRECT] [Fatal Error] :1:1: Premature end of file.
2026-04-12 23:06:12,000 [ERROR] LogOutputStream:75 - [STDERR_REDIRECT] 
2026-04-12 23:06:12,992 [ERROR] LogOutputStream:75 - [STDERR_REDIRECT] [Fatal Error] :1:1: Premature end of file.
2026-04-12 23:06:12,992 [ERROR] LogOutputStream:75 - [STDERR_REDIRECT] 
2026-04-12 23:06:13,992 [ERROR] LogOutputStream:75 - [STDERR_REDIRECT] [Fatal Error] :1:1: Premature end of file.
2026-04-12 23:06:13,992 [ERROR] LogOutputStream:75 - [STDERR_REDIRECT] 
2026-04-12 23:06:15,000 [ERROR] LogOutputStream:75 - [STDERR_REDIRECT] [Fatal Error] :1:1: Premature end of file.
2026-04-12 23:06:15,001 [ERROR] LogOutputStream:75 - [STDERR_REDIRECT] 
2026-04-12 23:06:15,992 [ERROR] LogOutputStream:75 - [STDERR_REDIRECT] [Fatal Error] :1:1: Premature end of file.
2026-04-12 23:06:15,992 [ERROR] LogOutputStream:75 - [STDERR_REDIRECT] 
2026-04-12 23:06:17,002 [ERROR] LogOutputStream:75 - [STDERR_REDIRECT] [Fatal Error] :1:1: Premature end of file.
2026-04-12 23:06:17,002 [ERROR] LogOutputStream:75 - [STDERR_REDIRECT] 
2026-04-12 23:06:17,999 [ERROR] LogOutputStream:75 - [STDERR_REDIRECT] [Fatal Error] :1:1: Premature end of file.
2026-04-12 23:06:17,999 [ERROR] LogOutputStream:75 - [STDERR_REDIRECT] 
2026-04-12 23:06:18,995 [ERROR] LogOutputStream:75 - [STDERR_REDIRECT] [Fatal Error] :1:1: Premature end of file.
2026-04-12 23:06:18,995 [ERROR] LogOutputStream:75 - [STDERR_REDIRECT] 
2026-04-12 23:06:19,987 [ERROR] LogOutputStream:75 - [STDERR_REDIRECT] [Fatal Error] :1:1: Premature end of file.
2026-04-12 23:06:19,987 [ERROR] LogOutputStream:75 - [STDERR_REDIRECT] 
2026-04-12 23:06:20,996 [ERROR] LogOutputStream:75 - [STDERR_REDIRECT] [Fatal Error] :1:1: Premature end of file.
2026-04-12 23:06:20,996 [ERROR] LogOutputStream:75 - [STDERR_REDIRECT] 
2026-04-12 23:06:21,992 [ERROR] LogOutputStream:75 - [STDERR_REDIRECT] [Fatal Error] :1:1: Premature end of file.
2026-04-12 23:06:21,992 [ERROR] LogOutputStream:75 - [STDERR_REDIRECT] 
2026-04-12 23:06:23,000 [ERROR] LogOutputStream:75 - [STDERR_REDIRECT] [Fatal Error] :1:1: Premature end of file.
2026-04-12 23:06:23,001 [ERROR] LogOutputStream:75 - [STDERR_REDIRECT] 
2026-04-12 23:06:23,996 [ERROR] LogOutputStream:75 - [STDERR_REDIRECT] [Fatal Error] :1:1: Premature end of file.
2026-04-12 23:06:23,996 [ERROR] LogOutputStream:75 - [STDERR_REDIRECT] 
2026-04-12 23:06:24,994 [ERROR] LogOutputStream:75 - [STDERR_REDIRECT] [Fatal Error] :1:1: Premature end of file.
2026-04-12 23:06:24,994 [ERROR] LogOutputStream:75 - [STDERR_REDIRECT] 
2026-04-12 23:06:26,000 [ERROR] LogOutputStream:75 - [STDERR_REDIRECT] [Fatal Error] :1:1: Premature end of file.
2026-04-12 23:06:26,001 [ERROR] LogOutputStream:75 - [STDERR_REDIRECT] 
2026-04-12 23:06:26,990 [ERROR] LogOutputStream:75 - [STDERR_REDIRECT] [Fatal Error] :1:1: Premature end of file.
2026-04-12 23:06:26,990 [ERROR] LogOutputStream:75 - [STDERR_REDIRECT] 
2026-04-12 23:06:27,995 [ERROR] LogOutputStream:75 - [STDERR_REDIRECT] [Fatal Error] :1:1: Premature end of file.
2026-04-12 23:06:27,995 [ERROR] LogOutputStream:75 - [STDERR_REDIRECT] 
2026-04-12 23:06:29,006 [ERROR] LogOutputStream:75 - [STDERR_REDIRECT] [Fatal Error] :1:1: Premature end of file.
2026-04-12 23:06:29,006 [ERROR] LogOutputStream:75 - [STDERR_REDIRECT] 
2026-04-12 23:06:29,997 [ERROR] LogOutputStream:75 - [STDERR_REDIRECT] [Fatal Error] :1:1: Premature end of file.
2026-04-12 23:06:29,997 [ERROR] LogOutputStream:75 - [STDERR_REDIRECT] 
2026-04-12 23:06:31,007 [ERROR] LogOutputStream:75 - [STDERR_REDIRECT] [Fatal Error] :1:1: Premature end of file.
2026-04-12 23:06:31,007 [ERROR] LogOutputStream:75 - [STDERR_REDIRECT] 
2026-04-12 23:06:31,994 [ERROR] LogOutputStream:75 - [STDERR_REDIRECT] [Fatal Error] :1:1: Premature end of file.
2026-04-12 23:06:31,994 [ERROR] LogOutputStream:75 - [STDERR_REDIRECT] 
2026-04-12 23:06:33,005 [ERROR] LogOutputStream:75 - [STDERR_REDIRECT] [Fatal Error] :1:1: Premature end of file.
2026-04-12 23:06:33,006 [ERROR] LogOutputStream:75 - [STDERR_REDIRECT] 
2026-04-12 23:06:34,024 [ERROR] LogOutputStream:75 - [STDERR_REDIRECT] [Fatal Error] :1:1: Premature end of file.
2026-04-12 23:06:34,024 [ERROR] LogOutputStream:75 - [STDERR_REDIRECT] 
2026-04-12 23:06:35,009 [ERROR] LogOutputStream:75 - [STDERR_REDIRECT] [Fatal Error] :1:1: Premature end of file.
2026-04-12 23:06:35,010 [ERROR] LogOutputStream:75 - [STDERR_REDIRECT] 
2026-04-12 23:06:35,998 [ERROR] LogOutputStream:75 - [STDERR_REDIRECT] [Fatal Error] :1:1: Premature end of file.
2026-04-12 23:06:35,998 [ERROR] LogOutputStream:75 - [STDERR_REDIRECT] 
2026-04-12 23:06:36,988 [ERROR] LogOutputStream:75 - [STDERR_REDIRECT] [Fatal Error] :1:1: Premature end of file.
2026-04-12 23:06:36,988 [ERROR] LogOutputStream:75 - [STDERR_REDIRECT] 
2026-04-12 23:06:37,995 [ERROR] LogOutputStream:75 - [STDERR_REDIRECT] [Fatal Error] :1:1: Premature end of file.
2026-04-12 23:06:37,995 [ERROR] LogOutputStream:75 - [STDERR_REDIRECT] 
2026-04-12 23:06:38,989 [ERROR] LogOutputStream:75 - [STDERR_REDIRECT] [Fatal Error] :1:1: Premature end of file.
2026-04-12 23:06:38,990 [ERROR] LogOutputStream:75 - [STDERR_REDIRECT] 
2026-04-12 23:06:39,998 [ERROR] LogOutputStream:75 - [STDERR_REDIRECT] [Fatal Error] :1:1: Premature end of file.
2026-04-12 23:06:39,999 [ERROR] LogOutputStream:75 - [STDERR_REDIRECT] 
2026-04-12 23:06:41,001 [ERROR] LogOutputStream:75 - [STDERR_REDIRECT] [Fatal Error] :1:1: Premature end of file.
2026-04-12 23:06:41,001 [ERROR] LogOutputStream:75 - [STDERR_REDIRECT] 
2026-04-12 23:06:42,021 [ERROR] LogOutputStream:75 - [STDERR_REDIRECT] [Fatal Error] :1:1: Premature end of file.
2026-04-12 23:06:42,022 [ERROR] LogOutputStream:75 - [STDERR_REDIRECT] 
2026-04-12 23:06:43,006 [ERROR] LogOutputStream:75 - [STDERR_REDIRECT] [Fatal Error] :1:1: Premature end of file.
2026-04-12 23:06:43,007 [ERROR] LogOutputStream:75 - [STDERR_REDIRECT] 
2026-04-12 23:06:44,017 [ERROR] LogOutputStream:75 - [STDERR_REDIRECT] [Fatal Error] :1:1: Premature end of file.
2026-04-12 23:06:44,018 [ERROR] LogOutputStream:75 - [STDERR_REDIRECT] 
2026-04-12 23:06:45,013 [ERROR] LogOutputStream:75 - [STDERR_REDIRECT] [Fatal Error] :1:1: Premature end of file.
2026-04-12 23:06:45,014 [ERROR] LogOutputStream:75 - [STDERR_REDIRECT] 
2026-04-12 23:06:46,012 [ERROR] LogOutputStream:75 - [STDERR_REDIRECT] [Fatal Error] :1:1: Premature end of file.
2026-04-12 23:06:46,012 [ERROR] LogOutputStream:75 - [STDERR_REDIRECT] 
2026-04-12 23:06:47,019 [ERROR] LogOutputStream:75 - [STDERR_REDIRECT] [Fatal Error] :1:1: Premature end of file.
2026-04-12 23:06:47,019 [ERROR] LogOutputStream:75 - [STDERR_REDIRECT] 
2026-04-12 23:06:48,001 [ERROR] LogOutputStream:75 - [STDERR_REDIRECT] [Fatal Error] :1:1: Premature end of file.
2026-04-12 23:06:48,001 [ERROR] LogOutputStream:75 - [STDERR_REDIRECT] 
2026-04-12 23:06:49,010 [ERROR] LogOutputStream:75 - [STDERR_REDIRECT] [Fatal Error] :1:1: Premature end of file.
2026-04-12 23:06:49,010 [ERROR] LogOutputStream:75 - [STDERR_REDIRECT] 
2026-04-12 23:06:50,016 [ERROR] LogOutputStream:75 - [STDERR_REDIRECT] [Fatal Error] :1:1: Premature end of file.
2026-04-12 23:06:50,016 [ERROR] LogOutputStream:75 - [STDERR_REDIRECT] 
2026-04-12 23:06:51,002 [ERROR] LogOutputStream:75 - [STDERR_REDIRECT] [Fatal Error] :1:1: Premature end of file.
2026-04-12 23:06:51,003 [ERROR] LogOutputStream:75 - [STDERR_REDIRECT] 
2026-04-12 23:06:52,000 [ERROR] LogOutputStream:75 - [STDERR_REDIRECT] [Fatal Error] :1:1: Premature end of file.
2026-04-12 23:06:52,001 [ERROR] LogOutputStream:75 - [STDERR_REDIRECT] 
2026-04-12 23:06:53,026 [ERROR] LogOutputStream:75 - [STDERR_REDIRECT] [Fatal Error] :1:1: Premature end of file.
2026-04-12 23:06:53,026 [ERROR] LogOutputStream:75 - [STDERR_REDIRECT] 
2026-04-12 23:06:54,002 [ERROR] LogOutputStream:75 - [STDERR_REDIRECT] [Fatal Error] :1:1: Premature end of file.
2026-04-12 23:06:54,002 [ERROR] LogOutputStream:75 - [STDERR_REDIRECT] 
2026-04-12 23:06:54,999 [ERROR] LogOutputStream:75 - [STDERR_REDIRECT] [Fatal Error] :1:1: Premature end of file.
2026-04-12 23:06:54,999 [ERROR] LogOutputStream:75 - [STDERR_REDIRECT] 
2026-04-12 23:06:56,004 [ERROR] LogOutputStream:75 - [STDERR_REDIRECT] [Fatal Error] :1:1: Premature end of file.
2026-04-12 23:06:56,005 [ERROR] LogOutputStream:75 - [STDERR_REDIRECT] 
2026-04-12 23:06:57,006 [ERROR] LogOutputStream:75 - [STDERR_REDIRECT] [Fatal Error] :1:1: Premature end of file.
2026-04-12 23:06:57,006 [ERROR] LogOutputStream:75 - [STDERR_REDIRECT] 
2026-04-12 23:06:58,011 [ERROR] LogOutputStream:75 - [STDERR_REDIRECT] [Fatal Error] :1:1: Premature end of file.
2026-04-12 23:06:58,011 [ERROR] LogOutputStream:75 - [STDERR_REDIRECT] 
2026-04-12 23:06:59,001 [ERROR] LogOutputStream:75 - [STDERR_REDIRECT] [Fatal Error] :1:1: Premature end of file.
2026-04-12 23:06:59,001 [ERROR] LogOutputStream:75 - [STDERR_REDIRECT] 
2026-04-12 23:07:00,000 [ERROR] LogOutputStream:75 - [STDERR_REDIRECT] [Fatal Error] :1:1: Premature end of file.
2026-04-12 23:07:00,001 [ERROR] LogOutputStream:75 - [STDERR_REDIRECT] 
2026-04-12 23:07:01,000 [ERROR] LogOutputStream:75 - [STDERR_REDIRECT] [Fatal Error] :1:1: Premature end of file.
2026-04-12 23:07:01,000 [ERROR] LogOutputStream:75 - [STDERR_REDIRECT] 
2026-04-12 23:07:02,033 [ERROR] LogOutputStream:75 - [STDERR_REDIRECT] [Fatal Error] :1:1: Premature end of file.
2026-04-12 23:07:02,034 [ERROR] LogOutputStream:75 - [STDERR_REDIRECT] 
2026-04-12 23:07:02,993 [ERROR] LogOutputStream:75 - [STDERR_REDIRECT] [Fatal Error] :1:1: Premature end of file.
2026-04-12 23:07:02,993 [ERROR] LogOutputStream:75 - [STDERR_REDIRECT] 
2026-04-12 23:07:03,992 [ERROR] LogOutputStream:75 - [STDERR_REDIRECT] [Fatal Error] :1:1: Premature end of file.
2026-04-12 23:07:03,993 [ERROR] LogOutputStream:75 - [STDERR_REDIRECT] 
2026-04-12 23:07:05,000 [ERROR] LogOutputStream:75 - [STDERR_REDIRECT] [Fatal Error] :1:1: Premature end of file.
2026-04-12 23:07:05,000 [ERROR] LogOutputStream:75 - [STDERR_REDIRECT] 
2026-04-12 23:07:05,991 [ERROR] LogOutputStream:75 - [STDERR_REDIRECT] [Fatal Error] :1:1: Premature end of file.
2026-04-12 23:07:05,991 [ERROR] LogOutputStream:75 - [STDERR_REDIRECT] 
2026-04-12 23:07:07,002 [ERROR] LogOutputStream:75 - [STDERR_REDIRECT] [Fatal Error] :1:1: Premature end of file.
2026-04-12 23:07:07,002 [ERROR] LogOutputStream:75 - [STDERR_REDIRECT] 
2026-04-12 23:07:07,996 [ERROR] LogOutputStream:75 - [STDERR_REDIRECT] [Fatal Error] :1:1: Premature end of file.
2026-04-12 23:07:07,996 [ERROR] LogOutputStream:75 - [STDERR_REDIRECT] 
2026-04-12 23:07:08,992 [ERROR] LogOutputStream:75 - [STDERR_REDIRECT] [Fatal Error] :1:1: Premature end of file.
2026-04-12 23:07:08,992 [ERROR] LogOutputStream:75 - [STDERR_REDIRECT] 
2026-04-12 23:07:10,004 [ERROR] LogOutputStream:75 - [STDERR_REDIRECT] [Fatal Error] :1:1: Premature end of file.
2026-04-12 23:07:10,004 [ERROR] LogOutputStream:75 - [STDERR_REDIRECT] 
2026-04-12 23:07:11,018 [ERROR] LogOutputStream:75 - [STDERR_REDIRECT] [Fatal Error] :1:1: Premature end of file.
2026-04-12 23:07:11,018 [ERROR] LogOutputStream:75 - [STDERR_REDIRECT] 
2026-04-12 23:07:12,003 [ERROR] LogOutputStream:75 - [STDERR_REDIRECT] [Fatal Error] :1:1: Premature end of file.
2026-04-12 23:07:12,004 [ERROR] LogOutputStream:75 - [STDERR_REDIRECT] 
2026-04-12 23:07:12,994 [ERROR] LogOutputStream:75 - [STDERR_REDIRECT] [Fatal Error] :1:1: Premature end of file.
2026-04-12 23:07:12,995 [ERROR] LogOutputStream:75 - [STDERR_REDIRECT] 
2026-04-12 23:07:13,995 [ERROR] LogOutputStream:75 - [STDERR_REDIRECT] [Fatal Error] :1:1: Premature end of file.
2026-04-12 23:07:13,995 [ERROR] LogOutputStream:75 - [STDERR_REDIRECT] 
2026-04-12 23:07:15,011 [ERROR] LogOutputStream:75 - [STDERR_REDIRECT] [Fatal Error] :1:1: Premature end of file.
2026-04-12 23:07:15,012 [ERROR] LogOutputStream:75 - [STDERR_REDIRECT] 
2026-04-12 23:07:16,012 [ERROR] LogOutputStream:75 - [STDERR_REDIRECT] [Fatal Error] :1:1: Premature end of file.
2026-04-12 23:07:16,013 [ERROR] LogOutputStream:75 - [STDERR_REDIRECT] 
2026-04-12 23:07:16,998 [ERROR] LogOutputStream:75 - [STDERR_REDIRECT] [Fatal Error] :1:1: Premature end of file.
2026-04-12 23:07:16,999 [ERROR] LogOutputStream:75 - [STDERR_REDIRECT] 
2026-04-12 23:07:17,994 [ERROR] LogOutputStream:75 - [STDERR_REDIRECT] [Fatal Error] :1:1: Premature end of file.
2026-04-12 23:07:17,995 [ERROR] LogOutputStream:75 - [STDERR_REDIRECT] 
2026-04-12 23:07:19,000 [ERROR] LogOutputStream:75 - [STDERR_REDIRECT] [Fatal Error] :1:1: Premature end of file.
2026-04-12 23:07:19,001 [ERROR] LogOutputStream:75 - [STDERR_REDIRECT] 
2026-04-12 23:07:20,001 [ERROR] LogOutputStream:75 - [STDERR_REDIRECT] [Fatal Error] :1:1: Premature end of file.
2026-04-12 23:07:20,002 [ERROR] LogOutputStream:75 - [STDERR_REDIRECT] 
2026-04-12 23:07:20,996 [ERROR] LogOutputStream:75 - [STDERR_REDIRECT] [Fatal Error] :1:1: Premature end of file.
2026-04-12 23:07:20,996 [ERROR] LogOutputStream:75 - [STDERR_REDIRECT] 
2026-04-12 23:07:22,001 [ERROR] LogOutputStream:75 - [STDERR_REDIRECT] [Fatal Error] :1:1: Premature end of file.
2026-04-12 23:07:22,001 [ERROR] LogOutputStream:75 - [STDERR_REDIRECT] 
2026-04-12 23:07:22,994 [ERROR] LogOutputStream:75 - [STDERR_REDIRECT] [Fatal Error] :1:1: Premature end of file.
2026-04-12 23:07:22,995 [ERROR] LogOutputStream:75 - [STDERR_REDIRECT] 
2026-04-12 23:07:23,990 [ERROR] LogOutputStream:75 - [STDERR_REDIRECT] [Fatal Error] :1:1: Premature end of file.
2026-04-12 23:07:23,991 [ERROR] LogOutputStream:75 - [STDERR_REDIRECT] 
2026-04-12 23:07:25,001 [ERROR] LogOutputStream:75 - [STDERR_REDIRECT] [Fatal Error] :1:1: Premature end of file.
2026-04-12 23:07:25,002 [ERROR] LogOutputStream:75 - [STDERR_REDIRECT] 
2026-04-12 23:07:25,999 [ERROR] LogOutputStream:75 - [STDERR_REDIRECT] [Fatal Error] :1:1: Premature end of file.
2026-04-12 23:07:25,999 [ERROR] LogOutputStream:75 - [STDERR_REDIRECT] 
2026-04-12 23:07:26,993 [ERROR] LogOutputStream:75 - [STDERR_REDIRECT] [Fatal Error] :1:1: Premature end of file.
2026-04-12 23:07:26,993 [ERROR] LogOutputStream:75 - [STDERR_REDIRECT] 
2026-04-12 23:07:27,999 [ERROR] LogOutputStream:75 - [STDERR_REDIRECT] [Fatal Error] :1:1: Premature end of file.
2026-04-12 23:07:27,999 [ERROR] LogOutputStream:75 - [STDERR_REDIRECT] 
2026-04-12 23:07:28,993 [ERROR] LogOutputStream:75 - [STDERR_REDIRECT] [Fatal Error] :1:1: Premature end of file.
2026-04-12 23:07:28,993 [ERROR] LogOutputStream:75 - [STDERR_REDIRECT] 
2026-04-12 23:07:29,996 [ERROR] LogOutputStream:75 - [STDERR_REDIRECT] [Fatal Error] :1:1: Premature end of file.
2026-04-12 23:07:29,997 [ERROR] LogOutputStream:75 - [STDERR_REDIRECT] 
2026-04-12 23:07:30,997 [ERROR] LogOutputStream:75 - [STDERR_REDIRECT] [Fatal Error] :1:1: Premature end of file.
2026-04-12 23:07:30,998 [ERROR] LogOutputStream:75 - [STDERR_REDIRECT] 
2026-04-12 23:07:32,008 [ERROR] LogOutputStream:75 - [STDERR_REDIRECT] [Fatal Error] :1:1: Premature end of file.
2026-04-12 23:07:32,008 [ERROR] LogOutputStream:75 - [STDERR_REDIRECT] 
2026-04-12 23:07:33,022 [ERROR] LogOutputStream:75 - [STDERR_REDIRECT] [Fatal Error] :1:1: Premature end of file.
2026-04-12 23:07:33,022 [ERROR] LogOutputStream:75 - [STDERR_REDIRECT] 
2026-04-12 23:07:33,997 [ERROR] LogOutputStream:75 - [STDERR_REDIRECT] [Fatal Error] :1:1: Premature end of file.
2026-04-12 23:07:33,997 [ERROR] LogOutputStream:75 - [STDERR_REDIRECT] 
2026-04-12 23:07:35,005 [ERROR] LogOutputStream:75 - [STDERR_REDIRECT] [Fatal Error] :1:1: Premature end of file.
2026-04-12 23:07:35,006 [ERROR] LogOutputStream:75 - [STDERR_REDIRECT] 
2026-04-12 23:07:36,004 [ERROR] LogOutputStream:75 - [STDERR_REDIRECT] [Fatal Error] :1:1: Premature end of file.
2026-04-12 23:07:36,004 [ERROR] LogOutputStream:75 - [STDERR_REDIRECT] 
2026-04-12 23:07:37,001 [ERROR] LogOutputStream:75 - [STDERR_REDIRECT] [Fatal Error] :1:1: Premature end of file.
2026-04-12 23:07:37,002 [ERROR] LogOutputStream:75 - [STDERR_REDIRECT] 
2026-04-12 23:07:37,995 [ERROR] LogOutputStream:75 - [STDERR_REDIRECT] [Fatal Error] :1:1: Premature end of file.
2026-04-12 23:07:37,995 [ERROR] LogOutputStream:75 - [STDERR_REDIRECT] 
2026-04-12 23:07:39,001 [ERROR] LogOutputStream:75 - [STDERR_REDIRECT] [Fatal Error] :1:1: Premature end of file.
2026-04-12 23:07:39,002 [ERROR] LogOutputStream:75 - [STDERR_REDIRECT] 
2026-04-12 23:07:40,003 [ERROR] LogOutputStream:75 - [STDERR_REDIRECT] [Fatal Error] :1:1: Premature end of file.
2026-04-12 23:07:40,003 [ERROR] LogOutputStream:75 - [STDERR_REDIRECT] 
2026-04-12 23:07:40,996 [ERROR] LogOutputStream:75 - [STDERR_REDIRECT] [Fatal Error] :1:1: Premature end of file.
2026-04-12 23:07:40,996 [ERROR] LogOutputStream:75 - [STDERR_REDIRECT] 
2026-04-12 23:07:42,000 [ERROR] LogOutputStream:75 - [STDERR_REDIRECT] [Fatal Error] :1:1: Premature end of file.
2026-04-12 23:07:42,000 [ERROR] LogOutputStream:75 - [STDERR_REDIRECT] 
2026-04-12 23:07:43,000 [ERROR] LogOutputStream:75 - [STDERR_REDIRECT] [Fatal Error] :1:1: Premature end of file.
2026-04-12 23:07:43,000 [ERROR] LogOutputStream:75 - [STDERR_REDIRECT] 
2026-04-12 23:07:43,995 [ERROR] LogOutputStream:75 - [STDERR_REDIRECT] [Fatal Error] :1:1: Premature end of file.
2026-04-12 23:07:43,995 [ERROR] LogOutputStream:75 - [STDERR_REDIRECT] 
2026-04-12 23:07:44,990 [ERROR] LogOutputStream:75 - [STDERR_REDIRECT] [Fatal Error] :1:1: Premature end of file.
2026-04-12 23:07:44,991 [ERROR] LogOutputStream:75 - [STDERR_REDIRECT] 
2026-04-12 23:07:45,994 [ERROR] LogOutputStream:75 - [STDERR_REDIRECT] [Fatal Error] :1:1: Premature end of file.
2026-04-12 23:07:45,994 [ERROR] LogOutputStream:75 - [STDERR_REDIRECT] 
2026-04-12 23:07:47,002 [ERROR] LogOutputStream:75 - [STDERR_REDIRECT] [Fatal Error] :1:1: Premature end of file.
2026-04-12 23:07:47,002 [ERROR] LogOutputStream:75 - [STDERR_REDIRECT] 
2026-04-12 23:07:47,995 [ERROR] LogOutputStream:75 - [STDERR_REDIRECT] [Fatal Error] :1:1: Premature end of file.
2026-04-12 23:07:47,995 [ERROR] LogOutputStream:75 - [STDERR_REDIRECT] 
2026-04-12 23:07:49,001 [ERROR] LogOutputStream:75 - [STDERR_REDIRECT] [Fatal Error] :1:1: Premature end of file.
2026-04-12 23:07:49,001 [ERROR] LogOutputStream:75 - [STDERR_REDIRECT] 
2026-04-12 23:07:49,995 [ERROR] LogOutputStream:75 - [STDERR_REDIRECT] [Fatal Error] :1:1: Premature end of file.
2026-04-12 23:07:49,996 [ERROR] LogOutputStream:75 - [STDERR_REDIRECT] 
2026-04-12 23:07:51,004 [ERROR] LogOutputStream:75 - [STDERR_REDIRECT] [Fatal Error] :1:1: Premature end of file.
2026-04-12 23:07:51,004 [ERROR] LogOutputStream:75 - [STDERR_REDIRECT] 
2026-04-12 23:07:52,001 [ERROR] LogOutputStream:75 - [STDERR_REDIRECT] [Fatal Error] :1:1: Premature end of file.
2026-04-12 23:07:52,001 [ERROR] LogOutputStream:75 - [STDERR_REDIRECT] 
2026-04-12 23:07:52,991 [ERROR] LogOutputStream:75 - [STDERR_REDIRECT] [Fatal Error] :1:1: Premature end of file.
2026-04-12 23:07:52,991 [ERROR] LogOutputStream:75 - [STDERR_REDIRECT] 
2026-04-12 23:07:54,002 [ERROR] LogOutputStream:75 - [STDERR_REDIRECT] [Fatal Error] :1:1: Premature end of file.
2026-04-12 23:07:54,002 [ERROR] LogOutputStream:75 - [STDERR_REDIRECT] 
2026-04-12 23:07:54,994 [ERROR] LogOutputStream:75 - [STDERR_REDIRECT] [Fatal Error] :1:1: Premature end of file.
2026-04-12 23:07:54,995 [ERROR] LogOutputStream:75 - [STDERR_REDIRECT] 
2026-04-12 23:07:56,002 [ERROR] LogOutputStream:75 - [STDERR_REDIRECT] [Fatal Error] :1:1: Premature end of file.
2026-04-12 23:07:56,003 [ERROR] LogOutputStream:75 - [STDERR_REDIRECT] 
2026-04-12 23:07:56,997 [ERROR] LogOutputStream:75 - [STDERR_REDIRECT] [Fatal Error] :1:1: Premature end of file.
2026-04-12 23:07:56,997 [ERROR] LogOutputStream:75 - [STDERR_REDIRECT] 
2026-04-12 23:07:57,992 [ERROR] LogOutputStream:75 - [STDERR_REDIRECT] [Fatal Error] :1:1: Premature end of file.
2026-04-12 23:07:57,992 [ERROR] LogOutputStream:75 - [STDERR_REDIRECT] 
2026-04-12 23:07:59,014 [ERROR] LogOutputStream:75 - [STDERR_REDIRECT] [Fatal Error] :1:1: Premature end of file.
2026-04-12 23:07:59,015 [ERROR] LogOutputStream:75 - [STDERR_REDIRECT] 
2026-04-12 23:08:00,015 [ERROR] LogOutputStream:75 - [STDERR_REDIRECT] [Fatal Error] :1:1: Premature end of file.
2026-04-12 23:08:00,015 [ERROR] LogOutputStream:75 - [STDERR_REDIRECT] 
2026-04-12 23:08:00,998 [ERROR] LogOutputStream:75 - [STDERR_REDIRECT] [Fatal Error] :1:1: Premature end of file.
2026-04-12 23:08:00,999 [ERROR] LogOutputStream:75 - [STDERR_REDIRECT] 
2026-04-12 23:08:01,995 [ERROR] LogOutputStream:75 - [STDERR_REDIRECT] [Fatal Error] :1:1: Premature end of file.
2026-04-12 23:08:01,995 [ERROR] LogOutputStream:75 - [STDERR_REDIRECT] 
2026-04-12 23:08:02,988 [ERROR] LogOutputStream:75 - [STDERR_REDIRECT] [Fatal Error] :1:1: Premature end of file.
2026-04-12 23:08:02,989 [ERROR] LogOutputStream:75 - [STDERR_REDIRECT] 
2026-04-12 23:08:03,999 [ERROR] LogOutputStream:75 - [STDERR_REDIRECT] [Fatal Error] :1:1: Premature end of file.
2026-04-12 23:08:03,999 [ERROR] LogOutputStream:75 - [STDERR_REDIRECT] 
2026-04-12 23:08:04,993 [ERROR] LogOutputStream:75 - [STDERR_REDIRECT] [Fatal Error] :1:1: Premature end of file.
2026-04-12 23:08:04,993 [ERROR] LogOutputStream:75 - [STDERR_REDIRECT] 
2026-04-12 23:08:06,003 [ERROR] LogOutputStream:75 - [STDERR_REDIRECT] [Fatal Error] :1:1: Premature end of file.
2026-04-12 23:08:06,003 [ERROR] LogOutputStream:75 - [STDERR_REDIRECT] 
2026-04-12 23:08:06,993 [ERROR] LogOutputStream:75 - [STDERR_REDIRECT] [Fatal Error] :1:1: Premature end of file.
2026-04-12 23:08:06,993 [ERROR] LogOutputStream:75 - [STDERR_REDIRECT] 
2026-04-12 23:08:08,009 [ERROR] LogOutputStream:75 - [STDERR_REDIRECT] [Fatal Error] :1:1: Premature end of file.
2026-04-12 23:08:08,010 [ERROR] LogOutputStream:75 - [STDERR_REDIRECT] 
2026-04-12 23:08:08,994 [ERROR] LogOutputStream:75 - [STDERR_REDIRECT] [Fatal Error] :1:1: Premature end of file.
2026-04-12 23:08:08,995 [ERROR] LogOutputStream:75 - [STDERR_REDIRECT] 
2026-04-12 23:08:09,999 [ERROR] LogOutputStream:75 - [STDERR_REDIRECT] [Fatal Error] :1:1: Premature end of file.
2026-04-12 23:08:10,000 [ERROR] LogOutputStream:75 - [STDERR_REDIRECT] 
2026-04-12 23:08:11,049 [ERROR] LogOutputStream:75 - [STDERR_REDIRECT] [Fatal Error] :1:1: Premature end of file.
2026-04-12 23:08:11,049 [ERROR] LogOutputStream:75 - [STDERR_REDIRECT] 
2026-04-12 23:08:11,998 [ERROR] LogOutputStream:75 - [STDERR_REDIRECT] [Fatal Error] :1:1: Premature end of file.
2026-04-12 23:08:11,998 [ERROR] LogOutputStream:75 - [STDERR_REDIRECT] 
2026-04-12 23:08:12,994 [ERROR] LogOutputStream:75 - [STDERR_REDIRECT] [Fatal Error] :1:1: Premature end of file.
2026-04-12 23:08:12,994 [ERROR] LogOutputStream:75 - [STDERR_REDIRECT] 
2026-04-12 23:08:14,005 [ERROR] LogOutputStream:75 - [STDERR_REDIRECT] [Fatal Error] :1:1: Premature end of file.
2026-04-12 23:08:14,005 [ERROR] LogOutputStream:75 - [STDERR_REDIRECT] 
2026-04-12 23:08:14,997 [ERROR] LogOutputStream:75 - [STDERR_REDIRECT] [Fatal Error] :1:1: Premature end of file.
2026-04-12 23:08:14,998 [ERROR] LogOutputStream:75 - [STDERR_REDIRECT] 
2026-04-12 23:08:15,992 [ERROR] LogOutputStream:75 - [STDERR_REDIRECT] [Fatal Error] :1:1: Premature end of file.
2026-04-12 23:08:15,992 [ERROR] LogOutputStream:75 - [STDERR_REDIRECT] 
2026-04-12 23:08:17,003 [ERROR] LogOutputStream:75 - [STDERR_REDIRECT] [Fatal Error] :1:1: Premature end of file.
2026-04-12 23:08:17,004 [ERROR] LogOutputStream:75 - [STDERR_REDIRECT] 
2026-04-12 23:08:17,991 [ERROR] LogOutputStream:75 - [STDERR_REDIRECT] [Fatal Error] :1:1: Premature end of file.
2026-04-12 23:08:17,991 [ERROR] LogOutputStream:75 - [STDERR_REDIRECT] 
2026-04-12 23:08:19,005 [ERROR] LogOutputStream:75 - [STDERR_REDIRECT] [Fatal Error] :1:1: Premature end of file.
2026-04-12 23:08:19,005 [ERROR] LogOutputStream:75 - [STDERR_REDIRECT] 
2026-04-12 23:08:20,059 [ERROR] LogOutputStream:75 - [STDERR_REDIRECT] [Fatal Error] :1:1: Premature end of file.
2026-04-12 23:08:20,059 [ERROR] LogOutputStream:75 - [STDERR_REDIRECT] 
2026-04-12 23:08:20,999 [ERROR] LogOutputStream:75 - [STDERR_REDIRECT] [Fatal Error] :1:1: Premature end of file.
2026-04-12 23:08:21,000 [ERROR] LogOutputStream:75 - [STDERR_REDIRECT] 
2026-04-12 23:08:22,003 [ERROR] LogOutputStream:75 - [STDERR_REDIRECT] [Fatal Error] :1:1: Premature end of file.
2026-04-12 23:08:22,003 [ERROR] LogOutputStream:75 - [STDERR_REDIRECT] 
2026-04-12 23:08:23,007 [ERROR] LogOutputStream:75 - [STDERR_REDIRECT] [Fatal Error] :1:1: Premature end of file.
2026-04-12 23:08:23,007 [ERROR] LogOutputStream:75 - [STDERR_REDIRECT] 
2026-04-12 23:08:24,004 [ERROR] LogOutputStream:75 - [STDERR_REDIRECT] [Fatal Error] :1:1: Premature end of file.
2026-04-12 23:08:24,005 [ERROR] LogOutputStream:75 - [STDERR_REDIRECT] 
2026-04-12 23:08:25,013 [ERROR] LogOutputStream:75 - [STDERR_REDIRECT] [Fatal Error] :1:1: Premature end of file.
2026-04-12 23:08:25,013 [ERROR] LogOutputStream:75 - [STDERR_REDIRECT] 
2026-04-12 23:08:26,003 [ERROR] LogOutputStream:75 - [STDERR_REDIRECT] [Fatal Error] :1:1: Premature end of file.
2026-04-12 23:08:26,003 [ERROR] LogOutputStream:75 - [STDERR_REDIRECT] 
2026-04-12 23:08:27,002 [ERROR] LogOutputStream:75 - [STDERR_REDIRECT] [Fatal Error] :1:1: Premature end of file.
2026-04-12 23:08:27,002 [ERROR] LogOutputStream:75 - [STDERR_REDIRECT] 
2026-04-12 23:08:28,018 [ERROR] LogOutputStream:75 - [STDERR_REDIRECT] [Fatal Error] :1:1: Premature end of file.
2026-04-12 23:08:28,018 [ERROR] LogOutputStream:75 - [STDERR_REDIRECT] 
2026-04-12 23:08:29,009 [ERROR] LogOutputStream:75 - [STDERR_REDIRECT] [Fatal Error] :1:1: Premature end of file.
2026-04-12 23:08:29,009 [ERROR] LogOutputStream:75 - [STDERR_REDIRECT] 
2026-04-12 23:08:30,008 [ERROR] LogOutputStream:75 - [STDERR_REDIRECT] [Fatal Error] :1:1: Premature end of file.
2026-04-12 23:08:30,009 [ERROR] LogOutputStream:75 - [STDERR_REDIRECT] 
2026-04-12 23:08:31,002 [ERROR] LogOutputStream:75 - [STDERR_REDIRECT] [Fatal Error] :1:1: Premature end of file.
2026-04-12 23:08:31,002 [ERROR] LogOutputStream:75 - [STDERR_REDIRECT] 
2026-04-12 23:08:32,005 [ERROR] LogOutputStream:75 - [STDERR_REDIRECT] [Fatal Error] :1:1: Premature end of file.
2026-04-12 23:08:32,005 [ERROR] LogOutputStream:75 - [STDERR_REDIRECT] 
2026-04-12 23:08:33,000 [ERROR] LogOutputStream:75 - [STDERR_REDIRECT] [Fatal Error] :1:1: Premature end of file.
2026-04-12 23:08:33,000 [ERROR] LogOutputStream:75 - [STDERR_REDIRECT] 
2026-04-12 23:08:34,011 [ERROR] LogOutputStream:75 - [STDERR_REDIRECT] [Fatal Error] :1:1: Premature end of file.
2026-04-12 23:08:34,012 [ERROR] LogOutputStream:75 - [STDERR_REDIRECT] 
2026-04-12 23:08:34,991 [ERROR] LogOutputStream:75 - [STDERR_REDIRECT] [Fatal Error] :1:1: Premature end of file.
2026-04-12 23:08:34,992 [ERROR] LogOutputStream:75 - [STDERR_REDIRECT] 
2026-04-12 23:08:35,996 [ERROR] LogOutputStream:75 - [STDERR_REDIRECT] [Fatal Error] :1:1: Premature end of file.
2026-04-12 23:08:35,996 [ERROR] LogOutputStream:75 - [STDERR_REDIRECT] 
2026-04-12 23:08:36,991 [ERROR] LogOutputStream:75 - [STDERR_REDIRECT] [Fatal Error] :1:1: Premature end of file.
2026-04-12 23:08:36,991 [ERROR] LogOutputStream:75 - [STDERR_REDIRECT] 
2026-04-12 23:08:38,005 [ERROR] LogOutputStream:75 - [STDERR_REDIRECT] [Fatal Error] :1:1: Premature end of file.
2026-04-12 23:08:38,005 [ERROR] LogOutputStream:75 - [STDERR_REDIRECT] 
2026-04-12 23:08:38,995 [ERROR] LogOutputStream:75 - [STDERR_REDIRECT] [Fatal Error] :1:1: Premature end of file.
2026-04-12 23:08:38,995 [ERROR] LogOutputStream:75 - [STDERR_REDIRECT] 
2026-04-12 23:08:39,994 [ERROR] LogOutputStream:75 - [STDERR_REDIRECT] [Fatal Error] :1:1: Premature end of file.
2026-04-12 23:08:39,995 [ERROR] LogOutputStream:75 - [STDERR_REDIRECT] 
2026-04-12 23:08:41,005 [ERROR] LogOutputStream:75 - [STDERR_REDIRECT] [Fatal Error] :1:1: Premature end of file.
2026-04-12 23:08:41,005 [ERROR] LogOutputStream:75 - [STDERR_REDIRECT] 
2026-04-12 23:08:42,004 [ERROR] LogOutputStream:75 - [STDERR_REDIRECT] [Fatal Error] :1:1: Premature end of file.
2026-04-12 23:08:42,004 [ERROR] LogOutputStream:75 - [STDERR_REDIRECT] 
2026-04-12 23:08:43,004 [ERROR] LogOutputStream:75 - [STDERR_REDIRECT] [Fatal Error] :1:1: Premature end of file.
2026-04-12 23:08:43,004 [ERROR] LogOutputStream:75 - [STDERR_REDIRECT] 
2026-04-12 23:08:43,995 [ERROR] LogOutputStream:75 - [STDERR_REDIRECT] [Fatal Error] :1:1: Premature end of file.
2026-04-12 23:08:43,996 [ERROR] LogOutputStream:75 - [STDERR_REDIRECT] 
2026-04-12 23:08:44,992 [ERROR] LogOutputStream:75 - [STDERR_REDIRECT] [Fatal Error] :1:1: Premature end of file.
2026-04-12 23:08:44,992 [ERROR] LogOutputStream:75 - [STDERR_REDIRECT] 
2026-04-12 23:08:45,990 [ERROR] LogOutputStream:75 - [STDERR_REDIRECT] [Fatal Error] :1:1: Premature end of file.
2026-04-12 23:08:45,990 [ERROR] LogOutputStream:75 - [STDERR_REDIRECT] 
2026-04-12 23:08:46,997 [ERROR] LogOutputStream:75 - [STDERR_REDIRECT] [Fatal Error] :1:1: Premature end of file.
2026-04-12 23:08:46,997 [ERROR] LogOutputStream:75 - [STDERR_REDIRECT] 
2026-04-12 23:08:47,993 [ERROR] LogOutputStream:75 - [STDERR_REDIRECT] [Fatal Error] :1:1: Premature end of file.
2026-04-12 23:08:47,994 [ERROR] LogOutputStream:75 - [STDERR_REDIRECT] 
2026-04-12 23:08:49,002 [ERROR] LogOutputStream:75 - [STDERR_REDIRECT] [Fatal Error] :1:1: Premature end of file.
2026-04-12 23:08:49,003 [ERROR] LogOutputStream:75 - [STDERR_REDIRECT] 
2026-04-12 23:08:50,012 [ERROR] LogOutputStream:75 - [STDERR_REDIRECT] [Fatal Error] :1:1: Premature end of file.
2026-04-12 23:08:50,013 [ERROR] LogOutputStream:75 - [STDERR_REDIRECT] 
2026-04-12 23:08:51,001 [ERROR] LogOutputStream:75 - [STDERR_REDIRECT] [Fatal Error] :1:1: Premature end of file.
2026-04-12 23:08:51,001 [ERROR] LogOutputStream:75 - [STDERR_REDIRECT] 
2026-04-12 23:08:52,069 [ERROR] LogOutputStream:75 - [STDERR_REDIRECT] [Fatal Error] :1:1: Premature end of file.
2026-04-12 23:08:52,069 [ERROR] LogOutputStream:75 - [STDERR_REDIRECT] 
2026-04-12 23:08:53,008 [ERROR] LogOutputStream:75 - [STDERR_REDIRECT] [Fatal Error] :1:1: Premature end of file.
2026-04-12 23:08:53,008 [ERROR] LogOutputStream:75 - [STDERR_REDIRECT] 
2026-04-12 23:08:54,010 [ERROR] LogOutputStream:75 - [STDERR_REDIRECT] [Fatal Error] :1:1: Premature end of file.
2026-04-12 23:08:54,010 [ERROR] LogOutputStream:75 - [STDERR_REDIRECT] 
2026-04-12 23:08:55,003 [ERROR] LogOutputStream:75 - [STDERR_REDIRECT] [Fatal Error] :1:1: Premature end of file.
2026-04-12 23:08:55,003 [ERROR] LogOutputStream:75 - [STDERR_REDIRECT] 
2026-04-12 23:08:56,006 [ERROR] LogOutputStream:75 - [STDERR_REDIRECT] [Fatal Error] :1:1: Premature end of file.
2026-04-12 23:08:56,006 [ERROR] LogOutputStream:75 - [STDERR_REDIRECT] 
2026-04-12 23:08:57,012 [ERROR] LogOutputStream:75 - [STDERR_REDIRECT] [Fatal Error] :1:1: Premature end of file.
2026-04-12 23:08:57,013 [ERROR] LogOutputStream:75 - [STDERR_REDIRECT] 
2026-04-12 23:08:57,994 [ERROR] LogOutputStream:75 - [STDERR_REDIRECT] [Fatal Error] :1:1: Premature end of file.
2026-04-12 23:08:57,994 [ERROR] LogOutputStream:75 - [STDERR_REDIRECT] 
2026-04-12 23:08:59,001 [ERROR] LogOutputStream:75 - [STDERR_REDIRECT] [Fatal Error] :1:1: Premature end of file.
2026-04-12 23:08:59,001 [ERROR] LogOutputStream:75 - [STDERR_REDIRECT] 
2026-04-12 23:08:59,990 [ERROR] LogOutputStream:75 - [STDERR_REDIRECT] [Fatal Error] :1:1: Premature end of file.
2026-04-12 23:08:59,990 [ERROR] LogOutputStream:75 - [STDERR_REDIRECT] 
2026-04-12 23:09:00,998 [ERROR] LogOutputStream:75 - [STDERR_REDIRECT] [Fatal Error] :1:1: Premature end of file.
2026-04-12 23:09:00,998 [ERROR] LogOutputStream:75 - [STDERR_REDIRECT] 
2026-04-12 23:09:02,001 [ERROR] LogOutputStream:75 - [STDERR_REDIRECT] [Fatal Error] :1:1: Premature end of file.
2026-04-12 23:09:02,001 [ERROR] LogOutputStream:75 - [STDERR_REDIRECT] 
2026-04-12 23:09:02,993 [ERROR] LogOutputStream:75 - [STDERR_REDIRECT] [Fatal Error] :1:1: Premature end of file.
2026-04-12 23:09:02,993 [ERROR] LogOutputStream:75 - [STDERR_REDIRECT] 
2026-04-12 23:09:04,007 [ERROR] LogOutputStream:75 - [STDERR_REDIRECT] [Fatal Error] :1:1: Premature end of file.
2026-04-12 23:09:04,007 [ERROR] LogOutputStream:75 - [STDERR_REDIRECT] 
2026-04-12 23:09:05,008 [ERROR] LogOutputStream:75 - [STDERR_REDIRECT] [Fatal Error] :1:1: Premature end of file.
2026-04-12 23:09:05,008 [ERROR] LogOutputStream:75 - [STDERR_REDIRECT] 
2026-04-12 23:09:06,001 [ERROR] LogOutputStream:75 - [STDERR_REDIRECT] [Fatal Error] :1:1: Premature end of file.
2026-04-12 23:09:06,001 [ERROR] LogOutputStream:75 - [STDERR_REDIRECT] 
2026-04-12 23:09:07,005 [ERROR] LogOutputStream:75 - [STDERR_REDIRECT] [Fatal Error] :1:1: Premature end of file.
2026-04-12 23:09:07,005 [ERROR] LogOutputStream:75 - [STDERR_REDIRECT] 
2026-04-12 23:09:07,999 [ERROR] LogOutputStream:75 - [STDERR_REDIRECT] [Fatal Error] :1:1: Premature end of file.
2026-04-12 23:09:07,999 [ERROR] LogOutputStream:75 - [STDERR_REDIRECT] 
2026-04-12 23:09:08,996 [ERROR] LogOutputStream:75 - [STDERR_REDIRECT] [Fatal Error] :1:1: Premature end of file.
2026-04-12 23:09:08,996 [ERROR] LogOutputStream:75 - [STDERR_REDIRECT] 
2026-04-12 23:09:10,002 [ERROR] LogOutputStream:75 - [STDERR_REDIRECT] [Fatal Error] :1:1: Premature end of file.
2026-04-12 23:09:10,002 [ERROR] LogOutputStream:75 - [STDERR_REDIRECT] 
2026-04-12 23:09:10,989 [ERROR] LogOutputStream:75 - [STDERR_REDIRECT] [Fatal Error] :1:1: Premature end of file.
2026-04-12 23:09:10,989 [ERROR] LogOutputStream:75 - [STDERR_REDIRECT] 
2026-04-12 23:09:12,001 [ERROR] LogOutputStream:75 - [STDERR_REDIRECT] [Fatal Error] :1:1: Premature end of file.
2026-04-12 23:09:12,001 [ERROR] LogOutputStream:75 - [STDERR_REDIRECT] 
2026-04-12 23:09:12,991 [ERROR] LogOutputStream:75 - [STDERR_REDIRECT] [Fatal Error] :1:1: Premature end of file.
2026-04-12 23:09:12,991 [ERROR] LogOutputStream:75 - [STDERR_REDIRECT] 
2026-04-12 23:09:13,994 [ERROR] LogOutputStream:75 - [STDERR_REDIRECT] [Fatal Error] :1:1: Premature end of file.
2026-04-12 23:09:13,994 [ERROR] LogOutputStream:75 - [STDERR_REDIRECT] 
2026-04-12 23:09:15,000 [ERROR] LogOutputStream:75 - [STDERR_REDIRECT] [Fatal Error] :1:1: Premature end of file.
2026-04-12 23:09:15,001 [ERROR] LogOutputStream:75 - [STDERR_REDIRECT] 
2026-04-12 23:09:15,986 [ERROR] LogOutputStream:75 - [STDERR_REDIRECT] [Fatal Error] :1:1: Premature end of file.
2026-04-12 23:09:15,986 [ERROR] LogOutputStream:75 - [STDERR_REDIRECT] 
2026-04-12 23:09:16,996 [ERROR] LogOutputStream:75 - [STDERR_REDIRECT] [Fatal Error] :1:1: Premature end of file.
2026-04-12 23:09:16,997 [ERROR] LogOutputStream:75 - [STDERR_REDIRECT] 
2026-04-12 23:09:18,001 [ERROR] LogOutputStream:75 - [STDERR_REDIRECT] [Fatal Error] :1:1: Premature end of file.
2026-04-12 23:09:18,001 [ERROR] LogOutputStream:75 - [STDERR_REDIRECT] 
2026-04-12 23:09:18,990 [ERROR] LogOutputStream:75 - [STDERR_REDIRECT] [Fatal Error] :1:1: Premature end of file.
2026-04-12 23:09:18,991 [ERROR] LogOutputStream:75 - [STDERR_REDIRECT] 
2026-04-12 23:09:20,002 [ERROR] LogOutputStream:75 - [STDERR_REDIRECT] [Fatal Error] :1:1: Premature end of file.
2026-04-12 23:09:20,002 [ERROR] LogOutputStream:75 - [STDERR_REDIRECT] 
2026-04-12 23:09:20,998 [ERROR] LogOutputStream:75 - [STDERR_REDIRECT] [Fatal Error] :1:1: Premature end of file.
2026-04-12 23:09:20,998 [ERROR] LogOutputStream:75 - [STDERR_REDIRECT] 
2026-04-12 23:09:21,997 [ERROR] LogOutputStream:75 - [STDERR_REDIRECT] [Fatal Error] :1:1: Premature end of file.
2026-04-12 23:09:21,997 [ERROR] LogOutputStream:75 - [STDERR_REDIRECT] 
2026-04-12 23:09:23,061 [ERROR] LogOutputStream:75 - [STDERR_REDIRECT] [Fatal Error] :1:1: Premature end of file.
2026-04-12 23:09:23,061 [ERROR] LogOutputStream:75 - [STDERR_REDIRECT] 
2026-04-12 23:09:23,989 [ERROR] LogOutputStream:75 - [STDERR_REDIRECT] [Fatal Error] :1:1: Premature end of file.
2026-04-12 23:09:23,990 [ERROR] LogOutputStream:75 - [STDERR_REDIRECT] 
2026-04-12 23:09:24,995 [ERROR] LogOutputStream:75 - [STDERR_REDIRECT] [Fatal Error] :1:1: Premature end of file.
2026-04-12 23:09:24,995 [ERROR] LogOutputStream:75 - [STDERR_REDIRECT] 
2026-04-12 23:09:25,998 [ERROR] LogOutputStream:75 - [STDERR_REDIRECT] [Fatal Error] :1:1: Premature end of file.
2026-04-12 23:09:25,998 [ERROR] LogOutputStream:75 - [STDERR_REDIRECT] 
2026-04-12 23:09:27,002 [ERROR] LogOutputStream:75 - [STDERR_REDIRECT] [Fatal Error] :1:1: Premature end of file.
2026-04-12 23:09:27,002 [ERROR] LogOutputStream:75 - [STDERR_REDIRECT] 
2026-04-12 23:09:28,000 [ERROR] LogOutputStream:75 - [STDERR_REDIRECT] [Fatal Error] :1:1: Premature end of file.
2026-04-12 23:09:28,001 [ERROR] LogOutputStream:75 - [STDERR_REDIRECT] 
2026-04-12 23:09:28,991 [ERROR] LogOutputStream:75 - [STDERR_REDIRECT] [Fatal Error] :1:1: Premature end of file.
2026-04-12 23:09:28,991 [ERROR] LogOutputStream:75 - [STDERR_REDIRECT] 
2026-04-12 23:09:29,993 [ERROR] LogOutputStream:75 - [STDERR_REDIRECT] [Fatal Error] :1:1: Premature end of file.
2026-04-12 23:09:29,993 [ERROR] LogOutputStream:75 - [STDERR_REDIRECT] 
2026-04-12 23:09:30,994 [ERROR] LogOutputStream:75 - [STDERR_REDIRECT] [Fatal Error] :1:1: Premature end of file.
2026-04-12 23:09:30,994 [ERROR] LogOutputStream:75 - [STDERR_REDIRECT] 
2026-04-12 23:09:31,993 [ERROR] LogOutputStream:75 - [STDERR_REDIRECT] [Fatal Error] :1:1: Premature end of file.
2026-04-12 23:09:31,993 [ERROR] LogOutputStream:75 - [STDERR_REDIRECT] 
2026-04-12 23:09:32,995 [ERROR] LogOutputStream:75 - [STDERR_REDIRECT] [Fatal Error] :1:1: Premature end of file.
2026-04-12 23:09:32,995 [ERROR] LogOutputStream:75 - [STDERR_REDIRECT] 
2026-04-12 23:09:34,003 [ERROR] LogOutputStream:75 - [STDERR_REDIRECT] [Fatal Error] :1:1: Premature end of file.
2026-04-12 23:09:34,003 [ERROR] LogOutputStream:75 - [STDERR_REDIRECT] 
2026-04-12 23:09:34,991 [ERROR] LogOutputStream:75 - [STDERR_REDIRECT] [Fatal Error] :1:1: Premature end of file.
2026-04-12 23:09:34,991 [ERROR] LogOutputStream:75 - [STDERR_REDIRECT] 
2026-04-12 23:09:35,992 [ERROR] LogOutputStream:75 - [STDERR_REDIRECT] [Fatal Error] :1:1: Premature end of file.
2026-04-12 23:09:35,992 [ERROR] LogOutputStream:75 - [STDERR_REDIRECT] 
2026-04-12 23:09:36,991 [ERROR] LogOutputStream:75 - [STDERR_REDIRECT] [Fatal Error] :1:1: Premature end of file.
2026-04-12 23:09:36,991 [ERROR] LogOutputStream:75 - [STDERR_REDIRECT] 
2026-04-12 23:09:37,999 [ERROR] LogOutputStream:75 - [STDERR_REDIRECT] [Fatal Error] :1:1: Premature end of file.
2026-04-12 23:09:37,999 [ERROR] LogOutputStream:75 - [STDERR_REDIRECT] 
2026-04-12 23:09:38,998 [ERROR] LogOutputStream:75 - [STDERR_REDIRECT] [Fatal Error] :1:1: Premature end of file.
2026-04-12 23:09:38,999 [ERROR] LogOutputStream:75 - [STDERR_REDIRECT] 
2026-04-12 23:09:40,003 [ERROR] LogOutputStream:75 - [STDERR_REDIRECT] [Fatal Error] :1:1: Premature end of file.
2026-04-12 23:09:40,004 [ERROR] LogOutputStream:75 - [STDERR_REDIRECT] 
2026-04-12 23:09:40,992 [ERROR] LogOutputStream:75 - [STDERR_REDIRECT] [Fatal Error] :1:1: Premature end of file.
2026-04-12 23:09:40,992 [ERROR] LogOutputStream:75 - [STDERR_REDIRECT] 
2026-04-12 23:09:41,999 [ERROR] LogOutputStream:75 - [STDERR_REDIRECT] [Fatal Error] :1:1: Premature end of file.
2026-04-12 23:09:42,000 [ERROR] LogOutputStream:75 - [STDERR_REDIRECT] 
2026-04-12 23:09:43,000 [ERROR] LogOutputStream:75 - [STDERR_REDIRECT] [Fatal Error] :1:1: Premature end of file.
2026-04-12 23:09:43,001 [ERROR] LogOutputStream:75 - [STDERR_REDIRECT] 
2026-04-12 23:09:43,990 [ERROR] LogOutputStream:75 - [STDERR_REDIRECT] [Fatal Error] :1:1: Premature end of file.
2026-04-12 23:09:43,990 [ERROR] LogOutputStream:75 - [STDERR_REDIRECT] 
2026-04-12 23:09:44,995 [ERROR] LogOutputStream:75 - [STDERR_REDIRECT] [Fatal Error] :1:1: Premature end of file.
2026-04-12 23:09:44,996 [ERROR] LogOutputStream:75 - [STDERR_REDIRECT] 
2026-04-12 23:09:45,988 [ERROR] LogOutputStream:75 - [STDERR_REDIRECT] [Fatal Error] :1:1: Premature end of file.
2026-04-12 23:09:45,989 [ERROR] LogOutputStream:75 - [STDERR_REDIRECT] 
2026-04-12 23:09:46,991 [ERROR] LogOutputStream:75 - [STDERR_REDIRECT] [Fatal Error] :1:1: Premature end of file.
2026-04-12 23:09:46,991 [ERROR] LogOutputStream:75 - [STDERR_REDIRECT] 
2026-04-12 23:09:47,999 [ERROR] LogOutputStream:75 - [STDERR_REDIRECT] [Fatal Error] :1:1: Premature end of file.
2026-04-12 23:09:48,000 [ERROR] LogOutputStream:75 - [STDERR_REDIRECT] 
2026-04-12 23:09:48,988 [ERROR] LogOutputStream:75 - [STDERR_REDIRECT] [Fatal Error] :1:1: Premature end of file.
2026-04-12 23:09:48,989 [ERROR] LogOutputStream:75 - [STDERR_REDIRECT] 
2026-04-12 23:09:50,002 [ERROR] LogOutputStream:75 - [STDERR_REDIRECT] [Fatal Error] :1:1: Premature end of file.
2026-04-12 23:09:50,002 [ERROR] LogOutputStream:75 - [STDERR_REDIRECT] 
2026-04-12 23:09:50,990 [ERROR] LogOutputStream:75 - [STDERR_REDIRECT] [Fatal Error] :1:1: Premature end of file.
2026-04-12 23:09:50,990 [ERROR] LogOutputStream:75 - [STDERR_REDIRECT] 
2026-04-12 23:09:51,996 [ERROR] LogOutputStream:75 - [STDERR_REDIRECT] [Fatal Error] :1:1: Premature end of file.
2026-04-12 23:09:51,997 [ERROR] LogOutputStream:75 - [STDERR_REDIRECT] 
2026-04-12 23:09:53,003 [ERROR] LogOutputStream:75 - [STDERR_REDIRECT] [Fatal Error] :1:1: Premature end of file.
2026-04-12 23:09:53,043 [ERROR] LogOutputStream:75 - [STDERR_REDIRECT] 
2026-04-12 23:09:53,991 [ERROR] LogOutputStream:75 - [STDERR_REDIRECT] [Fatal Error] :1:1: Premature end of file.
2026-04-12 23:09:53,991 [ERROR] LogOutputStream:75 - [STDERR_REDIRECT] 
2026-04-12 23:09:54,996 [ERROR] LogOutputStream:75 - [STDERR_REDIRECT] [Fatal Error] :1:1: Premature end of file.
2026-04-12 23:09:54,996 [ERROR] LogOutputStream:75 - [STDERR_REDIRECT] 
2026-04-12 23:09:55,989 [ERROR] LogOutputStream:75 - [STDERR_REDIRECT] [Fatal Error] :1:1: Premature end of file.
2026-04-12 23:09:55,989 [ERROR] LogOutputStream:75 - [STDERR_REDIRECT] 
2026-04-12 23:09:56,995 [ERROR] LogOutputStream:75 - [STDERR_REDIRECT] [Fatal Error] :1:1: Premature end of file.
2026-04-12 23:09:56,996 [ERROR] LogOutputStream:75 - [STDERR_REDIRECT] 
2026-04-12 23:09:57,996 [ERROR] LogOutputStream:75 - [STDERR_REDIRECT] [Fatal Error] :1:1: Premature end of file.
2026-04-12 23:09:57,997 [ERROR] LogOutputStream:75 - [STDERR_REDIRECT] 
2026-04-12 23:09:59,001 [ERROR] LogOutputStream:75 - [STDERR_REDIRECT] [Fatal Error] :1:1: Premature end of file.
2026-04-12 23:09:59,001 [ERROR] LogOutputStream:75 - [STDERR_REDIRECT] 
2026-04-12 23:10:00,005 [ERROR] LogOutputStream:75 - [STDERR_REDIRECT] [Fatal Error] :1:1: Premature end of file.
2026-04-12 23:10:00,006 [ERROR] LogOutputStream:75 - [STDERR_REDIRECT] 
2026-04-12 23:10:00,997 [ERROR] LogOutputStream:75 - [STDERR_REDIRECT] [Fatal Error] :1:1: Premature end of file.
2026-04-12 23:10:00,997 [ERROR] LogOutputStream:75 - [STDERR_REDIRECT] 
2026-04-12 23:10:02,003 [ERROR] LogOutputStream:75 - [STDERR_REDIRECT] [Fatal Error] :1:1: Premature end of file.
2026-04-12 23:10:02,003 [ERROR] LogOutputStream:75 - [STDERR_REDIRECT] 
2026-04-12 23:10:02,991 [ERROR] LogOutputStream:75 - [STDERR_REDIRECT] [Fatal Error] :1:1: Premature end of file.
2026-04-12 23:10:02,991 [ERROR] LogOutputStream:75 - [STDERR_REDIRECT] 
2026-04-12 23:10:03,993 [ERROR] LogOutputStream:75 - [STDERR_REDIRECT] [Fatal Error] :1:1: Premature end of file.
2026-04-12 23:10:03,993 [ERROR] LogOutputStream:75 - [STDERR_REDIRECT] 
2026-04-12 23:10:04,993 [ERROR] LogOutputStream:75 - [STDERR_REDIRECT] [Fatal Error] :1:1: Premature end of file.
2026-04-12 23:10:04,993 [ERROR] LogOutputStream:75 - [STDERR_REDIRECT] 
2026-04-12 23:10:06,005 [ERROR] LogOutputStream:75 - [STDERR_REDIRECT] [Fatal Error] :1:1: Premature end of file.
2026-04-12 23:10:06,006 [ERROR] LogOutputStream:75 - [STDERR_REDIRECT] 
2026-04-12 23:10:07,001 [ERROR] LogOutputStream:75 - [STDERR_REDIRECT] [Fatal Error] :1:1: Premature end of file.
2026-04-12 23:10:07,001 [ERROR] LogOutputStream:75 - [STDERR_REDIRECT] 
2026-04-12 23:10:07,998 [ERROR] LogOutputStream:75 - [STDERR_REDIRECT] [Fatal Error] :1:1: Premature end of file.
2026-04-12 23:10:07,998 [ERROR] LogOutputStream:75 - [STDERR_REDIRECT] 
2026-04-12 23:10:08,999 [ERROR] LogOutputStream:75 - [STDERR_REDIRECT] [Fatal Error] :1:1: Premature end of file.
2026-04-12 23:10:08,999 [ERROR] LogOutputStream:75 - [STDERR_REDIRECT] 
2026-04-12 23:10:09,993 [ERROR] LogOutputStream:75 - [STDERR_REDIRECT] [Fatal Error] :1:1: Premature end of file.
2026-04-12 23:10:09,993 [ERROR] LogOutputStream:75 - [STDERR_REDIRECT] 
2026-04-12 23:10:11,000 [ERROR] LogOutputStream:75 - [STDERR_REDIRECT] [Fatal Error] :1:1: Premature end of file.
2026-04-12 23:10:11,001 [ERROR] LogOutputStream:75 - [STDERR_REDIRECT] 
2026-04-12 23:10:12,001 [ERROR] LogOutputStream:75 - [STDERR_REDIRECT] [Fatal Error] :1:1: Premature end of file.
2026-04-12 23:10:12,001 [ERROR] LogOutputStream:75 - [STDERR_REDIRECT] 
2026-04-12 23:10:13,018 [ERROR] LogOutputStream:75 - [STDERR_REDIRECT] [Fatal Error] :1:1: Premature end of file.
2026-04-12 23:10:13,019 [ERROR] LogOutputStream:75 - [STDERR_REDIRECT] 
2026-04-12 23:10:13,998 [ERROR] LogOutputStream:75 - [STDERR_REDIRECT] [Fatal Error] :1:1: Premature end of file.
2026-04-12 23:10:13,998 [ERROR] LogOutputStream:75 - [STDERR_REDIRECT] 
2026-04-12 23:10:14,992 [ERROR] LogOutputStream:75 - [STDERR_REDIRECT] [Fatal Error] :1:1: Premature end of file.
2026-04-12 23:10:14,992 [ERROR] LogOutputStream:75 - [STDERR_REDIRECT] 
2026-04-12 23:10:15,997 [ERROR] LogOutputStream:75 - [STDERR_REDIRECT] [Fatal Error] :1:1: Premature end of file.
2026-04-12 23:10:15,998 [ERROR] LogOutputStream:75 - [STDERR_REDIRECT] 
2026-04-12 23:10:16,999 [ERROR] LogOutputStream:75 - [STDERR_REDIRECT] [Fatal Error] :1:1: Premature end of file.
2026-04-12 23:10:16,999 [ERROR] LogOutputStream:75 - [STDERR_REDIRECT] 
2026-04-12 23:10:17,991 [ERROR] LogOutputStream:75 - [STDERR_REDIRECT] [Fatal Error] :1:1: Premature end of file.
2026-04-12 23:10:17,991 [ERROR] LogOutputStream:75 - [STDERR_REDIRECT] 
2026-04-12 23:10:19,002 [ERROR] LogOutputStream:75 - [STDERR_REDIRECT] [Fatal Error] :1:1: Premature end of file.
2026-04-12 23:10:19,002 [ERROR] LogOutputStream:75 - [STDERR_REDIRECT] 
2026-04-12 23:10:19,993 [ERROR] LogOutputStream:75 - [STDERR_REDIRECT] [Fatal Error] :1:1: Premature end of file.
2026-04-12 23:10:19,994 [ERROR] LogOutputStream:75 - [STDERR_REDIRECT] 
2026-04-12 23:10:21,041 [ERROR] LogOutputStream:75 - [STDERR_REDIRECT] [Fatal Error] :1:1: Premature end of file.
2026-04-12 23:10:21,041 [ERROR] LogOutputStream:75 - [STDERR_REDIRECT] 
2026-04-12 23:10:22,010 [ERROR] LogOutputStream:75 - [STDERR_REDIRECT] [Fatal Error] :1:1: Premature end of file.
2026-04-12 23:10:22,010 [ERROR] LogOutputStream:75 - [STDERR_REDIRECT] 
2026-04-12 23:10:23,000 [ERROR] LogOutputStream:75 - [STDERR_REDIRECT] [Fatal Error] :1:1: Premature end of file.
2026-04-12 23:10:23,000 [ERROR] LogOutputStream:75 - [STDERR_REDIRECT] 
2026-04-12 23:10:24,013 [ERROR] LogOutputStream:75 - [STDERR_REDIRECT] [Fatal Error] :1:1: Premature end of file.
2026-04-12 23:10:24,014 [ERROR] LogOutputStream:75 - [STDERR_REDIRECT] 
2026-04-12 23:10:24,995 [ERROR] LogOutputStream:75 - [STDERR_REDIRECT] [Fatal Error] :1:1: Premature end of file.
2026-04-12 23:10:24,996 [ERROR] LogOutputStream:75 - [STDERR_REDIRECT] 
2026-04-12 23:10:25,996 [ERROR] LogOutputStream:75 - [STDERR_REDIRECT] [Fatal Error] :1:1: Premature end of file.
2026-04-12 23:10:25,996 [ERROR] LogOutputStream:75 - [STDERR_REDIRECT] 
2026-04-12 23:10:26,995 [ERROR] LogOutputStream:75 - [STDERR_REDIRECT] [Fatal Error] :1:1: Premature end of file.
2026-04-12 23:10:26,995 [ERROR] LogOutputStream:75 - [STDERR_REDIRECT] 
2026-04-12 23:10:28,000 [ERROR] LogOutputStream:75 - [STDERR_REDIRECT] [Fatal Error] :1:1: Premature end of file.
2026-04-12 23:10:28,000 [ERROR] LogOutputStream:75 - [STDERR_REDIRECT] 
2026-04-12 23:10:28,992 [ERROR] LogOutputStream:75 - [STDERR_REDIRECT] [Fatal Error] :1:1: Premature end of file.
2026-04-12 23:10:28,992 [ERROR] LogOutputStream:75 - [STDERR_REDIRECT] 
2026-04-12 23:10:29,998 [ERROR] LogOutputStream:75 - [STDERR_REDIRECT] [Fatal Error] :1:1: Premature end of file.
2026-04-12 23:10:29,998 [ERROR] LogOutputStream:75 - [STDERR_REDIRECT] 
2026-04-12 23:10:31,000 [ERROR] LogOutputStream:75 - [STDERR_REDIRECT] [Fatal Error] :1:1: Premature end of file.
2026-04-12 23:10:31,001 [ERROR] LogOutputStream:75 - [STDERR_REDIRECT] 
2026-04-12 23:10:31,997 [ERROR] LogOutputStream:75 - [STDERR_REDIRECT] [Fatal Error] :1:1: Premature end of file.
2026-04-12 23:10:31,997 [ERROR] LogOutputStream:75 - [STDERR_REDIRECT] 
2026-04-12 23:10:32,996 [ERROR] LogOutputStream:75 - [STDERR_REDIRECT] [Fatal Error] :1:1: Premature end of file.
2026-04-12 23:10:32,997 [ERROR] LogOutputStream:75 - [STDERR_REDIRECT] 
2026-04-12 23:10:33,993 [ERROR] LogOutputStream:75 - [STDERR_REDIRECT] [Fatal Error] :1:1: Premature end of file.
2026-04-12 23:10:33,993 [ERROR] LogOutputStream:75 - [STDERR_REDIRECT] 
2026-04-12 23:10:34,993 [ERROR] LogOutputStream:75 - [STDERR_REDIRECT] [Fatal Error] :1:1: Premature end of file.
2026-04-12 23:10:34,993 [ERROR] LogOutputStream:75 - [STDERR_REDIRECT] 
2026-04-12 23:10:35,992 [ERROR] LogOutputStream:75 - [STDERR_REDIRECT] [Fatal Error] :1:1: Premature end of file.
2026-04-12 23:10:35,992 [ERROR] LogOutputStream:75 - [STDERR_REDIRECT] 
2026-04-12 23:10:36,993 [ERROR] LogOutputStream:75 - [STDERR_REDIRECT] [Fatal Error] :1:1: Premature end of file.
2026-04-12 23:10:36,993 [ERROR] LogOutputStream:75 - [STDERR_REDIRECT] 
2026-04-12 23:10:37,996 [ERROR] LogOutputStream:75 - [STDERR_REDIRECT] [Fatal Error] :1:1: Premature end of file.
2026-04-12 23:10:37,997 [ERROR] LogOutputStream:75 - [STDERR_REDIRECT] 
2026-04-12 23:10:39,010 [ERROR] LogOutputStream:75 - [STDERR_REDIRECT] [Fatal Error] :1:1: Premature end of file.
2026-04-12 23:10:39,010 [ERROR] LogOutputStream:75 - [STDERR_REDIRECT] 
2026-04-12 23:10:40,003 [ERROR] LogOutputStream:75 - [STDERR_REDIRECT] [Fatal Error] :1:1: Premature end of file.
2026-04-12 23:10:40,003 [ERROR] LogOutputStream:75 - [STDERR_REDIRECT] 
2026-04-12 23:10:40,993 [ERROR] LogOutputStream:75 - [STDERR_REDIRECT] [Fatal Error] :1:1: Premature end of file.
2026-04-12 23:10:40,993 [ERROR] LogOutputStream:75 - [STDERR_REDIRECT] 
2026-04-12 23:10:41,999 [ERROR] LogOutputStream:75 - [STDERR_REDIRECT] [Fatal Error] :1:1: Premature end of file.
2026-04-12 23:10:41,999 [ERROR] LogOutputStream:75 - [STDERR_REDIRECT] 
2026-04-12 23:10:43,006 [ERROR] LogOutputStream:75 - [STDERR_REDIRECT] [Fatal Error] :1:1: Premature end of file.
2026-04-12 23:10:43,006 [ERROR] LogOutputStream:75 - [STDERR_REDIRECT] 
2026-04-12 23:10:43,994 [ERROR] LogOutputStream:75 - [STDERR_REDIRECT] [Fatal Error] :1:1: Premature end of file.
2026-04-12 23:10:43,995 [ERROR] LogOutputStream:75 - [STDERR_REDIRECT] 
2026-04-12 23:10:44,989 [ERROR] LogOutputStream:75 - [STDERR_REDIRECT] [Fatal Error] :1:1: Premature end of file.
2026-04-12 23:10:44,989 [ERROR] LogOutputStream:75 - [STDERR_REDIRECT] 
2026-04-12 23:10:45,995 [ERROR] LogOutputStream:75 - [STDERR_REDIRECT] [Fatal Error] :1:1: Premature end of file.
2026-04-12 23:10:45,995 [ERROR] LogOutputStream:75 - [STDERR_REDIRECT] 
2026-04-12 23:10:46,989 [ERROR] LogOutputStream:75 - [STDERR_REDIRECT] [Fatal Error] :1:1: Premature end of file.
2026-04-12 23:10:46,990 [ERROR] LogOutputStream:75 - [STDERR_REDIRECT] 
2026-04-12 23:10:47,996 [ERROR] LogOutputStream:75 - [STDERR_REDIRECT] [Fatal Error] :1:1: Premature end of file.
2026-04-12 23:10:47,996 [ERROR] LogOutputStream:75 - [STDERR_REDIRECT] 
2026-04-12 23:10:49,001 [ERROR] LogOutputStream:75 - [STDERR_REDIRECT] [Fatal Error] :1:1: Premature end of file.
2026-04-12 23:10:49,001 [ERROR] LogOutputStream:75 - [STDERR_REDIRECT] 
2026-04-12 23:10:50,003 [ERROR] LogOutputStream:75 - [STDERR_REDIRECT] [Fatal Error] :1:1: Premature end of file.
2026-04-12 23:10:50,003 [ERROR] LogOutputStream:75 - [STDERR_REDIRECT] 
2026-04-12 23:10:50,991 [ERROR] LogOutputStream:75 - [STDERR_REDIRECT] [Fatal Error] :1:1: Premature end of file.
2026-04-12 23:10:50,991 [ERROR] LogOutputStream:75 - [STDERR_REDIRECT] 
2026-04-12 23:10:51,998 [ERROR] LogOutputStream:75 - [STDERR_REDIRECT] [Fatal Error] :1:1: Premature end of file.
2026-04-12 23:10:51,998 [ERROR] LogOutputStream:75 - [STDERR_REDIRECT] 
2026-04-12 23:10:53,004 [ERROR] LogOutputStream:75 - [STDERR_REDIRECT] [Fatal Error] :1:1: Premature end of file.
2026-04-12 23:10:53,004 [ERROR] LogOutputStream:75 - [STDERR_REDIRECT] 
2026-04-12 23:10:53,999 [ERROR] LogOutputStream:75 - [STDERR_REDIRECT] [Fatal Error] :1:1: Premature end of file.
2026-04-12 23:10:53,999 [ERROR] LogOutputStream:75 - [STDERR_REDIRECT] 
2026-04-12 23:10:54,992 [ERROR] LogOutputStream:75 - [STDERR_REDIRECT] [Fatal Error] :1:1: Premature end of file.
2026-04-12 23:10:54,992 [ERROR] LogOutputStream:75 - [STDERR_REDIRECT] 
2026-04-12 23:10:55,988 [ERROR] LogOutputStream:75 - [STDERR_REDIRECT] [Fatal Error] :1:1: Premature end of file.
2026-04-12 23:10:55,988 [ERROR] LogOutputStream:75 - [STDERR_REDIRECT] 
2026-04-12 23:10:57,003 [ERROR] LogOutputStream:75 - [STDERR_REDIRECT] [Fatal Error] :1:1: Premature end of file.
2026-04-12 23:10:57,003 [ERROR] LogOutputStream:75 - [STDERR_REDIRECT] 
2026-04-12 23:10:57,991 [ERROR] LogOutputStream:75 - [STDERR_REDIRECT] [Fatal Error] :1:1: Premature end of file.
2026-04-12 23:10:57,992 [ERROR] LogOutputStream:75 - [STDERR_REDIRECT] 
2026-04-12 23:10:58,997 [ERROR] LogOutputStream:75 - [STDERR_REDIRECT] [Fatal Error] :1:1: Premature end of file.
2026-04-12 23:10:58,998 [ERROR] LogOutputStream:75 - [STDERR_REDIRECT] 
2026-04-12 23:10:59,990 [ERROR] LogOutputStream:75 - [STDERR_REDIRECT] [Fatal Error] :1:1: Premature end of file.
2026-04-12 23:10:59,990 [ERROR] LogOutputStream:75 - [STDERR_REDIRECT] 
2026-04-12 23:11:01,004 [ERROR] LogOutputStream:75 - [STDERR_REDIRECT] [Fatal Error] :1:1: Premature end of file.
2026-04-12 23:11:01,004 [ERROR] LogOutputStream:75 - [STDERR_REDIRECT] 
2026-04-12 23:11:02,002 [ERROR] LogOutputStream:75 - [STDERR_REDIRECT] [Fatal Error] :1:1: Premature end of file.
2026-04-12 23:11:02,002 [ERROR] LogOutputStream:75 - [STDERR_REDIRECT] 
2026-04-12 23:11:02,992 [ERROR] LogOutputStream:75 - [STDERR_REDIRECT] [Fatal Error] :1:1: Premature end of file.
2026-04-12 23:11:02,993 [ERROR] LogOutputStream:75 - [STDERR_REDIRECT] 
2026-04-12 23:11:03,996 [ERROR] LogOutputStream:75 - [STDERR_REDIRECT] [Fatal Error] :1:1: Premature end of file.
2026-04-12 23:11:03,996 [ERROR] LogOutputStream:75 - [STDERR_REDIRECT] 
2026-04-12 23:11:04,996 [ERROR] LogOutputStream:75 - [STDERR_REDIRECT] [Fatal Error] :1:1: Premature end of file.
2026-04-12 23:11:04,996 [ERROR] LogOutputStream:75 - [STDERR_REDIRECT] 
2026-04-12 23:11:05,988 [ERROR] LogOutputStream:75 - [STDERR_REDIRECT] [Fatal Error] :1:1: Premature end of file.
2026-04-12 23:11:05,989 [ERROR] LogOutputStream:75 - [STDERR_REDIRECT] 
2026-04-12 23:11:06,989 [ERROR] LogOutputStream:75 - [STDERR_REDIRECT] [Fatal Error] :1:1: Premature end of file.
2026-04-12 23:11:06,990 [ERROR] LogOutputStream:75 - [STDERR_REDIRECT] 
2026-04-12 23:11:07,993 [ERROR] LogOutputStream:75 - [STDERR_REDIRECT] [Fatal Error] :1:1: Premature end of file.
2026-04-12 23:11:07,993 [ERROR] LogOutputStream:75 - [STDERR_REDIRECT] 
2026-04-12 23:11:08,999 [ERROR] LogOutputStream:75 - [STDERR_REDIRECT] [Fatal Error] :1:1: Premature end of file.
2026-04-12 23:11:08,999 [ERROR] LogOutputStream:75 - [STDERR_REDIRECT] 
2026-04-12 23:11:10,001 [ERROR] LogOutputStream:75 - [STDERR_REDIRECT] [Fatal Error] :1:1: Premature end of file.
2026-04-12 23:11:10,001 [ERROR] LogOutputStream:75 - [STDERR_REDIRECT] 
2026-04-12 23:11:10,992 [ERROR] LogOutputStream:75 - [STDERR_REDIRECT] [Fatal Error] :1:1: Premature end of file.
2026-04-12 23:11:10,993 [ERROR] LogOutputStream:75 - [STDERR_REDIRECT] 
2026-04-12 23:11:11,998 [ERROR] LogOutputStream:75 - [STDERR_REDIRECT] [Fatal Error] :1:1: Premature end of file.
2026-04-12 23:11:11,998 [ERROR] LogOutputStream:75 - [STDERR_REDIRECT] 
2026-04-12 23:11:12,990 [ERROR] LogOutputStream:75 - [STDERR_REDIRECT] [Fatal Error] :1:1: Premature end of file.
2026-04-12 23:11:12,991 [ERROR] LogOutputStream:75 - [STDERR_REDIRECT] 
2026-04-12 23:11:13,997 [ERROR] LogOutputStream:75 - [STDERR_REDIRECT] [Fatal Error] :1:1: Premature end of file.
2026-04-12 23:11:13,998 [ERROR] LogOutputStream:75 - [STDERR_REDIRECT] 
2026-04-12 23:11:14,998 [ERROR] LogOutputStream:75 - [STDERR_REDIRECT] [Fatal Error] :1:1: Premature end of file.
2026-04-12 23:11:14,998 [ERROR] LogOutputStream:75 - [STDERR_REDIRECT] 
2026-04-12 23:11:16,002 [ERROR] LogOutputStream:75 - [STDERR_REDIRECT] [Fatal Error] :1:1: Premature end of file.
2026-04-12 23:11:16,003 [ERROR] LogOutputStream:75 - [STDERR_REDIRECT] 
2026-04-12 23:11:16,990 [ERROR] LogOutputStream:75 - [STDERR_REDIRECT] [Fatal Error] :1:1: Premature end of file.
2026-04-12 23:11:16,991 [ERROR] LogOutputStream:75 - [STDERR_REDIRECT] 
2026-04-12 23:11:17,996 [ERROR] LogOutputStream:75 - [STDERR_REDIRECT] [Fatal Error] :1:1: Premature end of file.
2026-04-12 23:11:17,996 [ERROR] LogOutputStream:75 - [STDERR_REDIRECT] 
2026-04-12 23:11:18,991 [ERROR] LogOutputStream:75 - [STDERR_REDIRECT] [Fatal Error] :1:1: Premature end of file.
2026-04-12 23:11:18,991 [ERROR] LogOutputStream:75 - [STDERR_REDIRECT] 
2026-04-12 23:11:19,996 [ERROR] LogOutputStream:75 - [STDERR_REDIRECT] [Fatal Error] :1:1: Premature end of file.
2026-04-12 23:11:19,996 [ERROR] LogOutputStream:75 - [STDERR_REDIRECT] 
2026-04-12 23:11:21,003 [ERROR] LogOutputStream:75 - [STDERR_REDIRECT] [Fatal Error] :1:1: Premature end of file.
2026-04-12 23:11:21,003 [ERROR] LogOutputStream:75 - [STDERR_REDIRECT] 
2026-04-12 23:11:21,988 [ERROR] LogOutputStream:75 - [STDERR_REDIRECT] [Fatal Error] :1:1: Premature end of file.
2026-04-12 23:11:21,988 [ERROR] LogOutputStream:75 - [STDERR_REDIRECT] 
2026-04-12 23:11:22,999 [ERROR] LogOutputStream:75 - [STDERR_REDIRECT] [Fatal Error] :1:1: Premature end of file.
2026-04-12 23:11:22,999 [ERROR] LogOutputStream:75 - [STDERR_REDIRECT] 
2026-04-12 23:11:24,002 [ERROR] LogOutputStream:75 - [STDERR_REDIRECT] [Fatal Error] :1:1: Premature end of file.
2026-04-12 23:11:24,002 [ERROR] LogOutputStream:75 - [STDERR_REDIRECT] 
2026-04-12 23:11:24,994 [ERROR] LogOutputStream:75 - [STDERR_REDIRECT] [Fatal Error] :1:1: Premature end of file.
2026-04-12 23:11:24,994 [ERROR] LogOutputStream:75 - [STDERR_REDIRECT] 
2026-04-12 23:11:26,010 [ERROR] LogOutputStream:75 - [STDERR_REDIRECT] [Fatal Error] :1:1: Premature end of file.
2026-04-12 23:11:26,011 [ERROR] LogOutputStream:75 - [STDERR_REDIRECT] 
2026-04-12 23:11:27,004 [ERROR] LogOutputStream:75 - [STDERR_REDIRECT] [Fatal Error] :1:1: Premature end of file.
2026-04-12 23:11:27,005 [ERROR] LogOutputStream:75 - [STDERR_REDIRECT] 
2026-04-12 23:11:28,004 [ERROR] LogOutputStream:75 - [STDERR_REDIRECT] [Fatal Error] :1:1: Premature end of file.
2026-04-12 23:11:28,006 [ERROR] LogOutputStream:75 - [STDERR_REDIRECT] 
2026-04-12 23:11:28,995 [ERROR] LogOutputStream:75 - [STDERR_REDIRECT] [Fatal Error] :1:1: Premature end of file.
2026-04-12 23:11:28,995 [ERROR] LogOutputStream:75 - [STDERR_REDIRECT] 
2026-04-12 23:11:30,005 [ERROR] LogOutputStream:75 - [STDERR_REDIRECT] [Fatal Error] :1:1: Premature end of file.
2026-04-12 23:11:30,005 [ERROR] LogOutputStream:75 - [STDERR_REDIRECT] 
2026-04-12 23:11:31,006 [ERROR] LogOutputStream:75 - [STDERR_REDIRECT] [Fatal Error] :1:1: Premature end of file.
2026-04-12 23:11:31,006 [ERROR] LogOutputStream:75 - [STDERR_REDIRECT] 
2026-04-12 23:11:31,994 [ERROR] LogOutputStream:75 - [STDERR_REDIRECT] [Fatal Error] :1:1: Premature end of file.
2026-04-12 23:11:31,994 [ERROR] LogOutputStream:75 - [STDERR_REDIRECT] 
2026-04-12 23:11:32,998 [ERROR] LogOutputStream:75 - [STDERR_REDIRECT] [Fatal Error] :1:1: Premature end of file.
2026-04-12 23:11:32,998 [ERROR] LogOutputStream:75 - [STDERR_REDIRECT] 
2026-04-12 23:11:33,994 [ERROR] LogOutputStream:75 - [STDERR_REDIRECT] [Fatal Error] :1:1: Premature end of file.
2026-04-12 23:11:33,994 [ERROR] LogOutputStream:75 - [STDERR_REDIRECT] 
2026-04-12 23:11:35,001 [ERROR] LogOutputStream:75 - [STDERR_REDIRECT] [Fatal Error] :1:1: Premature end of file.
2026-04-12 23:11:35,002 [ERROR] LogOutputStream:75 - [STDERR_REDIRECT] 
2026-04-12 23:11:35,995 [ERROR] LogOutputStream:75 - [STDERR_REDIRECT] [Fatal Error] :1:1: Premature end of file.
2026-04-12 23:11:35,995 [ERROR] LogOutputStream:75 - [STDERR_REDIRECT] 
2026-04-12 23:11:36,995 [ERROR] LogOutputStream:75 - [STDERR_REDIRECT] [Fatal Error] :1:1: Premature end of file.
2026-04-12 23:11:36,995 [ERROR] LogOutputStream:75 - [STDERR_REDIRECT] 
2026-04-12 23:11:38,006 [ERROR] LogOutputStream:75 - [STDERR_REDIRECT] [Fatal Error] :1:1: Premature end of file.
2026-04-12 23:11:38,006 [ERROR] LogOutputStream:75 - [STDERR_REDIRECT] 
2026-04-12 23:11:39,006 [ERROR] LogOutputStream:75 - [STDERR_REDIRECT] [Fatal Error] :1:1: Premature end of file.
2026-04-12 23:11:39,006 [ERROR] LogOutputStream:75 - [STDERR_REDIRECT] 
2026-04-12 23:11:39,993 [ERROR] LogOutputStream:75 - [STDERR_REDIRECT] [Fatal Error] :1:1: Premature end of file.
2026-04-12 23:11:39,993 [ERROR] LogOutputStream:75 - [STDERR_REDIRECT] 
2026-04-12 23:11:41,005 [ERROR] LogOutputStream:75 - [STDERR_REDIRECT] [Fatal Error] :1:1: Premature end of file.
2026-04-12 23:11:41,006 [ERROR] LogOutputStream:75 - [STDERR_REDIRECT] 
2026-04-12 23:11:42,006 [ERROR] LogOutputStream:75 - [STDERR_REDIRECT] [Fatal Error] :1:1: Premature end of file.
2026-04-12 23:11:42,006 [ERROR] LogOutputStream:75 - [STDERR_REDIRECT] 
2026-04-12 23:11:42,999 [ERROR] LogOutputStream:75 - [STDERR_REDIRECT] [Fatal Error] :1:1: Premature end of file.
2026-04-12 23:11:42,999 [ERROR] LogOutputStream:75 - [STDERR_REDIRECT] 
2026-04-12 23:11:44,037 [ERROR] LogOutputStream:75 - [STDERR_REDIRECT] [Fatal Error] :1:1: Premature end of file.
2026-04-12 23:11:44,037 [ERROR] LogOutputStream:75 - [STDERR_REDIRECT] 
2026-04-12 23:11:44,999 [ERROR] LogOutputStream:75 - [STDERR_REDIRECT] [Fatal Error] :1:1: Premature end of file.
2026-04-12 23:11:45,000 [ERROR] LogOutputStream:75 - [STDERR_REDIRECT] 
2026-04-12 23:11:45,993 [ERROR] LogOutputStream:75 - [STDERR_REDIRECT] [Fatal Error] :1:1: Premature end of file.
2026-04-12 23:11:45,993 [ERROR] LogOutputStream:75 - [STDERR_REDIRECT] 
2026-04-12 23:11:46,999 [ERROR] LogOutputStream:75 - [STDERR_REDIRECT] [Fatal Error] :1:1: Premature end of file.
2026-04-12 23:11:46,999 [ERROR] LogOutputStream:75 - [STDERR_REDIRECT] 
2026-04-12 23:11:47,997 [ERROR] LogOutputStream:75 - [STDERR_REDIRECT] [Fatal Error] :1:1: Premature end of file.
2026-04-12 23:11:47,998 [ERROR] LogOutputStream:75 - [STDERR_REDIRECT] 
2026-04-12 23:11:49,003 [ERROR] LogOutputStream:75 - [STDERR_REDIRECT] [Fatal Error] :1:1: Premature end of file.
2026-04-12 23:11:49,003 [ERROR] LogOutputStream:75 - [STDERR_REDIRECT] 
2026-04-12 23:11:50,001 [ERROR] LogOutputStream:75 - [STDERR_REDIRECT] [Fatal Error] :1:1: Premature end of file.
2026-04-12 23:11:50,002 [ERROR] LogOutputStream:75 - [STDERR_REDIRECT] 
2026-04-12 23:11:51,114 [ERROR] LogOutputStream:75 - [STDERR_REDIRECT] [Fatal Error] :1:1: Premature end of file.
2026-04-12 23:11:51,115 [ERROR] LogOutputStream:75 - [STDERR_REDIRECT] 
2026-04-12 23:11:51,998 [ERROR] LogOutputStream:75 - [STDERR_REDIRECT] [Fatal Error] :1:1: Premature end of file.
2026-04-12 23:11:51,998 [ERROR] LogOutputStream:75 - [STDERR_REDIRECT] 
2026-04-12 23:11:53,048 [ERROR] LogOutputStream:75 - [STDERR_REDIRECT] [Fatal Error] :1:1: Premature end of file.
2026-04-12 23:11:53,049 [ERROR] LogOutputStream:75 - [STDERR_REDIRECT] 
2026-04-12 23:11:54,025 [ERROR] LogOutputStream:75 - [STDERR_REDIRECT] [Fatal Error] :1:1: Premature end of file.
2026-04-12 23:11:54,025 [ERROR] LogOutputStream:75 - [STDERR_REDIRECT] 
2026-04-12 23:11:55,001 [ERROR] LogOutputStream:75 - [STDERR_REDIRECT] [Fatal Error] :1:1: Premature end of file.
2026-04-12 23:11:55,001 [ERROR] LogOutputStream:75 - [STDERR_REDIRECT] 
2026-04-12 23:11:56,030 [ERROR] LogOutputStream:75 - [STDERR_REDIRECT] [Fatal Error] :1:1: Premature end of file.
2026-04-12 23:11:56,031 [ERROR] LogOutputStream:75 - [STDERR_REDIRECT] 
2026-04-12 23:11:57,003 [ERROR] LogOutputStream:75 - [STDERR_REDIRECT] [Fatal Error] :1:1: Premature end of file.
2026-04-12 23:11:57,004 [ERROR] LogOutputStream:75 - [STDERR_REDIRECT] 
2026-04-12 23:11:58,023 [ERROR] LogOutputStream:75 - [STDERR_REDIRECT] [Fatal Error] :1:1: Premature end of file.
2026-04-12 23:11:58,023 [ERROR] LogOutputStream:75 - [STDERR_REDIRECT] 
2026-04-12 23:11:59,007 [ERROR] LogOutputStream:75 - [STDERR_REDIRECT] [Fatal Error] :1:1: Premature end of file.
2026-04-12 23:11:59,007 [ERROR] LogOutputStream:75 - [STDERR_REDIRECT] 
2026-04-12 23:11:59,997 [ERROR] LogOutputStream:75 - [STDERR_REDIRECT] [Fatal Error] :1:1: Premature end of file.
2026-04-12 23:11:59,997 [ERROR] LogOutputStream:75 - [STDERR_REDIRECT] 
2026-04-12 23:12:01,013 [ERROR] LogOutputStream:75 - [STDERR_REDIRECT] [Fatal Error] :1:1: Premature end of file.
2026-04-12 23:12:01,014 [ERROR] LogOutputStream:75 - [STDERR_REDIRECT] 
2026-04-12 23:12:02,002 [ERROR] LogOutputStream:75 - [STDERR_REDIRECT] [Fatal Error] :1:1: Premature end of file.
2026-04-12 23:12:02,003 [ERROR] LogOutputStream:75 - [STDERR_REDIRECT] 
2026-04-12 23:12:02,990 [ERROR] LogOutputStream:75 - [STDERR_REDIRECT] [Fatal Error] :1:1: Premature end of file.
2026-04-12 23:12:02,990 [ERROR] LogOutputStream:75 - [STDERR_REDIRECT] 
2026-04-12 23:12:04,003 [ERROR] LogOutputStream:75 - [STDERR_REDIRECT] [Fatal Error] :1:1: Premature end of file.
2026-04-12 23:12:04,003 [ERROR] LogOutputStream:75 - [STDERR_REDIRECT] 
2026-04-12 23:12:05,012 [ERROR] LogOutputStream:75 - [STDERR_REDIRECT] [Fatal Error] :1:1: Premature end of file.
2026-04-12 23:12:05,012 [ERROR] LogOutputStream:75 - [STDERR_REDIRECT] 
2026-04-12 23:12:05,997 [ERROR] LogOutputStream:75 - [STDERR_REDIRECT] [Fatal Error] :1:1: Premature end of file.
2026-04-12 23:12:05,998 [ERROR] LogOutputStream:75 - [STDERR_REDIRECT] 
2026-04-12 23:12:06,997 [ERROR] LogOutputStream:75 - [STDERR_REDIRECT] [Fatal Error] :1:1: Premature end of file.
2026-04-12 23:12:06,997 [ERROR] LogOutputStream:75 - [STDERR_REDIRECT] 
2026-04-12 23:12:07,994 [ERROR] LogOutputStream:75 - [STDERR_REDIRECT] [Fatal Error] :1:1: Premature end of file.
2026-04-12 23:12:07,995 [ERROR] LogOutputStream:75 - [STDERR_REDIRECT] 
2026-04-12 23:12:08,997 [ERROR] LogOutputStream:75 - [STDERR_REDIRECT] [Fatal Error] :1:1: Premature end of file.
2026-04-12 23:12:08,997 [ERROR] LogOutputStream:75 - [STDERR_REDIRECT] 
2026-04-12 23:12:10,004 [ERROR] LogOutputStream:75 - [STDERR_REDIRECT] [Fatal Error] :1:1: Premature end of file.
2026-04-12 23:12:10,005 [ERROR] LogOutputStream:75 - [STDERR_REDIRECT] 
2026-04-12 23:12:11,026 [ERROR] LogOutputStream:75 - [STDERR_REDIRECT] [Fatal Error] :1:1: Premature end of file.
2026-04-12 23:12:11,027 [ERROR] LogOutputStream:75 - [STDERR_REDIRECT] 
2026-04-12 23:12:12,074 [ERROR] LogOutputStream:75 - [STDERR_REDIRECT] [Fatal Error] :1:1: Premature end of file.
2026-04-12 23:12:12,075 [ERROR] LogOutputStream:75 - [STDERR_REDIRECT] 
2026-04-12 23:12:13,006 [ERROR] LogOutputStream:75 - [STDERR_REDIRECT] [Fatal Error] :1:1: Premature end of file.
2026-04-12 23:12:13,006 [ERROR] LogOutputStream:75 - [STDERR_REDIRECT] 
2026-04-12 23:12:13,995 [ERROR] LogOutputStream:75 - [STDERR_REDIRECT] [Fatal Error] :1:1: Premature end of file.
2026-04-12 23:12:13,995 [ERROR] LogOutputStream:75 - [STDERR_REDIRECT] 
2026-04-12 23:12:15,005 [ERROR] LogOutputStream:75 - [STDERR_REDIRECT] [Fatal Error] :1:1: Premature end of file.
2026-04-12 23:12:15,005 [ERROR] LogOutputStream:75 - [STDERR_REDIRECT] 
2026-04-12 23:12:15,992 [ERROR] LogOutputStream:75 - [STDERR_REDIRECT] [Fatal Error] :1:1: Premature end of file.
2026-04-12 23:12:15,992 [ERROR] LogOutputStream:75 - [STDERR_REDIRECT] 
2026-04-12 23:12:17,000 [ERROR] LogOutputStream:75 - [STDERR_REDIRECT] [Fatal Error] :1:1: Premature end of file.
2026-04-12 23:12:17,000 [ERROR] LogOutputStream:75 - [STDERR_REDIRECT] 
2026-04-12 23:12:18,004 [ERROR] LogOutputStream:75 - [STDERR_REDIRECT] [Fatal Error] :1:1: Premature end of file.
2026-04-12 23:12:18,004 [ERROR] LogOutputStream:75 - [STDERR_REDIRECT] 
2026-04-12 23:12:18,990 [ERROR] LogOutputStream:75 - [STDERR_REDIRECT] [Fatal Error] :1:1: Premature end of file.
2026-04-12 23:12:18,990 [ERROR] LogOutputStream:75 - [STDERR_REDIRECT] 
2026-04-12 23:12:20,002 [ERROR] LogOutputStream:75 - [STDERR_REDIRECT] [Fatal Error] :1:1: Premature end of file.
2026-04-12 23:12:20,002 [ERROR] LogOutputStream:75 - [STDERR_REDIRECT] 
2026-04-12 23:12:20,996 [ERROR] LogOutputStream:75 - [STDERR_REDIRECT] [Fatal Error] :1:1: Premature end of file.
2026-04-12 23:12:20,996 [ERROR] LogOutputStream:75 - [STDERR_REDIRECT] 
2026-04-12 23:12:22,007 [ERROR] LogOutputStream:75 - [STDERR_REDIRECT] [Fatal Error] :1:1: Premature end of file.
2026-04-12 23:12:22,007 [ERROR] LogOutputStream:75 - [STDERR_REDIRECT] 
2026-04-12 23:12:22,992 [ERROR] LogOutputStream:75 - [STDERR_REDIRECT] [Fatal Error] :1:1: Premature end of file.
2026-04-12 23:12:22,992 [ERROR] LogOutputStream:75 - [STDERR_REDIRECT] 
2026-04-12 23:12:24,011 [ERROR] LogOutputStream:75 - [STDERR_REDIRECT] [Fatal Error] :1:1: Premature end of file.
2026-04-12 23:12:24,011 [ERROR] LogOutputStream:75 - [STDERR_REDIRECT] 
2026-04-12 23:12:25,008 [ERROR] LogOutputStream:75 - [STDERR_REDIRECT] [Fatal Error] :1:1: Premature end of file.
2026-04-12 23:12:25,009 [ERROR] LogOutputStream:75 - [STDERR_REDIRECT] 
2026-04-12 23:12:25,992 [ERROR] LogOutputStream:75 - [STDERR_REDIRECT] [Fatal Error] :1:1: Premature end of file.
2026-04-12 23:12:25,992 [ERROR] LogOutputStream:75 - [STDERR_REDIRECT] 
2026-04-12 23:12:26,999 [ERROR] LogOutputStream:75 - [STDERR_REDIRECT] [Fatal Error] :1:1: Premature end of file.
2026-04-12 23:12:26,999 [ERROR] LogOutputStream:75 - [STDERR_REDIRECT] 
2026-04-12 23:12:28,001 [ERROR] LogOutputStream:75 - [STDERR_REDIRECT] [Fatal Error] :1:1: Premature end of file.
2026-04-12 23:12:28,001 [ERROR] LogOutputStream:75 - [STDERR_REDIRECT] 
2026-04-12 23:12:29,014 [ERROR] LogOutputStream:75 - [STDERR_REDIRECT] [Fatal Error] :1:1: Premature end of file.
2026-04-12 23:12:29,014 [ERROR] LogOutputStream:75 - [STDERR_REDIRECT] 
2026-04-12 23:12:29,998 [ERROR] LogOutputStream:75 - [STDERR_REDIRECT] [Fatal Error] :1:1: Premature end of file.
2026-04-12 23:12:29,998 [ERROR] LogOutputStream:75 - [STDERR_REDIRECT] 
2026-04-12 23:12:31,000 [ERROR] LogOutputStream:75 - [STDERR_REDIRECT] [Fatal Error] :1:1: Premature end of file.
2026-04-12 23:12:31,002 [ERROR] LogOutputStream:75 - [STDERR_REDIRECT] 
2026-04-12 23:12:31,991 [ERROR] LogOutputStream:75 - [STDERR_REDIRECT] [Fatal Error] :1:1: Premature end of file.
2026-04-12 23:12:31,991 [ERROR] LogOutputStream:75 - [STDERR_REDIRECT] 
2026-04-12 23:12:32,995 [ERROR] LogOutputStream:75 - [STDERR_REDIRECT] [Fatal Error] :1:1: Premature end of file.
2026-04-12 23:12:32,996 [ERROR] LogOutputStream:75 - [STDERR_REDIRECT] 
2026-04-12 23:12:33,989 [ERROR] LogOutputStream:75 - [STDERR_REDIRECT] [Fatal Error] :1:1: Premature end of file.
2026-04-12 23:12:33,989 [ERROR] LogOutputStream:75 - [STDERR_REDIRECT] 
2026-04-12 23:12:34,993 [ERROR] LogOutputStream:75 - [STDERR_REDIRECT] [Fatal Error] :1:1: Premature end of file.
2026-04-12 23:12:34,994 [ERROR] LogOutputStream:75 - [STDERR_REDIRECT] 
2026-04-12 23:12:35,998 [ERROR] LogOutputStream:75 - [STDERR_REDIRECT] [Fatal Error] :1:1: Premature end of file.
2026-04-12 23:12:35,998 [ERROR] LogOutputStream:75 - [STDERR_REDIRECT] 
2026-04-12 23:12:36,999 [ERROR] LogOutputStream:75 - [STDERR_REDIRECT] [Fatal Error] :1:1: Premature end of file.
2026-04-12 23:12:36,999 [ERROR] LogOutputStream:75 - [STDERR_REDIRECT] 
2026-04-12 23:12:38,004 [ERROR] LogOutputStream:75 - [STDERR_REDIRECT] [Fatal Error] :1:1: Premature end of file.
2026-04-12 23:12:38,004 [ERROR] LogOutputStream:75 - [STDERR_REDIRECT] 
2026-04-12 23:12:38,995 [ERROR] LogOutputStream:75 - [STDERR_REDIRECT] [Fatal Error] :1:1: Premature end of file.
2026-04-12 23:12:38,995 [ERROR] LogOutputStream:75 - [STDERR_REDIRECT] 
2026-04-12 23:12:40,002 [ERROR] LogOutputStream:75 - [STDERR_REDIRECT] [Fatal Error] :1:1: Premature end of file.
2026-04-12 23:12:40,002 [ERROR] LogOutputStream:75 - [STDERR_REDIRECT] 
2026-04-12 23:12:41,005 [ERROR] LogOutputStream:75 - [STDERR_REDIRECT] [Fatal Error] :1:1: Premature end of file.
2026-04-12 23:12:41,005 [ERROR] LogOutputStream:75 - [STDERR_REDIRECT] 
2026-04-12 23:12:41,999 [ERROR] LogOutputStream:75 - [STDERR_REDIRECT] [Fatal Error] :1:1: Premature end of file.
2026-04-12 23:12:42,000 [ERROR] LogOutputStream:75 - [STDERR_REDIRECT] 
2026-04-12 23:12:42,992 [ERROR] LogOutputStream:75 - [STDERR_REDIRECT] [Fatal Error] :1:1: Premature end of file.
2026-04-12 23:12:42,992 [ERROR] LogOutputStream:75 - [STDERR_REDIRECT] 
2026-04-12 23:12:43,996 [ERROR] LogOutputStream:75 - [STDERR_REDIRECT] [Fatal Error] :1:1: Premature end of file.
2026-04-12 23:12:43,997 [ERROR] LogOutputStream:75 - [STDERR_REDIRECT] 
2026-04-12 23:12:45,009 [ERROR] LogOutputStream:75 - [STDERR_REDIRECT] [Fatal Error] :1:1: Premature end of file.
2026-04-12 23:12:45,009 [ERROR] LogOutputStream:75 - [STDERR_REDIRECT] 
2026-04-12 23:12:45,999 [ERROR] LogOutputStream:75 - [STDERR_REDIRECT] [Fatal Error] :1:1: Premature end of file.
2026-04-12 23:12:46,000 [ERROR] LogOutputStream:75 - [STDERR_REDIRECT] 
2026-04-12 23:12:47,001 [ERROR] LogOutputStream:75 - [STDERR_REDIRECT] [Fatal Error] :1:1: Premature end of file.
2026-04-12 23:12:47,002 [ERROR] LogOutputStream:75 - [STDERR_REDIRECT] 
2026-04-12 23:12:47,997 [ERROR] LogOutputStream:75 - [STDERR_REDIRECT] [Fatal Error] :1:1: Premature end of file.
2026-04-12 23:12:47,997 [ERROR] LogOutputStream:75 - [STDERR_REDIRECT] 
2026-04-12 23:12:48,988 [ERROR] LogOutputStream:75 - [STDERR_REDIRECT] [Fatal Error] :1:1: Premature end of file.
2026-04-12 23:12:48,988 [ERROR] LogOutputStream:75 - [STDERR_REDIRECT] 
2026-04-12 23:12:50,000 [ERROR] LogOutputStream:75 - [STDERR_REDIRECT] [Fatal Error] :1:1: Premature end of file.
2026-04-12 23:12:50,000 [ERROR] LogOutputStream:75 - [STDERR_REDIRECT] 
2026-04-12 23:12:51,038 [ERROR] LogOutputStream:75 - [STDERR_REDIRECT] [Fatal Error] :1:1: Premature end of file.
2026-04-12 23:12:51,038 [ERROR] LogOutputStream:75 - [STDERR_REDIRECT] 
2026-04-12 23:12:52,028 [ERROR] LogOutputStream:75 - [STDERR_REDIRECT] [Fatal Error] :1:1: Premature end of file.
2026-04-12 23:12:52,029 [ERROR] LogOutputStream:75 - [STDERR_REDIRECT] 
2026-04-12 23:12:53,019 [ERROR] LogOutputStream:75 - [STDERR_REDIRECT] [Fatal Error] :1:1: Premature end of file.
2026-04-12 23:12:53,020 [ERROR] LogOutputStream:75 - [STDERR_REDIRECT] 
2026-04-12 23:12:53,996 [ERROR] LogOutputStream:75 - [STDERR_REDIRECT] [Fatal Error] :1:1: Premature end of file.
2026-04-12 23:12:53,996 [ERROR] LogOutputStream:75 - [STDERR_REDIRECT] 
2026-04-12 23:12:55,004 [ERROR] LogOutputStream:75 - [STDERR_REDIRECT] [Fatal Error] :1:1: Premature end of file.
2026-04-12 23:12:55,005 [ERROR] LogOutputStream:75 - [STDERR_REDIRECT] 
2026-04-12 23:12:55,989 [ERROR] LogOutputStream:75 - [STDERR_REDIRECT] [Fatal Error] :1:1: Premature end of file.
2026-04-12 23:12:55,989 [ERROR] LogOutputStream:75 - [STDERR_REDIRECT] 
2026-04-12 23:12:57,008 [ERROR] LogOutputStream:75 - [STDERR_REDIRECT] [Fatal Error] :1:1: Premature end of file.
2026-04-12 23:12:57,008 [ERROR] LogOutputStream:75 - [STDERR_REDIRECT] 
2026-04-12 23:12:57,988 [ERROR] LogOutputStream:75 - [STDERR_REDIRECT] [Fatal Error] :1:1: Premature end of file.
2026-04-12 23:12:57,988 [ERROR] LogOutputStream:75 - [STDERR_REDIRECT] 
2026-04-12 23:12:58,995 [ERROR] LogOutputStream:75 - [STDERR_REDIRECT] [Fatal Error] :1:1: Premature end of file.
2026-04-12 23:12:58,995 [ERROR] LogOutputStream:75 - [STDERR_REDIRECT] 
2026-04-12 23:13:00,004 [ERROR] LogOutputStream:75 - [STDERR_REDIRECT] [Fatal Error] :1:1: Premature end of file.
2026-04-12 23:13:00,004 [ERROR] LogOutputStream:75 - [STDERR_REDIRECT] 
2026-04-12 23:13:01,000 [ERROR] LogOutputStream:75 - [STDERR_REDIRECT] [Fatal Error] :1:1: Premature end of file.
2026-04-12 23:13:01,000 [ERROR] LogOutputStream:75 - [STDERR_REDIRECT] 
2026-04-12 23:13:01,989 [ERROR] LogOutputStream:75 - [STDERR_REDIRECT] [Fatal Error] :1:1: Premature end of file.
2026-04-12 23:13:01,989 [ERROR] LogOutputStream:75 - [STDERR_REDIRECT] 
2026-04-12 23:13:02,993 [ERROR] LogOutputStream:75 - [STDERR_REDIRECT] [Fatal Error] :1:1: Premature end of file.
2026-04-12 23:13:02,993 [ERROR] LogOutputStream:75 - [STDERR_REDIRECT] 
2026-04-12 23:13:04,030 [ERROR] LogOutputStream:75 - [STDERR_REDIRECT] [Fatal Error] :1:1: Premature end of file.
2026-04-12 23:13:04,030 [ERROR] LogOutputStream:75 - [STDERR_REDIRECT] 
2026-04-12 23:13:04,990 [ERROR] LogOutputStream:75 - [STDERR_REDIRECT] [Fatal Error] :1:1: Premature end of file.
2026-04-12 23:13:04,990 [ERROR] LogOutputStream:75 - [STDERR_REDIRECT] 
2026-04-12 23:13:06,133 [ERROR] LogOutputStream:75 - [STDERR_REDIRECT] [Fatal Error] :1:1: Premature end of file.
2026-04-12 23:13:06,133 [ERROR] LogOutputStream:75 - [STDERR_REDIRECT] 
2026-04-12 23:13:07,112 [ERROR] LogOutputStream:75 - [STDERR_REDIRECT] [Fatal Error] :1:1: Premature end of file.
2026-04-12 23:13:07,127 [ERROR] LogOutputStream:75 - [STDERR_REDIRECT] 
2026-04-12 23:13:08,028 [ERROR] LogOutputStream:75 - [STDERR_REDIRECT] [Fatal Error] :1:1: Premature end of file.
2026-04-12 23:13:08,028 [ERROR] LogOutputStream:75 - [STDERR_REDIRECT] 
2026-04-12 23:13:08,993 [ERROR] LogOutputStream:75 - [STDERR_REDIRECT] [Fatal Error] :1:1: Premature end of file.
2026-04-12 23:13:08,993 [ERROR] LogOutputStream:75 - [STDERR_REDIRECT] 
2026-04-12 23:13:10,006 [ERROR] LogOutputStream:75 - [STDERR_REDIRECT] [Fatal Error] :1:1: Premature end of file.
2026-04-12 23:13:10,007 [ERROR] LogOutputStream:75 - [STDERR_REDIRECT] 
2026-04-12 23:13:11,005 [ERROR] LogOutputStream:75 - [STDERR_REDIRECT] [Fatal Error] :1:1: Premature end of file.
2026-04-12 23:13:11,005 [ERROR] LogOutputStream:75 - [STDERR_REDIRECT] 
2026-04-12 23:13:11,994 [ERROR] LogOutputStream:75 - [STDERR_REDIRECT] [Fatal Error] :1:1: Premature end of file.
2026-04-12 23:13:11,994 [ERROR] LogOutputStream:75 - [STDERR_REDIRECT] 
2026-04-12 23:13:13,168 [ERROR] LogOutputStream:75 - [STDERR_REDIRECT] [Fatal Error] :1:1: Premature end of file.
2026-04-12 23:13:13,169 [ERROR] LogOutputStream:75 - [STDERR_REDIRECT] 
2026-04-12 23:13:14,010 [ERROR] LogOutputStream:75 - [STDERR_REDIRECT] [Fatal Error] :1:1: Premature end of file.
2026-04-12 23:13:14,011 [ERROR] LogOutputStream:75 - [STDERR_REDIRECT] 
2026-04-12 23:13:15,004 [ERROR] LogOutputStream:75 - [STDERR_REDIRECT] [Fatal Error] :1:1: Premature end of file.
2026-04-12 23:13:15,004 [ERROR] LogOutputStream:75 - [STDERR_REDIRECT] 
2026-04-12 23:13:15,997 [ERROR] LogOutputStream:75 - [STDERR_REDIRECT] [Fatal Error] :1:1: Premature end of file.
2026-04-12 23:13:15,997 [ERROR] LogOutputStream:75 - [STDERR_REDIRECT] 
2026-04-12 23:13:16,998 [ERROR] LogOutputStream:75 - [STDERR_REDIRECT] [Fatal Error] :1:1: Premature end of file.
2026-04-12 23:13:16,998 [ERROR] LogOutputStream:75 - [STDERR_REDIRECT] 
2026-04-12 23:13:18,001 [ERROR] LogOutputStream:75 - [STDERR_REDIRECT] [Fatal Error] :1:1: Premature end of file.
2026-04-12 23:13:18,001 [ERROR] LogOutputStream:75 - [STDERR_REDIRECT] 
2026-04-12 23:13:18,999 [ERROR] LogOutputStream:75 - [STDERR_REDIRECT] [Fatal Error] :1:1: Premature end of file.
2026-04-12 23:13:18,999 [ERROR] LogOutputStream:75 - [STDERR_REDIRECT] 
2026-04-12 23:13:19,990 [ERROR] LogOutputStream:75 - [STDERR_REDIRECT] [Fatal Error] :1:1: Premature end of file.
2026-04-12 23:13:19,990 [ERROR] LogOutputStream:75 - [STDERR_REDIRECT] 
2026-04-12 23:13:21,001 [ERROR] LogOutputStream:75 - [STDERR_REDIRECT] [Fatal Error] :1:1: Premature end of file.
2026-04-12 23:13:21,001 [ERROR] LogOutputStream:75 - [STDERR_REDIRECT] 
2026-04-12 23:13:21,993 [ERROR] LogOutputStream:75 - [STDERR_REDIRECT] [Fatal Error] :1:1: Premature end of file.
2026-04-12 23:13:21,993 [ERROR] LogOutputStream:75 - [STDERR_REDIRECT] 
2026-04-12 23:13:22,998 [ERROR] LogOutputStream:75 - [STDERR_REDIRECT] [Fatal Error] :1:1: Premature end of file.
2026-04-12 23:13:22,998 [ERROR] LogOutputStream:75 - [STDERR_REDIRECT] 
2026-04-12 23:13:23,989 [ERROR] LogOutputStream:75 - [STDERR_REDIRECT] [Fatal Error] :1:1: Premature end of file.
2026-04-12 23:13:23,990 [ERROR] LogOutputStream:75 - [STDERR_REDIRECT] 
2026-04-12 23:13:24,998 [ERROR] LogOutputStream:75 - [STDERR_REDIRECT] [Fatal Error] :1:1: Premature end of file.
2026-04-12 23:13:24,998 [ERROR] LogOutputStream:75 - [STDERR_REDIRECT] 
2026-04-12 23:13:25,997 [ERROR] LogOutputStream:75 - [STDERR_REDIRECT] [Fatal Error] :1:1: Premature end of file.
2026-04-12 23:13:25,997 [ERROR] LogOutputStream:75 - [STDERR_REDIRECT] 
2026-04-12 23:13:26,999 [ERROR] LogOutputStream:75 - [STDERR_REDIRECT] [Fatal Error] :1:1: Premature end of file.
2026-04-12 23:13:26,999 [ERROR] LogOutputStream:75 - [STDERR_REDIRECT] 
2026-04-12 23:13:27,992 [ERROR] LogOutputStream:75 - [STDERR_REDIRECT] [Fatal Error] :1:1: Premature end of file.
2026-04-12 23:13:27,992 [ERROR] LogOutputStream:75 - [STDERR_REDIRECT] 
2026-04-12 23:13:28,996 [ERROR] LogOutputStream:75 - [STDERR_REDIRECT] [Fatal Error] :1:1: Premature end of file.
2026-04-12 23:13:28,996 [ERROR] LogOutputStream:75 - [STDERR_REDIRECT] 
2026-04-12 23:13:30,121 [ERROR] LogOutputStream:75 - [STDERR_REDIRECT] [Fatal Error] :1:1: Premature end of file.
2026-04-12 23:13:30,121 [ERROR] LogOutputStream:75 - [STDERR_REDIRECT] 
2026-04-12 23:13:31,039 [ERROR] LogOutputStream:75 - [STDERR_REDIRECT] [Fatal Error] :1:1: Premature end of file.
2026-04-12 23:13:31,040 [ERROR] LogOutputStream:75 - [STDERR_REDIRECT] 
2026-04-12 23:13:32,114 [ERROR] LogOutputStream:75 - [STDERR_REDIRECT] [Fatal Error] :1:1: Premature end of file.
2026-04-12 23:13:32,118 [ERROR] LogOutputStream:75 - [STDERR_REDIRECT] 
2026-04-12 23:13:32,994 [ERROR] LogOutputStream:75 - [STDERR_REDIRECT] [Fatal Error] :1:1: Premature end of file.
2026-04-12 23:13:32,994 [ERROR] LogOutputStream:75 - [STDERR_REDIRECT] 
2026-04-12 23:13:34,001 [ERROR] LogOutputStream:75 - [STDERR_REDIRECT] [Fatal Error] :1:1: Premature end of file.
2026-04-12 23:13:34,001 [ERROR] LogOutputStream:75 - [STDERR_REDIRECT] 
2026-04-12 23:13:35,012 [ERROR] LogOutputStream:75 - [STDERR_REDIRECT] [Fatal Error] :1:1: Premature end of file.
2026-04-12 23:13:35,012 [ERROR] LogOutputStream:75 - [STDERR_REDIRECT] 
2026-04-12 23:13:35,995 [ERROR] LogOutputStream:75 - [STDERR_REDIRECT] [Fatal Error] :1:1: Premature end of file.
2026-04-12 23:13:35,995 [ERROR] LogOutputStream:75 - [STDERR_REDIRECT] 
2026-04-12 23:13:37,008 [ERROR] LogOutputStream:75 - [STDERR_REDIRECT] [Fatal Error] :1:1: Premature end of file.
2026-04-12 23:13:37,008 [ERROR] LogOutputStream:75 - [STDERR_REDIRECT] 
2026-04-12 23:13:38,002 [ERROR] LogOutputStream:75 - [STDERR_REDIRECT] [Fatal Error] :1:1: Premature end of file.
2026-04-12 23:13:38,002 [ERROR] LogOutputStream:75 - [STDERR_REDIRECT] 
2026-04-12 23:13:38,998 [ERROR] LogOutputStream:75 - [STDERR_REDIRECT] [Fatal Error] :1:1: Premature end of file.
2026-04-12 23:13:38,998 [ERROR] LogOutputStream:75 - [STDERR_REDIRECT] 
2026-04-12 23:13:39,990 [ERROR] LogOutputStream:75 - [STDERR_REDIRECT] [Fatal Error] :1:1: Premature end of file.
2026-04-12 23:13:39,990 [ERROR] LogOutputStream:75 - [STDERR_REDIRECT] 
2026-04-12 23:13:40,989 [ERROR] LogOutputStream:75 - [STDERR_REDIRECT] [Fatal Error] :1:1: Premature end of file.
2026-04-12 23:13:40,990 [ERROR] LogOutputStream:75 - [STDERR_REDIRECT] 
2026-04-12 23:13:41,995 [ERROR] LogOutputStream:75 - [STDERR_REDIRECT] [Fatal Error] :1:1: Premature end of file.
2026-04-12 23:13:41,995 [ERROR] LogOutputStream:75 - [STDERR_REDIRECT] 
2026-04-12 23:13:42,986 [ERROR] LogOutputStream:75 - [STDERR_REDIRECT] [Fatal Error] :1:1: Premature end of file.
2026-04-12 23:13:42,987 [ERROR] LogOutputStream:75 - [STDERR_REDIRECT] 
2026-04-12 23:13:43,994 [ERROR] LogOutputStream:75 - [STDERR_REDIRECT] [Fatal Error] :1:1: Premature end of file.
2026-04-12 23:13:43,994 [ERROR] LogOutputStream:75 - [STDERR_REDIRECT] 
2026-04-12 23:13:45,006 [ERROR] LogOutputStream:75 - [STDERR_REDIRECT] [Fatal Error] :1:1: Premature end of file.
2026-04-12 23:13:45,006 [ERROR] LogOutputStream:75 - [STDERR_REDIRECT] 
2026-04-12 23:13:46,002 [ERROR] LogOutputStream:75 - [STDERR_REDIRECT] [Fatal Error] :1:1: Premature end of file.
2026-04-12 23:13:46,003 [ERROR] LogOutputStream:75 - [STDERR_REDIRECT] 
2026-04-12 23:13:46,992 [ERROR] LogOutputStream:75 - [STDERR_REDIRECT] [Fatal Error] :1:1: Premature end of file.
2026-04-12 23:13:46,993 [ERROR] LogOutputStream:75 - [STDERR_REDIRECT] 
2026-04-12 23:13:47,987 [ERROR] LogOutputStream:75 - [STDERR_REDIRECT] [Fatal Error] :1:1: Premature end of file.
2026-04-12 23:13:47,987 [ERROR] LogOutputStream:75 - [STDERR_REDIRECT] 
2026-04-12 23:13:48,991 [ERROR] LogOutputStream:75 - [STDERR_REDIRECT] [Fatal Error] :1:1: Premature end of file.
2026-04-12 23:13:48,991 [ERROR] LogOutputStream:75 - [STDERR_REDIRECT] 
2026-04-12 23:13:50,002 [ERROR] LogOutputStream:75 - [STDERR_REDIRECT] [Fatal Error] :1:1: Premature end of file.
2026-04-12 23:13:50,003 [ERROR] LogOutputStream:75 - [STDERR_REDIRECT] 
2026-04-12 23:13:51,001 [ERROR] LogOutputStream:75 - [STDERR_REDIRECT] [Fatal Error] :1:1: Premature end of file.
2026-04-12 23:13:51,001 [ERROR] LogOutputStream:75 - [STDERR_REDIRECT] 
2026-04-12 23:13:52,002 [ERROR] LogOutputStream:75 - [STDERR_REDIRECT] [Fatal Error] :1:1: Premature end of file.
2026-04-12 23:13:52,003 [ERROR] LogOutputStream:75 - [STDERR_REDIRECT] 
2026-04-12 23:13:53,006 [ERROR] LogOutputStream:75 - [STDERR_REDIRECT] [Fatal Error] :1:1: Premature end of file.
2026-04-12 23:13:53,006 [ERROR] LogOutputStream:75 - [STDERR_REDIRECT] 
2026-04-12 23:13:54,002 [ERROR] LogOutputStream:75 - [STDERR_REDIRECT] [Fatal Error] :1:1: Premature end of file.
2026-04-12 23:13:54,002 [ERROR] LogOutputStream:75 - [STDERR_REDIRECT] 
2026-04-12 23:13:54,990 [ERROR] LogOutputStream:75 - [STDERR_REDIRECT] [Fatal Error] :1:1: Premature end of file.
2026-04-12 23:13:54,990 [ERROR] LogOutputStream:75 - [STDERR_REDIRECT] 
2026-04-12 23:13:56,001 [ERROR] LogOutputStream:75 - [STDERR_REDIRECT] [Fatal Error] :1:1: Premature end of file.
2026-04-12 23:13:56,001 [ERROR] LogOutputStream:75 - [STDERR_REDIRECT] 
2026-04-12 23:13:56,990 [ERROR] LogOutputStream:75 - [STDERR_REDIRECT] [Fatal Error] :1:1: Premature end of file.
2026-04-12 23:13:56,990 [ERROR] LogOutputStream:75 - [STDERR_REDIRECT] 
2026-04-12 23:13:57,996 [ERROR] LogOutputStream:75 - [STDERR_REDIRECT] [Fatal Error] :1:1: Premature end of file.
2026-04-12 23:13:57,996 [ERROR] LogOutputStream:75 - [STDERR_REDIRECT] 
2026-04-12 23:13:58,998 [ERROR] LogOutputStream:75 - [STDERR_REDIRECT] [Fatal Error] :1:1: Premature end of file.
2026-04-12 23:13:58,999 [ERROR] LogOutputStream:75 - [STDERR_REDIRECT] 
2026-04-12 23:13:59,987 [ERROR] LogOutputStream:75 - [STDERR_REDIRECT] [Fatal Error] :1:1: Premature end of file.
2026-04-12 23:13:59,987 [ERROR] LogOutputStream:75 - [STDERR_REDIRECT] 
2026-04-12 23:14:01,010 [ERROR] LogOutputStream:75 - [STDERR_REDIRECT] [Fatal Error] :1:1: Premature end of file.
2026-04-12 23:14:01,010 [ERROR] LogOutputStream:75 - [STDERR_REDIRECT] 
2026-04-12 23:14:01,992 [ERROR] LogOutputStream:75 - [STDERR_REDIRECT] [Fatal Error] :1:1: Premature end of file.
2026-04-12 23:14:01,992 [ERROR] LogOutputStream:75 - [STDERR_REDIRECT] 
2026-04-12 23:14:02,998 [ERROR] LogOutputStream:75 - [STDERR_REDIRECT] [Fatal Error] :1:1: Premature end of file.
2026-04-12 23:14:02,998 [ERROR] LogOutputStream:75 - [STDERR_REDIRECT] 
2026-04-12 23:14:03,994 [ERROR] LogOutputStream:75 - [STDERR_REDIRECT] [Fatal Error] :1:1: Premature end of file.
2026-04-12 23:14:03,994 [ERROR] LogOutputStream:75 - [STDERR_REDIRECT] 
2026-04-12 23:14:05,000 [ERROR] LogOutputStream:75 - [STDERR_REDIRECT] [Fatal Error] :1:1: Premature end of file.
2026-04-12 23:14:05,000 [ERROR] LogOutputStream:75 - [STDERR_REDIRECT] 
2026-04-12 23:14:05,992 [ERROR] LogOutputStream:75 - [STDERR_REDIRECT] [Fatal Error] :1:1: Premature end of file.
2026-04-12 23:14:05,992 [ERROR] LogOutputStream:75 - [STDERR_REDIRECT] 
2026-04-12 23:14:06,987 [ERROR] LogOutputStream:75 - [STDERR_REDIRECT] [Fatal Error] :1:1: Premature end of file.
2026-04-12 23:14:06,987 [ERROR] LogOutputStream:75 - [STDERR_REDIRECT] 
2026-04-12 23:14:07,999 [ERROR] LogOutputStream:75 - [STDERR_REDIRECT] [Fatal Error] :1:1: Premature end of file.
2026-04-12 23:14:07,999 [ERROR] LogOutputStream:75 - [STDERR_REDIRECT] 
2026-04-12 23:14:09,002 [ERROR] LogOutputStream:75 - [STDERR_REDIRECT] [Fatal Error] :1:1: Premature end of file.
2026-04-12 23:14:09,003 [ERROR] LogOutputStream:75 - [STDERR_REDIRECT] 
2026-04-12 23:14:10,014 [ERROR] LogOutputStream:75 - [STDERR_REDIRECT] [Fatal Error] :1:1: Premature end of file.
2026-04-12 23:14:10,015 [ERROR] LogOutputStream:75 - [STDERR_REDIRECT] 
2026-04-12 23:14:10,994 [ERROR] LogOutputStream:75 - [STDERR_REDIRECT] [Fatal Error] :1:1: Premature end of file.
2026-04-12 23:14:10,994 [ERROR] LogOutputStream:75 - [STDERR_REDIRECT] 
2026-04-12 23:14:11,999 [ERROR] LogOutputStream:75 - [STDERR_REDIRECT] [Fatal Error] :1:1: Premature end of file.
2026-04-12 23:14:11,999 [ERROR] LogOutputStream:75 - [STDERR_REDIRECT] 
2026-04-12 23:14:12,993 [ERROR] LogOutputStream:75 - [STDERR_REDIRECT] [Fatal Error] :1:1: Premature end of file.
2026-04-12 23:14:12,993 [ERROR] LogOutputStream:75 - [STDERR_REDIRECT] 
2026-04-12 23:14:13,986 [ERROR] LogOutputStream:75 - [STDERR_REDIRECT] [Fatal Error] :1:1: Premature end of file.
2026-04-12 23:14:13,986 [ERROR] LogOutputStream:75 - [STDERR_REDIRECT] 
2026-04-12 23:14:14,997 [ERROR] LogOutputStream:75 - [STDERR_REDIRECT] [Fatal Error] :1:1: Premature end of file.
2026-04-12 23:14:14,997 [ERROR] LogOutputStream:75 - [STDERR_REDIRECT] 
2026-04-12 23:14:16,001 [ERROR] LogOutputStream:75 - [STDERR_REDIRECT] [Fatal Error] :1:1: Premature end of file.
2026-04-12 23:14:16,001 [ERROR] LogOutputStream:75 - [STDERR_REDIRECT] 
2026-04-12 23:14:16,993 [ERROR] LogOutputStream:75 - [STDERR_REDIRECT] [Fatal Error] :1:1: Premature end of file.
2026-04-12 23:14:16,994 [ERROR] LogOutputStream:75 - [STDERR_REDIRECT] 
2026-04-12 23:14:17,992 [ERROR] LogOutputStream:75 - [STDERR_REDIRECT] [Fatal Error] :1:1: Premature end of file.
2026-04-12 23:14:17,992 [ERROR] LogOutputStream:75 - [STDERR_REDIRECT] 
2026-04-12 23:14:18,999 [ERROR] LogOutputStream:75 - [STDERR_REDIRECT] [Fatal Error] :1:1: Premature end of file.
2026-04-12 23:14:18,999 [ERROR] LogOutputStream:75 - [STDERR_REDIRECT] 
2026-04-12 23:14:19,991 [ERROR] LogOutputStream:75 - [STDERR_REDIRECT] [Fatal Error] :1:1: Premature end of file.
2026-04-12 23:14:19,991 [ERROR] LogOutputStream:75 - [STDERR_REDIRECT] 
2026-04-12 23:14:21,001 [ERROR] LogOutputStream:75 - [STDERR_REDIRECT] [Fatal Error] :1:1: Premature end of file.
2026-04-12 23:14:21,001 [ERROR] LogOutputStream:75 - [STDERR_REDIRECT] 
2026-04-12 23:14:21,997 [ERROR] LogOutputStream:75 - [STDERR_REDIRECT] [Fatal Error] :1:1: Premature end of file.
2026-04-12 23:14:21,997 [ERROR] LogOutputStream:75 - [STDERR_REDIRECT] 
2026-04-12 23:14:23,042 [ERROR] LogOutputStream:75 - [STDERR_REDIRECT] [Fatal Error] :1:1: Premature end of file.
2026-04-12 23:14:23,044 [ERROR] LogOutputStream:75 - [STDERR_REDIRECT] 
2026-04-12 23:14:24,057 [ERROR] LogOutputStream:75 - [STDERR_REDIRECT] [Fatal Error] :1:1: Premature end of file.
2026-04-12 23:14:24,058 [ERROR] LogOutputStream:75 - [STDERR_REDIRECT] 
2026-04-12 23:14:24,992 [ERROR] LogOutputStream:75 - [STDERR_REDIRECT] [Fatal Error] :1:1: Premature end of file.
2026-04-12 23:14:24,992 [ERROR] LogOutputStream:75 - [STDERR_REDIRECT] 
2026-04-12 23:14:25,998 [ERROR] LogOutputStream:75 - [STDERR_REDIRECT] [Fatal Error] :1:1: Premature end of file.
2026-04-12 23:14:25,998 [ERROR] LogOutputStream:75 - [STDERR_REDIRECT] 
2026-04-12 23:14:26,996 [ERROR] LogOutputStream:75 - [STDERR_REDIRECT] [Fatal Error] :1:1: Premature end of file.
2026-04-12 23:14:26,996 [ERROR] LogOutputStream:75 - [STDERR_REDIRECT] 
2026-04-12 23:14:28,021 [ERROR] LogOutputStream:75 - [STDERR_REDIRECT] [Fatal Error] :1:1: Premature end of file.
2026-04-12 23:14:28,022 [ERROR] LogOutputStream:75 - [STDERR_REDIRECT] 
2026-04-12 23:14:28,997 [ERROR] LogOutputStream:75 - [STDERR_REDIRECT] [Fatal Error] :1:1: Premature end of file.
2026-04-12 23:14:28,998 [ERROR] LogOutputStream:75 - [STDERR_REDIRECT] 
2026-04-12 23:14:30,001 [ERROR] LogOutputStream:75 - [STDERR_REDIRECT] [Fatal Error] :1:1: Premature end of file.
2026-04-12 23:14:30,001 [ERROR] LogOutputStream:75 - [STDERR_REDIRECT] 
2026-04-12 23:14:31,000 [ERROR] LogOutputStream:75 - [STDERR_REDIRECT] [Fatal Error] :1:1: Premature end of file.
2026-04-12 23:14:31,000 [ERROR] LogOutputStream:75 - [STDERR_REDIRECT] 
2026-04-12 23:14:31,998 [ERROR] LogOutputStream:75 - [STDERR_REDIRECT] [Fatal Error] :1:1: Premature end of file.
2026-04-12 23:14:31,998 [ERROR] LogOutputStream:75 - [STDERR_REDIRECT] 
2026-04-12 23:14:32,993 [ERROR] LogOutputStream:75 - [STDERR_REDIRECT] [Fatal Error] :1:1: Premature end of file.
2026-04-12 23:14:32,993 [ERROR] LogOutputStream:75 - [STDERR_REDIRECT] 
2026-04-12 23:14:34,000 [ERROR] LogOutputStream:75 - [STDERR_REDIRECT] [Fatal Error] :1:1: Premature end of file.
2026-04-12 23:14:34,000 [ERROR] LogOutputStream:75 - [STDERR_REDIRECT] 
2026-04-12 23:14:34,995 [ERROR] LogOutputStream:75 - [STDERR_REDIRECT] [Fatal Error] :1:1: Premature end of file.
2026-04-12 23:14:34,995 [ERROR] LogOutputStream:75 - [STDERR_REDIRECT] 
2026-04-12 23:14:35,999 [ERROR] LogOutputStream:75 - [STDERR_REDIRECT] [Fatal Error] :1:1: Premature end of file.
2026-04-12 23:14:35,999 [ERROR] LogOutputStream:75 - [STDERR_REDIRECT] 
2026-04-12 23:14:37,003 [ERROR] LogOutputStream:75 - [STDERR_REDIRECT] [Fatal Error] :1:1: Premature end of file.
2026-04-12 23:14:37,003 [ERROR] LogOutputStream:75 - [STDERR_REDIRECT] 
2026-04-12 23:14:38,005 [ERROR] LogOutputStream:75 - [STDERR_REDIRECT] [Fatal Error] :1:1: Premature end of file.
2026-04-12 23:14:38,006 [ERROR] LogOutputStream:75 - [STDERR_REDIRECT] 
2026-04-12 23:14:39,000 [ERROR] LogOutputStream:75 - [STDERR_REDIRECT] [Fatal Error] :1:1: Premature end of file.
2026-04-12 23:14:39,000 [ERROR] LogOutputStream:75 - [STDERR_REDIRECT] 
2026-04-12 23:14:39,997 [ERROR] LogOutputStream:75 - [STDERR_REDIRECT] [Fatal Error] :1:1: Premature end of file.
2026-04-12 23:14:39,997 [ERROR] LogOutputStream:75 - [STDERR_REDIRECT] 
2026-04-12 23:14:40,991 [ERROR] LogOutputStream:75 - [STDERR_REDIRECT] [Fatal Error] :1:1: Premature end of file.
2026-04-12 23:14:40,991 [ERROR] LogOutputStream:75 - [STDERR_REDIRECT] 
2026-04-12 23:14:41,998 [ERROR] LogOutputStream:75 - [STDERR_REDIRECT] [Fatal Error] :1:1: Premature end of file.
2026-04-12 23:14:41,998 [ERROR] LogOutputStream:75 - [STDERR_REDIRECT] 
2026-04-12 23:14:43,029 [ERROR] LogOutputStream:75 - [STDERR_REDIRECT] [Fatal Error] :1:1: Premature end of file.
2026-04-12 23:14:43,030 [ERROR] LogOutputStream:75 - [STDERR_REDIRECT] 
2026-04-12 23:14:43,996 [ERROR] LogOutputStream:75 - [STDERR_REDIRECT] [Fatal Error] :1:1: Premature end of file.
2026-04-12 23:14:43,996 [ERROR] LogOutputStream:75 - [STDERR_REDIRECT] 
2026-04-12 23:14:45,003 [ERROR] LogOutputStream:75 - [STDERR_REDIRECT] [Fatal Error] :1:1: Premature end of file.
2026-04-12 23:14:45,003 [ERROR] LogOutputStream:75 - [STDERR_REDIRECT] 
2026-04-12 23:14:45,992 [ERROR] LogOutputStream:75 - [STDERR_REDIRECT] [Fatal Error] :1:1: Premature end of file.
2026-04-12 23:14:45,992 [ERROR] LogOutputStream:75 - [STDERR_REDIRECT] 
2026-04-12 23:14:46,994 [ERROR] LogOutputStream:75 - [STDERR_REDIRECT] [Fatal Error] :1:1: Premature end of file.
2026-04-12 23:14:46,994 [ERROR] LogOutputStream:75 - [STDERR_REDIRECT] 
2026-04-12 23:14:47,997 [ERROR] LogOutputStream:75 - [STDERR_REDIRECT] [Fatal Error] :1:1: Premature end of file.
2026-04-12 23:14:47,997 [ERROR] LogOutputStream:75 - [STDERR_REDIRECT] 
2026-04-12 23:14:48,992 [ERROR] LogOutputStream:75 - [STDERR_REDIRECT] [Fatal Error] :1:1: Premature end of file.
2026-04-12 23:14:48,992 [ERROR] LogOutputStream:75 - [STDERR_REDIRECT] 
2026-04-12 23:14:49,992 [ERROR] LogOutputStream:75 - [STDERR_REDIRECT] [Fatal Error] :1:1: Premature end of file.
2026-04-12 23:14:49,992 [ERROR] LogOutputStream:75 - [STDERR_REDIRECT] 
2026-04-12 23:14:50,999 [ERROR] LogOutputStream:75 - [STDERR_REDIRECT] [Fatal Error] :1:1: Premature end of file.
2026-04-12 23:14:50,999 [ERROR] LogOutputStream:75 - [STDERR_REDIRECT] 
2026-04-12 23:14:51,998 [ERROR] LogOutputStream:75 - [STDERR_REDIRECT] [Fatal Error] :1:1: Premature end of file.
2026-04-12 23:14:51,999 [ERROR] LogOutputStream:75 - [STDERR_REDIRECT] 
2026-04-12 23:14:52,989 [ERROR] LogOutputStream:75 - [STDERR_REDIRECT] [Fatal Error] :1:1: Premature end of file.
2026-04-12 23:14:52,990 [ERROR] LogOutputStream:75 - [STDERR_REDIRECT] 
2026-04-12 23:14:54,041 [ERROR] LogOutputStream:75 - [STDERR_REDIRECT] [Fatal Error] :1:1: Premature end of file.
2026-04-12 23:14:54,041 [ERROR] LogOutputStream:75 - [STDERR_REDIRECT] 
2026-04-12 23:14:54,987 [ERROR] LogOutputStream:75 - [STDERR_REDIRECT] [Fatal Error] :1:1: Premature end of file.
2026-04-12 23:14:54,988 [ERROR] LogOutputStream:75 - [STDERR_REDIRECT] 
2026-04-12 23:14:55,998 [ERROR] LogOutputStream:75 - [STDERR_REDIRECT] [Fatal Error] :1:1: Premature end of file.
2026-04-12 23:14:55,998 [ERROR] LogOutputStream:75 - [STDERR_REDIRECT] 
2026-04-12 23:14:57,011 [ERROR] LogOutputStream:75 - [STDERR_REDIRECT] [Fatal Error] :1:1: Premature end of file.
2026-04-12 23:14:57,011 [ERROR] LogOutputStream:75 - [STDERR_REDIRECT] 
2026-04-12 23:14:58,013 [ERROR] LogOutputStream:75 - [STDERR_REDIRECT] [Fatal Error] :1:1: Premature end of file.
2026-04-12 23:14:58,013 [ERROR] LogOutputStream:75 - [STDERR_REDIRECT] 
2026-04-12 23:14:59,244 [ERROR] LogOutputStream:75 - [STDERR_REDIRECT] [Fatal Error] :1:1: Premature end of file.
2026-04-12 23:14:59,244 [ERROR] LogOutputStream:75 - [STDERR_REDIRECT] 
2026-04-12 23:15:00,000 [ERROR] LogOutputStream:75 - [STDERR_REDIRECT] [Fatal Error] :1:1: Premature end of file.
2026-04-12 23:15:00,001 [ERROR] LogOutputStream:75 - [STDERR_REDIRECT] 
2026-04-12 23:15:01,169 [ERROR] LogOutputStream:75 - [STDERR_REDIRECT] [Fatal Error] :1:1: Premature end of file.
2026-04-12 23:15:01,169 [ERROR] LogOutputStream:75 - [STDERR_REDIRECT] 
2026-04-12 23:15:02,000 [ERROR] LogOutputStream:75 - [STDERR_REDIRECT] [Fatal Error] :1:1: Premature end of file.
2026-04-12 23:15:02,000 [ERROR] LogOutputStream:75 - [STDERR_REDIRECT] 
2026-04-12 23:15:03,000 [ERROR] LogOutputStream:75 - [STDERR_REDIRECT] [Fatal Error] :1:1: Premature end of file.
2026-04-12 23:15:03,000 [ERROR] LogOutputStream:75 - [STDERR_REDIRECT] 
2026-04-12 23:15:04,012 [ERROR] LogOutputStream:75 - [STDERR_REDIRECT] [Fatal Error] :1:1: Premature end of file.
2026-04-12 23:15:04,012 [ERROR] LogOutputStream:75 - [STDERR_REDIRECT] 
2026-04-12 23:15:05,002 [ERROR] LogOutputStream:75 - [STDERR_REDIRECT] [Fatal Error] :1:1: Premature end of file.
2026-04-12 23:15:05,003 [ERROR] LogOutputStream:75 - [STDERR_REDIRECT] 
2026-04-12 23:15:06,007 [ERROR] LogOutputStream:75 - [STDERR_REDIRECT] [Fatal Error] :1:1: Premature end of file.
2026-04-12 23:15:06,007 [ERROR] LogOutputStream:75 - [STDERR_REDIRECT] 
2026-04-12 23:15:07,028 [ERROR] LogOutputStream:75 - [STDERR_REDIRECT] [Fatal Error] :1:1: Premature end of file.
2026-04-12 23:15:07,029 [ERROR] LogOutputStream:75 - [STDERR_REDIRECT] 
2026-04-12 23:15:08,019 [ERROR] LogOutputStream:75 - [STDERR_REDIRECT] [Fatal Error] :1:1: Premature end of file.
2026-04-12 23:15:08,020 [ERROR] LogOutputStream:75 - [STDERR_REDIRECT] 
2026-04-12 23:15:09,022 [ERROR] LogOutputStream:75 - [STDERR_REDIRECT] [Fatal Error] :1:1: Premature end of file.
2026-04-12 23:15:09,022 [ERROR] LogOutputStream:75 - [STDERR_REDIRECT] 
2026-04-12 23:15:10,012 [ERROR] LogOutputStream:75 - [STDERR_REDIRECT] [Fatal Error] :1:1: Premature end of file.
2026-04-12 23:15:10,013 [ERROR] LogOutputStream:75 - [STDERR_REDIRECT] 
2026-04-12 23:15:11,014 [ERROR] LogOutputStream:75 - [STDERR_REDIRECT] [Fatal Error] :1:1: Premature end of file.
2026-04-12 23:15:11,014 [ERROR] LogOutputStream:75 - [STDERR_REDIRECT] 
2026-04-12 23:15:12,005 [ERROR] LogOutputStream:75 - [STDERR_REDIRECT] [Fatal Error] :1:1: Premature end of file.
2026-04-12 23:15:12,005 [ERROR] LogOutputStream:75 - [STDERR_REDIRECT] 
2026-04-12 23:15:12,994 [ERROR] LogOutputStream:75 - [STDERR_REDIRECT] [Fatal Error] :1:1: Premature end of file.
2026-04-12 23:15:12,995 [ERROR] LogOutputStream:75 - [STDERR_REDIRECT] 
2026-04-12 23:15:14,010 [ERROR] LogOutputStream:75 - [STDERR_REDIRECT] [Fatal Error] :1:1: Premature end of file.
2026-04-12 23:15:14,011 [ERROR] LogOutputStream:75 - [STDERR_REDIRECT] 
2026-04-12 23:15:15,028 [ERROR] LogOutputStream:75 - [STDERR_REDIRECT] [Fatal Error] :1:1: Premature end of file.
2026-04-12 23:15:15,028 [ERROR] LogOutputStream:75 - [STDERR_REDIRECT] 
2026-04-12 23:15:16,027 [ERROR] LogOutputStream:75 - [STDERR_REDIRECT] [Fatal Error] :1:1: Premature end of file.
2026-04-12 23:15:16,028 [ERROR] LogOutputStream:75 - [STDERR_REDIRECT] 
2026-04-12 23:15:16,993 [ERROR] LogOutputStream:75 - [STDERR_REDIRECT] [Fatal Error] :1:1: Premature end of file.
2026-04-12 23:15:16,993 [ERROR] LogOutputStream:75 - [STDERR_REDIRECT] 
2026-04-12 23:15:18,002 [ERROR] LogOutputStream:75 - [STDERR_REDIRECT] [Fatal Error] :1:1: Premature end of file.
2026-04-12 23:15:18,002 [ERROR] LogOutputStream:75 - [STDERR_REDIRECT] 
2026-04-12 23:15:18,996 [ERROR] LogOutputStream:75 - [STDERR_REDIRECT] [Fatal Error] :1:1: Premature end of file.
2026-04-12 23:15:18,997 [ERROR] LogOutputStream:75 - [STDERR_REDIRECT] 
2026-04-12 23:15:20,001 [ERROR] LogOutputStream:75 - [STDERR_REDIRECT] [Fatal Error] :1:1: Premature end of file.
2026-04-12 23:15:20,002 [ERROR] LogOutputStream:75 - [STDERR_REDIRECT] 
2026-04-12 23:15:20,998 [ERROR] LogOutputStream:75 - [STDERR_REDIRECT] [Fatal Error] :1:1: Premature end of file.
2026-04-12 23:15:20,998 [ERROR] LogOutputStream:75 - [STDERR_REDIRECT] 
2026-04-12 23:15:22,003 [ERROR] LogOutputStream:75 - [STDERR_REDIRECT] [Fatal Error] :1:1: Premature end of file.
2026-04-12 23:15:22,003 [ERROR] LogOutputStream:75 - [STDERR_REDIRECT] 
2026-04-12 23:15:22,992 [ERROR] LogOutputStream:75 - [STDERR_REDIRECT] [Fatal Error] :1:1: Premature end of file.
2026-04-12 23:15:22,992 [ERROR] LogOutputStream:75 - [STDERR_REDIRECT] 
2026-04-12 23:15:23,997 [ERROR] LogOutputStream:75 - [STDERR_REDIRECT] [Fatal Error] :1:1: Premature end of file.
2026-04-12 23:15:23,997 [ERROR] LogOutputStream:75 - [STDERR_REDIRECT] 
2026-04-12 23:15:24,989 [ERROR] LogOutputStream:75 - [STDERR_REDIRECT] [Fatal Error] :1:1: Premature end of file.
2026-04-12 23:15:24,990 [ERROR] LogOutputStream:75 - [STDERR_REDIRECT] 
2026-04-12 23:15:26,006 [ERROR] LogOutputStream:75 - [STDERR_REDIRECT] [Fatal Error] :1:1: Premature end of file.
2026-04-12 23:15:26,006 [ERROR] LogOutputStream:75 - [STDERR_REDIRECT] 
2026-04-12 23:15:27,007 [ERROR] LogOutputStream:75 - [STDERR_REDIRECT] [Fatal Error] :1:1: Premature end of file.
2026-04-12 23:15:27,007 [ERROR] LogOutputStream:75 - [STDERR_REDIRECT] 
2026-04-12 23:15:27,988 [ERROR] LogOutputStream:75 - [STDERR_REDIRECT] [Fatal Error] :1:1: Premature end of file.
2026-04-12 23:15:27,988 [ERROR] LogOutputStream:75 - [STDERR_REDIRECT] 
2026-04-12 23:15:29,003 [ERROR] LogOutputStream:75 - [STDERR_REDIRECT] [Fatal Error] :1:1: Premature end of file.
2026-04-12 23:15:29,003 [ERROR] LogOutputStream:75 - [STDERR_REDIRECT] 
2026-04-12 23:15:29,992 [ERROR] LogOutputStream:75 - [STDERR_REDIRECT] [Fatal Error] :1:1: Premature end of file.
2026-04-12 23:15:29,992 [ERROR] LogOutputStream:75 - [STDERR_REDIRECT] 
2026-04-12 23:15:31,007 [ERROR] LogOutputStream:75 - [STDERR_REDIRECT] [Fatal Error] :1:1: Premature end of file.
2026-04-12 23:15:31,007 [ERROR] LogOutputStream:75 - [STDERR_REDIRECT] 
2026-04-12 23:15:31,991 [ERROR] LogOutputStream:75 - [STDERR_REDIRECT] [Fatal Error] :1:1: Premature end of file.
2026-04-12 23:15:31,991 [ERROR] LogOutputStream:75 - [STDERR_REDIRECT] 
2026-04-12 23:15:32,998 [ERROR] LogOutputStream:75 - [STDERR_REDIRECT] [Fatal Error] :1:1: Premature end of file.
2026-04-12 23:15:32,999 [ERROR] LogOutputStream:75 - [STDERR_REDIRECT] 
2026-04-12 23:15:34,022 [ERROR] LogOutputStream:75 - [STDERR_REDIRECT] [Fatal Error] :1:1: Premature end of file.
2026-04-12 23:15:34,023 [ERROR] LogOutputStream:75 - [STDERR_REDIRECT] 
2026-04-12 23:15:34,992 [ERROR] LogOutputStream:75 - [STDERR_REDIRECT] [Fatal Error] :1:1: Premature end of file.
2026-04-12 23:15:34,993 [ERROR] LogOutputStream:75 - [STDERR_REDIRECT] 
2026-04-12 23:15:35,998 [ERROR] LogOutputStream:75 - [STDERR_REDIRECT] [Fatal Error] :1:1: Premature end of file.
2026-04-12 23:15:35,999 [ERROR] LogOutputStream:75 - [STDERR_REDIRECT] 
2026-04-12 23:15:36,993 [ERROR] LogOutputStream:75 - [STDERR_REDIRECT] [Fatal Error] :1:1: Premature end of file.
2026-04-12 23:15:36,993 [ERROR] LogOutputStream:75 - [STDERR_REDIRECT] 
2026-04-12 23:15:38,012 [ERROR] LogOutputStream:75 - [STDERR_REDIRECT] [Fatal Error] :1:1: Premature end of file.
2026-04-12 23:15:38,012 [ERROR] LogOutputStream:75 - [STDERR_REDIRECT] 
2026-04-12 23:15:38,994 [ERROR] LogOutputStream:75 - [STDERR_REDIRECT] [Fatal Error] :1:1: Premature end of file.
2026-04-12 23:15:38,994 [ERROR] LogOutputStream:75 - [STDERR_REDIRECT] 
2026-04-12 23:15:40,008 [ERROR] LogOutputStream:75 - [STDERR_REDIRECT] [Fatal Error] :1:1: Premature end of file.
2026-04-12 23:15:40,009 [ERROR] LogOutputStream:75 - [STDERR_REDIRECT] 
2026-04-12 23:15:41,006 [ERROR] LogOutputStream:75 - [STDERR_REDIRECT] [Fatal Error] :1:1: Premature end of file.
2026-04-12 23:15:41,006 [ERROR] LogOutputStream:75 - [STDERR_REDIRECT] 
2026-04-12 23:15:41,992 [ERROR] LogOutputStream:75 - [STDERR_REDIRECT] [Fatal Error] :1:1: Premature end of file.
2026-04-12 23:15:41,993 [ERROR] LogOutputStream:75 - [STDERR_REDIRECT] 
2026-04-12 23:15:43,003 [ERROR] LogOutputStream:75 - [STDERR_REDIRECT] [Fatal Error] :1:1: Premature end of file.
2026-04-12 23:15:43,003 [ERROR] LogOutputStream:75 - [STDERR_REDIRECT] 
2026-04-12 23:15:44,003 [ERROR] LogOutputStream:75 - [STDERR_REDIRECT] [Fatal Error] :1:1: Premature end of file.
2026-04-12 23:15:44,003 [ERROR] LogOutputStream:75 - [STDERR_REDIRECT] 
2026-04-12 23:15:45,060 [ERROR] LogOutputStream:75 - [STDERR_REDIRECT] [Fatal Error] :1:1: Premature end of file.
2026-04-12 23:15:45,060 [ERROR] LogOutputStream:75 - [STDERR_REDIRECT] 
2026-04-12 23:15:46,373 [ERROR] LogOutputStream:75 - [STDERR_REDIRECT] [Fatal Error] :1:1: Premature end of file.
2026-04-12 23:15:46,373 [ERROR] LogOutputStream:75 - [STDERR_REDIRECT] 
2026-04-12 23:15:47,024 [ERROR] LogOutputStream:75 - [STDERR_REDIRECT] [Fatal Error] :1:1: Premature end of file.
2026-04-12 23:15:47,024 [ERROR] LogOutputStream:75 - [STDERR_REDIRECT] 
2026-04-12 23:15:48,009 [ERROR] LogOutputStream:75 - [STDERR_REDIRECT] [Fatal Error] :1:1: Premature end of file.
2026-04-12 23:15:48,009 [ERROR] LogOutputStream:75 - [STDERR_REDIRECT] 
2026-04-12 23:15:49,004 [ERROR] LogOutputStream:75 - [STDERR_REDIRECT] [Fatal Error] :1:1: Premature end of file.
2026-04-12 23:15:49,004 [ERROR] LogOutputStream:75 - [STDERR_REDIRECT] 
2026-04-12 23:15:50,039 [ERROR] LogOutputStream:75 - [STDERR_REDIRECT] [Fatal Error] :1:1: Premature end of file.
2026-04-12 23:15:50,039 [ERROR] LogOutputStream:75 - [STDERR_REDIRECT] 
2026-04-12 23:15:50,997 [ERROR] LogOutputStream:75 - [STDERR_REDIRECT] [Fatal Error] :1:1: Premature end of file.
2026-04-12 23:15:50,997 [ERROR] LogOutputStream:75 - [STDERR_REDIRECT] 
2026-04-12 23:15:52,007 [ERROR] LogOutputStream:75 - [STDERR_REDIRECT] [Fatal Error] :1:1: Premature end of file.
2026-04-12 23:15:52,007 [ERROR] LogOutputStream:75 - [STDERR_REDIRECT] 
2026-04-12 23:15:53,006 [ERROR] LogOutputStream:75 - [STDERR_REDIRECT] [Fatal Error] :1:1: Premature end of file.
2026-04-12 23:15:53,006 [ERROR] LogOutputStream:75 - [STDERR_REDIRECT] 
2026-04-12 23:15:54,004 [ERROR] LogOutputStream:75 - [STDERR_REDIRECT] [Fatal Error] :1:1: Premature end of file.
2026-04-12 23:15:54,005 [ERROR] LogOutputStream:75 - [STDERR_REDIRECT] 
2026-04-12 23:15:55,244 [ERROR] LogOutputStream:75 - [STDERR_REDIRECT] [Fatal Error] :1:1: Premature end of file.
2026-04-12 23:15:55,245 [ERROR] LogOutputStream:75 - [STDERR_REDIRECT] 
2026-04-12 23:15:55,999 [ERROR] LogOutputStream:75 - [STDERR_REDIRECT] [Fatal Error] :1:1: Premature end of file.
2026-04-12 23:15:55,999 [ERROR] LogOutputStream:75 - [STDERR_REDIRECT] 
2026-04-12 23:15:57,000 [ERROR] LogOutputStream:75 - [STDERR_REDIRECT] [Fatal Error] :1:1: Premature end of file.
2026-04-12 23:15:57,000 [ERROR] LogOutputStream:75 - [STDERR_REDIRECT] 
2026-04-12 23:15:58,000 [ERROR] LogOutputStream:75 - [STDERR_REDIRECT] [Fatal Error] :1:1: Premature end of file.
2026-04-12 23:15:58,000 [ERROR] LogOutputStream:75 - [STDERR_REDIRECT] 
2026-04-12 23:15:58,997 [ERROR] LogOutputStream:75 - [STDERR_REDIRECT] [Fatal Error] :1:1: Premature end of file.
2026-04-12 23:15:58,998 [ERROR] LogOutputStream:75 - [STDERR_REDIRECT] 
2026-04-12 23:15:59,994 [ERROR] LogOutputStream:75 - [STDERR_REDIRECT] [Fatal Error] :1:1: Premature end of file.
2026-04-12 23:15:59,994 [ERROR] LogOutputStream:75 - [STDERR_REDIRECT] 
2026-04-12 23:16:01,028 [ERROR] LogOutputStream:75 - [STDERR_REDIRECT] [Fatal Error] :1:1: Premature end of file.
2026-04-12 23:16:01,029 [ERROR] LogOutputStream:75 - [STDERR_REDIRECT] 
2026-04-12 23:16:02,105 [ERROR] LogOutputStream:75 - [STDERR_REDIRECT] [Fatal Error] :1:1: Premature end of file.
2026-04-12 23:16:02,105 [ERROR] LogOutputStream:75 - [STDERR_REDIRECT] 
2026-04-12 23:16:02,993 [ERROR] LogOutputStream:75 - [STDERR_REDIRECT] [Fatal Error] :1:1: Premature end of file.
2026-04-12 23:16:02,994 [ERROR] LogOutputStream:75 - [STDERR_REDIRECT] 
2026-04-12 23:16:03,999 [ERROR] LogOutputStream:75 - [STDERR_REDIRECT] [Fatal Error] :1:1: Premature end of file.
2026-04-12 23:16:04,000 [ERROR] LogOutputStream:75 - [STDERR_REDIRECT] 
2026-04-12 23:16:04,990 [ERROR] LogOutputStream:75 - [STDERR_REDIRECT] [Fatal Error] :1:1: Premature end of file.
2026-04-12 23:16:04,990 [ERROR] LogOutputStream:75 - [STDERR_REDIRECT] 
2026-04-12 23:16:06,000 [ERROR] LogOutputStream:75 - [STDERR_REDIRECT] [Fatal Error] :1:1: Premature end of file.
2026-04-12 23:16:06,000 [ERROR] LogOutputStream:75 - [STDERR_REDIRECT] 
2026-04-12 23:16:06,991 [ERROR] LogOutputStream:75 - [STDERR_REDIRECT] [Fatal Error] :1:1: Premature end of file.
2026-04-12 23:16:06,991 [ERROR] LogOutputStream:75 - [STDERR_REDIRECT] 
2026-04-12 23:16:07,998 [ERROR] LogOutputStream:75 - [STDERR_REDIRECT] [Fatal Error] :1:1: Premature end of file.
2026-04-12 23:16:07,998 [ERROR] LogOutputStream:75 - [STDERR_REDIRECT] 
2026-04-12 23:16:08,988 [ERROR] LogOutputStream:75 - [STDERR_REDIRECT] [Fatal Error] :1:1: Premature end of file.
2026-04-12 23:16:08,988 [ERROR] LogOutputStream:75 - [STDERR_REDIRECT] 
2026-04-12 23:16:09,992 [ERROR] LogOutputStream:75 - [STDERR_REDIRECT] [Fatal Error] :1:1: Premature end of file.
2026-04-12 23:16:09,992 [ERROR] LogOutputStream:75 - [STDERR_REDIRECT] 
2026-04-12 23:16:11,002 [ERROR] LogOutputStream:75 - [STDERR_REDIRECT] [Fatal Error] :1:1: Premature end of file.
2026-04-12 23:16:11,002 [ERROR] LogOutputStream:75 - [STDERR_REDIRECT] 
2026-04-12 23:16:11,995 [ERROR] LogOutputStream:75 - [STDERR_REDIRECT] [Fatal Error] :1:1: Premature end of file.
2026-04-12 23:16:11,995 [ERROR] LogOutputStream:75 - [STDERR_REDIRECT] 
2026-04-12 23:16:12,987 [ERROR] LogOutputStream:75 - [STDERR_REDIRECT] [Fatal Error] :1:1: Premature end of file.
2026-04-12 23:16:12,987 [ERROR] LogOutputStream:75 - [STDERR_REDIRECT] 
2026-04-12 23:16:13,997 [ERROR] LogOutputStream:75 - [STDERR_REDIRECT] [Fatal Error] :1:1: Premature end of file.
2026-04-12 23:16:13,997 [ERROR] LogOutputStream:75 - [STDERR_REDIRECT] 
2026-04-12 23:16:14,994 [ERROR] LogOutputStream:75 - [STDERR_REDIRECT] [Fatal Error] :1:1: Premature end of file.
2026-04-12 23:16:14,995 [ERROR] LogOutputStream:75 - [STDERR_REDIRECT] 
2026-04-12 23:16:15,988 [ERROR] LogOutputStream:75 - [STDERR_REDIRECT] [Fatal Error] :1:1: Premature end of file.
2026-04-12 23:16:15,989 [ERROR] LogOutputStream:75 - [STDERR_REDIRECT] 
2026-04-12 23:16:16,995 [ERROR] LogOutputStream:75 - [STDERR_REDIRECT] [Fatal Error] :1:1: Premature end of file.
2026-04-12 23:16:16,995 [ERROR] LogOutputStream:75 - [STDERR_REDIRECT] 
2026-04-12 23:16:17,988 [ERROR] LogOutputStream:75 - [STDERR_REDIRECT] [Fatal Error] :1:1: Premature end of file.
2026-04-12 23:16:17,988 [ERROR] LogOutputStream:75 - [STDERR_REDIRECT] 
2026-04-12 23:16:18,993 [ERROR] LogOutputStream:75 - [STDERR_REDIRECT] [Fatal Error] :1:1: Premature end of file.
2026-04-12 23:16:18,993 [ERROR] LogOutputStream:75 - [STDERR_REDIRECT] 
2026-04-12 23:16:19,993 [ERROR] LogOutputStream:75 - [STDERR_REDIRECT] [Fatal Error] :1:1: Premature end of file.
2026-04-12 23:16:19,993 [ERROR] LogOutputStream:75 - [STDERR_REDIRECT] 
2026-04-12 23:16:20,997 [ERROR] LogOutputStream:75 - [STDERR_REDIRECT] [Fatal Error] :1:1: Premature end of file.
2026-04-12 23:16:20,998 [ERROR] LogOutputStream:75 - [STDERR_REDIRECT] 
2026-04-12 23:16:21,994 [ERROR] LogOutputStream:75 - [STDERR_REDIRECT] [Fatal Error] :1:1: Premature end of file.
2026-04-12 23:16:21,994 [ERROR] LogOutputStream:75 - [STDERR_REDIRECT] 
2026-04-12 23:16:22,998 [ERROR] LogOutputStream:75 - [STDERR_REDIRECT] [Fatal Error] :1:1: Premature end of file.
2026-04-12 23:16:22,999 [ERROR] LogOutputStream:75 - [STDERR_REDIRECT] 
2026-04-12 23:16:24,011 [ERROR] LogOutputStream:75 - [STDERR_REDIRECT] [Fatal Error] :1:1: Premature end of file.
2026-04-12 23:16:24,011 [ERROR] LogOutputStream:75 - [STDERR_REDIRECT] 
2026-04-12 23:16:25,023 [ERROR] LogOutputStream:75 - [STDERR_REDIRECT] [Fatal Error] :1:1: Premature end of file.
2026-04-12 23:16:25,023 [ERROR] LogOutputStream:75 - [STDERR_REDIRECT] 
2026-04-12 23:16:26,014 [ERROR] LogOutputStream:75 - [STDERR_REDIRECT] [Fatal Error] :1:1: Premature end of file.
2026-04-12 23:16:26,014 [ERROR] LogOutputStream:75 - [STDERR_REDIRECT] 
2026-04-12 23:16:26,997 [ERROR] LogOutputStream:75 - [STDERR_REDIRECT] [Fatal Error] :1:1: Premature end of file.
2026-04-12 23:16:26,997 [ERROR] LogOutputStream:75 - [STDERR_REDIRECT] 
2026-04-12 23:16:28,006 [ERROR] LogOutputStream:75 - [STDERR_REDIRECT] [Fatal Error] :1:1: Premature end of file.
2026-04-12 23:16:28,006 [ERROR] LogOutputStream:75 - [STDERR_REDIRECT] 
2026-04-12 23:16:29,008 [ERROR] LogOutputStream:75 - [STDERR_REDIRECT] [Fatal Error] :1:1: Premature end of file.
2026-04-12 23:16:29,008 [ERROR] LogOutputStream:75 - [STDERR_REDIRECT] 
2026-04-12 23:16:29,998 [ERROR] LogOutputStream:75 - [STDERR_REDIRECT] [Fatal Error] :1:1: Premature end of file.
2026-04-12 23:16:29,998 [ERROR] LogOutputStream:75 - [STDERR_REDIRECT] 
2026-04-12 23:16:31,037 [ERROR] LogOutputStream:75 - [STDERR_REDIRECT] [Fatal Error] :1:1: Premature end of file.
2026-04-12 23:16:31,038 [ERROR] LogOutputStream:75 - [STDERR_REDIRECT] 
2026-04-12 23:16:32,031 [ERROR] LogOutputStream:75 - [STDERR_REDIRECT] [Fatal Error] :1:1: Premature end of file.
2026-04-12 23:16:32,031 [ERROR] LogOutputStream:75 - [STDERR_REDIRECT] 
2026-04-12 23:16:32,999 [ERROR] LogOutputStream:75 - [STDERR_REDIRECT] [Fatal Error] :1:1: Premature end of file.
2026-04-12 23:16:33,000 [ERROR] LogOutputStream:75 - [STDERR_REDIRECT] 
2026-04-12 23:16:33,999 [ERROR] LogOutputStream:75 - [STDERR_REDIRECT] [Fatal Error] :1:1: Premature end of file.
2026-04-12 23:16:33,999 [ERROR] LogOutputStream:75 - [STDERR_REDIRECT] 
2026-04-12 23:16:35,003 [ERROR] LogOutputStream:75 - [STDERR_REDIRECT] [Fatal Error] :1:1: Premature end of file.
2026-04-12 23:16:35,003 [ERROR] LogOutputStream:75 - [STDERR_REDIRECT] 
2026-04-12 23:16:36,033 [ERROR] LogOutputStream:75 - [STDERR_REDIRECT] [Fatal Error] :1:1: Premature end of file.
2026-04-12 23:16:36,033 [ERROR] LogOutputStream:75 - [STDERR_REDIRECT] 
2026-04-12 23:16:37,009 [ERROR] LogOutputStream:75 - [STDERR_REDIRECT] [Fatal Error] :1:1: Premature end of file.
2026-04-12 23:16:37,009 [ERROR] LogOutputStream:75 - [STDERR_REDIRECT] 
2026-04-12 23:16:37,996 [ERROR] LogOutputStream:75 - [STDERR_REDIRECT] [Fatal Error] :1:1: Premature end of file.
2026-04-12 23:16:37,996 [ERROR] LogOutputStream:75 - [STDERR_REDIRECT] 
2026-04-12 23:16:38,992 [ERROR] LogOutputStream:75 - [STDERR_REDIRECT] [Fatal Error] :1:1: Premature end of file.
2026-04-12 23:16:38,992 [ERROR] LogOutputStream:75 - [STDERR_REDIRECT] 
2026-04-12 23:16:39,992 [ERROR] LogOutputStream:75 - [STDERR_REDIRECT] [Fatal Error] :1:1: Premature end of file.
2026-04-12 23:16:39,992 [ERROR] LogOutputStream:75 - [STDERR_REDIRECT] 
2026-04-12 23:16:41,022 [ERROR] LogOutputStream:75 - [STDERR_REDIRECT] [Fatal Error] :1:1: Premature end of file.
2026-04-12 23:16:41,023 [ERROR] LogOutputStream:75 - [STDERR_REDIRECT] 
2026-04-12 23:16:42,028 [ERROR] LogOutputStream:75 - [STDERR_REDIRECT] [Fatal Error] :1:1: Premature end of file.
2026-04-12 23:16:42,028 [ERROR] LogOutputStream:75 - [STDERR_REDIRECT] 
2026-04-12 23:16:43,011 [ERROR] LogOutputStream:75 - [STDERR_REDIRECT] [Fatal Error] :1:1: Premature end of file.
2026-04-12 23:16:43,011 [ERROR] LogOutputStream:75 - [STDERR_REDIRECT] 
2026-04-12 23:16:43,992 [ERROR] LogOutputStream:75 - [STDERR_REDIRECT] [Fatal Error] :1:1: Premature end of file.
2026-04-12 23:16:43,992 [ERROR] LogOutputStream:75 - [STDERR_REDIRECT] 
2026-04-12 23:16:44,997 [ERROR] LogOutputStream:75 - [STDERR_REDIRECT] [Fatal Error] :1:1: Premature end of file.
2026-04-12 23:16:44,998 [ERROR] LogOutputStream:75 - [STDERR_REDIRECT] 
2026-04-12 23:16:46,003 [ERROR] LogOutputStream:75 - [STDERR_REDIRECT] [Fatal Error] :1:1: Premature end of file.
2026-04-12 23:16:46,003 [ERROR] LogOutputStream:75 - [STDERR_REDIRECT] 
2026-04-12 23:16:46,991 [ERROR] LogOutputStream:75 - [STDERR_REDIRECT] [Fatal Error] :1:1: Premature end of file.
2026-04-12 23:16:46,991 [ERROR] LogOutputStream:75 - [STDERR_REDIRECT] 
2026-04-12 23:16:48,001 [ERROR] LogOutputStream:75 - [STDERR_REDIRECT] [Fatal Error] :1:1: Premature end of file.
2026-04-12 23:16:48,001 [ERROR] LogOutputStream:75 - [STDERR_REDIRECT] 
2026-04-12 23:16:49,003 [ERROR] LogOutputStream:75 - [STDERR_REDIRECT] [Fatal Error] :1:1: Premature end of file.
2026-04-12 23:16:49,003 [ERROR] LogOutputStream:75 - [STDERR_REDIRECT] 
2026-04-12 23:16:50,003 [ERROR] LogOutputStream:75 - [STDERR_REDIRECT] [Fatal Error] :1:1: Premature end of file.
2026-04-12 23:16:50,003 [ERROR] LogOutputStream:75 - [STDERR_REDIRECT] 
2026-04-12 23:16:50,989 [ERROR] LogOutputStream:75 - [STDERR_REDIRECT] [Fatal Error] :1:1: Premature end of file.
2026-04-12 23:16:50,989 [ERROR] LogOutputStream:75 - [STDERR_REDIRECT] 
2026-04-12 23:16:52,000 [ERROR] LogOutputStream:75 - [STDERR_REDIRECT] [Fatal Error] :1:1: Premature end of file.
2026-04-12 23:16:52,001 [ERROR] LogOutputStream:75 - [STDERR_REDIRECT] 
2026-04-12 23:16:52,997 [ERROR] LogOutputStream:75 - [STDERR_REDIRECT] [Fatal Error] :1:1: Premature end of file.
2026-04-12 23:16:52,997 [ERROR] LogOutputStream:75 - [STDERR_REDIRECT] 
2026-04-12 23:16:53,998 [ERROR] LogOutputStream:75 - [STDERR_REDIRECT] [Fatal Error] :1:1: Premature end of file.
2026-04-12 23:16:53,998 [ERROR] LogOutputStream:75 - [STDERR_REDIRECT] 
2026-04-12 23:16:54,996 [ERROR] LogOutputStream:75 - [STDERR_REDIRECT] [Fatal Error] :1:1: Premature end of file.
2026-04-12 23:16:54,996 [ERROR] LogOutputStream:75 - [STDERR_REDIRECT] 
2026-04-12 23:16:56,007 [ERROR] LogOutputStream:75 - [STDERR_REDIRECT] [Fatal Error] :1:1: Premature end of file.
2026-04-12 23:16:56,007 [ERROR] LogOutputStream:75 - [STDERR_REDIRECT] 
2026-04-12 23:16:56,996 [ERROR] LogOutputStream:75 - [STDERR_REDIRECT] [Fatal Error] :1:1: Premature end of file.
2026-04-12 23:16:56,996 [ERROR] LogOutputStream:75 - [STDERR_REDIRECT] 
2026-04-12 23:16:58,001 [ERROR] LogOutputStream:75 - [STDERR_REDIRECT] [Fatal Error] :1:1: Premature end of file.
2026-04-12 23:16:58,002 [ERROR] LogOutputStream:75 - [STDERR_REDIRECT] 
2026-04-12 23:16:58,991 [ERROR] LogOutputStream:75 - [STDERR_REDIRECT] [Fatal Error] :1:1: Premature end of file.
2026-04-12 23:16:58,991 [ERROR] LogOutputStream:75 - [STDERR_REDIRECT] 
2026-04-12 23:16:59,990 [ERROR] LogOutputStream:75 - [STDERR_REDIRECT] [Fatal Error] :1:1: Premature end of file.
2026-04-12 23:16:59,990 [ERROR] LogOutputStream:75 - [STDERR_REDIRECT] 
2026-04-12 23:17:01,005 [ERROR] LogOutputStream:75 - [STDERR_REDIRECT] [Fatal Error] :1:1: Premature end of file.
2026-04-12 23:17:01,006 [ERROR] LogOutputStream:75 - [STDERR_REDIRECT] 
2026-04-12 23:17:02,000 [ERROR] LogOutputStream:75 - [STDERR_REDIRECT] [Fatal Error] :1:1: Premature end of file.
2026-04-12 23:17:02,000 [ERROR] LogOutputStream:75 - [STDERR_REDIRECT] 
2026-04-12 23:17:02,992 [ERROR] LogOutputStream:75 - [STDERR_REDIRECT] [Fatal Error] :1:1: Premature end of file.
2026-04-12 23:17:02,992 [ERROR] LogOutputStream:75 - [STDERR_REDIRECT] 
2026-04-12 23:17:03,988 [ERROR] LogOutputStream:75 - [STDERR_REDIRECT] [Fatal Error] :1:1: Premature end of file.
2026-04-12 23:17:03,989 [ERROR] LogOutputStream:75 - [STDERR_REDIRECT] 
2026-04-12 23:17:04,999 [ERROR] LogOutputStream:75 - [STDERR_REDIRECT] [Fatal Error] :1:1: Premature end of file.
2026-04-12 23:17:04,999 [ERROR] LogOutputStream:75 - [STDERR_REDIRECT] 
2026-04-12 23:17:05,992 [ERROR] LogOutputStream:75 - [STDERR_REDIRECT] [Fatal Error] :1:1: Premature end of file.
2026-04-12 23:17:05,993 [ERROR] LogOutputStream:75 - [STDERR_REDIRECT] 
2026-04-12 23:17:06,987 [ERROR] LogOutputStream:75 - [STDERR_REDIRECT] [Fatal Error] :1:1: Premature end of file.
2026-04-12 23:17:06,987 [ERROR] LogOutputStream:75 - [STDERR_REDIRECT] 
2026-04-12 23:17:07,995 [ERROR] LogOutputStream:75 - [STDERR_REDIRECT] [Fatal Error] :1:1: Premature end of file.
2026-04-12 23:17:07,995 [ERROR] LogOutputStream:75 - [STDERR_REDIRECT] 
2026-04-12 23:17:08,989 [ERROR] LogOutputStream:75 - [STDERR_REDIRECT] [Fatal Error] :1:1: Premature end of file.
2026-04-12 23:17:08,989 [ERROR] LogOutputStream:75 - [STDERR_REDIRECT] 
2026-04-12 23:17:10,001 [ERROR] LogOutputStream:75 - [STDERR_REDIRECT] [Fatal Error] :1:1: Premature end of file.
2026-04-12 23:17:10,001 [ERROR] LogOutputStream:75 - [STDERR_REDIRECT] 
2026-04-12 23:17:10,994 [ERROR] LogOutputStream:75 - [STDERR_REDIRECT] [Fatal Error] :1:1: Premature end of file.
2026-04-12 23:17:10,994 [ERROR] LogOutputStream:75 - [STDERR_REDIRECT] 
2026-04-12 23:17:11,992 [ERROR] LogOutputStream:75 - [STDERR_REDIRECT] [Fatal Error] :1:1: Premature end of file.
2026-04-12 23:17:11,992 [ERROR] LogOutputStream:75 - [STDERR_REDIRECT] 
2026-04-12 23:17:12,999 [ERROR] LogOutputStream:75 - [STDERR_REDIRECT] [Fatal Error] :1:1: Premature end of file.
2026-04-12 23:17:13,000 [ERROR] LogOutputStream:75 - [STDERR_REDIRECT] 
2026-04-12 23:17:13,994 [ERROR] LogOutputStream:75 - [STDERR_REDIRECT] [Fatal Error] :1:1: Premature end of file.
2026-04-12 23:17:13,994 [ERROR] LogOutputStream:75 - [STDERR_REDIRECT] 
2026-04-12 23:17:15,001 [ERROR] LogOutputStream:75 - [STDERR_REDIRECT] [Fatal Error] :1:1: Premature end of file.
2026-04-12 23:17:15,001 [ERROR] LogOutputStream:75 - [STDERR_REDIRECT] 
2026-04-12 23:17:15,992 [ERROR] LogOutputStream:75 - [STDERR_REDIRECT] [Fatal Error] :1:1: Premature end of file.
2026-04-12 23:17:15,992 [ERROR] LogOutputStream:75 - [STDERR_REDIRECT] 
2026-04-12 23:17:17,003 [ERROR] LogOutputStream:75 - [STDERR_REDIRECT] [Fatal Error] :1:1: Premature end of file.
2026-04-12 23:17:17,003 [ERROR] LogOutputStream:75 - [STDERR_REDIRECT] 
2026-04-12 23:17:17,992 [ERROR] LogOutputStream:75 - [STDERR_REDIRECT] [Fatal Error] :1:1: Premature end of file.
2026-04-12 23:17:17,992 [ERROR] LogOutputStream:75 - [STDERR_REDIRECT] 
2026-04-12 23:17:18,997 [ERROR] LogOutputStream:75 - [STDERR_REDIRECT] [Fatal Error] :1:1: Premature end of file.
2026-04-12 23:17:18,998 [ERROR] LogOutputStream:75 - [STDERR_REDIRECT] 
2026-04-12 23:17:19,991 [ERROR] LogOutputStream:75 - [STDERR_REDIRECT] [Fatal Error] :1:1: Premature end of file.
2026-04-12 23:17:19,991 [ERROR] LogOutputStream:75 - [STDERR_REDIRECT] 
2026-04-12 23:17:20,998 [ERROR] LogOutputStream:75 - [STDERR_REDIRECT] [Fatal Error] :1:1: Premature end of file.
2026-04-12 23:17:20,999 [ERROR] LogOutputStream:75 - [STDERR_REDIRECT] 
2026-04-12 23:17:21,988 [ERROR] LogOutputStream:75 - [STDERR_REDIRECT] [Fatal Error] :1:1: Premature end of file.
2026-04-12 23:17:21,988 [ERROR] LogOutputStream:75 - [STDERR_REDIRECT] 
2026-04-12 23:17:22,994 [ERROR] LogOutputStream:75 - [STDERR_REDIRECT] [Fatal Error] :1:1: Premature end of file.
2026-04-12 23:17:22,994 [ERROR] LogOutputStream:75 - [STDERR_REDIRECT] 
2026-04-12 23:17:24,000 [ERROR] LogOutputStream:75 - [STDERR_REDIRECT] [Fatal Error] :1:1: Premature end of file.
2026-04-12 23:17:24,000 [ERROR] LogOutputStream:75 - [STDERR_REDIRECT] 
2026-04-12 23:17:24,990 [ERROR] LogOutputStream:75 - [STDERR_REDIRECT] [Fatal Error] :1:1: Premature end of file.
2026-04-12 23:17:24,990 [ERROR] LogOutputStream:75 - [STDERR_REDIRECT] 
2026-04-12 23:17:25,996 [ERROR] LogOutputStream:75 - [STDERR_REDIRECT] [Fatal Error] :1:1: Premature end of file.
2026-04-12 23:17:25,996 [ERROR] LogOutputStream:75 - [STDERR_REDIRECT] 
2026-04-12 23:17:27,001 [ERROR] LogOutputStream:75 - [STDERR_REDIRECT] [Fatal Error] :1:1: Premature end of file.
2026-04-12 23:17:27,001 [ERROR] LogOutputStream:75 - [STDERR_REDIRECT] 
2026-04-12 23:17:28,156 [ERROR] LogOutputStream:75 - [STDERR_REDIRECT] [Fatal Error] :1:1: Premature end of file.
2026-04-12 23:17:28,156 [ERROR] LogOutputStream:75 - [STDERR_REDIRECT] 
2026-04-12 23:17:29,002 [ERROR] LogOutputStream:75 - [STDERR_REDIRECT] [Fatal Error] :1:1: Premature end of file.
2026-04-12 23:17:29,002 [ERROR] LogOutputStream:75 - [STDERR_REDIRECT] 
2026-04-12 23:17:29,990 [ERROR] LogOutputStream:75 - [STDERR_REDIRECT] [Fatal Error] :1:1: Premature end of file.
2026-04-12 23:17:29,990 [ERROR] LogOutputStream:75 - [STDERR_REDIRECT] 
2026-04-12 23:17:31,032 [ERROR] LogOutputStream:75 - [STDERR_REDIRECT] [Fatal Error] :1:1: Premature end of file.
2026-04-12 23:17:31,032 [ERROR] LogOutputStream:75 - [STDERR_REDIRECT] 
2026-04-12 23:17:32,032 [ERROR] LogOutputStream:75 - [STDERR_REDIRECT] [Fatal Error] :1:1: Premature end of file.
2026-04-12 23:17:32,032 [ERROR] LogOutputStream:75 - [STDERR_REDIRECT] 
2026-04-12 23:17:33,002 [ERROR] LogOutputStream:75 - [STDERR_REDIRECT] [Fatal Error] :1:1: Premature end of file.
2026-04-12 23:17:33,003 [ERROR] LogOutputStream:75 - [STDERR_REDIRECT] 
2026-04-12 23:17:34,034 [ERROR] LogOutputStream:75 - [STDERR_REDIRECT] [Fatal Error] :1:1: Premature end of file.
2026-04-12 23:17:34,034 [ERROR] LogOutputStream:75 - [STDERR_REDIRECT] 
2026-04-12 23:17:35,040 [ERROR] LogOutputStream:75 - [STDERR_REDIRECT] [Fatal Error] :1:1: Premature end of file.
2026-04-12 23:17:35,041 [ERROR] LogOutputStream:75 - [STDERR_REDIRECT] 
2026-04-12 23:17:36,033 [ERROR] LogOutputStream:75 - [STDERR_REDIRECT] [Fatal Error] :1:1: Premature end of file.
2026-04-12 23:17:36,038 [ERROR] LogOutputStream:75 - [STDERR_REDIRECT] 
2026-04-12 23:17:37,023 [ERROR] LogOutputStream:75 - [STDERR_REDIRECT] [Fatal Error] :1:1: Premature end of file.
2026-04-12 23:17:37,024 [ERROR] LogOutputStream:75 - [STDERR_REDIRECT] 
2026-04-12 23:17:38,027 [ERROR] LogOutputStream:75 - [STDERR_REDIRECT] [Fatal Error] :1:1: Premature end of file.
2026-04-12 23:17:38,028 [ERROR] LogOutputStream:75 - [STDERR_REDIRECT] 
2026-04-12 23:17:39,039 [ERROR] LogOutputStream:75 - [STDERR_REDIRECT] [Fatal Error] :1:1: Premature end of file.
2026-04-12 23:17:39,039 [ERROR] LogOutputStream:75 - [STDERR_REDIRECT] 
2026-04-12 23:17:40,017 [ERROR] LogOutputStream:75 - [STDERR_REDIRECT] [Fatal Error] :1:1: Premature end of file.
2026-04-12 23:17:40,017 [ERROR] LogOutputStream:75 - [STDERR_REDIRECT] 
2026-04-12 23:17:41,008 [ERROR] LogOutputStream:75 - [STDERR_REDIRECT] [Fatal Error] :1:1: Premature end of file.
2026-04-12 23:17:41,008 [ERROR] LogOutputStream:75 - [STDERR_REDIRECT] 
2026-04-12 23:17:41,994 [ERROR] LogOutputStream:75 - [STDERR_REDIRECT] [Fatal Error] :1:1: Premature end of file.
2026-04-12 23:17:41,994 [ERROR] LogOutputStream:75 - [STDERR_REDIRECT] 
2026-04-12 23:17:43,003 [ERROR] LogOutputStream:75 - [STDERR_REDIRECT] [Fatal Error] :1:1: Premature end of file.
2026-04-12 23:17:43,003 [ERROR] LogOutputStream:75 - [STDERR_REDIRECT] 
2026-04-12 23:17:43,997 [ERROR] LogOutputStream:75 - [STDERR_REDIRECT] [Fatal Error] :1:1: Premature end of file.
2026-04-12 23:17:43,997 [ERROR] LogOutputStream:75 - [STDERR_REDIRECT] 
2026-04-12 23:17:45,029 [ERROR] LogOutputStream:75 - [STDERR_REDIRECT] [Fatal Error] :1:1: Premature end of file.
2026-04-12 23:17:45,029 [ERROR] LogOutputStream:75 - [STDERR_REDIRECT] 
2026-04-12 23:17:46,013 [ERROR] LogOutputStream:75 - [STDERR_REDIRECT] [Fatal Error] :1:1: Premature end of file.
2026-04-12 23:17:46,013 [ERROR] LogOutputStream:75 - [STDERR_REDIRECT] 
2026-04-12 23:17:46,991 [ERROR] LogOutputStream:75 - [STDERR_REDIRECT] [Fatal Error] :1:1: Premature end of file.
2026-04-12 23:17:46,991 [ERROR] LogOutputStream:75 - [STDERR_REDIRECT] 
2026-04-12 23:17:47,990 [ERROR] LogOutputStream:75 - [STDERR_REDIRECT] [Fatal Error] :1:1: Premature end of file.
2026-04-12 23:17:47,990 [ERROR] LogOutputStream:75 - [STDERR_REDIRECT] 
2026-04-12 23:17:48,993 [ERROR] LogOutputStream:75 - [STDERR_REDIRECT] [Fatal Error] :1:1: Premature end of file.
2026-04-12 23:17:48,993 [ERROR] LogOutputStream:75 - [STDERR_REDIRECT] 
2026-04-12 23:17:50,001 [ERROR] LogOutputStream:75 - [STDERR_REDIRECT] [Fatal Error] :1:1: Premature end of file.
2026-04-12 23:17:50,001 [ERROR] LogOutputStream:75 - [STDERR_REDIRECT] 
2026-04-12 23:17:50,999 [ERROR] LogOutputStream:75 - [STDERR_REDIRECT] [Fatal Error] :1:1: Premature end of file.
2026-04-12 23:17:50,999 [ERROR] LogOutputStream:75 - [STDERR_REDIRECT] 
2026-04-12 23:17:51,990 [ERROR] LogOutputStream:75 - [STDERR_REDIRECT] [Fatal Error] :1:1: Premature end of file.
2026-04-12 23:17:51,991 [ERROR] LogOutputStream:75 - [STDERR_REDIRECT] 
2026-04-12 23:17:53,010 [ERROR] LogOutputStream:75 - [STDERR_REDIRECT] [Fatal Error] :1:1: Premature end of file.
2026-04-12 23:17:53,010 [ERROR] LogOutputStream:75 - [STDERR_REDIRECT] 
2026-04-12 23:17:53,991 [ERROR] LogOutputStream:75 - [STDERR_REDIRECT] [Fatal Error] :1:1: Premature end of file.
2026-04-12 23:17:53,991 [ERROR] LogOutputStream:75 - [STDERR_REDIRECT] 
2026-04-12 23:17:54,994 [ERROR] LogOutputStream:75 - [STDERR_REDIRECT] [Fatal Error] :1:1: Premature end of file.
2026-04-12 23:17:54,994 [ERROR] LogOutputStream:75 - [STDERR_REDIRECT] 
2026-04-12 23:17:55,992 [ERROR] LogOutputStream:75 - [STDERR_REDIRECT] [Fatal Error] :1:1: Premature end of file.
2026-04-12 23:17:55,993 [ERROR] LogOutputStream:75 - [STDERR_REDIRECT] 
2026-04-12 23:17:57,003 [ERROR] LogOutputStream:75 - [STDERR_REDIRECT] [Fatal Error] :1:1: Premature end of file.
2026-04-12 23:17:57,004 [ERROR] LogOutputStream:75 - [STDERR_REDIRECT] 
2026-04-12 23:17:58,066 [ERROR] LogOutputStream:75 - [STDERR_REDIRECT] [Fatal Error] :1:1: Premature end of file.
2026-04-12 23:17:58,068 [ERROR] LogOutputStream:75 - [STDERR_REDIRECT] 
2026-04-12 23:17:59,041 [ERROR] LogOutputStream:75 - [STDERR_REDIRECT] [Fatal Error] :1:1: Premature end of file.
2026-04-12 23:17:59,042 [ERROR] LogOutputStream:75 - [STDERR_REDIRECT] 
2026-04-12 23:18:00,042 [ERROR] LogOutputStream:75 - [STDERR_REDIRECT] [Fatal Error] :1:1: Premature end of file.
2026-04-12 23:18:00,043 [ERROR] LogOutputStream:75 - [STDERR_REDIRECT] 
2026-04-12 23:18:01,045 [ERROR] LogOutputStream:75 - [STDERR_REDIRECT] [Fatal Error] :1:1: Premature end of file.
2026-04-12 23:18:01,045 [ERROR] LogOutputStream:75 - [STDERR_REDIRECT] 
2026-04-12 23:18:02,000 [ERROR] LogOutputStream:75 - [STDERR_REDIRECT] [Fatal Error] :1:1: Premature end of file.
2026-04-12 23:18:02,001 [ERROR] LogOutputStream:75 - [STDERR_REDIRECT] 
2026-04-12 23:18:02,997 [ERROR] LogOutputStream:75 - [STDERR_REDIRECT] [Fatal Error] :1:1: Premature end of file.
2026-04-12 23:18:02,997 [ERROR] LogOutputStream:75 - [STDERR_REDIRECT] 
2026-04-12 23:18:04,007 [ERROR] LogOutputStream:75 - [STDERR_REDIRECT] [Fatal Error] :1:1: Premature end of file.
2026-04-12 23:18:04,007 [ERROR] LogOutputStream:75 - [STDERR_REDIRECT] 
2026-04-12 23:18:04,994 [ERROR] LogOutputStream:75 - [STDERR_REDIRECT] [Fatal Error] :1:1: Premature end of file.
2026-04-12 23:18:04,995 [ERROR] LogOutputStream:75 - [STDERR_REDIRECT] 
2026-04-12 23:18:05,991 [ERROR] LogOutputStream:75 - [STDERR_REDIRECT] [Fatal Error] :1:1: Premature end of file.
2026-04-12 23:18:05,991 [ERROR] LogOutputStream:75 - [STDERR_REDIRECT] 
2026-04-12 23:18:07,001 [ERROR] LogOutputStream:75 - [STDERR_REDIRECT] [Fatal Error] :1:1: Premature end of file.
2026-04-12 23:18:07,001 [ERROR] LogOutputStream:75 - [STDERR_REDIRECT] 
2026-04-12 23:18:08,022 [ERROR] LogOutputStream:75 - [STDERR_REDIRECT] [Fatal Error] :1:1: Premature end of file.
2026-04-12 23:18:08,022 [ERROR] LogOutputStream:75 - [STDERR_REDIRECT] 
2026-04-12 23:18:08,996 [ERROR] LogOutputStream:75 - [STDERR_REDIRECT] [Fatal Error] :1:1: Premature end of file.
2026-04-12 23:18:08,996 [ERROR] LogOutputStream:75 - [STDERR_REDIRECT] 
2026-04-12 23:18:10,000 [ERROR] LogOutputStream:75 - [STDERR_REDIRECT] [Fatal Error] :1:1: Premature end of file.
2026-04-12 23:18:10,000 [ERROR] LogOutputStream:75 - [STDERR_REDIRECT] 
2026-04-12 23:18:11,014 [ERROR] LogOutputStream:75 - [STDERR_REDIRECT] [Fatal Error] :1:1: Premature end of file.
2026-04-12 23:18:11,014 [ERROR] LogOutputStream:75 - [STDERR_REDIRECT] 
2026-04-12 23:18:11,998 [ERROR] LogOutputStream:75 - [STDERR_REDIRECT] [Fatal Error] :1:1: Premature end of file.
2026-04-12 23:18:11,998 [ERROR] LogOutputStream:75 - [STDERR_REDIRECT] 
2026-04-12 23:18:13,007 [ERROR] LogOutputStream:75 - [STDERR_REDIRECT] [Fatal Error] :1:1: Premature end of file.
2026-04-12 23:18:13,007 [ERROR] LogOutputStream:75 - [STDERR_REDIRECT] 
2026-04-12 23:18:13,999 [ERROR] LogOutputStream:75 - [STDERR_REDIRECT] [Fatal Error] :1:1: Premature end of file.
2026-04-12 23:18:13,999 [ERROR] LogOutputStream:75 - [STDERR_REDIRECT] 
2026-04-12 23:18:14,994 [ERROR] LogOutputStream:75 - [STDERR_REDIRECT] [Fatal Error] :1:1: Premature end of file.
2026-04-12 23:18:14,994 [ERROR] LogOutputStream:75 - [STDERR_REDIRECT] 
2026-04-12 23:18:16,004 [ERROR] LogOutputStream:75 - [STDERR_REDIRECT] [Fatal Error] :1:1: Premature end of file.
2026-04-12 23:18:16,005 [ERROR] LogOutputStream:75 - [STDERR_REDIRECT] 
2026-04-12 23:18:16,995 [ERROR] LogOutputStream:75 - [STDERR_REDIRECT] [Fatal Error] :1:1: Premature end of file.
2026-04-12 23:18:16,995 [ERROR] LogOutputStream:75 - [STDERR_REDIRECT] 
2026-04-12 23:18:18,004 [ERROR] LogOutputStream:75 - [STDERR_REDIRECT] [Fatal Error] :1:1: Premature end of file.
2026-04-12 23:18:18,004 [ERROR] LogOutputStream:75 - [STDERR_REDIRECT] 
2026-04-12 23:18:18,995 [ERROR] LogOutputStream:75 - [STDERR_REDIRECT] [Fatal Error] :1:1: Premature end of file.
2026-04-12 23:18:18,995 [ERROR] LogOutputStream:75 - [STDERR_REDIRECT] 
2026-04-12 23:18:19,990 [ERROR] LogOutputStream:75 - [STDERR_REDIRECT] [Fatal Error] :1:1: Premature end of file.
2026-04-12 23:18:19,990 [ERROR] LogOutputStream:75 - [STDERR_REDIRECT] 
2026-04-12 23:18:21,004 [ERROR] LogOutputStream:75 - [STDERR_REDIRECT] [Fatal Error] :1:1: Premature end of file.
2026-04-12 23:18:21,004 [ERROR] LogOutputStream:75 - [STDERR_REDIRECT] 
2026-04-12 23:18:22,000 [ERROR] LogOutputStream:75 - [STDERR_REDIRECT] [Fatal Error] :1:1: Premature end of file.
2026-04-12 23:18:22,000 [ERROR] LogOutputStream:75 - [STDERR_REDIRECT] 
2026-04-12 23:18:22,993 [ERROR] LogOutputStream:75 - [STDERR_REDIRECT] [Fatal Error] :1:1: Premature end of file.
2026-04-12 23:18:22,993 [ERROR] LogOutputStream:75 - [STDERR_REDIRECT] 
2026-04-12 23:18:24,002 [ERROR] LogOutputStream:75 - [STDERR_REDIRECT] [Fatal Error] :1:1: Premature end of file.
2026-04-12 23:18:24,002 [ERROR] LogOutputStream:75 - [STDERR_REDIRECT] 
2026-04-12 23:18:24,999 [ERROR] LogOutputStream:75 - [STDERR_REDIRECT] [Fatal Error] :1:1: Premature end of file.
2026-04-12 23:18:25,000 [ERROR] LogOutputStream:75 - [STDERR_REDIRECT] 
2026-04-12 23:18:25,991 [ERROR] LogOutputStream:75 - [STDERR_REDIRECT] [Fatal Error] :1:1: Premature end of file.
2026-04-12 23:18:25,992 [ERROR] LogOutputStream:75 - [STDERR_REDIRECT] 
2026-04-12 23:18:27,002 [ERROR] LogOutputStream:75 - [STDERR_REDIRECT] [Fatal Error] :1:1: Premature end of file.
2026-04-12 23:18:27,002 [ERROR] LogOutputStream:75 - [STDERR_REDIRECT] 
2026-04-12 23:18:27,999 [ERROR] LogOutputStream:75 - [STDERR_REDIRECT] [Fatal Error] :1:1: Premature end of file.
2026-04-12 23:18:27,999 [ERROR] LogOutputStream:75 - [STDERR_REDIRECT] 
2026-04-12 23:18:28,995 [ERROR] LogOutputStream:75 - [STDERR_REDIRECT] [Fatal Error] :1:1: Premature end of file.
2026-04-12 23:18:28,996 [ERROR] LogOutputStream:75 - [STDERR_REDIRECT] 
2026-04-12 23:18:30,002 [ERROR] LogOutputStream:75 - [STDERR_REDIRECT] [Fatal Error] :1:1: Premature end of file.
2026-04-12 23:18:30,002 [ERROR] LogOutputStream:75 - [STDERR_REDIRECT] 
2026-04-12 23:18:30,995 [ERROR] LogOutputStream:75 - [STDERR_REDIRECT] [Fatal Error] :1:1: Premature end of file.
2026-04-12 23:18:30,995 [ERROR] LogOutputStream:75 - [STDERR_REDIRECT] 
2026-04-12 23:18:31,990 [ERROR] LogOutputStream:75 - [STDERR_REDIRECT] [Fatal Error] :1:1: Premature end of file.
2026-04-12 23:18:31,991 [ERROR] LogOutputStream:75 - [STDERR_REDIRECT] 
2026-04-12 23:18:33,001 [ERROR] LogOutputStream:75 - [STDERR_REDIRECT] [Fatal Error] :1:1: Premature end of file.
2026-04-12 23:18:33,003 [ERROR] LogOutputStream:75 - [STDERR_REDIRECT] 
2026-04-12 23:18:33,994 [ERROR] LogOutputStream:75 - [STDERR_REDIRECT] [Fatal Error] :1:1: Premature end of file.
2026-04-12 23:18:33,995 [ERROR] LogOutputStream:75 - [STDERR_REDIRECT] 
2026-04-12 23:18:34,992 [ERROR] LogOutputStream:75 - [STDERR_REDIRECT] [Fatal Error] :1:1: Premature end of file.
2026-04-12 23:18:34,992 [ERROR] LogOutputStream:75 - [STDERR_REDIRECT] 
2026-04-12 23:18:36,002 [ERROR] LogOutputStream:75 - [STDERR_REDIRECT] [Fatal Error] :1:1: Premature end of file.
2026-04-12 23:18:36,002 [ERROR] LogOutputStream:75 - [STDERR_REDIRECT] 
2026-04-12 23:18:36,990 [ERROR] LogOutputStream:75 - [STDERR_REDIRECT] [Fatal Error] :1:1: Premature end of file.
2026-04-12 23:18:36,990 [ERROR] LogOutputStream:75 - [STDERR_REDIRECT] 
2026-04-12 23:18:37,994 [ERROR] LogOutputStream:75 - [STDERR_REDIRECT] [Fatal Error] :1:1: Premature end of file.
2026-04-12 23:18:37,995 [ERROR] LogOutputStream:75 - [STDERR_REDIRECT] 
2026-04-12 23:18:38,990 [ERROR] LogOutputStream:75 - [STDERR_REDIRECT] [Fatal Error] :1:1: Premature end of file.
2026-04-12 23:18:38,990 [ERROR] LogOutputStream:75 - [STDERR_REDIRECT] 
2026-04-12 23:18:40,002 [ERROR] LogOutputStream:75 - [STDERR_REDIRECT] [Fatal Error] :1:1: Premature end of file.
2026-04-12 23:18:40,002 [ERROR] LogOutputStream:75 - [STDERR_REDIRECT] 
2026-04-12 23:18:41,003 [ERROR] LogOutputStream:75 - [STDERR_REDIRECT] [Fatal Error] :1:1: Premature end of file.
2026-04-12 23:18:41,003 [ERROR] LogOutputStream:75 - [STDERR_REDIRECT] 
2026-04-12 23:18:41,997 [ERROR] LogOutputStream:75 - [STDERR_REDIRECT] [Fatal Error] :1:1: Premature end of file.
2026-04-12 23:18:41,997 [ERROR] LogOutputStream:75 - [STDERR_REDIRECT] 
2026-04-12 23:18:43,002 [ERROR] LogOutputStream:75 - [STDERR_REDIRECT] [Fatal Error] :1:1: Premature end of file.
2026-04-12 23:18:43,002 [ERROR] LogOutputStream:75 - [STDERR_REDIRECT] 
2026-04-12 23:18:43,996 [ERROR] LogOutputStream:75 - [STDERR_REDIRECT] [Fatal Error] :1:1: Premature end of file.
2026-04-12 23:18:43,996 [ERROR] LogOutputStream:75 - [STDERR_REDIRECT] 
2026-04-12 23:18:45,000 [ERROR] LogOutputStream:75 - [STDERR_REDIRECT] [Fatal Error] :1:1: Premature end of file.
2026-04-12 23:18:45,000 [ERROR] LogOutputStream:75 - [STDERR_REDIRECT] 
2026-04-12 23:18:45,999 [ERROR] LogOutputStream:75 - [STDERR_REDIRECT] [Fatal Error] :1:1: Premature end of file.
2026-04-12 23:18:46,000 [ERROR] LogOutputStream:75 - [STDERR_REDIRECT] 
2026-04-12 23:18:47,000 [ERROR] LogOutputStream:75 - [STDERR_REDIRECT] [Fatal Error] :1:1: Premature end of file.
2026-04-12 23:18:47,000 [ERROR] LogOutputStream:75 - [STDERR_REDIRECT] 
2026-04-12 23:18:47,997 [ERROR] LogOutputStream:75 - [STDERR_REDIRECT] [Fatal Error] :1:1: Premature end of file.
2026-04-12 23:18:47,998 [ERROR] LogOutputStream:75 - [STDERR_REDIRECT] 
2026-04-12 23:18:48,995 [ERROR] LogOutputStream:75 - [STDERR_REDIRECT] [Fatal Error] :1:1: Premature end of file.
2026-04-12 23:18:48,995 [ERROR] LogOutputStream:75 - [STDERR_REDIRECT] 
2026-04-12 23:18:50,007 [ERROR] LogOutputStream:75 - [STDERR_REDIRECT] [Fatal Error] :1:1: Premature end of file.
2026-04-12 23:18:50,007 [ERROR] LogOutputStream:75 - [STDERR_REDIRECT] 
2026-04-12 23:18:50,994 [ERROR] LogOutputStream:75 - [STDERR_REDIRECT] [Fatal Error] :1:1: Premature end of file.
2026-04-12 23:18:50,995 [ERROR] LogOutputStream:75 - [STDERR_REDIRECT] 
2026-04-12 23:18:51,991 [ERROR] LogOutputStream:75 - [STDERR_REDIRECT] [Fatal Error] :1:1: Premature end of file.
2026-04-12 23:18:51,992 [ERROR] LogOutputStream:75 - [STDERR_REDIRECT] 
2026-04-12 23:18:52,997 [ERROR] LogOutputStream:75 - [STDERR_REDIRECT] [Fatal Error] :1:1: Premature end of file.
2026-04-12 23:18:52,997 [ERROR] LogOutputStream:75 - [STDERR_REDIRECT] 
2026-04-12 23:18:53,993 [ERROR] LogOutputStream:75 - [STDERR_REDIRECT] [Fatal Error] :1:1: Premature end of file.
2026-04-12 23:18:53,993 [ERROR] LogOutputStream:75 - [STDERR_REDIRECT] 
2026-04-12 23:18:54,998 [ERROR] LogOutputStream:75 - [STDERR_REDIRECT] [Fatal Error] :1:1: Premature end of file.
2026-04-12 23:18:54,998 [ERROR] LogOutputStream:75 - [STDERR_REDIRECT] 
2026-04-12 23:18:55,997 [ERROR] LogOutputStream:75 - [STDERR_REDIRECT] [Fatal Error] :1:1: Premature end of file.
2026-04-12 23:18:55,997 [ERROR] LogOutputStream:75 - [STDERR_REDIRECT] 
2026-04-12 23:18:56,991 [ERROR] LogOutputStream:75 - [STDERR_REDIRECT] [Fatal Error] :1:1: Premature end of file.
2026-04-12 23:18:56,991 [ERROR] LogOutputStream:75 - [STDERR_REDIRECT] 
2026-04-12 23:18:58,020 [ERROR] LogOutputStream:75 - [STDERR_REDIRECT] [Fatal Error] :1:1: Premature end of file.
2026-04-12 23:18:58,020 [ERROR] LogOutputStream:75 - [STDERR_REDIRECT] 
2026-04-12 23:18:58,990 [ERROR] LogOutputStream:75 - [STDERR_REDIRECT] [Fatal Error] :1:1: Premature end of file.
2026-04-12 23:18:58,990 [ERROR] LogOutputStream:75 - [STDERR_REDIRECT] 
2026-04-12 23:18:59,993 [ERROR] LogOutputStream:75 - [STDERR_REDIRECT] [Fatal Error] :1:1: Premature end of file.
2026-04-12 23:18:59,993 [ERROR] LogOutputStream:75 - [STDERR_REDIRECT] 
2026-04-12 23:19:01,013 [ERROR] LogOutputStream:75 - [STDERR_REDIRECT] [Fatal Error] :1:1: Premature end of file.
2026-04-12 23:19:01,013 [ERROR] LogOutputStream:75 - [STDERR_REDIRECT] 
2026-04-12 23:19:02,006 [ERROR] LogOutputStream:75 - [STDERR_REDIRECT] [Fatal Error] :1:1: Premature end of file.
2026-04-12 23:19:02,007 [ERROR] LogOutputStream:75 - [STDERR_REDIRECT] 
2026-04-12 23:19:02,999 [ERROR] LogOutputStream:75 - [STDERR_REDIRECT] [Fatal Error] :1:1: Premature end of file.
2026-04-12 23:19:02,999 [ERROR] LogOutputStream:75 - [STDERR_REDIRECT] 
2026-04-12 23:19:04,002 [ERROR] LogOutputStream:75 - [STDERR_REDIRECT] [Fatal Error] :1:1: Premature end of file.
2026-04-12 23:19:04,004 [ERROR] LogOutputStream:75 - [STDERR_REDIRECT] 
2026-04-12 23:19:05,000 [ERROR] LogOutputStream:75 - [STDERR_REDIRECT] [Fatal Error] :1:1: Premature end of file.
2026-04-12 23:19:05,000 [ERROR] LogOutputStream:75 - [STDERR_REDIRECT] 
2026-04-12 23:19:05,993 [ERROR] LogOutputStream:75 - [STDERR_REDIRECT] [Fatal Error] :1:1: Premature end of file.
2026-04-12 23:19:05,993 [ERROR] LogOutputStream:75 - [STDERR_REDIRECT] 
2026-04-12 23:19:07,003 [ERROR] LogOutputStream:75 - [STDERR_REDIRECT] [Fatal Error] :1:1: Premature end of file.
2026-04-12 23:19:07,003 [ERROR] LogOutputStream:75 - [STDERR_REDIRECT] 
2026-04-12 23:19:07,994 [ERROR] LogOutputStream:75 - [STDERR_REDIRECT] [Fatal Error] :1:1: Premature end of file.
2026-04-12 23:19:07,994 [ERROR] LogOutputStream:75 - [STDERR_REDIRECT] 
2026-04-12 23:19:09,000 [ERROR] LogOutputStream:75 - [STDERR_REDIRECT] [Fatal Error] :1:1: Premature end of file.
2026-04-12 23:19:09,000 [ERROR] LogOutputStream:75 - [STDERR_REDIRECT] 
2026-04-12 23:19:10,012 [ERROR] LogOutputStream:75 - [STDERR_REDIRECT] [Fatal Error] :1:1: Premature end of file.
2026-04-12 23:19:10,015 [ERROR] LogOutputStream:75 - [STDERR_REDIRECT] 
2026-04-12 23:19:11,012 [ERROR] LogOutputStream:75 - [STDERR_REDIRECT] [Fatal Error] :1:1: Premature end of file.
2026-04-12 23:19:11,013 [ERROR] LogOutputStream:75 - [STDERR_REDIRECT] 
2026-04-12 23:19:12,029 [ERROR] LogOutputStream:75 - [STDERR_REDIRECT] [Fatal Error] :1:1: Premature end of file.
2026-04-12 23:19:12,029 [ERROR] LogOutputStream:75 - [STDERR_REDIRECT] 
2026-04-12 23:19:13,011 [ERROR] LogOutputStream:75 - [STDERR_REDIRECT] [Fatal Error] :1:1: Premature end of file.
2026-04-12 23:19:13,011 [ERROR] LogOutputStream:75 - [STDERR_REDIRECT] 
2026-04-12 23:19:14,022 [ERROR] LogOutputStream:75 - [STDERR_REDIRECT] [Fatal Error] :1:1: Premature end of file.
2026-04-12 23:19:14,022 [ERROR] LogOutputStream:75 - [STDERR_REDIRECT] 
2026-04-12 23:19:14,994 [ERROR] LogOutputStream:75 - [STDERR_REDIRECT] [Fatal Error] :1:1: Premature end of file.
2026-04-12 23:19:14,994 [ERROR] LogOutputStream:75 - [STDERR_REDIRECT] 
2026-04-12 23:19:15,999 [ERROR] LogOutputStream:75 - [STDERR_REDIRECT] [Fatal Error] :1:1: Premature end of file.
2026-04-12 23:19:15,999 [ERROR] LogOutputStream:75 - [STDERR_REDIRECT] 
2026-04-12 23:19:17,000 [ERROR] LogOutputStream:75 - [STDERR_REDIRECT] [Fatal Error] :1:1: Premature end of file.
2026-04-12 23:19:17,000 [ERROR] LogOutputStream:75 - [STDERR_REDIRECT] 
2026-04-12 23:19:18,011 [ERROR] LogOutputStream:75 - [STDERR_REDIRECT] [Fatal Error] :1:1: Premature end of file.
2026-04-12 23:19:18,011 [ERROR] LogOutputStream:75 - [STDERR_REDIRECT] 
2026-04-12 23:19:19,002 [ERROR] LogOutputStream:75 - [STDERR_REDIRECT] [Fatal Error] :1:1: Premature end of file.
2026-04-12 23:19:19,003 [ERROR] LogOutputStream:75 - [STDERR_REDIRECT] 
2026-04-12 23:19:19,988 [ERROR] LogOutputStream:75 - [STDERR_REDIRECT] [Fatal Error] :1:1: Premature end of file.
2026-04-12 23:19:19,989 [ERROR] LogOutputStream:75 - [STDERR_REDIRECT] 
2026-04-12 23:19:21,008 [ERROR] LogOutputStream:75 - [STDERR_REDIRECT] [Fatal Error] :1:1: Premature end of file.
2026-04-12 23:19:21,009 [ERROR] LogOutputStream:75 - [STDERR_REDIRECT] 
2026-04-12 23:19:22,003 [ERROR] LogOutputStream:75 - [STDERR_REDIRECT] [Fatal Error] :1:1: Premature end of file.
2026-04-12 23:19:22,003 [ERROR] LogOutputStream:75 - [STDERR_REDIRECT] 
2026-04-12 23:19:23,007 [ERROR] LogOutputStream:75 - [STDERR_REDIRECT] [Fatal Error] :1:1: Premature end of file.
2026-04-12 23:19:23,007 [ERROR] LogOutputStream:75 - [STDERR_REDIRECT] 
2026-04-12 23:19:23,994 [ERROR] LogOutputStream:75 - [STDERR_REDIRECT] [Fatal Error] :1:1: Premature end of file.
2026-04-12 23:19:23,995 [ERROR] LogOutputStream:75 - [STDERR_REDIRECT] 
2026-04-12 23:19:25,002 [ERROR] LogOutputStream:75 - [STDERR_REDIRECT] [Fatal Error] :1:1: Premature end of file.
2026-04-12 23:19:25,002 [ERROR] LogOutputStream:75 - [STDERR_REDIRECT] 
2026-04-12 23:19:25,991 [ERROR] LogOutputStream:75 - [STDERR_REDIRECT] [Fatal Error] :1:1: Premature end of file.
2026-04-12 23:19:25,991 [ERROR] LogOutputStream:75 - [STDERR_REDIRECT] 
2026-04-12 23:19:27,010 [ERROR] LogOutputStream:75 - [STDERR_REDIRECT] [Fatal Error] :1:1: Premature end of file.
2026-04-12 23:19:27,012 [ERROR] LogOutputStream:75 - [STDERR_REDIRECT] 
2026-04-12 23:19:27,997 [ERROR] LogOutputStream:75 - [STDERR_REDIRECT] [Fatal Error] :1:1: Premature end of file.
2026-04-12 23:19:27,998 [ERROR] LogOutputStream:75 - [STDERR_REDIRECT] 
2026-04-12 23:19:28,992 [ERROR] LogOutputStream:75 - [STDERR_REDIRECT] [Fatal Error] :1:1: Premature end of file.
2026-04-12 23:19:28,992 [ERROR] LogOutputStream:75 - [STDERR_REDIRECT] 
2026-04-12 23:19:30,001 [ERROR] LogOutputStream:75 - [STDERR_REDIRECT] [Fatal Error] :1:1: Premature end of file.
2026-04-12 23:19:30,001 [ERROR] LogOutputStream:75 - [STDERR_REDIRECT] 
2026-04-12 23:19:31,000 [ERROR] LogOutputStream:75 - [STDERR_REDIRECT] [Fatal Error] :1:1: Premature end of file.
2026-04-12 23:19:31,000 [ERROR] LogOutputStream:75 - [STDERR_REDIRECT] 
2026-04-12 23:19:31,998 [ERROR] LogOutputStream:75 - [STDERR_REDIRECT] [Fatal Error] :1:1: Premature end of file.
2026-04-12 23:19:31,998 [ERROR] LogOutputStream:75 - [STDERR_REDIRECT] 
2026-04-12 23:19:32,992 [ERROR] LogOutputStream:75 - [STDERR_REDIRECT] [Fatal Error] :1:1: Premature end of file.
2026-04-12 23:19:32,992 [ERROR] LogOutputStream:75 - [STDERR_REDIRECT] 
2026-04-12 23:19:34,005 [ERROR] LogOutputStream:75 - [STDERR_REDIRECT] [Fatal Error] :1:1: Premature end of file.
2026-04-12 23:19:34,005 [ERROR] LogOutputStream:75 - [STDERR_REDIRECT] 
2026-04-12 23:19:34,995 [ERROR] LogOutputStream:75 - [STDERR_REDIRECT] [Fatal Error] :1:1: Premature end of file.
2026-04-12 23:19:34,995 [ERROR] LogOutputStream:75 - [STDERR_REDIRECT] 
2026-04-12 23:19:36,156 [ERROR] LogOutputStream:75 - [STDERR_REDIRECT] [Fatal Error] :1:1: Premature end of file.
2026-04-12 23:19:36,157 [ERROR] LogOutputStream:75 - [STDERR_REDIRECT] 
2026-04-12 23:19:37,032 [ERROR] LogOutputStream:75 - [STDERR_REDIRECT] [Fatal Error] :1:1: Premature end of file.
2026-04-12 23:19:37,033 [ERROR] LogOutputStream:75 - [STDERR_REDIRECT] 
2026-04-12 23:19:38,252 [ERROR] LogOutputStream:75 - [STDERR_REDIRECT] [Fatal Error] :1:1: Premature end of file.
2026-04-12 23:19:38,252 [ERROR] LogOutputStream:75 - [STDERR_REDIRECT] 
2026-04-12 23:19:39,022 [ERROR] LogOutputStream:75 - [STDERR_REDIRECT] [Fatal Error] :1:1: Premature end of file.
2026-04-12 23:19:39,023 [ERROR] LogOutputStream:75 - [STDERR_REDIRECT] 
2026-04-12 23:19:40,002 [ERROR] LogOutputStream:75 - [STDERR_REDIRECT] [Fatal Error] :1:1: Premature end of file.
2026-04-12 23:19:40,002 [ERROR] LogOutputStream:75 - [STDERR_REDIRECT] 
2026-04-12 23:19:41,004 [ERROR] LogOutputStream:75 - [STDERR_REDIRECT] [Fatal Error] :1:1: Premature end of file.
2026-04-12 23:19:41,004 [ERROR] LogOutputStream:75 - [STDERR_REDIRECT] 
2026-04-12 23:19:41,995 [ERROR] LogOutputStream:75 - [STDERR_REDIRECT] [Fatal Error] :1:1: Premature end of file.
2026-04-12 23:19:41,995 [ERROR] LogOutputStream:75 - [STDERR_REDIRECT] 
2026-04-12 23:19:43,006 [ERROR] LogOutputStream:75 - [STDERR_REDIRECT] [Fatal Error] :1:1: Premature end of file.
2026-04-12 23:19:43,008 [ERROR] LogOutputStream:75 - [STDERR_REDIRECT] 
2026-04-12 23:19:44,009 [ERROR] LogOutputStream:75 - [STDERR_REDIRECT] [Fatal Error] :1:1: Premature end of file.
2026-04-12 23:19:44,010 [ERROR] LogOutputStream:75 - [STDERR_REDIRECT] 
2026-04-12 23:19:44,999 [ERROR] LogOutputStream:75 - [STDERR_REDIRECT] [Fatal Error] :1:1: Premature end of file.
2026-04-12 23:19:44,999 [ERROR] LogOutputStream:75 - [STDERR_REDIRECT] 
2026-04-12 23:19:46,004 [ERROR] LogOutputStream:75 - [STDERR_REDIRECT] [Fatal Error] :1:1: Premature end of file.
2026-04-12 23:19:46,004 [ERROR] LogOutputStream:75 - [STDERR_REDIRECT] 
2026-04-12 23:19:47,016 [ERROR] LogOutputStream:75 - [STDERR_REDIRECT] [Fatal Error] :1:1: Premature end of file.
2026-04-12 23:19:47,016 [ERROR] LogOutputStream:75 - [STDERR_REDIRECT] 
2026-04-12 23:19:48,002 [ERROR] LogOutputStream:75 - [STDERR_REDIRECT] [Fatal Error] :1:1: Premature end of file.
2026-04-12 23:19:48,002 [ERROR] LogOutputStream:75 - [STDERR_REDIRECT] 
2026-04-12 23:19:48,999 [ERROR] LogOutputStream:75 - [STDERR_REDIRECT] [Fatal Error] :1:1: Premature end of file.
2026-04-12 23:19:49,000 [ERROR] LogOutputStream:75 - [STDERR_REDIRECT] 
2026-04-12 23:19:49,996 [ERROR] LogOutputStream:75 - [STDERR_REDIRECT] [Fatal Error] :1:1: Premature end of file.
2026-04-12 23:19:49,996 [ERROR] LogOutputStream:75 - [STDERR_REDIRECT] 
2026-04-12 23:19:50,999 [ERROR] LogOutputStream:75 - [STDERR_REDIRECT] [Fatal Error] :1:1: Premature end of file.
2026-04-12 23:19:50,999 [ERROR] LogOutputStream:75 - [STDERR_REDIRECT] 
2026-04-12 23:19:51,995 [ERROR] LogOutputStream:75 - [STDERR_REDIRECT] [Fatal Error] :1:1: Premature end of file.
2026-04-12 23:19:51,995 [ERROR] LogOutputStream:75 - [STDERR_REDIRECT] 
2026-04-12 23:19:52,994 [ERROR] LogOutputStream:75 - [STDERR_REDIRECT] [Fatal Error] :1:1: Premature end of file.
2026-04-12 23:19:52,994 [ERROR] LogOutputStream:75 - [STDERR_REDIRECT] 
2026-04-12 23:19:54,004 [ERROR] LogOutputStream:75 - [STDERR_REDIRECT] [Fatal Error] :1:1: Premature end of file.
2026-04-12 23:19:54,004 [ERROR] LogOutputStream:75 - [STDERR_REDIRECT] 
2026-04-12 23:19:55,000 [ERROR] LogOutputStream:75 - [STDERR_REDIRECT] [Fatal Error] :1:1: Premature end of file.
2026-04-12 23:19:55,000 [ERROR] LogOutputStream:75 - [STDERR_REDIRECT] 
2026-04-12 23:19:55,997 [ERROR] LogOutputStream:75 - [STDERR_REDIRECT] [Fatal Error] :1:1: Premature end of file.
2026-04-12 23:19:55,997 [ERROR] LogOutputStream:75 - [STDERR_REDIRECT] 
2026-04-12 23:19:57,008 [ERROR] LogOutputStream:75 - [STDERR_REDIRECT] [Fatal Error] :1:1: Premature end of file.
2026-04-12 23:19:57,008 [ERROR] LogOutputStream:75 - [STDERR_REDIRECT] 
2026-04-12 23:19:58,022 [ERROR] LogOutputStream:75 - [STDERR_REDIRECT] [Fatal Error] :1:1: Premature end of file.
2026-04-12 23:19:58,022 [ERROR] LogOutputStream:75 - [STDERR_REDIRECT] 
2026-04-12 23:19:59,014 [ERROR] LogOutputStream:75 - [STDERR_REDIRECT] [Fatal Error] :1:1: Premature end of file.
2026-04-12 23:19:59,014 [ERROR] LogOutputStream:75 - [STDERR_REDIRECT] 
2026-04-12 23:20:00,016 [ERROR] LogOutputStream:75 - [STDERR_REDIRECT] [Fatal Error] :1:1: Premature end of file.
2026-04-12 23:20:00,017 [ERROR] LogOutputStream:75 - [STDERR_REDIRECT] 
2026-04-12 23:20:01,016 [ERROR] LogOutputStream:75 - [STDERR_REDIRECT] [Fatal Error] :1:1: Premature end of file.
2026-04-12 23:20:01,016 [ERROR] LogOutputStream:75 - [STDERR_REDIRECT] 
2026-04-12 23:20:02,001 [ERROR] LogOutputStream:75 - [STDERR_REDIRECT] [Fatal Error] :1:1: Premature end of file.
2026-04-12 23:20:02,001 [ERROR] LogOutputStream:75 - [STDERR_REDIRECT] 
2026-04-12 23:20:03,006 [ERROR] LogOutputStream:75 - [STDERR_REDIRECT] [Fatal Error] :1:1: Premature end of file.
2026-04-12 23:20:03,007 [ERROR] LogOutputStream:75 - [STDERR_REDIRECT] 
2026-04-12 23:20:04,032 [ERROR] LogOutputStream:75 - [STDERR_REDIRECT] [Fatal Error] :1:1: Premature end of file.
2026-04-12 23:20:04,032 [ERROR] LogOutputStream:75 - [STDERR_REDIRECT] 
2026-04-12 23:20:05,001 [ERROR] LogOutputStream:75 - [STDERR_REDIRECT] [Fatal Error] :1:1: Premature end of file.
2026-04-12 23:20:05,001 [ERROR] LogOutputStream:75 - [STDERR_REDIRECT] 
2026-04-12 23:20:05,996 [ERROR] LogOutputStream:75 - [STDERR_REDIRECT] [Fatal Error] :1:1: Premature end of file.
2026-04-12 23:20:05,996 [ERROR] LogOutputStream:75 - [STDERR_REDIRECT] 
2026-04-12 23:20:06,989 [ERROR] LogOutputStream:75 - [STDERR_REDIRECT] [Fatal Error] :1:1: Premature end of file.
2026-04-12 23:20:06,989 [ERROR] LogOutputStream:75 - [STDERR_REDIRECT] 
2026-04-12 23:20:08,004 [ERROR] LogOutputStream:75 - [STDERR_REDIRECT] [Fatal Error] :1:1: Premature end of file.
2026-04-12 23:20:08,004 [ERROR] LogOutputStream:75 - [STDERR_REDIRECT] 
2026-04-12 23:20:08,996 [ERROR] LogOutputStream:75 - [STDERR_REDIRECT] [Fatal Error] :1:1: Premature end of file.
2026-04-12 23:20:08,996 [ERROR] LogOutputStream:75 - [STDERR_REDIRECT] 
2026-04-12 23:20:09,991 [ERROR] LogOutputStream:75 - [STDERR_REDIRECT] [Fatal Error] :1:1: Premature end of file.
2026-04-12 23:20:09,991 [ERROR] LogOutputStream:75 - [STDERR_REDIRECT] 
2026-04-12 23:20:11,002 [ERROR] LogOutputStream:75 - [STDERR_REDIRECT] [Fatal Error] :1:1: Premature end of file.
2026-04-12 23:20:11,003 [ERROR] LogOutputStream:75 - [STDERR_REDIRECT] 
2026-04-12 23:20:11,996 [ERROR] LogOutputStream:75 - [STDERR_REDIRECT] [Fatal Error] :1:1: Premature end of file.
2026-04-12 23:20:11,996 [ERROR] LogOutputStream:75 - [STDERR_REDIRECT] 
2026-04-12 23:20:12,991 [ERROR] LogOutputStream:75 - [STDERR_REDIRECT] [Fatal Error] :1:1: Premature end of file.
2026-04-12 23:20:12,992 [ERROR] LogOutputStream:75 - [STDERR_REDIRECT] 
2026-04-12 23:20:13,989 [ERROR] LogOutputStream:75 - [STDERR_REDIRECT] [Fatal Error] :1:1: Premature end of file.
2026-04-12 23:20:13,989 [ERROR] LogOutputStream:75 - [STDERR_REDIRECT] 
2026-04-12 23:20:15,001 [ERROR] LogOutputStream:75 - [STDERR_REDIRECT] [Fatal Error] :1:1: Premature end of file.
2026-04-12 23:20:15,002 [ERROR] LogOutputStream:75 - [STDERR_REDIRECT] 
2026-04-12 23:20:15,991 [ERROR] LogOutputStream:75 - [STDERR_REDIRECT] [Fatal Error] :1:1: Premature end of file.
2026-04-12 23:20:15,991 [ERROR] LogOutputStream:75 - [STDERR_REDIRECT] 
2026-04-12 23:20:17,002 [ERROR] LogOutputStream:75 - [STDERR_REDIRECT] [Fatal Error] :1:1: Premature end of file.
2026-04-12 23:20:17,002 [ERROR] LogOutputStream:75 - [STDERR_REDIRECT] 
2026-04-12 23:20:17,997 [ERROR] LogOutputStream:75 - [STDERR_REDIRECT] [Fatal Error] :1:1: Premature end of file.
2026-04-12 23:20:17,997 [ERROR] LogOutputStream:75 - [STDERR_REDIRECT] 
2026-04-12 23:20:18,994 [ERROR] LogOutputStream:75 - [STDERR_REDIRECT] [Fatal Error] :1:1: Premature end of file.
2026-04-12 23:20:18,994 [ERROR] LogOutputStream:75 - [STDERR_REDIRECT] 
2026-04-12 23:20:19,987 [ERROR] LogOutputStream:75 - [STDERR_REDIRECT] [Fatal Error] :1:1: Premature end of file.
2026-04-12 23:20:19,987 [ERROR] LogOutputStream:75 - [STDERR_REDIRECT] 
2026-04-12 23:20:20,998 [ERROR] LogOutputStream:75 - [STDERR_REDIRECT] [Fatal Error] :1:1: Premature end of file.
2026-04-12 23:20:20,998 [ERROR] LogOutputStream:75 - [STDERR_REDIRECT] 
2026-04-12 23:20:21,996 [ERROR] LogOutputStream:75 - [STDERR_REDIRECT] [Fatal Error] :1:1: Premature end of file.
2026-04-12 23:20:21,996 [ERROR] LogOutputStream:75 - [STDERR_REDIRECT] 
2026-04-12 23:20:22,995 [ERROR] LogOutputStream:75 - [STDERR_REDIRECT] [Fatal Error] :1:1: Premature end of file.
2026-04-12 23:20:22,995 [ERROR] LogOutputStream:75 - [STDERR_REDIRECT] 
2026-04-12 23:20:23,995 [ERROR] LogOutputStream:75 - [STDERR_REDIRECT] [Fatal Error] :1:1: Premature end of file.
2026-04-12 23:20:23,996 [ERROR] LogOutputStream:75 - [STDERR_REDIRECT] 
2026-04-12 23:20:25,001 [ERROR] LogOutputStream:75 - [STDERR_REDIRECT] [Fatal Error] :1:1: Premature end of file.
2026-04-12 23:20:25,001 [ERROR] LogOutputStream:75 - [STDERR_REDIRECT] 
2026-04-12 23:20:25,992 [ERROR] LogOutputStream:75 - [STDERR_REDIRECT] [Fatal Error] :1:1: Premature end of file.
2026-04-12 23:20:25,992 [ERROR] LogOutputStream:75 - [STDERR_REDIRECT] 
2026-04-12 23:20:27,005 [ERROR] LogOutputStream:75 - [STDERR_REDIRECT] [Fatal Error] :1:1: Premature end of file.
2026-04-12 23:20:27,027 [ERROR] LogOutputStream:75 - [STDERR_REDIRECT] 
2026-04-12 23:20:27,997 [ERROR] LogOutputStream:75 - [STDERR_REDIRECT] [Fatal Error] :1:1: Premature end of file.
2026-04-12 23:20:27,997 [ERROR] LogOutputStream:75 - [STDERR_REDIRECT] 
2026-04-12 23:20:28,992 [ERROR] LogOutputStream:75 - [STDERR_REDIRECT] [Fatal Error] :1:1: Premature end of file.
2026-04-12 23:20:28,992 [ERROR] LogOutputStream:75 - [STDERR_REDIRECT] 
2026-04-12 23:20:29,989 [ERROR] LogOutputStream:75 - [STDERR_REDIRECT] [Fatal Error] :1:1: Premature end of file.
2026-04-12 23:20:29,989 [ERROR] LogOutputStream:75 - [STDERR_REDIRECT] 
2026-04-12 23:20:30,994 [ERROR] LogOutputStream:75 - [STDERR_REDIRECT] [Fatal Error] :1:1: Premature end of file.
2026-04-12 23:20:30,995 [ERROR] LogOutputStream:75 - [STDERR_REDIRECT] 
2026-04-12 23:20:31,992 [ERROR] LogOutputStream:75 - [STDERR_REDIRECT] [Fatal Error] :1:1: Premature end of file.
2026-04-12 23:20:31,993 [ERROR] LogOutputStream:75 - [STDERR_REDIRECT] 
2026-04-12 23:20:33,004 [ERROR] LogOutputStream:75 - [STDERR_REDIRECT] [Fatal Error] :1:1: Premature end of file.
2026-04-12 23:20:33,004 [ERROR] LogOutputStream:75 - [STDERR_REDIRECT] 
2026-04-12 23:20:33,999 [ERROR] LogOutputStream:75 - [STDERR_REDIRECT] [Fatal Error] :1:1: Premature end of file.
2026-04-12 23:20:33,999 [ERROR] LogOutputStream:75 - [STDERR_REDIRECT] 
2026-04-12 23:20:34,996 [ERROR] LogOutputStream:75 - [STDERR_REDIRECT] [Fatal Error] :1:1: Premature end of file.
2026-04-12 23:20:34,997 [ERROR] LogOutputStream:75 - [STDERR_REDIRECT] 
2026-04-12 23:20:36,000 [ERROR] LogOutputStream:75 - [STDERR_REDIRECT] [Fatal Error] :1:1: Premature end of file.
2026-04-12 23:20:36,001 [ERROR] LogOutputStream:75 - [STDERR_REDIRECT] 
2026-04-12 23:20:37,003 [ERROR] LogOutputStream:75 - [STDERR_REDIRECT] [Fatal Error] :1:1: Premature end of file.
2026-04-12 23:20:37,003 [ERROR] LogOutputStream:75 - [STDERR_REDIRECT] 
2026-04-12 23:20:37,996 [ERROR] LogOutputStream:75 - [STDERR_REDIRECT] [Fatal Error] :1:1: Premature end of file.
2026-04-12 23:20:37,996 [ERROR] LogOutputStream:75 - [STDERR_REDIRECT] 
2026-04-12 23:20:38,988 [ERROR] LogOutputStream:75 - [STDERR_REDIRECT] [Fatal Error] :1:1: Premature end of file.
2026-04-12 23:20:38,988 [ERROR] LogOutputStream:75 - [STDERR_REDIRECT] 
2026-04-12 23:20:40,000 [ERROR] LogOutputStream:75 - [STDERR_REDIRECT] [Fatal Error] :1:1: Premature end of file.
2026-04-12 23:20:40,000 [ERROR] LogOutputStream:75 - [STDERR_REDIRECT] 
2026-04-12 23:20:40,997 [ERROR] LogOutputStream:75 - [STDERR_REDIRECT] [Fatal Error] :1:1: Premature end of file.
2026-04-12 23:20:40,997 [ERROR] LogOutputStream:75 - [STDERR_REDIRECT] 
2026-04-12 23:20:41,993 [ERROR] LogOutputStream:75 - [STDERR_REDIRECT] [Fatal Error] :1:1: Premature end of file.
2026-04-12 23:20:41,993 [ERROR] LogOutputStream:75 - [STDERR_REDIRECT] 
2026-04-12 23:20:42,994 [ERROR] LogOutputStream:75 - [STDERR_REDIRECT] [Fatal Error] :1:1: Premature end of file.
2026-04-12 23:20:42,994 [ERROR] LogOutputStream:75 - [STDERR_REDIRECT] 
2026-04-12 23:20:43,987 [ERROR] LogOutputStream:75 - [STDERR_REDIRECT] [Fatal Error] :1:1: Premature end of file.
2026-04-12 23:20:43,988 [ERROR] LogOutputStream:75 - [STDERR_REDIRECT] 
2026-04-12 23:20:45,001 [ERROR] LogOutputStream:75 - [STDERR_REDIRECT] [Fatal Error] :1:1: Premature end of file.
2026-04-12 23:20:45,001 [ERROR] LogOutputStream:75 - [STDERR_REDIRECT] 
2026-04-12 23:20:45,997 [ERROR] LogOutputStream:75 - [STDERR_REDIRECT] [Fatal Error] :1:1: Premature end of file.
2026-04-12 23:20:45,997 [ERROR] LogOutputStream:75 - [STDERR_REDIRECT] 
2026-04-12 23:20:46,994 [ERROR] LogOutputStream:75 - [STDERR_REDIRECT] [Fatal Error] :1:1: Premature end of file.
2026-04-12 23:20:46,994 [ERROR] LogOutputStream:75 - [STDERR_REDIRECT] 
2026-04-12 23:20:48,003 [ERROR] LogOutputStream:75 - [STDERR_REDIRECT] [Fatal Error] :1:1: Premature end of file.
2026-04-12 23:20:48,003 [ERROR] LogOutputStream:75 - [STDERR_REDIRECT] 
2026-04-12 23:20:48,998 [ERROR] LogOutputStream:75 - [STDERR_REDIRECT] [Fatal Error] :1:1: Premature end of file.
2026-04-12 23:20:49,044 [ERROR] LogOutputStream:75 - [STDERR_REDIRECT] 
2026-04-12 23:20:49,997 [ERROR] LogOutputStream:75 - [STDERR_REDIRECT] [Fatal Error] :1:1: Premature end of file.
2026-04-12 23:20:49,997 [ERROR] LogOutputStream:75 - [STDERR_REDIRECT] 
2026-04-12 23:20:50,993 [ERROR] LogOutputStream:75 - [STDERR_REDIRECT] [Fatal Error] :1:1: Premature end of file.
2026-04-12 23:20:50,993 [ERROR] LogOutputStream:75 - [STDERR_REDIRECT] 
2026-04-12 23:20:51,999 [ERROR] LogOutputStream:75 - [STDERR_REDIRECT] [Fatal Error] :1:1: Premature end of file.
2026-04-12 23:20:52,000 [ERROR] LogOutputStream:75 - [STDERR_REDIRECT] 
2026-04-12 23:20:52,992 [ERROR] LogOutputStream:75 - [STDERR_REDIRECT] [Fatal Error] :1:1: Premature end of file.
2026-04-12 23:20:52,993 [ERROR] LogOutputStream:75 - [STDERR_REDIRECT] 
2026-04-12 23:20:54,002 [ERROR] LogOutputStream:75 - [STDERR_REDIRECT] [Fatal Error] :1:1: Premature end of file.
2026-04-12 23:20:54,002 [ERROR] LogOutputStream:75 - [STDERR_REDIRECT] 
2026-04-12 23:20:55,001 [ERROR] LogOutputStream:75 - [STDERR_REDIRECT] [Fatal Error] :1:1: Premature end of file.
2026-04-12 23:20:55,001 [ERROR] LogOutputStream:75 - [STDERR_REDIRECT] 
2026-04-12 23:20:56,001 [ERROR] LogOutputStream:75 - [STDERR_REDIRECT] [Fatal Error] :1:1: Premature end of file.
2026-04-12 23:20:56,001 [ERROR] LogOutputStream:75 - [STDERR_REDIRECT] 
2026-04-12 23:20:57,000 [ERROR] LogOutputStream:75 - [STDERR_REDIRECT] [Fatal Error] :1:1: Premature end of file.
2026-04-12 23:20:57,001 [ERROR] LogOutputStream:75 - [STDERR_REDIRECT] 
2026-04-12 23:20:57,991 [ERROR] LogOutputStream:75 - [STDERR_REDIRECT] [Fatal Error] :1:1: Premature end of file.
2026-04-12 23:20:57,991 [ERROR] LogOutputStream:75 - [STDERR_REDIRECT] 
2026-04-12 23:20:59,001 [ERROR] LogOutputStream:75 - [STDERR_REDIRECT] [Fatal Error] :1:1: Premature end of file.
2026-04-12 23:20:59,001 [ERROR] LogOutputStream:75 - [STDERR_REDIRECT] 
2026-04-12 23:20:59,999 [ERROR] LogOutputStream:75 - [STDERR_REDIRECT] [Fatal Error] :1:1: Premature end of file.
2026-04-12 23:20:59,999 [ERROR] LogOutputStream:75 - [STDERR_REDIRECT] 
2026-04-12 23:21:01,000 [ERROR] LogOutputStream:75 - [STDERR_REDIRECT] [Fatal Error] :1:1: Premature end of file.
2026-04-12 23:21:01,000 [ERROR] LogOutputStream:75 - [STDERR_REDIRECT] 
2026-04-12 23:21:02,001 [ERROR] LogOutputStream:75 - [STDERR_REDIRECT] [Fatal Error] :1:1: Premature end of file.
2026-04-12 23:21:02,001 [ERROR] LogOutputStream:75 - [STDERR_REDIRECT] 
2026-04-12 23:21:03,003 [ERROR] LogOutputStream:75 - [STDERR_REDIRECT] [Fatal Error] :1:1: Premature end of file.
2026-04-12 23:21:03,003 [ERROR] LogOutputStream:75 - [STDERR_REDIRECT] 
2026-04-12 23:21:03,994 [ERROR] LogOutputStream:75 - [STDERR_REDIRECT] [Fatal Error] :1:1: Premature end of file.
2026-04-12 23:21:03,994 [ERROR] LogOutputStream:75 - [STDERR_REDIRECT] 
2026-04-12 23:21:04,989 [ERROR] LogOutputStream:75 - [STDERR_REDIRECT] [Fatal Error] :1:1: Premature end of file.
2026-04-12 23:21:04,989 [ERROR] LogOutputStream:75 - [STDERR_REDIRECT] 
2026-04-12 23:21:05,992 [ERROR] LogOutputStream:75 - [STDERR_REDIRECT] [Fatal Error] :1:1: Premature end of file.
2026-04-12 23:21:05,992 [ERROR] LogOutputStream:75 - [STDERR_REDIRECT] 
2026-04-12 23:21:07,002 [ERROR] LogOutputStream:75 - [STDERR_REDIRECT] [Fatal Error] :1:1: Premature end of file.
2026-04-12 23:21:07,002 [ERROR] LogOutputStream:75 - [STDERR_REDIRECT] 
2026-04-12 23:21:07,988 [ERROR] LogOutputStream:75 - [STDERR_REDIRECT] [Fatal Error] :1:1: Premature end of file.
2026-04-12 23:21:07,989 [ERROR] LogOutputStream:75 - [STDERR_REDIRECT] 
2026-04-12 23:21:08,997 [ERROR] LogOutputStream:75 - [STDERR_REDIRECT] [Fatal Error] :1:1: Premature end of file.
2026-04-12 23:21:08,997 [ERROR] LogOutputStream:75 - [STDERR_REDIRECT] 
2026-04-12 23:21:09,996 [ERROR] LogOutputStream:75 - [STDERR_REDIRECT] [Fatal Error] :1:1: Premature end of file.
2026-04-12 23:21:09,996 [ERROR] LogOutputStream:75 - [STDERR_REDIRECT] 
2026-04-12 23:21:10,994 [ERROR] LogOutputStream:75 - [STDERR_REDIRECT] [Fatal Error] :1:1: Premature end of file.
2026-04-12 23:21:10,994 [ERROR] LogOutputStream:75 - [STDERR_REDIRECT] 
2026-04-12 23:21:12,001 [ERROR] LogOutputStream:75 - [STDERR_REDIRECT] [Fatal Error] :1:1: Premature end of file.
2026-04-12 23:21:12,002 [ERROR] LogOutputStream:75 - [STDERR_REDIRECT] 
2026-04-12 23:21:12,998 [ERROR] LogOutputStream:75 - [STDERR_REDIRECT] [Fatal Error] :1:1: Premature end of file.
2026-04-12 23:21:12,998 [ERROR] LogOutputStream:75 - [STDERR_REDIRECT] 
2026-04-12 23:21:13,993 [ERROR] LogOutputStream:75 - [STDERR_REDIRECT] [Fatal Error] :1:1: Premature end of file.
2026-04-12 23:21:13,993 [ERROR] LogOutputStream:75 - [STDERR_REDIRECT] 
2026-04-12 23:21:14,989 [ERROR] LogOutputStream:75 - [STDERR_REDIRECT] [Fatal Error] :1:1: Premature end of file.
2026-04-12 23:21:14,989 [ERROR] LogOutputStream:75 - [STDERR_REDIRECT] 
2026-04-12 23:21:16,000 [ERROR] LogOutputStream:75 - [STDERR_REDIRECT] [Fatal Error] :1:1: Premature end of file.
2026-04-12 23:21:16,000 [ERROR] LogOutputStream:75 - [STDERR_REDIRECT] 
2026-04-12 23:21:16,996 [ERROR] LogOutputStream:75 - [STDERR_REDIRECT] [Fatal Error] :1:1: Premature end of file.
2026-04-12 23:21:16,996 [ERROR] LogOutputStream:75 - [STDERR_REDIRECT] 
2026-04-12 23:21:18,004 [ERROR] LogOutputStream:75 - [STDERR_REDIRECT] [Fatal Error] :1:1: Premature end of file.
2026-04-12 23:21:18,005 [ERROR] LogOutputStream:75 - [STDERR_REDIRECT] 
2026-04-12 23:21:18,999 [ERROR] LogOutputStream:75 - [STDERR_REDIRECT] [Fatal Error] :1:1: Premature end of file.
2026-04-12 23:21:18,999 [ERROR] LogOutputStream:75 - [STDERR_REDIRECT] 
2026-04-12 23:21:19,992 [ERROR] LogOutputStream:75 - [STDERR_REDIRECT] [Fatal Error] :1:1: Premature end of file.
2026-04-12 23:21:19,992 [ERROR] LogOutputStream:75 - [STDERR_REDIRECT] 
2026-04-12 23:21:20,986 [ERROR] LogOutputStream:75 - [STDERR_REDIRECT] [Fatal Error] :1:1: Premature end of file.
2026-04-12 23:21:20,986 [ERROR] LogOutputStream:75 - [STDERR_REDIRECT] 
2026-04-12 23:21:22,000 [ERROR] LogOutputStream:75 - [STDERR_REDIRECT] [Fatal Error] :1:1: Premature end of file.
2026-04-12 23:21:22,000 [ERROR] LogOutputStream:75 - [STDERR_REDIRECT] 
2026-04-12 23:21:22,997 [ERROR] LogOutputStream:75 - [STDERR_REDIRECT] [Fatal Error] :1:1: Premature end of file.
2026-04-12 23:21:22,998 [ERROR] LogOutputStream:75 - [STDERR_REDIRECT] 
2026-04-12 23:21:23,994 [ERROR] LogOutputStream:75 - [STDERR_REDIRECT] [Fatal Error] :1:1: Premature end of file.
2026-04-12 23:21:23,995 [ERROR] LogOutputStream:75 - [STDERR_REDIRECT] 
2026-04-12 23:21:24,993 [ERROR] LogOutputStream:75 - [STDERR_REDIRECT] [Fatal Error] :1:1: Premature end of file.
2026-04-12 23:21:24,994 [ERROR] LogOutputStream:75 - [STDERR_REDIRECT] 
2026-04-12 23:21:25,989 [ERROR] LogOutputStream:75 - [STDERR_REDIRECT] [Fatal Error] :1:1: Premature end of file.
2026-04-12 23:21:25,989 [ERROR] LogOutputStream:75 - [STDERR_REDIRECT] 
2026-04-12 23:21:26,998 [ERROR] LogOutputStream:75 - [STDERR_REDIRECT] [Fatal Error] :1:1: Premature end of file.
2026-04-12 23:21:26,998 [ERROR] LogOutputStream:75 - [STDERR_REDIRECT] 
2026-04-12 23:21:27,993 [ERROR] LogOutputStream:75 - [STDERR_REDIRECT] [Fatal Error] :1:1: Premature end of file.
2026-04-12 23:21:27,994 [ERROR] LogOutputStream:75 - [STDERR_REDIRECT] 
2026-04-12 23:21:28,992 [ERROR] LogOutputStream:75 - [STDERR_REDIRECT] [Fatal Error] :1:1: Premature end of file.
2026-04-12 23:21:28,992 [ERROR] LogOutputStream:75 - [STDERR_REDIRECT] 
2026-04-12 23:21:30,000 [ERROR] LogOutputStream:75 - [STDERR_REDIRECT] [Fatal Error] :1:1: Premature end of file.
2026-04-12 23:21:30,000 [ERROR] LogOutputStream:75 - [STDERR_REDIRECT] 
2026-04-12 23:21:30,991 [ERROR] LogOutputStream:75 - [STDERR_REDIRECT] [Fatal Error] :1:1: Premature end of file.
2026-04-12 23:21:30,991 [ERROR] LogOutputStream:75 - [STDERR_REDIRECT] 
2026-04-12 23:21:31,999 [ERROR] LogOutputStream:75 - [STDERR_REDIRECT] [Fatal Error] :1:1: Premature end of file.
2026-04-12 23:21:31,999 [ERROR] LogOutputStream:75 - [STDERR_REDIRECT] 
2026-04-12 23:21:32,997 [ERROR] LogOutputStream:75 - [STDERR_REDIRECT] [Fatal Error] :1:1: Premature end of file.
2026-04-12 23:21:32,998 [ERROR] LogOutputStream:75 - [STDERR_REDIRECT] 
2026-04-12 23:21:33,992 [ERROR] LogOutputStream:75 - [STDERR_REDIRECT] [Fatal Error] :1:1: Premature end of file.
2026-04-12 23:21:33,992 [ERROR] LogOutputStream:75 - [STDERR_REDIRECT] 
2026-04-12 23:21:34,987 [ERROR] LogOutputStream:75 - [STDERR_REDIRECT] [Fatal Error] :1:1: Premature end of file.
2026-04-12 23:21:34,987 [ERROR] LogOutputStream:75 - [STDERR_REDIRECT] 
2026-04-12 23:21:35,999 [ERROR] LogOutputStream:75 - [STDERR_REDIRECT] [Fatal Error] :1:1: Premature end of file.
2026-04-12 23:21:35,999 [ERROR] LogOutputStream:75 - [STDERR_REDIRECT] 
2026-04-12 23:21:36,989 [ERROR] LogOutputStream:75 - [STDERR_REDIRECT] [Fatal Error] :1:1: Premature end of file.
2026-04-12 23:21:36,989 [ERROR] LogOutputStream:75 - [STDERR_REDIRECT] 
2026-04-12 23:21:38,003 [ERROR] LogOutputStream:75 - [STDERR_REDIRECT] [Fatal Error] :1:1: Premature end of file.
2026-04-12 23:21:38,003 [ERROR] LogOutputStream:75 - [STDERR_REDIRECT] 
2026-04-12 23:21:38,997 [ERROR] LogOutputStream:75 - [STDERR_REDIRECT] [Fatal Error] :1:1: Premature end of file.
2026-04-12 23:21:38,997 [ERROR] LogOutputStream:75 - [STDERR_REDIRECT] 
2026-04-12 23:21:39,991 [ERROR] LogOutputStream:75 - [STDERR_REDIRECT] [Fatal Error] :1:1: Premature end of file.
2026-04-12 23:21:39,991 [ERROR] LogOutputStream:75 - [STDERR_REDIRECT] 
2026-04-12 23:21:41,002 [ERROR] LogOutputStream:75 - [STDERR_REDIRECT] [Fatal Error] :1:1: Premature end of file.
2026-04-12 23:21:41,003 [ERROR] LogOutputStream:75 - [STDERR_REDIRECT] 
2026-04-12 23:21:41,994 [ERROR] LogOutputStream:75 - [STDERR_REDIRECT] [Fatal Error] :1:1: Premature end of file.
2026-04-12 23:21:41,994 [ERROR] LogOutputStream:75 - [STDERR_REDIRECT] 
2026-04-12 23:21:42,991 [ERROR] LogOutputStream:75 - [STDERR_REDIRECT] [Fatal Error] :1:1: Premature end of file.
2026-04-12 23:21:42,991 [ERROR] LogOutputStream:75 - [STDERR_REDIRECT] 
2026-04-12 23:21:43,990 [ERROR] LogOutputStream:75 - [STDERR_REDIRECT] [Fatal Error] :1:1: Premature end of file.
2026-04-12 23:21:43,990 [ERROR] LogOutputStream:75 - [STDERR_REDIRECT] 
2026-04-12 23:21:44,999 [ERROR] LogOutputStream:75 - [STDERR_REDIRECT] [Fatal Error] :1:1: Premature end of file.
2026-04-12 23:21:44,999 [ERROR] LogOutputStream:75 - [STDERR_REDIRECT] 
2026-04-12 23:21:45,991 [ERROR] LogOutputStream:75 - [STDERR_REDIRECT] [Fatal Error] :1:1: Premature end of file.
2026-04-12 23:21:45,991 [ERROR] LogOutputStream:75 - [STDERR_REDIRECT] 
2026-04-12 23:21:46,996 [ERROR] LogOutputStream:75 - [STDERR_REDIRECT] [Fatal Error] :1:1: Premature end of file.
2026-04-12 23:21:46,997 [ERROR] LogOutputStream:75 - [STDERR_REDIRECT] 
2026-04-12 23:21:48,002 [ERROR] LogOutputStream:75 - [STDERR_REDIRECT] [Fatal Error] :1:1: Premature end of file.
2026-04-12 23:21:48,002 [ERROR] LogOutputStream:75 - [STDERR_REDIRECT] 
2026-04-12 23:21:48,994 [ERROR] LogOutputStream:75 - [STDERR_REDIRECT] [Fatal Error] :1:1: Premature end of file.
2026-04-12 23:21:48,994 [ERROR] LogOutputStream:75 - [STDERR_REDIRECT] 
2026-04-12 23:21:49,989 [ERROR] LogOutputStream:75 - [STDERR_REDIRECT] [Fatal Error] :1:1: Premature end of file.
2026-04-12 23:21:49,989 [ERROR] LogOutputStream:75 - [STDERR_REDIRECT] 
2026-04-12 23:21:51,002 [ERROR] LogOutputStream:75 - [STDERR_REDIRECT] [Fatal Error] :1:1: Premature end of file.
2026-04-12 23:21:51,003 [ERROR] LogOutputStream:75 - [STDERR_REDIRECT] 
2026-04-12 23:21:51,999 [ERROR] LogOutputStream:75 - [STDERR_REDIRECT] [Fatal Error] :1:1: Premature end of file.
2026-04-12 23:21:52,000 [ERROR] LogOutputStream:75 - [STDERR_REDIRECT] 
2026-04-12 23:21:52,995 [ERROR] LogOutputStream:75 - [STDERR_REDIRECT] [Fatal Error] :1:1: Premature end of file.
2026-04-12 23:21:52,995 [ERROR] LogOutputStream:75 - [STDERR_REDIRECT] 
2026-04-12 23:21:53,990 [ERROR] LogOutputStream:75 - [STDERR_REDIRECT] [Fatal Error] :1:1: Premature end of file.
2026-04-12 23:21:53,991 [ERROR] LogOutputStream:75 - [STDERR_REDIRECT] 
2026-04-12 23:21:55,002 [ERROR] LogOutputStream:75 - [STDERR_REDIRECT] [Fatal Error] :1:1: Premature end of file.
2026-04-12 23:21:55,002 [ERROR] LogOutputStream:75 - [STDERR_REDIRECT] 
2026-04-12 23:21:55,995 [ERROR] LogOutputStream:75 - [STDERR_REDIRECT] [Fatal Error] :1:1: Premature end of file.
2026-04-12 23:21:55,995 [ERROR] LogOutputStream:75 - [STDERR_REDIRECT] 
2026-04-12 23:21:56,991 [ERROR] LogOutputStream:75 - [STDERR_REDIRECT] [Fatal Error] :1:1: Premature end of file.
2026-04-12 23:21:56,991 [ERROR] LogOutputStream:75 - [STDERR_REDIRECT] 
2026-04-12 23:21:58,001 [ERROR] LogOutputStream:75 - [STDERR_REDIRECT] [Fatal Error] :1:1: Premature end of file.
2026-04-12 23:21:58,002 [ERROR] LogOutputStream:75 - [STDERR_REDIRECT] 
2026-04-12 23:21:58,995 [ERROR] LogOutputStream:75 - [STDERR_REDIRECT] [Fatal Error] :1:1: Premature end of file.
2026-04-12 23:21:58,996 [ERROR] LogOutputStream:75 - [STDERR_REDIRECT] 
2026-04-12 23:21:59,989 [ERROR] LogOutputStream:75 - [STDERR_REDIRECT] [Fatal Error] :1:1: Premature end of file.
2026-04-12 23:21:59,989 [ERROR] LogOutputStream:75 - [STDERR_REDIRECT] 
2026-04-12 23:22:01,011 [ERROR] LogOutputStream:75 - [STDERR_REDIRECT] [Fatal Error] :1:1: Premature end of file.
2026-04-12 23:22:01,011 [ERROR] LogOutputStream:75 - [STDERR_REDIRECT] 
2026-04-12 23:22:01,999 [ERROR] LogOutputStream:75 - [STDERR_REDIRECT] [Fatal Error] :1:1: Premature end of file.
2026-04-12 23:22:01,999 [ERROR] LogOutputStream:75 - [STDERR_REDIRECT] 
2026-04-12 23:22:02,993 [ERROR] LogOutputStream:75 - [STDERR_REDIRECT] [Fatal Error] :1:1: Premature end of file.
2026-04-12 23:22:02,993 [ERROR] LogOutputStream:75 - [STDERR_REDIRECT] 
2026-04-12 23:22:04,003 [ERROR] LogOutputStream:75 - [STDERR_REDIRECT] [Fatal Error] :1:1: Premature end of file.
2026-04-12 23:22:04,003 [ERROR] LogOutputStream:75 - [STDERR_REDIRECT] 
2026-04-12 23:22:04,998 [ERROR] LogOutputStream:75 - [STDERR_REDIRECT] [Fatal Error] :1:1: Premature end of file.
2026-04-12 23:22:04,998 [ERROR] LogOutputStream:75 - [STDERR_REDIRECT] 
2026-04-12 23:22:05,993 [ERROR] LogOutputStream:75 - [STDERR_REDIRECT] [Fatal Error] :1:1: Premature end of file.
2026-04-12 23:22:05,994 [ERROR] LogOutputStream:75 - [STDERR_REDIRECT] 
2026-04-12 23:22:06,988 [ERROR] LogOutputStream:75 - [STDERR_REDIRECT] [Fatal Error] :1:1: Premature end of file.
2026-04-12 23:22:06,988 [ERROR] LogOutputStream:75 - [STDERR_REDIRECT] 
2026-04-12 23:22:08,004 [ERROR] LogOutputStream:75 - [STDERR_REDIRECT] [Fatal Error] :1:1: Premature end of file.
2026-04-12 23:22:08,005 [ERROR] LogOutputStream:75 - [STDERR_REDIRECT] 
2026-04-12 23:22:08,998 [ERROR] LogOutputStream:75 - [STDERR_REDIRECT] [Fatal Error] :1:1: Premature end of file.
2026-04-12 23:22:08,999 [ERROR] LogOutputStream:75 - [STDERR_REDIRECT] 
2026-04-12 23:22:09,989 [ERROR] LogOutputStream:75 - [STDERR_REDIRECT] [Fatal Error] :1:1: Premature end of file.
2026-04-12 23:22:09,989 [ERROR] LogOutputStream:75 - [STDERR_REDIRECT] 
2026-04-12 23:22:10,995 [ERROR] LogOutputStream:75 - [STDERR_REDIRECT] [Fatal Error] :1:1: Premature end of file.
2026-04-12 23:22:10,996 [ERROR] LogOutputStream:75 - [STDERR_REDIRECT] 
2026-04-12 23:22:12,001 [ERROR] LogOutputStream:75 - [STDERR_REDIRECT] [Fatal Error] :1:1: Premature end of file.
2026-04-12 23:22:12,001 [ERROR] LogOutputStream:75 - [STDERR_REDIRECT] 
2026-04-12 23:22:12,994 [ERROR] LogOutputStream:75 - [STDERR_REDIRECT] [Fatal Error] :1:1: Premature end of file.
2026-04-12 23:22:12,994 [ERROR] LogOutputStream:75 - [STDERR_REDIRECT] 
2026-04-12 23:22:14,004 [ERROR] LogOutputStream:75 - [STDERR_REDIRECT] [Fatal Error] :1:1: Premature end of file.
2026-04-12 23:22:14,004 [ERROR] LogOutputStream:75 - [STDERR_REDIRECT] 
2026-04-12 23:22:14,998 [ERROR] LogOutputStream:75 - [STDERR_REDIRECT] [Fatal Error] :1:1: Premature end of file.
2026-04-12 23:22:14,998 [ERROR] LogOutputStream:75 - [STDERR_REDIRECT] 
2026-04-12 23:22:16,001 [ERROR] LogOutputStream:75 - [STDERR_REDIRECT] [Fatal Error] :1:1: Premature end of file.
2026-04-12 23:22:16,001 [ERROR] LogOutputStream:75 - [STDERR_REDIRECT] 
2026-04-12 23:22:16,997 [ERROR] LogOutputStream:75 - [STDERR_REDIRECT] [Fatal Error] :1:1: Premature end of file.
2026-04-12 23:22:16,997 [ERROR] LogOutputStream:75 - [STDERR_REDIRECT] 
2026-04-12 23:22:17,988 [ERROR] LogOutputStream:75 - [STDERR_REDIRECT] [Fatal Error] :1:1: Premature end of file.
2026-04-12 23:22:17,989 [ERROR] LogOutputStream:75 - [STDERR_REDIRECT] 
2026-04-12 23:22:19,002 [ERROR] LogOutputStream:75 - [STDERR_REDIRECT] [Fatal Error] :1:1: Premature end of file.
2026-04-12 23:22:19,003 [ERROR] LogOutputStream:75 - [STDERR_REDIRECT] 
2026-04-12 23:22:19,995 [ERROR] LogOutputStream:75 - [STDERR_REDIRECT] [Fatal Error] :1:1: Premature end of file.
2026-04-12 23:22:19,995 [ERROR] LogOutputStream:75 - [STDERR_REDIRECT] 
2026-04-12 23:22:20,993 [ERROR] LogOutputStream:75 - [STDERR_REDIRECT] [Fatal Error] :1:1: Premature end of file.
2026-04-12 23:22:20,994 [ERROR] LogOutputStream:75 - [STDERR_REDIRECT] 
2026-04-12 23:22:22,004 [ERROR] LogOutputStream:75 - [STDERR_REDIRECT] [Fatal Error] :1:1: Premature end of file.
2026-04-12 23:22:22,004 [ERROR] LogOutputStream:75 - [STDERR_REDIRECT] 
2026-04-12 23:22:22,998 [ERROR] LogOutputStream:75 - [STDERR_REDIRECT] [Fatal Error] :1:1: Premature end of file.
2026-04-12 23:22:22,998 [ERROR] LogOutputStream:75 - [STDERR_REDIRECT] 
2026-04-12 23:22:23,991 [ERROR] LogOutputStream:75 - [STDERR_REDIRECT] [Fatal Error] :1:1: Premature end of file.
2026-04-12 23:22:23,991 [ERROR] LogOutputStream:75 - [STDERR_REDIRECT] 
2026-04-12 23:22:24,988 [ERROR] LogOutputStream:75 - [STDERR_REDIRECT] [Fatal Error] :1:1: Premature end of file.
2026-04-12 23:22:24,988 [ERROR] LogOutputStream:75 - [STDERR_REDIRECT] 
2026-04-12 23:22:26,000 [ERROR] LogOutputStream:75 - [STDERR_REDIRECT] [Fatal Error] :1:1: Premature end of file.
2026-04-12 23:22:26,000 [ERROR] LogOutputStream:75 - [STDERR_REDIRECT] 
2026-04-12 23:22:26,988 [ERROR] LogOutputStream:75 - [STDERR_REDIRECT] [Fatal Error] :1:1: Premature end of file.
2026-04-12 23:22:26,988 [ERROR] LogOutputStream:75 - [STDERR_REDIRECT] 
2026-04-12 23:22:27,995 [ERROR] LogOutputStream:75 - [STDERR_REDIRECT] [Fatal Error] :1:1: Premature end of file.
2026-04-12 23:22:27,995 [ERROR] LogOutputStream:75 - [STDERR_REDIRECT] 
2026-04-12 23:22:28,993 [ERROR] LogOutputStream:75 - [STDERR_REDIRECT] [Fatal Error] :1:1: Premature end of file.
2026-04-12 23:22:28,993 [ERROR] LogOutputStream:75 - [STDERR_REDIRECT] 
2026-04-12 23:22:30,002 [ERROR] LogOutputStream:75 - [STDERR_REDIRECT] [Fatal Error] :1:1: Premature end of file.
2026-04-12 23:22:30,002 [ERROR] LogOutputStream:75 - [STDERR_REDIRECT] 
2026-04-12 23:22:30,997 [ERROR] LogOutputStream:75 - [STDERR_REDIRECT] [Fatal Error] :1:1: Premature end of file.
2026-04-12 23:22:30,997 [ERROR] LogOutputStream:75 - [STDERR_REDIRECT] 
2026-04-12 23:22:31,992 [ERROR] LogOutputStream:75 - [STDERR_REDIRECT] [Fatal Error] :1:1: Premature end of file.
2026-04-12 23:22:31,992 [ERROR] LogOutputStream:75 - [STDERR_REDIRECT] 
2026-04-12 23:22:32,987 [ERROR] LogOutputStream:75 - [STDERR_REDIRECT] [Fatal Error] :1:1: Premature end of file.
2026-04-12 23:22:32,987 [ERROR] LogOutputStream:75 - [STDERR_REDIRECT] 
2026-04-12 23:22:33,993 [ERROR] LogOutputStream:75 - [STDERR_REDIRECT] [Fatal Error] :1:1: Premature end of file.
2026-04-12 23:22:33,993 [ERROR] LogOutputStream:75 - [STDERR_REDIRECT] 
2026-04-12 23:22:35,003 [ERROR] LogOutputStream:75 - [STDERR_REDIRECT] [Fatal Error] :1:1: Premature end of file.
2026-04-12 23:22:35,003 [ERROR] LogOutputStream:75 - [STDERR_REDIRECT] 
2026-04-12 23:22:36,004 [ERROR] LogOutputStream:75 - [STDERR_REDIRECT] [Fatal Error] :1:1: Premature end of file.
2026-04-12 23:22:36,005 [ERROR] LogOutputStream:75 - [STDERR_REDIRECT] 
2026-04-12 23:22:36,995 [ERROR] LogOutputStream:75 - [STDERR_REDIRECT] [Fatal Error] :1:1: Premature end of file.
2026-04-12 23:22:36,996 [ERROR] LogOutputStream:75 - [STDERR_REDIRECT] 
2026-04-12 23:22:37,991 [ERROR] LogOutputStream:75 - [STDERR_REDIRECT] [Fatal Error] :1:1: Premature end of file.
2026-04-12 23:22:37,991 [ERROR] LogOutputStream:75 - [STDERR_REDIRECT] 
2026-04-12 23:22:39,001 [ERROR] LogOutputStream:75 - [STDERR_REDIRECT] [Fatal Error] :1:1: Premature end of file.
2026-04-12 23:22:39,002 [ERROR] LogOutputStream:75 - [STDERR_REDIRECT] 
2026-04-12 23:22:39,997 [ERROR] LogOutputStream:75 - [STDERR_REDIRECT] [Fatal Error] :1:1: Premature end of file.
2026-04-12 23:22:39,997 [ERROR] LogOutputStream:75 - [STDERR_REDIRECT] 
2026-04-12 23:22:40,991 [ERROR] LogOutputStream:75 - [STDERR_REDIRECT] [Fatal Error] :1:1: Premature end of file.
2026-04-12 23:22:40,991 [ERROR] LogOutputStream:75 - [STDERR_REDIRECT] 
2026-04-12 23:22:41,999 [ERROR] LogOutputStream:75 - [STDERR_REDIRECT] [Fatal Error] :1:1: Premature end of file.
2026-04-12 23:22:42,000 [ERROR] LogOutputStream:75 - [STDERR_REDIRECT] 
2026-04-12 23:22:42,993 [ERROR] LogOutputStream:75 - [STDERR_REDIRECT] [Fatal Error] :1:1: Premature end of file.
2026-04-12 23:22:42,993 [ERROR] LogOutputStream:75 - [STDERR_REDIRECT] 
2026-04-12 23:22:43,998 [ERROR] LogOutputStream:75 - [STDERR_REDIRECT] [Fatal Error] :1:1: Premature end of file.
2026-04-12 23:22:43,999 [ERROR] LogOutputStream:75 - [STDERR_REDIRECT] 
2026-04-12 23:22:44,997 [ERROR] LogOutputStream:75 - [STDERR_REDIRECT] [Fatal Error] :1:1: Premature end of file.
2026-04-12 23:22:44,997 [ERROR] LogOutputStream:75 - [STDERR_REDIRECT] 
2026-04-12 23:22:45,995 [ERROR] LogOutputStream:75 - [STDERR_REDIRECT] [Fatal Error] :1:1: Premature end of file.
2026-04-12 23:22:45,995 [ERROR] LogOutputStream:75 - [STDERR_REDIRECT] 
2026-04-12 23:22:46,989 [ERROR] LogOutputStream:75 - [STDERR_REDIRECT] [Fatal Error] :1:1: Premature end of file.
2026-04-12 23:22:46,989 [ERROR] LogOutputStream:75 - [STDERR_REDIRECT] 
2026-04-12 23:22:47,989 [ERROR] LogOutputStream:75 - [STDERR_REDIRECT] [Fatal Error] :1:1: Premature end of file.
2026-04-12 23:22:47,989 [ERROR] LogOutputStream:75 - [STDERR_REDIRECT] 
2026-04-12 23:22:48,993 [ERROR] LogOutputStream:75 - [STDERR_REDIRECT] [Fatal Error] :1:1: Premature end of file.
2026-04-12 23:22:48,994 [ERROR] LogOutputStream:75 - [STDERR_REDIRECT] 
2026-04-12 23:22:49,996 [ERROR] LogOutputStream:75 - [STDERR_REDIRECT] [Fatal Error] :1:1: Premature end of file.
2026-04-12 23:22:49,996 [ERROR] LogOutputStream:75 - [STDERR_REDIRECT] 
2026-04-12 23:22:50,991 [ERROR] LogOutputStream:75 - [STDERR_REDIRECT] [Fatal Error] :1:1: Premature end of file.
2026-04-12 23:22:50,991 [ERROR] LogOutputStream:75 - [STDERR_REDIRECT] 
2026-04-12 23:22:52,002 [ERROR] LogOutputStream:75 - [STDERR_REDIRECT] [Fatal Error] :1:1: Premature end of file.
2026-04-12 23:22:52,002 [ERROR] LogOutputStream:75 - [STDERR_REDIRECT] 
2026-04-12 23:22:53,000 [ERROR] LogOutputStream:75 - [STDERR_REDIRECT] [Fatal Error] :1:1: Premature end of file.
2026-04-12 23:22:53,000 [ERROR] LogOutputStream:75 - [STDERR_REDIRECT] 
2026-04-12 23:22:53,994 [ERROR] LogOutputStream:75 - [STDERR_REDIRECT] [Fatal Error] :1:1: Premature end of file.
2026-04-12 23:22:53,995 [ERROR] LogOutputStream:75 - [STDERR_REDIRECT] 
2026-04-12 23:22:54,989 [ERROR] LogOutputStream:75 - [STDERR_REDIRECT] [Fatal Error] :1:1: Premature end of file.
2026-04-12 23:22:54,989 [ERROR] LogOutputStream:75 - [STDERR_REDIRECT] 
2026-04-12 23:22:56,002 [ERROR] LogOutputStream:75 - [STDERR_REDIRECT] [Fatal Error] :1:1: Premature end of file.
2026-04-12 23:22:56,002 [ERROR] LogOutputStream:75 - [STDERR_REDIRECT] 
2026-04-12 23:22:57,001 [ERROR] LogOutputStream:75 - [STDERR_REDIRECT] [Fatal Error] :1:1: Premature end of file.
2026-04-12 23:22:57,002 [ERROR] LogOutputStream:75 - [STDERR_REDIRECT] 
2026-04-12 23:22:57,997 [ERROR] LogOutputStream:75 - [STDERR_REDIRECT] [Fatal Error] :1:1: Premature end of file.
2026-04-12 23:22:57,997 [ERROR] LogOutputStream:75 - [STDERR_REDIRECT] 
2026-04-12 23:22:58,993 [ERROR] LogOutputStream:75 - [STDERR_REDIRECT] [Fatal Error] :1:1: Premature end of file.
2026-04-12 23:22:58,993 [ERROR] LogOutputStream:75 - [STDERR_REDIRECT] 
2026-04-12 23:23:00,000 [ERROR] LogOutputStream:75 - [STDERR_REDIRECT] [Fatal Error] :1:1: Premature end of file.
2026-04-12 23:23:00,000 [ERROR] LogOutputStream:75 - [STDERR_REDIRECT] 
2026-04-12 23:23:01,003 [ERROR] LogOutputStream:75 - [STDERR_REDIRECT] [Fatal Error] :1:1: Premature end of file.
2026-04-12 23:23:01,003 [ERROR] LogOutputStream:75 - [STDERR_REDIRECT] 
2026-04-12 23:23:01,992 [ERROR] LogOutputStream:75 - [STDERR_REDIRECT] [Fatal Error] :1:1: Premature end of file.
2026-04-12 23:23:01,992 [ERROR] LogOutputStream:75 - [STDERR_REDIRECT] 
2026-04-12 23:23:03,002 [ERROR] LogOutputStream:75 - [STDERR_REDIRECT] [Fatal Error] :1:1: Premature end of file.
2026-04-12 23:23:03,002 [ERROR] LogOutputStream:75 - [STDERR_REDIRECT] 
2026-04-12 23:23:03,997 [ERROR] LogOutputStream:75 - [STDERR_REDIRECT] [Fatal Error] :1:1: Premature end of file.
2026-04-12 23:23:03,997 [ERROR] LogOutputStream:75 - [STDERR_REDIRECT] 
2026-04-12 23:23:04,993 [ERROR] LogOutputStream:75 - [STDERR_REDIRECT] [Fatal Error] :1:1: Premature end of file.
2026-04-12 23:23:04,993 [ERROR] LogOutputStream:75 - [STDERR_REDIRECT] 
2026-04-12 23:23:05,990 [ERROR] LogOutputStream:75 - [STDERR_REDIRECT] [Fatal Error] :1:1: Premature end of file.
2026-04-12 23:23:05,990 [ERROR] LogOutputStream:75 - [STDERR_REDIRECT] 
2026-04-12 23:23:06,999 [ERROR] LogOutputStream:75 - [STDERR_REDIRECT] [Fatal Error] :1:1: Premature end of file.
2026-04-12 23:23:06,999 [ERROR] LogOutputStream:75 - [STDERR_REDIRECT] 
2026-04-12 23:23:07,991 [ERROR] LogOutputStream:75 - [STDERR_REDIRECT] [Fatal Error] :1:1: Premature end of file.
2026-04-12 23:23:07,991 [ERROR] LogOutputStream:75 - [STDERR_REDIRECT] 
2026-04-12 23:23:09,002 [ERROR] LogOutputStream:75 - [STDERR_REDIRECT] [Fatal Error] :1:1: Premature end of file.
2026-04-12 23:23:09,002 [ERROR] LogOutputStream:75 - [STDERR_REDIRECT] 
2026-04-12 23:23:10,000 [ERROR] LogOutputStream:75 - [STDERR_REDIRECT] [Fatal Error] :1:1: Premature end of file.
2026-04-12 23:23:10,000 [ERROR] LogOutputStream:75 - [STDERR_REDIRECT] 
2026-04-12 23:23:10,996 [ERROR] LogOutputStream:75 - [STDERR_REDIRECT] [Fatal Error] :1:1: Premature end of file.
2026-04-12 23:23:10,996 [ERROR] LogOutputStream:75 - [STDERR_REDIRECT] 
2026-04-12 23:23:11,995 [ERROR] LogOutputStream:75 - [STDERR_REDIRECT] [Fatal Error] :1:1: Premature end of file.
2026-04-12 23:23:11,995 [ERROR] LogOutputStream:75 - [STDERR_REDIRECT] 
2026-04-12 23:23:12,986 [ERROR] LogOutputStream:75 - [STDERR_REDIRECT] [Fatal Error] :1:1: Premature end of file.
2026-04-12 23:23:12,987 [ERROR] LogOutputStream:75 - [STDERR_REDIRECT] 
2026-04-12 23:23:14,003 [ERROR] LogOutputStream:75 - [STDERR_REDIRECT] [Fatal Error] :1:1: Premature end of file.
2026-04-12 23:23:14,003 [ERROR] LogOutputStream:75 - [STDERR_REDIRECT] 
2026-04-12 23:23:15,000 [ERROR] LogOutputStream:75 - [STDERR_REDIRECT] [Fatal Error] :1:1: Premature end of file.
2026-04-12 23:23:15,000 [ERROR] LogOutputStream:75 - [STDERR_REDIRECT] 
2026-04-12 23:23:15,996 [ERROR] LogOutputStream:75 - [STDERR_REDIRECT] [Fatal Error] :1:1: Premature end of file.
2026-04-12 23:23:15,996 [ERROR] LogOutputStream:75 - [STDERR_REDIRECT] 
2026-04-12 23:23:16,990 [ERROR] LogOutputStream:75 - [STDERR_REDIRECT] [Fatal Error] :1:1: Premature end of file.
2026-04-12 23:23:16,990 [ERROR] LogOutputStream:75 - [STDERR_REDIRECT] 
2026-04-12 23:23:18,000 [ERROR] LogOutputStream:75 - [STDERR_REDIRECT] [Fatal Error] :1:1: Premature end of file.
2026-04-12 23:23:18,001 [ERROR] LogOutputStream:75 - [STDERR_REDIRECT] 
2026-04-12 23:23:18,998 [ERROR] LogOutputStream:75 - [STDERR_REDIRECT] [Fatal Error] :1:1: Premature end of file.
2026-04-12 23:23:18,998 [ERROR] LogOutputStream:75 - [STDERR_REDIRECT] 
2026-04-12 23:23:19,991 [ERROR] LogOutputStream:75 - [STDERR_REDIRECT] [Fatal Error] :1:1: Premature end of file.
2026-04-12 23:23:19,991 [ERROR] LogOutputStream:75 - [STDERR_REDIRECT] 
2026-04-12 23:23:21,003 [ERROR] LogOutputStream:75 - [STDERR_REDIRECT] [Fatal Error] :1:1: Premature end of file.
2026-04-12 23:23:21,003 [ERROR] LogOutputStream:75 - [STDERR_REDIRECT] 
2026-04-12 23:23:22,000 [ERROR] LogOutputStream:75 - [STDERR_REDIRECT] [Fatal Error] :1:1: Premature end of file.
2026-04-12 23:23:22,000 [ERROR] LogOutputStream:75 - [STDERR_REDIRECT] 
2026-04-12 23:23:22,995 [ERROR] LogOutputStream:75 - [STDERR_REDIRECT] [Fatal Error] :1:1: Premature end of file.
2026-04-12 23:23:22,995 [ERROR] LogOutputStream:75 - [STDERR_REDIRECT] 
2026-04-12 23:23:23,990 [ERROR] LogOutputStream:75 - [STDERR_REDIRECT] [Fatal Error] :1:1: Premature end of file.
2026-04-12 23:23:23,991 [ERROR] LogOutputStream:75 - [STDERR_REDIRECT] 
2026-04-12 23:23:24,995 [ERROR] LogOutputStream:75 - [STDERR_REDIRECT] [Fatal Error] :1:1: Premature end of file.
2026-04-12 23:23:24,996 [ERROR] LogOutputStream:75 - [STDERR_REDIRECT] 
2026-04-12 23:23:25,992 [ERROR] LogOutputStream:75 - [STDERR_REDIRECT] [Fatal Error] :1:1: Premature end of file.
2026-04-12 23:23:25,992 [ERROR] LogOutputStream:75 - [STDERR_REDIRECT] 
2026-04-12 23:23:27,000 [ERROR] LogOutputStream:75 - [STDERR_REDIRECT] [Fatal Error] :1:1: Premature end of file.
2026-04-12 23:23:27,001 [ERROR] LogOutputStream:75 - [STDERR_REDIRECT] 
2026-04-12 23:23:27,993 [ERROR] LogOutputStream:75 - [STDERR_REDIRECT] [Fatal Error] :1:1: Premature end of file.
2026-04-12 23:23:27,993 [ERROR] LogOutputStream:75 - [STDERR_REDIRECT] 
2026-04-12 23:23:28,990 [ERROR] LogOutputStream:75 - [STDERR_REDIRECT] [Fatal Error] :1:1: Premature end of file.
2026-04-12 23:23:28,990 [ERROR] LogOutputStream:75 - [STDERR_REDIRECT] 
2026-04-12 23:23:30,000 [ERROR] LogOutputStream:75 - [STDERR_REDIRECT] [Fatal Error] :1:1: Premature end of file.
2026-04-12 23:23:30,001 [ERROR] LogOutputStream:75 - [STDERR_REDIRECT] 
2026-04-12 23:23:30,995 [ERROR] LogOutputStream:75 - [STDERR_REDIRECT] [Fatal Error] :1:1: Premature end of file.
2026-04-12 23:23:30,996 [ERROR] LogOutputStream:75 - [STDERR_REDIRECT] 
2026-04-12 23:23:32,000 [ERROR] LogOutputStream:75 - [STDERR_REDIRECT] [Fatal Error] :1:1: Premature end of file.
2026-04-12 23:23:32,001 [ERROR] LogOutputStream:75 - [STDERR_REDIRECT] 
2026-04-12 23:23:32,997 [ERROR] LogOutputStream:75 - [STDERR_REDIRECT] [Fatal Error] :1:1: Premature end of file.
2026-04-12 23:23:32,997 [ERROR] LogOutputStream:75 - [STDERR_REDIRECT] 
2026-04-12 23:23:33,988 [ERROR] LogOutputStream:75 - [STDERR_REDIRECT] [Fatal Error] :1:1: Premature end of file.
2026-04-12 23:23:33,988 [ERROR] LogOutputStream:75 - [STDERR_REDIRECT] 
2026-04-12 23:23:34,998 [ERROR] LogOutputStream:75 - [STDERR_REDIRECT] [Fatal Error] :1:1: Premature end of file.
2026-04-12 23:23:34,998 [ERROR] LogOutputStream:75 - [STDERR_REDIRECT] 
2026-04-12 23:23:35,994 [ERROR] LogOutputStream:75 - [STDERR_REDIRECT] [Fatal Error] :1:1: Premature end of file.
2026-04-12 23:23:35,994 [ERROR] LogOutputStream:75 - [STDERR_REDIRECT] 
2026-04-12 23:23:37,001 [ERROR] LogOutputStream:75 - [STDERR_REDIRECT] [Fatal Error] :1:1: Premature end of file.
2026-04-12 23:23:37,001 [ERROR] LogOutputStream:75 - [STDERR_REDIRECT] 
2026-04-12 23:23:37,989 [ERROR] LogOutputStream:75 - [STDERR_REDIRECT] [Fatal Error] :1:1: Premature end of file.
2026-04-12 23:23:37,989 [ERROR] LogOutputStream:75 - [STDERR_REDIRECT] 
2026-04-12 23:23:38,999 [ERROR] LogOutputStream:75 - [STDERR_REDIRECT] [Fatal Error] :1:1: Premature end of file.
2026-04-12 23:23:39,000 [ERROR] LogOutputStream:75 - [STDERR_REDIRECT] 
2026-04-12 23:23:39,994 [ERROR] LogOutputStream:75 - [STDERR_REDIRECT] [Fatal Error] :1:1: Premature end of file.
2026-04-12 23:23:39,994 [ERROR] LogOutputStream:75 - [STDERR_REDIRECT] 
2026-04-12 23:23:40,990 [ERROR] LogOutputStream:75 - [STDERR_REDIRECT] [Fatal Error] :1:1: Premature end of file.
2026-04-12 23:23:40,990 [ERROR] LogOutputStream:75 - [STDERR_REDIRECT] 
2026-04-12 23:23:41,997 [ERROR] LogOutputStream:75 - [STDERR_REDIRECT] [Fatal Error] :1:1: Premature end of file.
2026-04-12 23:23:41,997 [ERROR] LogOutputStream:75 - [STDERR_REDIRECT] 
2026-04-12 23:23:42,993 [ERROR] LogOutputStream:75 - [STDERR_REDIRECT] [Fatal Error] :1:1: Premature end of file.
2026-04-12 23:23:42,993 [ERROR] LogOutputStream:75 - [STDERR_REDIRECT] 
2026-04-12 23:23:43,992 [ERROR] LogOutputStream:75 - [STDERR_REDIRECT] [Fatal Error] :1:1: Premature end of file.
2026-04-12 23:23:43,992 [ERROR] LogOutputStream:75 - [STDERR_REDIRECT] 
2026-04-12 23:23:45,004 [ERROR] LogOutputStream:75 - [STDERR_REDIRECT] [Fatal Error] :1:1: Premature end of file.
2026-04-12 23:23:45,004 [ERROR] LogOutputStream:75 - [STDERR_REDIRECT] 
2026-04-12 23:23:45,996 [ERROR] LogOutputStream:75 - [STDERR_REDIRECT] [Fatal Error] :1:1: Premature end of file.
2026-04-12 23:23:45,996 [ERROR] LogOutputStream:75 - [STDERR_REDIRECT] 
2026-04-12 23:23:47,002 [ERROR] LogOutputStream:75 - [STDERR_REDIRECT] [Fatal Error] :1:1: Premature end of file.
2026-04-12 23:23:47,003 [ERROR] LogOutputStream:75 - [STDERR_REDIRECT] 
2026-04-12 23:23:48,000 [ERROR] LogOutputStream:75 - [STDERR_REDIRECT] [Fatal Error] :1:1: Premature end of file.
2026-04-12 23:23:48,000 [ERROR] LogOutputStream:75 - [STDERR_REDIRECT] 
2026-04-12 23:23:48,990 [ERROR] LogOutputStream:75 - [STDERR_REDIRECT] [Fatal Error] :1:1: Premature end of file.
2026-04-12 23:23:48,990 [ERROR] LogOutputStream:75 - [STDERR_REDIRECT] 
2026-04-12 23:23:49,999 [ERROR] LogOutputStream:75 - [STDERR_REDIRECT] [Fatal Error] :1:1: Premature end of file.
2026-04-12 23:23:50,000 [ERROR] LogOutputStream:75 - [STDERR_REDIRECT] 
2026-04-12 23:23:50,998 [ERROR] LogOutputStream:75 - [STDERR_REDIRECT] [Fatal Error] :1:1: Premature end of file.
2026-04-12 23:23:50,998 [ERROR] LogOutputStream:75 - [STDERR_REDIRECT] 
2026-04-12 23:23:51,993 [ERROR] LogOutputStream:75 - [STDERR_REDIRECT] [Fatal Error] :1:1: Premature end of file.
2026-04-12 23:23:51,994 [ERROR] LogOutputStream:75 - [STDERR_REDIRECT] 
2026-04-12 23:23:53,000 [ERROR] LogOutputStream:75 - [STDERR_REDIRECT] [Fatal Error] :1:1: Premature end of file.
2026-04-12 23:23:53,000 [ERROR] LogOutputStream:75 - [STDERR_REDIRECT] 
2026-04-12 23:23:53,999 [ERROR] LogOutputStream:75 - [STDERR_REDIRECT] [Fatal Error] :1:1: Premature end of file.
2026-04-12 23:23:53,999 [ERROR] LogOutputStream:75 - [STDERR_REDIRECT] 
2026-04-12 23:23:54,999 [ERROR] LogOutputStream:75 - [STDERR_REDIRECT] [Fatal Error] :1:1: Premature end of file.
2026-04-12 23:23:54,999 [ERROR] LogOutputStream:75 - [STDERR_REDIRECT] 
2026-04-12 23:23:55,989 [ERROR] LogOutputStream:75 - [STDERR_REDIRECT] [Fatal Error] :1:1: Premature end of file.
2026-04-12 23:23:55,990 [ERROR] LogOutputStream:75 - [STDERR_REDIRECT] 
2026-04-12 23:23:57,001 [ERROR] LogOutputStream:75 - [STDERR_REDIRECT] [Fatal Error] :1:1: Premature end of file.
2026-04-12 23:23:57,001 [ERROR] LogOutputStream:75 - [STDERR_REDIRECT] 
2026-04-12 23:23:58,005 [ERROR] LogOutputStream:75 - [STDERR_REDIRECT] [Fatal Error] :1:1: Premature end of file.
2026-04-12 23:23:58,005 [ERROR] LogOutputStream:75 - [STDERR_REDIRECT] 
2026-04-12 23:23:58,995 [ERROR] LogOutputStream:75 - [STDERR_REDIRECT] [Fatal Error] :1:1: Premature end of file.
2026-04-12 23:23:58,995 [ERROR] LogOutputStream:75 - [STDERR_REDIRECT] 
2026-04-12 23:23:59,998 [ERROR] LogOutputStream:75 - [STDERR_REDIRECT] [Fatal Error] :1:1: Premature end of file.
2026-04-12 23:23:59,998 [ERROR] LogOutputStream:75 - [STDERR_REDIRECT] 
2026-04-12 23:24:01,006 [ERROR] LogOutputStream:75 - [STDERR_REDIRECT] [Fatal Error] :1:1: Premature end of file.
2026-04-12 23:24:01,006 [ERROR] LogOutputStream:75 - [STDERR_REDIRECT] 
2026-04-12 23:24:01,989 [ERROR] LogOutputStream:75 - [STDERR_REDIRECT] [Fatal Error] :1:1: Premature end of file.
2026-04-12 23:24:01,989 [ERROR] LogOutputStream:75 - [STDERR_REDIRECT] 
2026-04-12 23:24:02,999 [ERROR] LogOutputStream:75 - [STDERR_REDIRECT] [Fatal Error] :1:1: Premature end of file.
2026-04-12 23:24:02,999 [ERROR] LogOutputStream:75 - [STDERR_REDIRECT] 
2026-04-12 23:24:03,990 [ERROR] LogOutputStream:75 - [STDERR_REDIRECT] [Fatal Error] :1:1: Premature end of file.
2026-04-12 23:24:03,990 [ERROR] LogOutputStream:75 - [STDERR_REDIRECT] 
2026-04-12 23:24:05,002 [ERROR] LogOutputStream:75 - [STDERR_REDIRECT] [Fatal Error] :1:1: Premature end of file.
2026-04-12 23:24:05,003 [ERROR] LogOutputStream:75 - [STDERR_REDIRECT] 
2026-04-12 23:24:05,993 [ERROR] LogOutputStream:75 - [STDERR_REDIRECT] [Fatal Error] :1:1: Premature end of file.
2026-04-12 23:24:05,993 [ERROR] LogOutputStream:75 - [STDERR_REDIRECT] 
2026-04-12 23:24:06,987 [ERROR] LogOutputStream:75 - [STDERR_REDIRECT] [Fatal Error] :1:1: Premature end of file.
2026-04-12 23:24:06,988 [ERROR] LogOutputStream:75 - [STDERR_REDIRECT] 
2026-04-12 23:24:08,005 [ERROR] LogOutputStream:75 - [STDERR_REDIRECT] [Fatal Error] :1:1: Premature end of file.
2026-04-12 23:24:08,005 [ERROR] LogOutputStream:75 - [STDERR_REDIRECT] 
2026-04-12 23:24:08,995 [ERROR] LogOutputStream:75 - [STDERR_REDIRECT] [Fatal Error] :1:1: Premature end of file.
2026-04-12 23:24:08,996 [ERROR] LogOutputStream:75 - [STDERR_REDIRECT] 
2026-04-12 23:24:09,989 [ERROR] LogOutputStream:75 - [STDERR_REDIRECT] [Fatal Error] :1:1: Premature end of file.
2026-04-12 23:24:09,989 [ERROR] LogOutputStream:75 - [STDERR_REDIRECT] 
2026-04-12 23:24:10,987 [ERROR] LogOutputStream:75 - [STDERR_REDIRECT] [Fatal Error] :1:1: Premature end of file.
2026-04-12 23:24:10,987 [ERROR] LogOutputStream:75 - [STDERR_REDIRECT] 
2026-04-12 23:24:12,000 [ERROR] LogOutputStream:75 - [STDERR_REDIRECT] [Fatal Error] :1:1: Premature end of file.
2026-04-12 23:24:12,178 [ERROR] LogOutputStream:75 - [STDERR_REDIRECT] 
2026-04-12 23:24:12,995 [ERROR] LogOutputStream:75 - [STDERR_REDIRECT] [Fatal Error] :1:1: Premature end of file.
2026-04-12 23:24:12,995 [ERROR] LogOutputStream:75 - [STDERR_REDIRECT] 
2026-04-12 23:24:14,002 [ERROR] LogOutputStream:75 - [STDERR_REDIRECT] [Fatal Error] :1:1: Premature end of file.
2026-04-12 23:24:14,002 [ERROR] LogOutputStream:75 - [STDERR_REDIRECT] 
2026-04-12 23:24:15,000 [ERROR] LogOutputStream:75 - [STDERR_REDIRECT] [Fatal Error] :1:1: Premature end of file.
2026-04-12 23:24:15,000 [ERROR] LogOutputStream:75 - [STDERR_REDIRECT] 
2026-04-12 23:24:15,989 [ERROR] LogOutputStream:75 - [STDERR_REDIRECT] [Fatal Error] :1:1: Premature end of file.
2026-04-12 23:24:15,989 [ERROR] LogOutputStream:75 - [STDERR_REDIRECT] 
2026-04-12 23:24:16,995 [ERROR] LogOutputStream:75 - [STDERR_REDIRECT] [Fatal Error] :1:1: Premature end of file.
2026-04-12 23:24:16,995 [ERROR] LogOutputStream:75 - [STDERR_REDIRECT] 
2026-04-12 23:24:17,993 [ERROR] LogOutputStream:75 - [STDERR_REDIRECT] [Fatal Error] :1:1: Premature end of file.
2026-04-12 23:24:17,993 [ERROR] LogOutputStream:75 - [STDERR_REDIRECT] 
2026-04-12 23:24:19,002 [ERROR] LogOutputStream:75 - [STDERR_REDIRECT] [Fatal Error] :1:1: Premature end of file.
2026-04-12 23:24:19,002 [ERROR] LogOutputStream:75 - [STDERR_REDIRECT] 
2026-04-12 23:24:19,998 [ERROR] LogOutputStream:75 - [STDERR_REDIRECT] [Fatal Error] :1:1: Premature end of file.
2026-04-12 23:24:19,998 [ERROR] LogOutputStream:75 - [STDERR_REDIRECT] 
2026-04-12 23:24:20,988 [ERROR] LogOutputStream:75 - [STDERR_REDIRECT] [Fatal Error] :1:1: Premature end of file.
2026-04-12 23:24:20,989 [ERROR] LogOutputStream:75 - [STDERR_REDIRECT] 
2026-04-12 23:24:22,005 [ERROR] LogOutputStream:75 - [STDERR_REDIRECT] [Fatal Error] :1:1: Premature end of file.
2026-04-12 23:24:22,005 [ERROR] LogOutputStream:75 - [STDERR_REDIRECT] 
2026-04-12 23:24:22,994 [ERROR] LogOutputStream:75 - [STDERR_REDIRECT] [Fatal Error] :1:1: Premature end of file.
2026-04-12 23:24:22,994 [ERROR] LogOutputStream:75 - [STDERR_REDIRECT] 
2026-04-12 23:24:24,002 [ERROR] LogOutputStream:75 - [STDERR_REDIRECT] [Fatal Error] :1:1: Premature end of file.
2026-04-12 23:24:24,002 [ERROR] LogOutputStream:75 - [STDERR_REDIRECT] 
2026-04-12 23:24:24,994 [ERROR] LogOutputStream:75 - [STDERR_REDIRECT] [Fatal Error] :1:1: Premature end of file.
2026-04-12 23:24:24,994 [ERROR] LogOutputStream:75 - [STDERR_REDIRECT] 
2026-04-12 23:24:25,991 [ERROR] LogOutputStream:75 - [STDERR_REDIRECT] [Fatal Error] :1:1: Premature end of file.
2026-04-12 23:24:25,991 [ERROR] LogOutputStream:75 - [STDERR_REDIRECT] 
2026-04-12 23:24:27,003 [ERROR] LogOutputStream:75 - [STDERR_REDIRECT] [Fatal Error] :1:1: Premature end of file.
2026-04-12 23:24:27,003 [ERROR] LogOutputStream:75 - [STDERR_REDIRECT] 
2026-04-12 23:24:27,997 [ERROR] LogOutputStream:75 - [STDERR_REDIRECT] [Fatal Error] :1:1: Premature end of file.
2026-04-12 23:24:27,997 [ERROR] LogOutputStream:75 - [STDERR_REDIRECT] 
2026-04-12 23:24:28,994 [ERROR] LogOutputStream:75 - [STDERR_REDIRECT] [Fatal Error] :1:1: Premature end of file.
2026-04-12 23:24:28,994 [ERROR] LogOutputStream:75 - [STDERR_REDIRECT] 
2026-04-12 23:24:30,002 [ERROR] LogOutputStream:75 - [STDERR_REDIRECT] [Fatal Error] :1:1: Premature end of file.
2026-04-12 23:24:30,002 [ERROR] LogOutputStream:75 - [STDERR_REDIRECT] 
2026-04-12 23:24:31,001 [ERROR] LogOutputStream:75 - [STDERR_REDIRECT] [Fatal Error] :1:1: Premature end of file.
2026-04-12 23:24:31,001 [ERROR] LogOutputStream:75 - [STDERR_REDIRECT] 
2026-04-12 23:24:31,996 [ERROR] LogOutputStream:75 - [STDERR_REDIRECT] [Fatal Error] :1:1: Premature end of file.
2026-04-12 23:24:31,996 [ERROR] LogOutputStream:75 - [STDERR_REDIRECT] 
2026-04-12 23:24:32,996 [ERROR] LogOutputStream:75 - [STDERR_REDIRECT] [Fatal Error] :1:1: Premature end of file.
2026-04-12 23:24:32,997 [ERROR] LogOutputStream:75 - [STDERR_REDIRECT] 
2026-04-12 23:24:33,988 [ERROR] LogOutputStream:75 - [STDERR_REDIRECT] [Fatal Error] :1:1: Premature end of file.
2026-04-12 23:24:33,989 [ERROR] LogOutputStream:75 - [STDERR_REDIRECT] 
2026-04-12 23:24:35,000 [ERROR] LogOutputStream:75 - [STDERR_REDIRECT] [Fatal Error] :1:1: Premature end of file.
2026-04-12 23:24:35,000 [ERROR] LogOutputStream:75 - [STDERR_REDIRECT] 
2026-04-12 23:24:35,995 [ERROR] LogOutputStream:75 - [STDERR_REDIRECT] [Fatal Error] :1:1: Premature end of file.
2026-04-12 23:24:35,995 [ERROR] LogOutputStream:75 - [STDERR_REDIRECT] 
2026-04-12 23:24:36,990 [ERROR] LogOutputStream:75 - [STDERR_REDIRECT] [Fatal Error] :1:1: Premature end of file.
2026-04-12 23:24:36,990 [ERROR] LogOutputStream:75 - [STDERR_REDIRECT] 
2026-04-12 23:24:38,004 [ERROR] LogOutputStream:75 - [STDERR_REDIRECT] [Fatal Error] :1:1: Premature end of file.
2026-04-12 23:24:38,005 [ERROR] LogOutputStream:75 - [STDERR_REDIRECT] 
2026-04-12 23:24:39,003 [ERROR] LogOutputStream:75 - [STDERR_REDIRECT] [Fatal Error] :1:1: Premature end of file.
2026-04-12 23:24:39,003 [ERROR] LogOutputStream:75 - [STDERR_REDIRECT] 
2026-04-12 23:24:40,003 [ERROR] LogOutputStream:75 - [STDERR_REDIRECT] [Fatal Error] :1:1: Premature end of file.
2026-04-12 23:24:40,003 [ERROR] LogOutputStream:75 - [STDERR_REDIRECT] 
2026-04-12 23:24:40,993 [ERROR] LogOutputStream:75 - [STDERR_REDIRECT] [Fatal Error] :1:1: Premature end of file.
2026-04-12 23:24:40,994 [ERROR] LogOutputStream:75 - [STDERR_REDIRECT] 
2026-04-12 23:24:41,998 [ERROR] LogOutputStream:75 - [STDERR_REDIRECT] [Fatal Error] :1:1: Premature end of file.
2026-04-12 23:24:41,998 [ERROR] LogOutputStream:75 - [STDERR_REDIRECT] 
2026-04-12 23:24:42,995 [ERROR] LogOutputStream:75 - [STDERR_REDIRECT] [Fatal Error] :1:1: Premature end of file.
2026-04-12 23:24:42,996 [ERROR] LogOutputStream:75 - [STDERR_REDIRECT] 
2026-04-12 23:24:43,990 [ERROR] LogOutputStream:75 - [STDERR_REDIRECT] [Fatal Error] :1:1: Premature end of file.
2026-04-12 23:24:43,990 [ERROR] LogOutputStream:75 - [STDERR_REDIRECT] 
2026-04-12 23:24:45,002 [ERROR] LogOutputStream:75 - [STDERR_REDIRECT] [Fatal Error] :1:1: Premature end of file.
2026-04-12 23:24:45,002 [ERROR] LogOutputStream:75 - [STDERR_REDIRECT] 
2026-04-12 23:24:45,997 [ERROR] LogOutputStream:75 - [STDERR_REDIRECT] [Fatal Error] :1:1: Premature end of file.
2026-04-12 23:24:45,997 [ERROR] LogOutputStream:75 - [STDERR_REDIRECT] 
2026-04-12 23:24:46,994 [ERROR] LogOutputStream:75 - [STDERR_REDIRECT] [Fatal Error] :1:1: Premature end of file.
2026-04-12 23:24:46,994 [ERROR] LogOutputStream:75 - [STDERR_REDIRECT] 
2026-04-12 23:24:47,989 [ERROR] LogOutputStream:75 - [STDERR_REDIRECT] [Fatal Error] :1:1: Premature end of file.
2026-04-12 23:24:47,989 [ERROR] LogOutputStream:75 - [STDERR_REDIRECT] 
2026-04-12 23:24:48,993 [ERROR] LogOutputStream:75 - [STDERR_REDIRECT] [Fatal Error] :1:1: Premature end of file.
2026-04-12 23:24:48,993 [ERROR] LogOutputStream:75 - [STDERR_REDIRECT] 
2026-04-12 23:24:50,007 [ERROR] LogOutputStream:75 - [STDERR_REDIRECT] [Fatal Error] :1:1: Premature end of file.
2026-04-12 23:24:50,007 [ERROR] LogOutputStream:75 - [STDERR_REDIRECT] 
2026-04-12 23:24:51,483 [ERROR] LogOutputStream:75 - [STDERR_REDIRECT] [Fatal Error] :1:1: Premature end of file.
2026-04-12 23:24:51,484 [ERROR] LogOutputStream:75 - [STDERR_REDIRECT] 
2026-04-12 23:24:52,486 [ERROR] LogOutputStream:75 - [STDERR_REDIRECT] [Fatal Error] :1:1: Premature end of file.
2026-04-12 23:24:52,498 [ERROR] LogOutputStream:75 - [STDERR_REDIRECT] 
2026-04-12 23:24:53,863 [ERROR] LogOutputStream:75 - [STDERR_REDIRECT] [Fatal Error] :1:1: Premature end of file.
2026-04-12 23:24:53,863 [ERROR] LogOutputStream:75 - [STDERR_REDIRECT] 
2026-04-12 23:24:54,043 [ERROR] LogOutputStream:75 - [STDERR_REDIRECT] [Fatal Error] :1:1: Premature end of file.
2026-04-12 23:24:54,044 [ERROR] LogOutputStream:75 - [STDERR_REDIRECT] 
2026-04-12 23:24:56,295 [ERROR] LogOutputStream:75 - [STDERR_REDIRECT] [Fatal Error] :1:1: Premature end of file.
2026-04-12 23:24:56,295 [ERROR] LogOutputStream:75 - [STDERR_REDIRECT] 
2026-04-12 23:24:56,384 [ERROR] LogOutputStream:75 - [STDERR_REDIRECT] [Fatal Error] :1:1: Premature end of file.
2026-04-12 23:24:56,384 [ERROR] LogOutputStream:75 - [STDERR_REDIRECT] 
2026-04-12 23:24:57,004 [ERROR] LogOutputStream:75 - [STDERR_REDIRECT] [Fatal Error] :1:1: Premature end of file.
2026-04-12 23:24:57,004 [ERROR] LogOutputStream:75 - [STDERR_REDIRECT] 
2026-04-12 23:24:57,989 [ERROR] LogOutputStream:75 - [STDERR_REDIRECT] [Fatal Error] :1:1: Premature end of file.
2026-04-12 23:24:57,989 [ERROR] LogOutputStream:75 - [STDERR_REDIRECT] 
2026-04-12 23:24:58,995 [ERROR] LogOutputStream:75 - [STDERR_REDIRECT] [Fatal Error] :1:1: Premature end of file.
2026-04-12 23:24:58,995 [ERROR] LogOutputStream:75 - [STDERR_REDIRECT] 
2026-04-12 23:24:59,999 [ERROR] LogOutputStream:75 - [STDERR_REDIRECT] [Fatal Error] :1:1: Premature end of file.
2026-04-12 23:25:00,000 [ERROR] LogOutputStream:75 - [STDERR_REDIRECT] 
2026-04-12 23:25:01,011 [ERROR] LogOutputStream:75 - [STDERR_REDIRECT] [Fatal Error] :1:1: Premature end of file.
2026-04-12 23:25:01,011 [ERROR] LogOutputStream:75 - [STDERR_REDIRECT] 
2026-04-12 23:25:01,991 [ERROR] LogOutputStream:75 - [STDERR_REDIRECT] [Fatal Error] :1:1: Premature end of file.
2026-04-12 23:25:01,991 [ERROR] LogOutputStream:75 - [STDERR_REDIRECT] 
2026-04-12 23:25:02,996 [ERROR] LogOutputStream:75 - [STDERR_REDIRECT] [Fatal Error] :1:1: Premature end of file.
2026-04-12 23:25:02,996 [ERROR] LogOutputStream:75 - [STDERR_REDIRECT] 
2026-04-12 23:25:04,001 [ERROR] LogOutputStream:75 - [STDERR_REDIRECT] [Fatal Error] :1:1: Premature end of file.
2026-04-12 23:25:04,001 [ERROR] LogOutputStream:75 - [STDERR_REDIRECT] 
2026-04-12 23:25:04,994 [ERROR] LogOutputStream:75 - [STDERR_REDIRECT] [Fatal Error] :1:1: Premature end of file.
2026-04-12 23:25:04,994 [ERROR] LogOutputStream:75 - [STDERR_REDIRECT] 
2026-04-12 23:25:05,991 [ERROR] LogOutputStream:75 - [STDERR_REDIRECT] [Fatal Error] :1:1: Premature end of file.
2026-04-12 23:25:05,991 [ERROR] LogOutputStream:75 - [STDERR_REDIRECT] 
2026-04-12 23:25:06,995 [ERROR] LogOutputStream:75 - [STDERR_REDIRECT] [Fatal Error] :1:1: Premature end of file.
2026-04-12 23:25:06,996 [ERROR] LogOutputStream:75 - [STDERR_REDIRECT] 
2026-04-12 23:25:07,999 [ERROR] LogOutputStream:75 - [STDERR_REDIRECT] [Fatal Error] :1:1: Premature end of file.
2026-04-12 23:25:07,999 [ERROR] LogOutputStream:75 - [STDERR_REDIRECT] 
2026-04-12 23:25:09,014 [ERROR] LogOutputStream:75 - [STDERR_REDIRECT] [Fatal Error] :1:1: Premature end of file.
2026-04-12 23:25:09,014 [ERROR] LogOutputStream:75 - [STDERR_REDIRECT] 
2026-04-12 23:25:09,997 [ERROR] LogOutputStream:75 - [STDERR_REDIRECT] [Fatal Error] :1:1: Premature end of file.
2026-04-12 23:25:09,997 [ERROR] LogOutputStream:75 - [STDERR_REDIRECT] 
2026-04-12 23:25:10,989 [ERROR] LogOutputStream:75 - [STDERR_REDIRECT] [Fatal Error] :1:1: Premature end of file.
2026-04-12 23:25:10,990 [ERROR] LogOutputStream:75 - [STDERR_REDIRECT] 
2026-04-12 23:25:11,995 [ERROR] LogOutputStream:75 - [STDERR_REDIRECT] [Fatal Error] :1:1: Premature end of file.
2026-04-12 23:25:11,995 [ERROR] LogOutputStream:75 - [STDERR_REDIRECT] 
2026-04-12 23:25:13,000 [ERROR] LogOutputStream:75 - [STDERR_REDIRECT] [Fatal Error] :1:1: Premature end of file.
2026-04-12 23:25:13,000 [ERROR] LogOutputStream:75 - [STDERR_REDIRECT] 
2026-04-12 23:25:14,011 [ERROR] LogOutputStream:75 - [STDERR_REDIRECT] [Fatal Error] :1:1: Premature end of file.
2026-04-12 23:25:14,011 [ERROR] LogOutputStream:75 - [STDERR_REDIRECT] 
2026-04-12 23:25:14,999 [ERROR] LogOutputStream:75 - [STDERR_REDIRECT] [Fatal Error] :1:1: Premature end of file.
2026-04-12 23:25:14,999 [ERROR] LogOutputStream:75 - [STDERR_REDIRECT] 
2026-04-12 23:25:16,003 [ERROR] LogOutputStream:75 - [STDERR_REDIRECT] [Fatal Error] :1:1: Premature end of file.
2026-04-12 23:25:16,003 [ERROR] LogOutputStream:75 - [STDERR_REDIRECT] 
2026-04-12 23:25:16,991 [ERROR] LogOutputStream:75 - [STDERR_REDIRECT] [Fatal Error] :1:1: Premature end of file.
2026-04-12 23:25:16,991 [ERROR] LogOutputStream:75 - [STDERR_REDIRECT] 
2026-04-12 23:25:18,000 [ERROR] LogOutputStream:75 - [STDERR_REDIRECT] [Fatal Error] :1:1: Premature end of file.
2026-04-12 23:25:18,000 [ERROR] LogOutputStream:75 - [STDERR_REDIRECT] 
2026-04-12 23:25:18,988 [ERROR] LogOutputStream:75 - [STDERR_REDIRECT] [Fatal Error] :1:1: Premature end of file.
2026-04-12 23:25:18,988 [ERROR] LogOutputStream:75 - [STDERR_REDIRECT] 
2026-04-12 23:25:19,994 [ERROR] LogOutputStream:75 - [STDERR_REDIRECT] [Fatal Error] :1:1: Premature end of file.
2026-04-12 23:25:19,994 [ERROR] LogOutputStream:75 - [STDERR_REDIRECT] 
2026-04-12 23:25:20,994 [ERROR] LogOutputStream:75 - [STDERR_REDIRECT] [Fatal Error] :1:1: Premature end of file.
2026-04-12 23:25:20,994 [ERROR] LogOutputStream:75 - [STDERR_REDIRECT] 
2026-04-12 23:25:21,986 [ERROR] LogOutputStream:75 - [STDERR_REDIRECT] [Fatal Error] :1:1: Premature end of file.
2026-04-12 23:25:21,986 [ERROR] LogOutputStream:75 - [STDERR_REDIRECT] 
2026-04-12 23:25:22,999 [ERROR] LogOutputStream:75 - [STDERR_REDIRECT] [Fatal Error] :1:1: Premature end of file.
2026-04-12 23:25:22,999 [ERROR] LogOutputStream:75 - [STDERR_REDIRECT] 
2026-04-12 23:25:23,987 [ERROR] LogOutputStream:75 - [STDERR_REDIRECT] [Fatal Error] :1:1: Premature end of file.
2026-04-12 23:25:23,987 [ERROR] LogOutputStream:75 - [STDERR_REDIRECT] 
2026-04-12 23:25:24,988 [ERROR] LogOutputStream:75 - [STDERR_REDIRECT] [Fatal Error] :1:1: Premature end of file.
2026-04-12 23:25:24,988 [ERROR] LogOutputStream:75 - [STDERR_REDIRECT] 
2026-04-12 23:25:25,994 [ERROR] LogOutputStream:75 - [STDERR_REDIRECT] [Fatal Error] :1:1: Premature end of file.
2026-04-12 23:25:25,994 [ERROR] LogOutputStream:75 - [STDERR_REDIRECT] 
2026-04-12 23:25:26,999 [ERROR] LogOutputStream:75 - [STDERR_REDIRECT] [Fatal Error] :1:1: Premature end of file.
2026-04-12 23:25:27,000 [ERROR] LogOutputStream:75 - [STDERR_REDIRECT] 
2026-04-12 23:25:27,989 [ERROR] LogOutputStream:75 - [STDERR_REDIRECT] [Fatal Error] :1:1: Premature end of file.
2026-04-12 23:25:27,990 [ERROR] LogOutputStream:75 - [STDERR_REDIRECT] 
2026-04-12 23:25:28,997 [ERROR] LogOutputStream:75 - [STDERR_REDIRECT] [Fatal Error] :1:1: Premature end of file.
2026-04-12 23:25:28,997 [ERROR] LogOutputStream:75 - [STDERR_REDIRECT] 
2026-04-12 23:25:30,004 [ERROR] LogOutputStream:75 - [STDERR_REDIRECT] [Fatal Error] :1:1: Premature end of file.
2026-04-12 23:25:30,004 [ERROR] LogOutputStream:75 - [STDERR_REDIRECT] 
2026-04-12 23:25:30,994 [ERROR] LogOutputStream:75 - [STDERR_REDIRECT] [Fatal Error] :1:1: Premature end of file.
2026-04-12 23:25:30,994 [ERROR] LogOutputStream:75 - [STDERR_REDIRECT] 
2026-04-12 23:25:32,016 [ERROR] LogOutputStream:75 - [STDERR_REDIRECT] [Fatal Error] :1:1: Premature end of file.
2026-04-12 23:25:32,016 [ERROR] LogOutputStream:75 - [STDERR_REDIRECT] 
2026-04-12 23:25:32,991 [ERROR] LogOutputStream:75 - [STDERR_REDIRECT] [Fatal Error] :1:1: Premature end of file.
2026-04-12 23:25:32,991 [ERROR] LogOutputStream:75 - [STDERR_REDIRECT] 
2026-04-12 23:25:33,999 [ERROR] LogOutputStream:75 - [STDERR_REDIRECT] [Fatal Error] :1:1: Premature end of file.
2026-04-12 23:25:33,999 [ERROR] LogOutputStream:75 - [STDERR_REDIRECT] 
2026-04-12 23:25:34,990 [ERROR] LogOutputStream:75 - [STDERR_REDIRECT] [Fatal Error] :1:1: Premature end of file.
2026-04-12 23:25:34,990 [ERROR] LogOutputStream:75 - [STDERR_REDIRECT] 
2026-04-12 23:25:35,992 [ERROR] LogOutputStream:75 - [STDERR_REDIRECT] [Fatal Error] :1:1: Premature end of file.
2026-04-12 23:25:35,992 [ERROR] LogOutputStream:75 - [STDERR_REDIRECT] 
2026-04-12 23:25:37,004 [ERROR] LogOutputStream:75 - [STDERR_REDIRECT] [Fatal Error] :1:1: Premature end of file.
2026-04-12 23:25:37,004 [ERROR] LogOutputStream:75 - [STDERR_REDIRECT] 
2026-04-12 23:25:37,991 [ERROR] LogOutputStream:75 - [STDERR_REDIRECT] [Fatal Error] :1:1: Premature end of file.
2026-04-12 23:25:37,991 [ERROR] LogOutputStream:75 - [STDERR_REDIRECT] 
2026-04-12 23:25:39,003 [ERROR] LogOutputStream:75 - [STDERR_REDIRECT] [Fatal Error] :1:1: Premature end of file.
2026-04-12 23:25:39,003 [ERROR] LogOutputStream:75 - [STDERR_REDIRECT] 
2026-04-12 23:25:39,988 [ERROR] LogOutputStream:75 - [STDERR_REDIRECT] [Fatal Error] :1:1: Premature end of file.
2026-04-12 23:25:39,988 [ERROR] LogOutputStream:75 - [STDERR_REDIRECT] 
2026-04-12 23:25:41,002 [ERROR] LogOutputStream:75 - [STDERR_REDIRECT] [Fatal Error] :1:1: Premature end of file.
2026-04-12 23:25:41,002 [ERROR] LogOutputStream:75 - [STDERR_REDIRECT] 
2026-04-12 23:25:42,000 [ERROR] LogOutputStream:75 - [STDERR_REDIRECT] [Fatal Error] :1:1: Premature end of file.
2026-04-12 23:25:42,000 [ERROR] LogOutputStream:75 - [STDERR_REDIRECT] 
2026-04-12 23:25:42,993 [ERROR] LogOutputStream:75 - [STDERR_REDIRECT] [Fatal Error] :1:1: Premature end of file.
2026-04-12 23:25:42,993 [ERROR] LogOutputStream:75 - [STDERR_REDIRECT] 
2026-04-12 23:25:44,001 [ERROR] LogOutputStream:75 - [STDERR_REDIRECT] [Fatal Error] :1:1: Premature end of file.
2026-04-12 23:25:44,001 [ERROR] LogOutputStream:75 - [STDERR_REDIRECT] 
2026-04-12 23:25:44,993 [ERROR] LogOutputStream:75 - [STDERR_REDIRECT] [Fatal Error] :1:1: Premature end of file.
2026-04-12 23:25:44,993 [ERROR] LogOutputStream:75 - [STDERR_REDIRECT] 
2026-04-12 23:25:46,002 [ERROR] LogOutputStream:75 - [STDERR_REDIRECT] [Fatal Error] :1:1: Premature end of file.
2026-04-12 23:25:46,003 [ERROR] LogOutputStream:75 - [STDERR_REDIRECT] 
2026-04-12 23:25:46,989 [ERROR] LogOutputStream:75 - [STDERR_REDIRECT] [Fatal Error] :1:1: Premature end of file.
2026-04-12 23:25:46,989 [ERROR] LogOutputStream:75 - [STDERR_REDIRECT] 
2026-04-12 23:25:47,999 [ERROR] LogOutputStream:75 - [STDERR_REDIRECT] [Fatal Error] :1:1: Premature end of file.
2026-04-12 23:25:47,999 [ERROR] LogOutputStream:75 - [STDERR_REDIRECT] 
2026-04-12 23:25:48,994 [ERROR] LogOutputStream:75 - [STDERR_REDIRECT] [Fatal Error] :1:1: Premature end of file.
2026-04-12 23:25:48,994 [ERROR] LogOutputStream:75 - [STDERR_REDIRECT] 
2026-04-12 23:25:50,000 [ERROR] LogOutputStream:75 - [STDERR_REDIRECT] [Fatal Error] :1:1: Premature end of file.
2026-04-12 23:25:50,000 [ERROR] LogOutputStream:75 - [STDERR_REDIRECT] 
2026-04-12 23:25:51,011 [ERROR] LogOutputStream:75 - [STDERR_REDIRECT] [Fatal Error] :1:1: Premature end of file.
2026-04-12 23:25:51,013 [ERROR] LogOutputStream:75 - [STDERR_REDIRECT] 
2026-04-12 23:25:51,999 [ERROR] LogOutputStream:75 - [STDERR_REDIRECT] [Fatal Error] :1:1: Premature end of file.
2026-04-12 23:25:52,000 [ERROR] LogOutputStream:75 - [STDERR_REDIRECT] 
2026-04-12 23:25:52,995 [ERROR] LogOutputStream:75 - [STDERR_REDIRECT] [Fatal Error] :1:1: Premature end of file.
2026-04-12 23:25:52,995 [ERROR] LogOutputStream:75 - [STDERR_REDIRECT] 
2026-04-12 23:25:54,007 [ERROR] LogOutputStream:75 - [STDERR_REDIRECT] [Fatal Error] :1:1: Premature end of file.
2026-04-12 23:25:54,008 [ERROR] LogOutputStream:75 - [STDERR_REDIRECT] 
2026-04-12 23:25:55,142 [ERROR] LogOutputStream:75 - [STDERR_REDIRECT] [Fatal Error] :1:1: Premature end of file.
2026-04-12 23:25:55,142 [ERROR] LogOutputStream:75 - [STDERR_REDIRECT] 
2026-04-12 23:25:56,004 [ERROR] LogOutputStream:75 - [STDERR_REDIRECT] [Fatal Error] :1:1: Premature end of file.
2026-04-12 23:25:56,004 [ERROR] LogOutputStream:75 - [STDERR_REDIRECT] 
2026-04-12 23:25:57,021 [ERROR] LogOutputStream:75 - [STDERR_REDIRECT] [Fatal Error] :1:1: Premature end of file.
2026-04-12 23:25:57,021 [ERROR] LogOutputStream:75 - [STDERR_REDIRECT] 
2026-04-12 23:25:58,025 [ERROR] LogOutputStream:75 - [STDERR_REDIRECT] [Fatal Error] :1:1: Premature end of file.
2026-04-12 23:25:58,026 [ERROR] LogOutputStream:75 - [STDERR_REDIRECT] 
2026-04-12 23:25:59,019 [ERROR] LogOutputStream:75 - [STDERR_REDIRECT] [Fatal Error] :1:1: Premature end of file.
2026-04-12 23:25:59,020 [ERROR] LogOutputStream:75 - [STDERR_REDIRECT] 
2026-04-12 23:26:00,000 [ERROR] LogOutputStream:75 - [STDERR_REDIRECT] [Fatal Error] :1:1: Premature end of file.
2026-04-12 23:26:00,000 [ERROR] LogOutputStream:75 - [STDERR_REDIRECT] 
2026-04-12 23:26:01,011 [ERROR] LogOutputStream:75 - [STDERR_REDIRECT] [Fatal Error] :1:1: Premature end of file.
2026-04-12 23:26:01,012 [ERROR] LogOutputStream:75 - [STDERR_REDIRECT] 
2026-04-12 23:26:01,996 [ERROR] LogOutputStream:75 - [STDERR_REDIRECT] [Fatal Error] :1:1: Premature end of file.
2026-04-12 23:26:01,996 [ERROR] LogOutputStream:75 - [STDERR_REDIRECT] 
2026-04-12 23:26:03,002 [ERROR] LogOutputStream:75 - [STDERR_REDIRECT] [Fatal Error] :1:1: Premature end of file.
2026-04-12 23:26:03,002 [ERROR] LogOutputStream:75 - [STDERR_REDIRECT] 
2026-04-12 23:26:03,990 [ERROR] LogOutputStream:75 - [STDERR_REDIRECT] [Fatal Error] :1:1: Premature end of file.
2026-04-12 23:26:03,990 [ERROR] LogOutputStream:75 - [STDERR_REDIRECT] 
2026-04-12 23:26:04,993 [ERROR] LogOutputStream:75 - [STDERR_REDIRECT] [Fatal Error] :1:1: Premature end of file.
2026-04-12 23:26:04,993 [ERROR] LogOutputStream:75 - [STDERR_REDIRECT] 
2026-04-12 23:26:06,005 [ERROR] LogOutputStream:75 - [STDERR_REDIRECT] [Fatal Error] :1:1: Premature end of file.
2026-04-12 23:26:06,005 [ERROR] LogOutputStream:75 - [STDERR_REDIRECT] 
2026-04-12 23:26:06,990 [ERROR] LogOutputStream:75 - [STDERR_REDIRECT] [Fatal Error] :1:1: Premature end of file.
2026-04-12 23:26:06,990 [ERROR] LogOutputStream:75 - [STDERR_REDIRECT] 
2026-04-12 23:26:08,000 [ERROR] LogOutputStream:75 - [STDERR_REDIRECT] [Fatal Error] :1:1: Premature end of file.
2026-04-12 23:26:08,001 [ERROR] LogOutputStream:75 - [STDERR_REDIRECT] 
2026-04-12 23:26:08,994 [ERROR] LogOutputStream:75 - [STDERR_REDIRECT] [Fatal Error] :1:1: Premature end of file.
2026-04-12 23:26:08,994 [ERROR] LogOutputStream:75 - [STDERR_REDIRECT] 
2026-04-12 23:26:09,990 [ERROR] LogOutputStream:75 - [STDERR_REDIRECT] [Fatal Error] :1:1: Premature end of file.
2026-04-12 23:26:09,990 [ERROR] LogOutputStream:75 - [STDERR_REDIRECT] 
2026-04-12 23:26:10,990 [ERROR] LogOutputStream:75 - [STDERR_REDIRECT] [Fatal Error] :1:1: Premature end of file.
2026-04-12 23:26:10,990 [ERROR] LogOutputStream:75 - [STDERR_REDIRECT] 
2026-04-12 23:26:11,995 [ERROR] LogOutputStream:75 - [STDERR_REDIRECT] [Fatal Error] :1:1: Premature end of file.
2026-04-12 23:26:11,995 [ERROR] LogOutputStream:75 - [STDERR_REDIRECT] 
2026-04-12 23:26:13,013 [ERROR] LogOutputStream:75 - [STDERR_REDIRECT] [Fatal Error] :1:1: Premature end of file.
2026-04-12 23:26:13,014 [ERROR] LogOutputStream:75 - [STDERR_REDIRECT] 
2026-04-12 23:26:13,991 [ERROR] LogOutputStream:75 - [STDERR_REDIRECT] [Fatal Error] :1:1: Premature end of file.
2026-04-12 23:26:13,991 [ERROR] LogOutputStream:75 - [STDERR_REDIRECT] 
2026-04-12 23:26:15,001 [ERROR] LogOutputStream:75 - [STDERR_REDIRECT] [Fatal Error] :1:1: Premature end of file.
2026-04-12 23:26:15,001 [ERROR] LogOutputStream:75 - [STDERR_REDIRECT] 
2026-04-12 23:26:15,990 [ERROR] LogOutputStream:75 - [STDERR_REDIRECT] [Fatal Error] :1:1: Premature end of file.
2026-04-12 23:26:15,990 [ERROR] LogOutputStream:75 - [STDERR_REDIRECT] 
2026-04-12 23:26:17,000 [ERROR] LogOutputStream:75 - [STDERR_REDIRECT] [Fatal Error] :1:1: Premature end of file.
2026-04-12 23:26:17,001 [ERROR] LogOutputStream:75 - [STDERR_REDIRECT] 
2026-04-12 23:26:17,994 [ERROR] LogOutputStream:75 - [STDERR_REDIRECT] [Fatal Error] :1:1: Premature end of file.
2026-04-12 23:26:17,994 [ERROR] LogOutputStream:75 - [STDERR_REDIRECT] 
2026-04-12 23:26:18,997 [ERROR] LogOutputStream:75 - [STDERR_REDIRECT] [Fatal Error] :1:1: Premature end of file.
2026-04-12 23:26:18,998 [ERROR] LogOutputStream:75 - [STDERR_REDIRECT] 
2026-04-12 23:26:19,999 [ERROR] LogOutputStream:75 - [STDERR_REDIRECT] [Fatal Error] :1:1: Premature end of file.
2026-04-12 23:26:19,999 [ERROR] LogOutputStream:75 - [STDERR_REDIRECT] 
2026-04-12 23:26:21,002 [ERROR] LogOutputStream:75 - [STDERR_REDIRECT] [Fatal Error] :1:1: Premature end of file.
2026-04-12 23:26:21,002 [ERROR] LogOutputStream:75 - [STDERR_REDIRECT] 
2026-04-12 23:26:21,995 [ERROR] LogOutputStream:75 - [STDERR_REDIRECT] [Fatal Error] :1:1: Premature end of file.
2026-04-12 23:26:21,995 [ERROR] LogOutputStream:75 - [STDERR_REDIRECT] 
2026-04-12 23:26:22,988 [ERROR] LogOutputStream:75 - [STDERR_REDIRECT] [Fatal Error] :1:1: Premature end of file.
2026-04-12 23:26:22,989 [ERROR] LogOutputStream:75 - [STDERR_REDIRECT] 
2026-04-12 23:26:24,002 [ERROR] LogOutputStream:75 - [STDERR_REDIRECT] [Fatal Error] :1:1: Premature end of file.
2026-04-12 23:26:24,002 [ERROR] LogOutputStream:75 - [STDERR_REDIRECT] 
2026-04-12 23:26:24,991 [ERROR] LogOutputStream:75 - [STDERR_REDIRECT] [Fatal Error] :1:1: Premature end of file.
2026-04-12 23:26:24,991 [ERROR] LogOutputStream:75 - [STDERR_REDIRECT] 
2026-04-12 23:26:26,002 [ERROR] LogOutputStream:75 - [STDERR_REDIRECT] [Fatal Error] :1:1: Premature end of file.
2026-04-12 23:26:26,003 [ERROR] LogOutputStream:75 - [STDERR_REDIRECT] 
2026-04-12 23:26:26,989 [ERROR] LogOutputStream:75 - [STDERR_REDIRECT] [Fatal Error] :1:1: Premature end of file.
2026-04-12 23:26:26,989 [ERROR] LogOutputStream:75 - [STDERR_REDIRECT] 
2026-04-12 23:26:27,996 [ERROR] LogOutputStream:75 - [STDERR_REDIRECT] [Fatal Error] :1:1: Premature end of file.
2026-04-12 23:26:27,996 [ERROR] LogOutputStream:75 - [STDERR_REDIRECT] 
2026-04-12 23:26:29,019 [ERROR] LogOutputStream:75 - [STDERR_REDIRECT] [Fatal Error] :1:1: Premature end of file.
2026-04-12 23:26:29,023 [ERROR] LogOutputStream:75 - [STDERR_REDIRECT] 
2026-04-12 23:26:30,002 [ERROR] LogOutputStream:75 - [STDERR_REDIRECT] [Fatal Error] :1:1: Premature end of file.
2026-04-12 23:26:30,003 [ERROR] LogOutputStream:75 - [STDERR_REDIRECT] 
2026-04-12 23:26:30,997 [ERROR] LogOutputStream:75 - [STDERR_REDIRECT] [Fatal Error] :1:1: Premature end of file.
2026-04-12 23:26:30,997 [ERROR] LogOutputStream:75 - [STDERR_REDIRECT] 
2026-04-12 23:26:31,991 [ERROR] LogOutputStream:75 - [STDERR_REDIRECT] [Fatal Error] :1:1: Premature end of file.
2026-04-12 23:26:31,991 [ERROR] LogOutputStream:75 - [STDERR_REDIRECT] 
2026-04-12 23:26:33,003 [ERROR] LogOutputStream:75 - [STDERR_REDIRECT] [Fatal Error] :1:1: Premature end of file.
2026-04-12 23:26:33,003 [ERROR] LogOutputStream:75 - [STDERR_REDIRECT] 
2026-04-12 23:26:33,998 [ERROR] LogOutputStream:75 - [STDERR_REDIRECT] [Fatal Error] :1:1: Premature end of file.
2026-04-12 23:26:33,999 [ERROR] LogOutputStream:75 - [STDERR_REDIRECT] 
2026-04-12 23:26:34,989 [ERROR] LogOutputStream:75 - [STDERR_REDIRECT] [Fatal Error] :1:1: Premature end of file.
2026-04-12 23:26:34,989 [ERROR] LogOutputStream:75 - [STDERR_REDIRECT] 
2026-04-12 23:26:36,053 [ERROR] LogOutputStream:75 - [STDERR_REDIRECT] [Fatal Error] :1:1: Premature end of file.
2026-04-12 23:26:36,054 [ERROR] LogOutputStream:75 - [STDERR_REDIRECT] 
2026-04-12 23:26:36,994 [ERROR] LogOutputStream:75 - [STDERR_REDIRECT] [Fatal Error] :1:1: Premature end of file.
2026-04-12 23:26:36,994 [ERROR] LogOutputStream:75 - [STDERR_REDIRECT] 
2026-04-12 23:26:37,989 [ERROR] LogOutputStream:75 - [STDERR_REDIRECT] [Fatal Error] :1:1: Premature end of file.
2026-04-12 23:26:37,989 [ERROR] LogOutputStream:75 - [STDERR_REDIRECT] 
2026-04-12 23:26:39,001 [ERROR] LogOutputStream:75 - [STDERR_REDIRECT] [Fatal Error] :1:1: Premature end of file.
2026-04-12 23:26:39,001 [ERROR] LogOutputStream:75 - [STDERR_REDIRECT] 
2026-04-12 23:26:39,990 [ERROR] LogOutputStream:75 - [STDERR_REDIRECT] [Fatal Error] :1:1: Premature end of file.
2026-04-12 23:26:39,990 [ERROR] LogOutputStream:75 - [STDERR_REDIRECT] 
2026-04-12 23:26:41,000 [ERROR] LogOutputStream:75 - [STDERR_REDIRECT] [Fatal Error] :1:1: Premature end of file.
2026-04-12 23:26:41,001 [ERROR] LogOutputStream:75 - [STDERR_REDIRECT] 
2026-04-12 23:26:41,991 [ERROR] LogOutputStream:75 - [STDERR_REDIRECT] [Fatal Error] :1:1: Premature end of file.
2026-04-12 23:26:41,991 [ERROR] LogOutputStream:75 - [STDERR_REDIRECT] 
2026-04-12 23:26:43,001 [ERROR] LogOutputStream:75 - [STDERR_REDIRECT] [Fatal Error] :1:1: Premature end of file.
2026-04-12 23:26:43,001 [ERROR] LogOutputStream:75 - [STDERR_REDIRECT] 
2026-04-12 23:26:43,996 [ERROR] LogOutputStream:75 - [STDERR_REDIRECT] [Fatal Error] :1:1: Premature end of file.
2026-04-12 23:26:43,996 [ERROR] LogOutputStream:75 - [STDERR_REDIRECT] 
2026-04-12 23:26:44,991 [ERROR] LogOutputStream:75 - [STDERR_REDIRECT] [Fatal Error] :1:1: Premature end of file.
2026-04-12 23:26:44,991 [ERROR] LogOutputStream:75 - [STDERR_REDIRECT] 
2026-04-12 23:26:45,999 [ERROR] LogOutputStream:75 - [STDERR_REDIRECT] [Fatal Error] :1:1: Premature end of file.
2026-04-12 23:26:45,999 [ERROR] LogOutputStream:75 - [STDERR_REDIRECT] 
2026-04-12 23:26:46,991 [ERROR] LogOutputStream:75 - [STDERR_REDIRECT] [Fatal Error] :1:1: Premature end of file.
2026-04-12 23:26:46,991 [ERROR] LogOutputStream:75 - [STDERR_REDIRECT] 
2026-04-12 23:26:48,014 [ERROR] LogOutputStream:75 - [STDERR_REDIRECT] [Fatal Error] :1:1: Premature end of file.
2026-04-12 23:26:48,014 [ERROR] LogOutputStream:75 - [STDERR_REDIRECT] 
2026-04-12 23:26:49,005 [ERROR] LogOutputStream:75 - [STDERR_REDIRECT] [Fatal Error] :1:1: Premature end of file.
2026-04-12 23:26:49,005 [ERROR] LogOutputStream:75 - [STDERR_REDIRECT] 
2026-04-12 23:26:49,998 [ERROR] LogOutputStream:75 - [STDERR_REDIRECT] [Fatal Error] :1:1: Premature end of file.
2026-04-12 23:26:49,998 [ERROR] LogOutputStream:75 - [STDERR_REDIRECT] 
2026-04-12 23:26:50,988 [ERROR] LogOutputStream:75 - [STDERR_REDIRECT] [Fatal Error] :1:1: Premature end of file.
2026-04-12 23:26:50,988 [ERROR] LogOutputStream:75 - [STDERR_REDIRECT] 
2026-04-12 23:26:51,995 [ERROR] LogOutputStream:75 - [STDERR_REDIRECT] [Fatal Error] :1:1: Premature end of file.
2026-04-12 23:26:51,996 [ERROR] LogOutputStream:75 - [STDERR_REDIRECT] 
2026-04-12 23:26:53,001 [ERROR] LogOutputStream:75 - [STDERR_REDIRECT] [Fatal Error] :1:1: Premature end of file.
2026-04-12 23:26:53,001 [ERROR] LogOutputStream:75 - [STDERR_REDIRECT] 
2026-04-12 23:26:53,994 [ERROR] LogOutputStream:75 - [STDERR_REDIRECT] [Fatal Error] :1:1: Premature end of file.
2026-04-12 23:26:53,994 [ERROR] LogOutputStream:75 - [STDERR_REDIRECT] 
2026-04-12 23:26:55,003 [ERROR] LogOutputStream:75 - [STDERR_REDIRECT] [Fatal Error] :1:1: Premature end of file.
2026-04-12 23:26:55,003 [ERROR] LogOutputStream:75 - [STDERR_REDIRECT] 
2026-04-12 23:26:55,996 [ERROR] LogOutputStream:75 - [STDERR_REDIRECT] [Fatal Error] :1:1: Premature end of file.
2026-04-12 23:26:55,997 [ERROR] LogOutputStream:75 - [STDERR_REDIRECT] 
2026-04-12 23:26:57,003 [ERROR] LogOutputStream:75 - [STDERR_REDIRECT] [Fatal Error] :1:1: Premature end of file.
2026-04-12 23:26:57,003 [ERROR] LogOutputStream:75 - [STDERR_REDIRECT] 
2026-04-12 23:26:57,998 [ERROR] LogOutputStream:75 - [STDERR_REDIRECT] [Fatal Error] :1:1: Premature end of file.
2026-04-12 23:26:57,998 [ERROR] LogOutputStream:75 - [STDERR_REDIRECT] 
2026-04-12 23:26:58,987 [ERROR] LogOutputStream:75 - [STDERR_REDIRECT] [Fatal Error] :1:1: Premature end of file.
2026-04-12 23:26:58,988 [ERROR] LogOutputStream:75 - [STDERR_REDIRECT] 
2026-04-12 23:26:59,996 [ERROR] LogOutputStream:75 - [STDERR_REDIRECT] [Fatal Error] :1:1: Premature end of file.
2026-04-12 23:26:59,996 [ERROR] LogOutputStream:75 - [STDERR_REDIRECT] 
2026-04-12 23:27:00,998 [ERROR] LogOutputStream:75 - [STDERR_REDIRECT] [Fatal Error] :1:1: Premature end of file.
2026-04-12 23:27:00,998 [ERROR] LogOutputStream:75 - [STDERR_REDIRECT] 
2026-04-12 23:27:01,996 [ERROR] LogOutputStream:75 - [STDERR_REDIRECT] [Fatal Error] :1:1: Premature end of file.
2026-04-12 23:27:01,996 [ERROR] LogOutputStream:75 - [STDERR_REDIRECT] 
2026-04-12 23:27:02,999 [ERROR] LogOutputStream:75 - [STDERR_REDIRECT] [Fatal Error] :1:1: Premature end of file.
2026-04-12 23:27:03,000 [ERROR] LogOutputStream:75 - [STDERR_REDIRECT] 
2026-04-12 23:27:03,993 [ERROR] LogOutputStream:75 - [STDERR_REDIRECT] [Fatal Error] :1:1: Premature end of file.
2026-04-12 23:27:03,993 [ERROR] LogOutputStream:75 - [STDERR_REDIRECT] 
2026-04-12 23:27:04,999 [ERROR] LogOutputStream:75 - [STDERR_REDIRECT] [Fatal Error] :1:1: Premature end of file.
2026-04-12 23:27:04,999 [ERROR] LogOutputStream:75 - [STDERR_REDIRECT] 
2026-04-12 23:27:06,003 [ERROR] LogOutputStream:75 - [STDERR_REDIRECT] [Fatal Error] :1:1: Premature end of file.
2026-04-12 23:27:06,003 [ERROR] LogOutputStream:75 - [STDERR_REDIRECT] 
2026-04-12 23:27:06,994 [ERROR] LogOutputStream:75 - [STDERR_REDIRECT] [Fatal Error] :1:1: Premature end of file.
2026-04-12 23:27:06,994 [ERROR] LogOutputStream:75 - [STDERR_REDIRECT] 
2026-04-12 23:27:08,000 [ERROR] LogOutputStream:75 - [STDERR_REDIRECT] [Fatal Error] :1:1: Premature end of file.
2026-04-12 23:27:08,000 [ERROR] LogOutputStream:75 - [STDERR_REDIRECT] 
2026-04-12 23:27:08,992 [ERROR] LogOutputStream:75 - [STDERR_REDIRECT] [Fatal Error] :1:1: Premature end of file.
2026-04-12 23:27:08,992 [ERROR] LogOutputStream:75 - [STDERR_REDIRECT] 
2026-04-12 23:27:09,999 [ERROR] LogOutputStream:75 - [STDERR_REDIRECT] [Fatal Error] :1:1: Premature end of file.
2026-04-12 23:27:10,000 [ERROR] LogOutputStream:75 - [STDERR_REDIRECT] 
2026-04-12 23:27:11,004 [ERROR] LogOutputStream:75 - [STDERR_REDIRECT] [Fatal Error] :1:1: Premature end of file.
2026-04-12 23:27:11,004 [ERROR] LogOutputStream:75 - [STDERR_REDIRECT] 
2026-04-12 23:27:11,992 [ERROR] LogOutputStream:75 - [STDERR_REDIRECT] [Fatal Error] :1:1: Premature end of file.
2026-04-12 23:27:11,992 [ERROR] LogOutputStream:75 - [STDERR_REDIRECT] 
2026-04-12 23:27:12,996 [ERROR] LogOutputStream:75 - [STDERR_REDIRECT] [Fatal Error] :1:1: Premature end of file.
2026-04-12 23:27:12,997 [ERROR] LogOutputStream:75 - [STDERR_REDIRECT] 
2026-04-12 23:27:14,000 [ERROR] LogOutputStream:75 - [STDERR_REDIRECT] [Fatal Error] :1:1: Premature end of file.
2026-04-12 23:27:14,000 [ERROR] LogOutputStream:75 - [STDERR_REDIRECT] 
2026-04-12 23:27:14,992 [ERROR] LogOutputStream:75 - [STDERR_REDIRECT] [Fatal Error] :1:1: Premature end of file.
2026-04-12 23:27:14,992 [ERROR] LogOutputStream:75 - [STDERR_REDIRECT] 
2026-04-12 23:27:16,002 [ERROR] LogOutputStream:75 - [STDERR_REDIRECT] [Fatal Error] :1:1: Premature end of file.
2026-04-12 23:27:16,002 [ERROR] LogOutputStream:75 - [STDERR_REDIRECT] 
2026-04-12 23:27:16,998 [ERROR] LogOutputStream:75 - [STDERR_REDIRECT] [Fatal Error] :1:1: Premature end of file.
2026-04-12 23:27:16,998 [ERROR] LogOutputStream:75 - [STDERR_REDIRECT] 
2026-04-12 23:27:18,009 [ERROR] LogOutputStream:75 - [STDERR_REDIRECT] [Fatal Error] :1:1: Premature end of file.
2026-04-12 23:27:18,009 [ERROR] LogOutputStream:75 - [STDERR_REDIRECT] 
2026-04-12 23:27:19,002 [ERROR] LogOutputStream:75 - [STDERR_REDIRECT] [Fatal Error] :1:1: Premature end of file.
2026-04-12 23:27:19,002 [ERROR] LogOutputStream:75 - [STDERR_REDIRECT] 
2026-04-12 23:27:19,998 [ERROR] LogOutputStream:75 - [STDERR_REDIRECT] [Fatal Error] :1:1: Premature end of file.
2026-04-12 23:27:19,998 [ERROR] LogOutputStream:75 - [STDERR_REDIRECT] 
2026-04-12 23:27:20,988 [ERROR] LogOutputStream:75 - [STDERR_REDIRECT] [Fatal Error] :1:1: Premature end of file.
2026-04-12 23:27:20,989 [ERROR] LogOutputStream:75 - [STDERR_REDIRECT] 
2026-04-12 23:27:21,999 [ERROR] LogOutputStream:75 - [STDERR_REDIRECT] [Fatal Error] :1:1: Premature end of file.
2026-04-12 23:27:22,000 [ERROR] LogOutputStream:75 - [STDERR_REDIRECT] 
2026-04-12 23:27:22,992 [ERROR] LogOutputStream:75 - [STDERR_REDIRECT] [Fatal Error] :1:1: Premature end of file.
2026-04-12 23:27:22,992 [ERROR] LogOutputStream:75 - [STDERR_REDIRECT] 
2026-04-12 23:27:23,998 [ERROR] LogOutputStream:75 - [STDERR_REDIRECT] [Fatal Error] :1:1: Premature end of file.
2026-04-12 23:27:23,999 [ERROR] LogOutputStream:75 - [STDERR_REDIRECT] 
2026-04-12 23:27:24,991 [ERROR] LogOutputStream:75 - [STDERR_REDIRECT] [Fatal Error] :1:1: Premature end of file.
2026-04-12 23:27:24,992 [ERROR] LogOutputStream:75 - [STDERR_REDIRECT] 
2026-04-12 23:27:25,996 [ERROR] LogOutputStream:75 - [STDERR_REDIRECT] [Fatal Error] :1:1: Premature end of file.
2026-04-12 23:27:25,997 [ERROR] LogOutputStream:75 - [STDERR_REDIRECT] 
2026-04-12 23:27:26,992 [ERROR] LogOutputStream:75 - [STDERR_REDIRECT] [Fatal Error] :1:1: Premature end of file.
2026-04-12 23:27:26,992 [ERROR] LogOutputStream:75 - [STDERR_REDIRECT] 
2026-04-12 23:27:28,002 [ERROR] LogOutputStream:75 - [STDERR_REDIRECT] [Fatal Error] :1:1: Premature end of file.
2026-04-12 23:27:28,002 [ERROR] LogOutputStream:75 - [STDERR_REDIRECT] 
2026-04-12 23:27:29,009 [ERROR] LogOutputStream:75 - [STDERR_REDIRECT] [Fatal Error] :1:1: Premature end of file.
2026-04-12 23:27:29,009 [ERROR] LogOutputStream:75 - [STDERR_REDIRECT] 
2026-04-12 23:27:29,991 [ERROR] LogOutputStream:75 - [STDERR_REDIRECT] [Fatal Error] :1:1: Premature end of file.
2026-04-12 23:27:29,991 [ERROR] LogOutputStream:75 - [STDERR_REDIRECT] 
2026-04-12 23:27:31,008 [ERROR] LogOutputStream:75 - [STDERR_REDIRECT] [Fatal Error] :1:1: Premature end of file.
2026-04-12 23:27:31,008 [ERROR] LogOutputStream:75 - [STDERR_REDIRECT] 
2026-04-12 23:27:31,997 [ERROR] LogOutputStream:75 - [STDERR_REDIRECT] [Fatal Error] :1:1: Premature end of file.
2026-04-12 23:27:31,997 [ERROR] LogOutputStream:75 - [STDERR_REDIRECT] 
2026-04-12 23:27:33,018 [ERROR] LogOutputStream:75 - [STDERR_REDIRECT] [Fatal Error] :1:1: Premature end of file.
2026-04-12 23:27:33,018 [ERROR] LogOutputStream:75 - [STDERR_REDIRECT] 
2026-04-12 23:27:33,994 [ERROR] LogOutputStream:75 - [STDERR_REDIRECT] [Fatal Error] :1:1: Premature end of file.
2026-04-12 23:27:33,994 [ERROR] LogOutputStream:75 - [STDERR_REDIRECT] 
2026-04-12 23:27:34,990 [ERROR] LogOutputStream:75 - [STDERR_REDIRECT] [Fatal Error] :1:1: Premature end of file.
2026-04-12 23:27:34,990 [ERROR] LogOutputStream:75 - [STDERR_REDIRECT] 
2026-04-12 23:27:35,996 [ERROR] LogOutputStream:75 - [STDERR_REDIRECT] [Fatal Error] :1:1: Premature end of file.
2026-04-12 23:27:35,996 [ERROR] LogOutputStream:75 - [STDERR_REDIRECT] 
2026-04-12 23:27:36,989 [ERROR] LogOutputStream:75 - [STDERR_REDIRECT] [Fatal Error] :1:1: Premature end of file.
2026-04-12 23:27:36,990 [ERROR] LogOutputStream:75 - [STDERR_REDIRECT] 
2026-04-12 23:27:37,997 [ERROR] LogOutputStream:75 - [STDERR_REDIRECT] [Fatal Error] :1:1: Premature end of file.
2026-04-12 23:27:37,997 [ERROR] LogOutputStream:75 - [STDERR_REDIRECT] 
2026-04-12 23:27:39,004 [ERROR] LogOutputStream:75 - [STDERR_REDIRECT] [Fatal Error] :1:1: Premature end of file.
2026-04-12 23:27:39,004 [ERROR] LogOutputStream:75 - [STDERR_REDIRECT] 
2026-04-12 23:27:39,993 [ERROR] LogOutputStream:75 - [STDERR_REDIRECT] [Fatal Error] :1:1: Premature end of file.
2026-04-12 23:27:39,994 [ERROR] LogOutputStream:75 - [STDERR_REDIRECT] 
2026-04-12 23:27:40,988 [ERROR] LogOutputStream:75 - [STDERR_REDIRECT] [Fatal Error] :1:1: Premature end of file.
2026-04-12 23:27:40,988 [ERROR] LogOutputStream:75 - [STDERR_REDIRECT] 
2026-04-12 23:27:41,997 [ERROR] LogOutputStream:75 - [STDERR_REDIRECT] [Fatal Error] :1:1: Premature end of file.
2026-04-12 23:27:41,997 [ERROR] LogOutputStream:75 - [STDERR_REDIRECT] 
2026-04-12 23:27:42,991 [ERROR] LogOutputStream:75 - [STDERR_REDIRECT] [Fatal Error] :1:1: Premature end of file.
2026-04-12 23:27:42,992 [ERROR] LogOutputStream:75 - [STDERR_REDIRECT] 
2026-04-12 23:27:43,996 [ERROR] LogOutputStream:75 - [STDERR_REDIRECT] [Fatal Error] :1:1: Premature end of file.
2026-04-12 23:27:43,996 [ERROR] LogOutputStream:75 - [STDERR_REDIRECT] 
2026-04-12 23:27:45,004 [ERROR] LogOutputStream:75 - [STDERR_REDIRECT] [Fatal Error] :1:1: Premature end of file.
2026-04-12 23:27:45,005 [ERROR] LogOutputStream:75 - [STDERR_REDIRECT] 
2026-04-12 23:27:45,993 [ERROR] LogOutputStream:75 - [STDERR_REDIRECT] [Fatal Error] :1:1: Premature end of file.
2026-04-12 23:27:45,994 [ERROR] LogOutputStream:75 - [STDERR_REDIRECT] 
2026-04-12 23:27:46,991 [ERROR] LogOutputStream:75 - [STDERR_REDIRECT] [Fatal Error] :1:1: Premature end of file.
2026-04-12 23:27:46,991 [ERROR] LogOutputStream:75 - [STDERR_REDIRECT] 
2026-04-12 23:27:48,000 [ERROR] LogOutputStream:75 - [STDERR_REDIRECT] [Fatal Error] :1:1: Premature end of file.
2026-04-12 23:27:48,000 [ERROR] LogOutputStream:75 - [STDERR_REDIRECT] 
2026-04-12 23:27:49,001 [ERROR] LogOutputStream:75 - [STDERR_REDIRECT] [Fatal Error] :1:1: Premature end of file.
2026-04-12 23:27:49,001 [ERROR] LogOutputStream:75 - [STDERR_REDIRECT] 
2026-04-12 23:27:49,995 [ERROR] LogOutputStream:75 - [STDERR_REDIRECT] [Fatal Error] :1:1: Premature end of file.
2026-04-12 23:27:49,995 [ERROR] LogOutputStream:75 - [STDERR_REDIRECT] 
2026-04-12 23:27:51,020 [ERROR] LogOutputStream:75 - [STDERR_REDIRECT] [Fatal Error] :1:1: Premature end of file.
2026-04-12 23:27:51,020 [ERROR] LogOutputStream:75 - [STDERR_REDIRECT] 
2026-04-12 23:27:51,995 [ERROR] LogOutputStream:75 - [STDERR_REDIRECT] [Fatal Error] :1:1: Premature end of file.
2026-04-12 23:27:51,995 [ERROR] LogOutputStream:75 - [STDERR_REDIRECT] 
2026-04-12 23:27:52,991 [ERROR] LogOutputStream:75 - [STDERR_REDIRECT] [Fatal Error] :1:1: Premature end of file.
2026-04-12 23:27:52,991 [ERROR] LogOutputStream:75 - [STDERR_REDIRECT] 
2026-04-12 23:27:53,989 [ERROR] LogOutputStream:75 - [STDERR_REDIRECT] [Fatal Error] :1:1: Premature end of file.
2026-04-12 23:27:53,990 [ERROR] LogOutputStream:75 - [STDERR_REDIRECT] 
2026-04-12 23:27:54,998 [ERROR] LogOutputStream:75 - [STDERR_REDIRECT] [Fatal Error] :1:1: Premature end of file.
2026-04-12 23:27:54,998 [ERROR] LogOutputStream:75 - [STDERR_REDIRECT] 
2026-04-12 23:27:56,001 [ERROR] LogOutputStream:75 - [STDERR_REDIRECT] [Fatal Error] :1:1: Premature end of file.
2026-04-12 23:27:56,001 [ERROR] LogOutputStream:75 - [STDERR_REDIRECT] 
2026-04-12 23:27:56,996 [ERROR] LogOutputStream:75 - [STDERR_REDIRECT] [Fatal Error] :1:1: Premature end of file.
2026-04-12 23:27:56,996 [ERROR] LogOutputStream:75 - [STDERR_REDIRECT] 
2026-04-12 23:27:58,005 [ERROR] LogOutputStream:75 - [STDERR_REDIRECT] [Fatal Error] :1:1: Premature end of file.
2026-04-12 23:27:58,005 [ERROR] LogOutputStream:75 - [STDERR_REDIRECT] 
2026-04-12 23:27:59,004 [ERROR] LogOutputStream:75 - [STDERR_REDIRECT] [Fatal Error] :1:1: Premature end of file.
2026-04-12 23:27:59,004 [ERROR] LogOutputStream:75 - [STDERR_REDIRECT] 
2026-04-12 23:27:59,998 [ERROR] LogOutputStream:75 - [STDERR_REDIRECT] [Fatal Error] :1:1: Premature end of file.
2026-04-12 23:27:59,998 [ERROR] LogOutputStream:75 - [STDERR_REDIRECT] 
2026-04-12 23:28:01,000 [ERROR] LogOutputStream:75 - [STDERR_REDIRECT] [Fatal Error] :1:1: Premature end of file.
2026-04-12 23:28:01,000 [ERROR] LogOutputStream:75 - [STDERR_REDIRECT] 
2026-04-12 23:28:01,999 [ERROR] LogOutputStream:75 - [STDERR_REDIRECT] [Fatal Error] :1:1: Premature end of file.
2026-04-12 23:28:01,999 [ERROR] LogOutputStream:75 - [STDERR_REDIRECT] 
2026-04-12 23:28:02,992 [ERROR] LogOutputStream:75 - [STDERR_REDIRECT] [Fatal Error] :1:1: Premature end of file.
2026-04-12 23:28:02,993 [ERROR] LogOutputStream:75 - [STDERR_REDIRECT] 
2026-04-12 23:28:03,988 [ERROR] LogOutputStream:75 - [STDERR_REDIRECT] [Fatal Error] :1:1: Premature end of file.
2026-04-12 23:28:03,988 [ERROR] LogOutputStream:75 - [STDERR_REDIRECT] 
2026-04-12 23:28:04,997 [ERROR] LogOutputStream:75 - [STDERR_REDIRECT] [Fatal Error] :1:1: Premature end of file.
2026-04-12 23:28:04,998 [ERROR] LogOutputStream:75 - [STDERR_REDIRECT] 
2026-04-12 23:28:05,993 [ERROR] LogOutputStream:75 - [STDERR_REDIRECT] [Fatal Error] :1:1: Premature end of file.
2026-04-12 23:28:05,993 [ERROR] LogOutputStream:75 - [STDERR_REDIRECT] 
2026-04-12 23:28:07,003 [ERROR] LogOutputStream:75 - [STDERR_REDIRECT] [Fatal Error] :1:1: Premature end of file.
2026-04-12 23:28:07,003 [ERROR] LogOutputStream:75 - [STDERR_REDIRECT] 
2026-04-12 23:28:08,010 [ERROR] LogOutputStream:75 - [STDERR_REDIRECT] [Fatal Error] :1:1: Premature end of file.
2026-04-12 23:28:08,010 [ERROR] LogOutputStream:75 - [STDERR_REDIRECT] 
2026-04-12 23:28:08,993 [ERROR] LogOutputStream:75 - [STDERR_REDIRECT] [Fatal Error] :1:1: Premature end of file.
2026-04-12 23:28:08,993 [ERROR] LogOutputStream:75 - [STDERR_REDIRECT] 
2026-04-12 23:28:10,001 [ERROR] LogOutputStream:75 - [STDERR_REDIRECT] [Fatal Error] :1:1: Premature end of file.
2026-04-12 23:28:10,001 [ERROR] LogOutputStream:75 - [STDERR_REDIRECT] 
2026-04-12 23:28:11,001 [ERROR] LogOutputStream:75 - [STDERR_REDIRECT] [Fatal Error] :1:1: Premature end of file.
2026-04-12 23:28:11,001 [ERROR] LogOutputStream:75 - [STDERR_REDIRECT] 
2026-04-12 23:28:11,992 [ERROR] LogOutputStream:75 - [STDERR_REDIRECT] [Fatal Error] :1:1: Premature end of file.
2026-04-12 23:28:11,992 [ERROR] LogOutputStream:75 - [STDERR_REDIRECT] 
2026-04-12 23:28:12,997 [ERROR] LogOutputStream:75 - [STDERR_REDIRECT] [Fatal Error] :1:1: Premature end of file.
2026-04-12 23:28:12,997 [ERROR] LogOutputStream:75 - [STDERR_REDIRECT] 
2026-04-12 23:28:14,007 [ERROR] LogOutputStream:75 - [STDERR_REDIRECT] [Fatal Error] :1:1: Premature end of file.
2026-04-12 23:28:14,007 [ERROR] LogOutputStream:75 - [STDERR_REDIRECT] 
2026-04-12 23:28:15,000 [ERROR] LogOutputStream:75 - [STDERR_REDIRECT] [Fatal Error] :1:1: Premature end of file.
2026-04-12 23:28:15,001 [ERROR] LogOutputStream:75 - [STDERR_REDIRECT] 
2026-04-12 23:28:16,022 [ERROR] LogOutputStream:75 - [STDERR_REDIRECT] [Fatal Error] :1:1: Premature end of file.
2026-04-12 23:28:16,023 [ERROR] LogOutputStream:75 - [STDERR_REDIRECT] 
2026-04-12 23:28:16,989 [ERROR] LogOutputStream:75 - [STDERR_REDIRECT] [Fatal Error] :1:1: Premature end of file.
2026-04-12 23:28:16,989 [ERROR] LogOutputStream:75 - [STDERR_REDIRECT] 
2026-04-12 23:28:18,000 [ERROR] LogOutputStream:75 - [STDERR_REDIRECT] [Fatal Error] :1:1: Premature end of file.
2026-04-12 23:28:18,000 [ERROR] LogOutputStream:75 - [STDERR_REDIRECT] 
2026-04-12 23:28:19,000 [ERROR] LogOutputStream:75 - [STDERR_REDIRECT] [Fatal Error] :1:1: Premature end of file.
2026-04-12 23:28:19,000 [ERROR] LogOutputStream:75 - [STDERR_REDIRECT] 
2026-04-12 23:28:20,010 [ERROR] LogOutputStream:75 - [STDERR_REDIRECT] [Fatal Error] :1:1: Premature end of file.
2026-04-12 23:28:20,010 [ERROR] LogOutputStream:75 - [STDERR_REDIRECT] 
2026-04-12 23:28:21,002 [ERROR] LogOutputStream:75 - [STDERR_REDIRECT] [Fatal Error] :1:1: Premature end of file.
2026-04-12 23:28:21,002 [ERROR] LogOutputStream:75 - [STDERR_REDIRECT] 
2026-04-12 23:28:21,996 [ERROR] LogOutputStream:75 - [STDERR_REDIRECT] [Fatal Error] :1:1: Premature end of file.
2026-04-12 23:28:21,996 [ERROR] LogOutputStream:75 - [STDERR_REDIRECT] 
2026-04-12 23:28:23,000 [ERROR] LogOutputStream:75 - [STDERR_REDIRECT] [Fatal Error] :1:1: Premature end of file.
2026-04-12 23:28:23,001 [ERROR] LogOutputStream:75 - [STDERR_REDIRECT] 
2026-04-12 23:28:23,990 [ERROR] LogOutputStream:75 - [STDERR_REDIRECT] [Fatal Error] :1:1: Premature end of file.
2026-04-12 23:28:23,990 [ERROR] LogOutputStream:75 - [STDERR_REDIRECT] 
2026-04-12 23:28:24,991 [ERROR] LogOutputStream:75 - [STDERR_REDIRECT] [Fatal Error] :1:1: Premature end of file.
2026-04-12 23:28:24,992 [ERROR] LogOutputStream:75 - [STDERR_REDIRECT] 
2026-04-12 23:28:25,999 [ERROR] LogOutputStream:75 - [STDERR_REDIRECT] [Fatal Error] :1:1: Premature end of file.
2026-04-12 23:28:26,000 [ERROR] LogOutputStream:75 - [STDERR_REDIRECT] 
2026-04-12 23:28:27,004 [ERROR] LogOutputStream:75 - [STDERR_REDIRECT] [Fatal Error] :1:1: Premature end of file.
2026-04-12 23:28:27,005 [ERROR] LogOutputStream:75 - [STDERR_REDIRECT] 
2026-04-12 23:28:27,991 [ERROR] LogOutputStream:75 - [STDERR_REDIRECT] [Fatal Error] :1:1: Premature end of file.
2026-04-12 23:28:27,991 [ERROR] LogOutputStream:75 - [STDERR_REDIRECT] 
2026-04-12 23:28:29,001 [ERROR] LogOutputStream:75 - [STDERR_REDIRECT] [Fatal Error] :1:1: Premature end of file.
2026-04-12 23:28:29,001 [ERROR] LogOutputStream:75 - [STDERR_REDIRECT] 
2026-04-12 23:28:30,008 [ERROR] LogOutputStream:75 - [STDERR_REDIRECT] [Fatal Error] :1:1: Premature end of file.
2026-04-12 23:28:30,008 [ERROR] LogOutputStream:75 - [STDERR_REDIRECT] 
2026-04-12 23:28:30,995 [ERROR] LogOutputStream:75 - [STDERR_REDIRECT] [Fatal Error] :1:1: Premature end of file.
2026-04-12 23:28:30,995 [ERROR] LogOutputStream:75 - [STDERR_REDIRECT] 
2026-04-12 23:28:32,000 [ERROR] LogOutputStream:75 - [STDERR_REDIRECT] [Fatal Error] :1:1: Premature end of file.
2026-04-12 23:28:32,000 [ERROR] LogOutputStream:75 - [STDERR_REDIRECT] 
2026-04-12 23:28:32,991 [ERROR] LogOutputStream:75 - [STDERR_REDIRECT] [Fatal Error] :1:1: Premature end of file.
2026-04-12 23:28:32,991 [ERROR] LogOutputStream:75 - [STDERR_REDIRECT] 
2026-04-12 23:28:34,000 [ERROR] LogOutputStream:75 - [STDERR_REDIRECT] [Fatal Error] :1:1: Premature end of file.
2026-04-12 23:28:34,000 [ERROR] LogOutputStream:75 - [STDERR_REDIRECT] 
2026-04-12 23:28:35,006 [ERROR] LogOutputStream:75 - [STDERR_REDIRECT] [Fatal Error] :1:1: Premature end of file.
2026-04-12 23:28:35,006 [ERROR] LogOutputStream:75 - [STDERR_REDIRECT] 
2026-04-12 23:28:36,015 [ERROR] LogOutputStream:75 - [STDERR_REDIRECT] [Fatal Error] :1:1: Premature end of file.
2026-04-12 23:28:36,015 [ERROR] LogOutputStream:75 - [STDERR_REDIRECT] 
2026-04-12 23:28:36,999 [ERROR] LogOutputStream:75 - [STDERR_REDIRECT] [Fatal Error] :1:1: Premature end of file.
2026-04-12 23:28:36,999 [ERROR] LogOutputStream:75 - [STDERR_REDIRECT] 
2026-04-12 23:28:38,002 [ERROR] LogOutputStream:75 - [STDERR_REDIRECT] [Fatal Error] :1:1: Premature end of file.
2026-04-12 23:28:38,002 [ERROR] LogOutputStream:75 - [STDERR_REDIRECT] 
2026-04-12 23:28:39,019 [ERROR] LogOutputStream:75 - [STDERR_REDIRECT] [Fatal Error] :1:1: Premature end of file.
2026-04-12 23:28:39,019 [ERROR] LogOutputStream:75 - [STDERR_REDIRECT] 
2026-04-12 23:28:39,990 [ERROR] LogOutputStream:75 - [STDERR_REDIRECT] [Fatal Error] :1:1: Premature end of file.
2026-04-12 23:28:39,990 [ERROR] LogOutputStream:75 - [STDERR_REDIRECT] 
2026-04-12 23:28:41,014 [ERROR] LogOutputStream:75 - [STDERR_REDIRECT] [Fatal Error] :1:1: Premature end of file.
2026-04-12 23:28:41,014 [ERROR] LogOutputStream:75 - [STDERR_REDIRECT] 
2026-04-12 23:28:41,994 [ERROR] LogOutputStream:75 - [STDERR_REDIRECT] [Fatal Error] :1:1: Premature end of file.
2026-04-12 23:28:41,994 [ERROR] LogOutputStream:75 - [STDERR_REDIRECT] 
2026-04-12 23:28:43,018 [ERROR] LogOutputStream:75 - [STDERR_REDIRECT] [Fatal Error] :1:1: Premature end of file.
2026-04-12 23:28:43,019 [ERROR] LogOutputStream:75 - [STDERR_REDIRECT] 
2026-04-12 23:28:44,050 [ERROR] LogOutputStream:75 - [STDERR_REDIRECT] [Fatal Error] :1:1: Premature end of file.
2026-04-12 23:28:44,050 [ERROR] LogOutputStream:75 - [STDERR_REDIRECT] 
2026-04-12 23:28:44,996 [ERROR] LogOutputStream:75 - [STDERR_REDIRECT] [Fatal Error] :1:1: Premature end of file.
2026-04-12 23:28:44,996 [ERROR] LogOutputStream:75 - [STDERR_REDIRECT] 
2026-04-12 23:28:45,994 [ERROR] LogOutputStream:75 - [STDERR_REDIRECT] [Fatal Error] :1:1: Premature end of file.
2026-04-12 23:28:45,995 [ERROR] LogOutputStream:75 - [STDERR_REDIRECT] 
2026-04-12 23:28:47,002 [ERROR] LogOutputStream:75 - [STDERR_REDIRECT] [Fatal Error] :1:1: Premature end of file.
2026-04-12 23:28:47,002 [ERROR] LogOutputStream:75 - [STDERR_REDIRECT] 
2026-04-12 23:28:47,991 [ERROR] LogOutputStream:75 - [STDERR_REDIRECT] [Fatal Error] :1:1: Premature end of file.
2026-04-12 23:28:47,991 [ERROR] LogOutputStream:75 - [STDERR_REDIRECT] 
2026-04-12 23:28:48,994 [ERROR] LogOutputStream:75 - [STDERR_REDIRECT] [Fatal Error] :1:1: Premature end of file.
2026-04-12 23:28:48,994 [ERROR] LogOutputStream:75 - [STDERR_REDIRECT] 
2026-04-12 23:28:50,007 [ERROR] LogOutputStream:75 - [STDERR_REDIRECT] [Fatal Error] :1:1: Premature end of file.
2026-04-12 23:28:50,007 [ERROR] LogOutputStream:75 - [STDERR_REDIRECT] 
2026-04-12 23:28:50,992 [ERROR] LogOutputStream:75 - [STDERR_REDIRECT] [Fatal Error] :1:1: Premature end of file.
2026-04-12 23:28:50,992 [ERROR] LogOutputStream:75 - [STDERR_REDIRECT] 
2026-04-12 23:28:51,989 [ERROR] LogOutputStream:75 - [STDERR_REDIRECT] [Fatal Error] :1:1: Premature end of file.
2026-04-12 23:28:51,989 [ERROR] LogOutputStream:75 - [STDERR_REDIRECT] 
2026-04-12 23:28:53,051 [ERROR] LogOutputStream:75 - [STDERR_REDIRECT] [Fatal Error] :1:1: Premature end of file.
2026-04-12 23:28:53,051 [ERROR] LogOutputStream:75 - [STDERR_REDIRECT] 
2026-04-12 23:28:53,995 [ERROR] LogOutputStream:75 - [STDERR_REDIRECT] [Fatal Error] :1:1: Premature end of file.
2026-04-12 23:28:53,995 [ERROR] LogOutputStream:75 - [STDERR_REDIRECT] 
2026-04-12 23:28:55,001 [ERROR] LogOutputStream:75 - [STDERR_REDIRECT] [Fatal Error] :1:1: Premature end of file.
2026-04-12 23:28:55,001 [ERROR] LogOutputStream:75 - [STDERR_REDIRECT] 
2026-04-12 23:28:55,991 [ERROR] LogOutputStream:75 - [STDERR_REDIRECT] [Fatal Error] :1:1: Premature end of file.
2026-04-12 23:28:55,991 [ERROR] LogOutputStream:75 - [STDERR_REDIRECT] 
2026-04-12 23:28:57,002 [ERROR] LogOutputStream:75 - [STDERR_REDIRECT] [Fatal Error] :1:1: Premature end of file.
2026-04-12 23:28:57,003 [ERROR] LogOutputStream:75 - [STDERR_REDIRECT] 
2026-04-12 23:28:58,009 [ERROR] LogOutputStream:75 - [STDERR_REDIRECT] [Fatal Error] :1:1: Premature end of file.
2026-04-12 23:28:58,009 [ERROR] LogOutputStream:75 - [STDERR_REDIRECT] 
2026-04-12 23:28:58,999 [ERROR] LogOutputStream:75 - [STDERR_REDIRECT] [Fatal Error] :1:1: Premature end of file.
2026-04-12 23:28:58,999 [ERROR] LogOutputStream:75 - [STDERR_REDIRECT] 
2026-04-12 23:28:59,990 [ERROR] LogOutputStream:75 - [STDERR_REDIRECT] [Fatal Error] :1:1: Premature end of file.
2026-04-12 23:28:59,990 [ERROR] LogOutputStream:75 - [STDERR_REDIRECT] 
2026-04-12 23:29:01,006 [ERROR] LogOutputStream:75 - [STDERR_REDIRECT] [Fatal Error] :1:1: Premature end of file.
2026-04-12 23:29:01,007 [ERROR] LogOutputStream:75 - [STDERR_REDIRECT] 
2026-04-12 23:29:01,998 [ERROR] LogOutputStream:75 - [STDERR_REDIRECT] [Fatal Error] :1:1: Premature end of file.
2026-04-12 23:29:01,998 [ERROR] LogOutputStream:75 - [STDERR_REDIRECT] 
2026-04-12 23:29:02,997 [ERROR] LogOutputStream:75 - [STDERR_REDIRECT] [Fatal Error] :1:1: Premature end of file.
2026-04-12 23:29:02,998 [ERROR] LogOutputStream:75 - [STDERR_REDIRECT] 
2026-04-12 23:29:03,997 [ERROR] LogOutputStream:75 - [STDERR_REDIRECT] [Fatal Error] :1:1: Premature end of file.
2026-04-12 23:29:03,997 [ERROR] LogOutputStream:75 - [STDERR_REDIRECT] 
2026-04-12 23:29:05,004 [ERROR] LogOutputStream:75 - [STDERR_REDIRECT] [Fatal Error] :1:1: Premature end of file.
2026-04-12 23:29:05,004 [ERROR] LogOutputStream:75 - [STDERR_REDIRECT] 
2026-04-12 23:29:05,994 [ERROR] LogOutputStream:75 - [STDERR_REDIRECT] [Fatal Error] :1:1: Premature end of file.
2026-04-12 23:29:05,994 [ERROR] LogOutputStream:75 - [STDERR_REDIRECT] 
2026-04-12 23:29:06,991 [ERROR] LogOutputStream:75 - [STDERR_REDIRECT] [Fatal Error] :1:1: Premature end of file.
2026-04-12 23:29:06,991 [ERROR] LogOutputStream:75 - [STDERR_REDIRECT] 
2026-04-12 23:29:07,989 [ERROR] LogOutputStream:75 - [STDERR_REDIRECT] [Fatal Error] :1:1: Premature end of file.
2026-04-12 23:29:07,989 [ERROR] LogOutputStream:75 - [STDERR_REDIRECT] 
2026-04-12 23:29:08,991 [ERROR] LogOutputStream:75 - [STDERR_REDIRECT] [Fatal Error] :1:1: Premature end of file.
2026-04-12 23:29:08,991 [ERROR] LogOutputStream:75 - [STDERR_REDIRECT] 
2026-04-12 23:29:09,998 [ERROR] LogOutputStream:75 - [STDERR_REDIRECT] [Fatal Error] :1:1: Premature end of file.
2026-04-12 23:29:09,998 [ERROR] LogOutputStream:75 - [STDERR_REDIRECT] 
2026-04-12 23:29:10,998 [ERROR] LogOutputStream:75 - [STDERR_REDIRECT] [Fatal Error] :1:1: Premature end of file.
2026-04-12 23:29:10,998 [ERROR] LogOutputStream:75 - [STDERR_REDIRECT] 
2026-04-12 23:29:12,021 [ERROR] LogOutputStream:75 - [STDERR_REDIRECT] [Fatal Error] :1:1: Premature end of file.
2026-04-12 23:29:12,021 [ERROR] LogOutputStream:75 - [STDERR_REDIRECT] 
2026-04-12 23:29:12,995 [ERROR] LogOutputStream:75 - [STDERR_REDIRECT] [Fatal Error] :1:1: Premature end of file.
2026-04-12 23:29:12,996 [ERROR] LogOutputStream:75 - [STDERR_REDIRECT] 
2026-04-12 23:29:14,014 [ERROR] LogOutputStream:75 - [STDERR_REDIRECT] [Fatal Error] :1:1: Premature end of file.
2026-04-12 23:29:14,014 [ERROR] LogOutputStream:75 - [STDERR_REDIRECT] 
2026-04-12 23:29:15,016 [ERROR] LogOutputStream:75 - [STDERR_REDIRECT] [Fatal Error] :1:1: Premature end of file.
2026-04-12 23:29:15,017 [ERROR] LogOutputStream:75 - [STDERR_REDIRECT] 
2026-04-12 23:29:15,995 [ERROR] LogOutputStream:75 - [STDERR_REDIRECT] [Fatal Error] :1:1: Premature end of file.
2026-04-12 23:29:15,995 [ERROR] LogOutputStream:75 - [STDERR_REDIRECT] 
2026-04-12 23:29:16,988 [ERROR] LogOutputStream:75 - [STDERR_REDIRECT] [Fatal Error] :1:1: Premature end of file.
2026-04-12 23:29:16,989 [ERROR] LogOutputStream:75 - [STDERR_REDIRECT] 
2026-04-12 23:29:17,991 [ERROR] LogOutputStream:75 - [STDERR_REDIRECT] [Fatal Error] :1:1: Premature end of file.
2026-04-12 23:29:17,991 [ERROR] LogOutputStream:75 - [STDERR_REDIRECT] 
2026-04-12 23:29:18,997 [ERROR] LogOutputStream:75 - [STDERR_REDIRECT] [Fatal Error] :1:1: Premature end of file.
2026-04-12 23:29:18,997 [ERROR] LogOutputStream:75 - [STDERR_REDIRECT] 
2026-04-12 23:29:20,037 [ERROR] LogOutputStream:75 - [STDERR_REDIRECT] [Fatal Error] :1:1: Premature end of file.
2026-04-12 23:29:20,037 [ERROR] LogOutputStream:75 - [STDERR_REDIRECT] 
2026-04-12 23:29:21,031 [ERROR] LogOutputStream:75 - [STDERR_REDIRECT] [Fatal Error] :1:1: Premature end of file.
2026-04-12 23:29:21,032 [ERROR] LogOutputStream:75 - [STDERR_REDIRECT] 
2026-04-12 23:29:21,991 [ERROR] LogOutputStream:75 - [STDERR_REDIRECT] [Fatal Error] :1:1: Premature end of file.
2026-04-12 23:29:21,991 [ERROR] LogOutputStream:75 - [STDERR_REDIRECT] 
2026-04-12 23:29:23,004 [ERROR] LogOutputStream:75 - [STDERR_REDIRECT] [Fatal Error] :1:1: Premature end of file.
2026-04-12 23:29:23,005 [ERROR] LogOutputStream:75 - [STDERR_REDIRECT] 
2026-04-12 23:29:23,996 [ERROR] LogOutputStream:75 - [STDERR_REDIRECT] [Fatal Error] :1:1: Premature end of file.
2026-04-12 23:29:23,996 [ERROR] LogOutputStream:75 - [STDERR_REDIRECT] 
2026-04-12 23:29:25,001 [ERROR] LogOutputStream:75 - [STDERR_REDIRECT] [Fatal Error] :1:1: Premature end of file.
2026-04-12 23:29:25,002 [ERROR] LogOutputStream:75 - [STDERR_REDIRECT] 
2026-04-12 23:29:25,990 [ERROR] LogOutputStream:75 - [STDERR_REDIRECT] [Fatal Error] :1:1: Premature end of file.
2026-04-12 23:29:25,990 [ERROR] LogOutputStream:75 - [STDERR_REDIRECT] 
2026-04-12 23:29:27,012 [ERROR] LogOutputStream:75 - [STDERR_REDIRECT] [Fatal Error] :1:1: Premature end of file.
2026-04-12 23:29:27,012 [ERROR] LogOutputStream:75 - [STDERR_REDIRECT] 
2026-04-12 23:29:28,004 [ERROR] LogOutputStream:75 - [STDERR_REDIRECT] [Fatal Error] :1:1: Premature end of file.
2026-04-12 23:29:28,005 [ERROR] LogOutputStream:75 - [STDERR_REDIRECT] 
2026-04-12 23:29:29,005 [ERROR] LogOutputStream:75 - [STDERR_REDIRECT] [Fatal Error] :1:1: Premature end of file.
2026-04-12 23:29:29,006 [ERROR] LogOutputStream:75 - [STDERR_REDIRECT] 
2026-04-12 23:29:30,017 [ERROR] LogOutputStream:75 - [STDERR_REDIRECT] [Fatal Error] :1:1: Premature end of file.
2026-04-12 23:29:30,017 [ERROR] LogOutputStream:75 - [STDERR_REDIRECT] 
2026-04-12 23:29:31,020 [ERROR] LogOutputStream:75 - [STDERR_REDIRECT] [Fatal Error] :1:1: Premature end of file.
2026-04-12 23:29:31,020 [ERROR] LogOutputStream:75 - [STDERR_REDIRECT] 
2026-04-12 23:29:31,999 [ERROR] LogOutputStream:75 - [STDERR_REDIRECT] [Fatal Error] :1:1: Premature end of file.
2026-04-12 23:29:31,999 [ERROR] LogOutputStream:75 - [STDERR_REDIRECT] 
2026-04-12 23:29:33,002 [ERROR] LogOutputStream:75 - [STDERR_REDIRECT] [Fatal Error] :1:1: Premature end of file.
2026-04-12 23:29:33,002 [ERROR] LogOutputStream:75 - [STDERR_REDIRECT] 
2026-04-12 23:29:34,000 [ERROR] LogOutputStream:75 - [STDERR_REDIRECT] [Fatal Error] :1:1: Premature end of file.
2026-04-12 23:29:34,000 [ERROR] LogOutputStream:75 - [STDERR_REDIRECT] 
2026-04-12 23:29:34,993 [ERROR] LogOutputStream:75 - [STDERR_REDIRECT] [Fatal Error] :1:1: Premature end of file.
2026-04-12 23:29:34,993 [ERROR] LogOutputStream:75 - [STDERR_REDIRECT] 
2026-04-12 23:29:35,988 [ERROR] LogOutputStream:75 - [STDERR_REDIRECT] [Fatal Error] :1:1: Premature end of file.
2026-04-12 23:29:35,988 [ERROR] LogOutputStream:75 - [STDERR_REDIRECT] 
2026-04-12 23:29:36,996 [ERROR] LogOutputStream:75 - [STDERR_REDIRECT] [Fatal Error] :1:1: Premature end of file.
2026-04-12 23:29:36,996 [ERROR] LogOutputStream:75 - [STDERR_REDIRECT] 
2026-04-12 23:29:38,002 [ERROR] LogOutputStream:75 - [STDERR_REDIRECT] [Fatal Error] :1:1: Premature end of file.
2026-04-12 23:29:38,002 [ERROR] LogOutputStream:75 - [STDERR_REDIRECT] 
2026-04-12 23:29:38,998 [ERROR] LogOutputStream:75 - [STDERR_REDIRECT] [Fatal Error] :1:1: Premature end of file.
2026-04-12 23:29:38,999 [ERROR] LogOutputStream:75 - [STDERR_REDIRECT] 
2026-04-12 23:29:39,993 [ERROR] LogOutputStream:75 - [STDERR_REDIRECT] [Fatal Error] :1:1: Premature end of file.
2026-04-12 23:29:39,993 [ERROR] LogOutputStream:75 - [STDERR_REDIRECT] 
2026-04-12 23:29:40,988 [ERROR] LogOutputStream:75 - [STDERR_REDIRECT] [Fatal Error] :1:1: Premature end of file.
2026-04-12 23:29:40,989 [ERROR] LogOutputStream:75 - [STDERR_REDIRECT] 
2026-04-12 23:29:41,995 [ERROR] LogOutputStream:75 - [STDERR_REDIRECT] [Fatal Error] :1:1: Premature end of file.
2026-04-12 23:29:41,995 [ERROR] LogOutputStream:75 - [STDERR_REDIRECT] 
2026-04-12 23:29:42,993 [ERROR] LogOutputStream:75 - [STDERR_REDIRECT] [Fatal Error] :1:1: Premature end of file.
2026-04-12 23:29:42,993 [ERROR] LogOutputStream:75 - [STDERR_REDIRECT] 
2026-04-12 23:29:43,999 [ERROR] LogOutputStream:75 - [STDERR_REDIRECT] [Fatal Error] :1:1: Premature end of file.
2026-04-12 23:29:43,999 [ERROR] LogOutputStream:75 - [STDERR_REDIRECT] 
2026-04-12 23:29:45,007 [ERROR] LogOutputStream:75 - [STDERR_REDIRECT] [Fatal Error] :1:1: Premature end of file.
2026-04-12 23:29:45,007 [ERROR] LogOutputStream:75 - [STDERR_REDIRECT] 
2026-04-12 23:29:46,009 [ERROR] LogOutputStream:75 - [STDERR_REDIRECT] [Fatal Error] :1:1: Premature end of file.
2026-04-12 23:29:46,010 [ERROR] LogOutputStream:75 - [STDERR_REDIRECT] 
2026-04-12 23:29:47,006 [ERROR] LogOutputStream:75 - [STDERR_REDIRECT] [Fatal Error] :1:1: Premature end of file.
2026-04-12 23:29:47,006 [ERROR] LogOutputStream:75 - [STDERR_REDIRECT] 
2026-04-12 23:29:48,015 [ERROR] LogOutputStream:75 - [STDERR_REDIRECT] [Fatal Error] :1:1: Premature end of file.
2026-04-12 23:29:48,015 [ERROR] LogOutputStream:75 - [STDERR_REDIRECT] 
2026-04-12 23:29:48,993 [ERROR] LogOutputStream:75 - [STDERR_REDIRECT] [Fatal Error] :1:1: Premature end of file.
2026-04-12 23:29:48,994 [ERROR] LogOutputStream:75 - [STDERR_REDIRECT] 
2026-04-12 23:29:49,992 [ERROR] LogOutputStream:75 - [STDERR_REDIRECT] [Fatal Error] :1:1: Premature end of file.
2026-04-12 23:29:49,992 [ERROR] LogOutputStream:75 - [STDERR_REDIRECT] 
2026-04-12 23:29:51,003 [ERROR] LogOutputStream:75 - [STDERR_REDIRECT] [Fatal Error] :1:1: Premature end of file.
2026-04-12 23:29:51,003 [ERROR] LogOutputStream:75 - [STDERR_REDIRECT] 
2026-04-12 23:29:52,003 [ERROR] LogOutputStream:75 - [STDERR_REDIRECT] [Fatal Error] :1:1: Premature end of file.
2026-04-12 23:29:52,004 [ERROR] LogOutputStream:75 - [STDERR_REDIRECT] 
2026-04-12 23:29:53,000 [ERROR] LogOutputStream:75 - [STDERR_REDIRECT] [Fatal Error] :1:1: Premature end of file.
2026-04-12 23:29:53,000 [ERROR] LogOutputStream:75 - [STDERR_REDIRECT] 
2026-04-12 23:29:53,994 [ERROR] LogOutputStream:75 - [STDERR_REDIRECT] [Fatal Error] :1:1: Premature end of file.
2026-04-12 23:29:53,994 [ERROR] LogOutputStream:75 - [STDERR_REDIRECT] 
2026-04-12 23:29:55,020 [ERROR] LogOutputStream:75 - [STDERR_REDIRECT] [Fatal Error] :1:1: Premature end of file.
2026-04-12 23:29:55,020 [ERROR] LogOutputStream:75 - [STDERR_REDIRECT] 
2026-04-12 23:29:56,018 [ERROR] LogOutputStream:75 - [STDERR_REDIRECT] [Fatal Error] :1:1: Premature end of file.
2026-04-12 23:29:56,019 [ERROR] LogOutputStream:75 - [STDERR_REDIRECT] 
2026-04-12 23:29:56,997 [ERROR] LogOutputStream:75 - [STDERR_REDIRECT] [Fatal Error] :1:1: Premature end of file.
2026-04-12 23:29:56,998 [ERROR] LogOutputStream:75 - [STDERR_REDIRECT] 
2026-04-12 23:29:58,049 [ERROR] LogOutputStream:75 - [STDERR_REDIRECT] [Fatal Error] :1:1: Premature end of file.
2026-04-12 23:29:58,050 [ERROR] LogOutputStream:75 - [STDERR_REDIRECT] 
2026-04-12 23:29:58,999 [ERROR] LogOutputStream:75 - [STDERR_REDIRECT] [Fatal Error] :1:1: Premature end of file.
2026-04-12 23:29:58,999 [ERROR] LogOutputStream:75 - [STDERR_REDIRECT] 
2026-04-12 23:30:00,001 [ERROR] LogOutputStream:75 - [STDERR_REDIRECT] [Fatal Error] :1:1: Premature end of file.
2026-04-12 23:30:00,001 [ERROR] LogOutputStream:75 - [STDERR_REDIRECT] 
2026-04-12 23:30:00,996 [ERROR] LogOutputStream:75 - [STDERR_REDIRECT] [Fatal Error] :1:1: Premature end of file.
2026-04-12 23:30:00,996 [ERROR] LogOutputStream:75 - [STDERR_REDIRECT] 
2026-04-12 23:30:02,012 [ERROR] LogOutputStream:75 - [STDERR_REDIRECT] [Fatal Error] :1:1: Premature end of file.
2026-04-12 23:30:02,012 [ERROR] LogOutputStream:75 - [STDERR_REDIRECT] 
2026-04-12 23:30:03,007 [ERROR] LogOutputStream:75 - [STDERR_REDIRECT] [Fatal Error] :1:1: Premature end of file.
2026-04-12 23:30:03,007 [ERROR] LogOutputStream:75 - [STDERR_REDIRECT] 
2026-04-12 23:30:04,003 [ERROR] LogOutputStream:75 - [STDERR_REDIRECT] [Fatal Error] :1:1: Premature end of file.
2026-04-12 23:30:04,004 [ERROR] LogOutputStream:75 - [STDERR_REDIRECT] 
2026-04-12 23:30:04,993 [ERROR] LogOutputStream:75 - [STDERR_REDIRECT] [Fatal Error] :1:1: Premature end of file.
2026-04-12 23:30:04,993 [ERROR] LogOutputStream:75 - [STDERR_REDIRECT] 
2026-04-12 23:30:06,003 [ERROR] LogOutputStream:75 - [STDERR_REDIRECT] [Fatal Error] :1:1: Premature end of file.
2026-04-12 23:30:06,003 [ERROR] LogOutputStream:75 - [STDERR_REDIRECT] 
2026-04-12 23:30:06,998 [ERROR] LogOutputStream:75 - [STDERR_REDIRECT] [Fatal Error] :1:1: Premature end of file.
2026-04-12 23:30:06,998 [ERROR] LogOutputStream:75 - [STDERR_REDIRECT] 
2026-04-12 23:30:07,993 [ERROR] LogOutputStream:75 - [STDERR_REDIRECT] [Fatal Error] :1:1: Premature end of file.
2026-04-12 23:30:07,993 [ERROR] LogOutputStream:75 - [STDERR_REDIRECT] 
2026-04-12 23:30:08,994 [ERROR] LogOutputStream:75 - [STDERR_REDIRECT] [Fatal Error] :1:1: Premature end of file.
2026-04-12 23:30:08,994 [ERROR] LogOutputStream:75 - [STDERR_REDIRECT] 
2026-04-12 23:30:10,010 [ERROR] LogOutputStream:75 - [STDERR_REDIRECT] [Fatal Error] :1:1: Premature end of file.
2026-04-12 23:30:10,010 [ERROR] LogOutputStream:75 - [STDERR_REDIRECT] 
2026-04-12 23:30:11,002 [ERROR] LogOutputStream:75 - [STDERR_REDIRECT] [Fatal Error] :1:1: Premature end of file.
2026-04-12 23:30:11,002 [ERROR] LogOutputStream:75 - [STDERR_REDIRECT] 
2026-04-12 23:30:12,004 [ERROR] LogOutputStream:75 - [STDERR_REDIRECT] [Fatal Error] :1:1: Premature end of file.
2026-04-12 23:30:12,004 [ERROR] LogOutputStream:75 - [STDERR_REDIRECT] 
2026-04-12 23:30:13,000 [ERROR] LogOutputStream:75 - [STDERR_REDIRECT] [Fatal Error] :1:1: Premature end of file.
2026-04-12 23:30:13,000 [ERROR] LogOutputStream:75 - [STDERR_REDIRECT] 
2026-04-12 23:30:13,996 [ERROR] LogOutputStream:75 - [STDERR_REDIRECT] [Fatal Error] :1:1: Premature end of file.
2026-04-12 23:30:13,996 [ERROR] LogOutputStream:75 - [STDERR_REDIRECT] 
2026-04-12 23:30:15,003 [ERROR] LogOutputStream:75 - [STDERR_REDIRECT] [Fatal Error] :1:1: Premature end of file.
2026-04-12 23:30:15,003 [ERROR] LogOutputStream:75 - [STDERR_REDIRECT] 
2026-04-12 23:30:15,997 [ERROR] LogOutputStream:75 - [STDERR_REDIRECT] [Fatal Error] :1:1: Premature end of file.
2026-04-12 23:30:15,997 [ERROR] LogOutputStream:75 - [STDERR_REDIRECT] 
2026-04-12 23:30:16,991 [ERROR] LogOutputStream:75 - [STDERR_REDIRECT] [Fatal Error] :1:1: Premature end of file.
2026-04-12 23:30:16,991 [ERROR] LogOutputStream:75 - [STDERR_REDIRECT] 
2026-04-12 23:30:17,990 [ERROR] LogOutputStream:75 - [STDERR_REDIRECT] [Fatal Error] :1:1: Premature end of file.
2026-04-12 23:30:17,990 [ERROR] LogOutputStream:75 - [STDERR_REDIRECT] 
2026-04-12 23:30:18,993 [ERROR] LogOutputStream:75 - [STDERR_REDIRECT] [Fatal Error] :1:1: Premature end of file.
2026-04-12 23:30:18,994 [ERROR] LogOutputStream:75 - [STDERR_REDIRECT] 
2026-04-12 23:30:19,996 [ERROR] LogOutputStream:75 - [STDERR_REDIRECT] [Fatal Error] :1:1: Premature end of file.
2026-04-12 23:30:19,996 [ERROR] LogOutputStream:75 - [STDERR_REDIRECT] 
2026-04-12 23:30:20,992 [ERROR] LogOutputStream:75 - [STDERR_REDIRECT] [Fatal Error] :1:1: Premature end of file.
2026-04-12 23:30:20,993 [ERROR] LogOutputStream:75 - [STDERR_REDIRECT] 
2026-04-12 23:30:21,993 [ERROR] LogOutputStream:75 - [STDERR_REDIRECT] [Fatal Error] :1:1: Premature end of file.
2026-04-12 23:30:21,993 [ERROR] LogOutputStream:75 - [STDERR_REDIRECT] 
2026-04-12 23:30:22,996 [ERROR] LogOutputStream:75 - [STDERR_REDIRECT] [Fatal Error] :1:1: Premature end of file.
2026-04-12 23:30:22,996 [ERROR] LogOutputStream:75 - [STDERR_REDIRECT] 
2026-04-12 23:30:23,989 [ERROR] LogOutputStream:75 - [STDERR_REDIRECT] [Fatal Error] :1:1: Premature end of file.
2026-04-12 23:30:23,989 [ERROR] LogOutputStream:75 - [STDERR_REDIRECT] 
2026-04-12 23:30:25,001 [ERROR] LogOutputStream:75 - [STDERR_REDIRECT] [Fatal Error] :1:1: Premature end of file.
2026-04-12 23:30:25,002 [ERROR] LogOutputStream:75 - [STDERR_REDIRECT] 
2026-04-12 23:30:26,020 [ERROR] LogOutputStream:75 - [STDERR_REDIRECT] [Fatal Error] :1:1: Premature end of file.
2026-04-12 23:30:26,020 [ERROR] LogOutputStream:75 - [STDERR_REDIRECT] 
2026-04-12 23:30:27,004 [ERROR] LogOutputStream:75 - [STDERR_REDIRECT] [Fatal Error] :1:1: Premature end of file.
2026-04-12 23:30:27,004 [ERROR] LogOutputStream:75 - [STDERR_REDIRECT] 
2026-04-12 23:30:28,001 [ERROR] LogOutputStream:75 - [STDERR_REDIRECT] [Fatal Error] :1:1: Premature end of file.
2026-04-12 23:30:28,001 [ERROR] LogOutputStream:75 - [STDERR_REDIRECT] 
2026-04-12 23:30:29,006 [ERROR] LogOutputStream:75 - [STDERR_REDIRECT] [Fatal Error] :1:1: Premature end of file.
2026-04-12 23:30:29,006 [ERROR] LogOutputStream:75 - [STDERR_REDIRECT] 
2026-04-12 23:30:30,024 [ERROR] LogOutputStream:75 - [STDERR_REDIRECT] [Fatal Error] :1:1: Premature end of file.
2026-04-12 23:30:30,025 [ERROR] LogOutputStream:75 - [STDERR_REDIRECT] 
2026-04-12 23:30:30,997 [ERROR] LogOutputStream:75 - [STDERR_REDIRECT] [Fatal Error] :1:1: Premature end of file.
2026-04-12 23:30:30,998 [ERROR] LogOutputStream:75 - [STDERR_REDIRECT] 
2026-04-12 23:30:32,003 [ERROR] LogOutputStream:75 - [STDERR_REDIRECT] [Fatal Error] :1:1: Premature end of file.
2026-04-12 23:30:32,003 [ERROR] LogOutputStream:75 - [STDERR_REDIRECT] 
2026-04-12 23:30:32,997 [ERROR] LogOutputStream:75 - [STDERR_REDIRECT] [Fatal Error] :1:1: Premature end of file.
2026-04-12 23:30:32,998 [ERROR] LogOutputStream:75 - [STDERR_REDIRECT] 
2026-04-12 23:30:34,003 [ERROR] LogOutputStream:75 - [STDERR_REDIRECT] [Fatal Error] :1:1: Premature end of file.
2026-04-12 23:30:34,003 [ERROR] LogOutputStream:75 - [STDERR_REDIRECT] 
2026-04-12 23:30:35,019 [ERROR] LogOutputStream:75 - [STDERR_REDIRECT] [Fatal Error] :1:1: Premature end of file.
2026-04-12 23:30:35,019 [ERROR] LogOutputStream:75 - [STDERR_REDIRECT] 
2026-04-12 23:30:36,003 [ERROR] LogOutputStream:75 - [STDERR_REDIRECT] [Fatal Error] :1:1: Premature end of file.
2026-04-12 23:30:36,003 [ERROR] LogOutputStream:75 - [STDERR_REDIRECT] 
2026-04-12 23:30:36,992 [ERROR] LogOutputStream:75 - [STDERR_REDIRECT] [Fatal Error] :1:1: Premature end of file.
2026-04-12 23:30:36,992 [ERROR] LogOutputStream:75 - [STDERR_REDIRECT] 
2026-04-12 23:30:38,001 [ERROR] LogOutputStream:75 - [STDERR_REDIRECT] [Fatal Error] :1:1: Premature end of file.
2026-04-12 23:30:38,001 [ERROR] LogOutputStream:75 - [STDERR_REDIRECT] 
2026-04-12 23:30:39,012 [ERROR] LogOutputStream:75 - [STDERR_REDIRECT] [Fatal Error] :1:1: Premature end of file.
2026-04-12 23:30:39,012 [ERROR] LogOutputStream:75 - [STDERR_REDIRECT] 
2026-04-12 23:30:39,995 [ERROR] LogOutputStream:75 - [STDERR_REDIRECT] [Fatal Error] :1:1: Premature end of file.
2026-04-12 23:30:39,995 [ERROR] LogOutputStream:75 - [STDERR_REDIRECT] 
2026-04-12 23:30:40,991 [ERROR] LogOutputStream:75 - [STDERR_REDIRECT] [Fatal Error] :1:1: Premature end of file.
2026-04-12 23:30:40,991 [ERROR] LogOutputStream:75 - [STDERR_REDIRECT] 
2026-04-12 23:30:41,997 [ERROR] LogOutputStream:75 - [STDERR_REDIRECT] [Fatal Error] :1:1: Premature end of file.
2026-04-12 23:30:41,997 [ERROR] LogOutputStream:75 - [STDERR_REDIRECT] 
2026-04-12 23:30:42,994 [ERROR] LogOutputStream:75 - [STDERR_REDIRECT] [Fatal Error] :1:1: Premature end of file.
2026-04-12 23:30:42,994 [ERROR] LogOutputStream:75 - [STDERR_REDIRECT] 
2026-04-12 23:30:43,999 [ERROR] LogOutputStream:75 - [STDERR_REDIRECT] [Fatal Error] :1:1: Premature end of file.
2026-04-12 23:30:43,999 [ERROR] LogOutputStream:75 - [STDERR_REDIRECT] 
2026-04-12 23:30:44,994 [ERROR] LogOutputStream:75 - [STDERR_REDIRECT] [Fatal Error] :1:1: Premature end of file.
2026-04-12 23:30:44,994 [ERROR] LogOutputStream:75 - [STDERR_REDIRECT] 
2026-04-12 23:30:46,000 [ERROR] LogOutputStream:75 - [STDERR_REDIRECT] [Fatal Error] :1:1: Premature end of file.
2026-04-12 23:30:46,000 [ERROR] LogOutputStream:75 - [STDERR_REDIRECT] 
2026-04-12 23:30:47,005 [ERROR] LogOutputStream:75 - [STDERR_REDIRECT] [Fatal Error] :1:1: Premature end of file.
2026-04-12 23:30:47,005 [ERROR] LogOutputStream:75 - [STDERR_REDIRECT] 
2026-04-12 23:30:47,995 [ERROR] LogOutputStream:75 - [STDERR_REDIRECT] [Fatal Error] :1:1: Premature end of file.
2026-04-12 23:30:47,995 [ERROR] LogOutputStream:75 - [STDERR_REDIRECT] 
2026-04-12 23:30:49,006 [ERROR] LogOutputStream:75 - [STDERR_REDIRECT] [Fatal Error] :1:1: Premature end of file.
2026-04-12 23:30:49,006 [ERROR] LogOutputStream:75 - [STDERR_REDIRECT] 
2026-04-12 23:30:49,994 [ERROR] LogOutputStream:75 - [STDERR_REDIRECT] [Fatal Error] :1:1: Premature end of file.
2026-04-12 23:30:49,994 [ERROR] LogOutputStream:75 - [STDERR_REDIRECT] 
2026-04-12 23:30:51,002 [ERROR] LogOutputStream:75 - [STDERR_REDIRECT] [Fatal Error] :1:1: Premature end of file.
2026-04-12 23:30:51,002 [ERROR] LogOutputStream:75 - [STDERR_REDIRECT] 
2026-04-12 23:30:51,996 [ERROR] LogOutputStream:75 - [STDERR_REDIRECT] [Fatal Error] :1:1: Premature end of file.
2026-04-12 23:30:51,996 [ERROR] LogOutputStream:75 - [STDERR_REDIRECT] 
2026-04-12 23:30:53,000 [ERROR] LogOutputStream:75 - [STDERR_REDIRECT] [Fatal Error] :1:1: Premature end of file.
2026-04-12 23:30:53,000 [ERROR] LogOutputStream:75 - [STDERR_REDIRECT] 
2026-04-12 23:30:53,996 [ERROR] LogOutputStream:75 - [STDERR_REDIRECT] [Fatal Error] :1:1: Premature end of file.
2026-04-12 23:30:53,997 [ERROR] LogOutputStream:75 - [STDERR_REDIRECT] 
2026-04-12 23:30:54,994 [ERROR] LogOutputStream:75 - [STDERR_REDIRECT] [Fatal Error] :1:1: Premature end of file.
2026-04-12 23:30:54,994 [ERROR] LogOutputStream:75 - [STDERR_REDIRECT] 
2026-04-12 23:30:56,002 [ERROR] LogOutputStream:75 - [STDERR_REDIRECT] [Fatal Error] :1:1: Premature end of file.
2026-04-12 23:30:56,002 [ERROR] LogOutputStream:75 - [STDERR_REDIRECT] 
2026-04-12 23:30:57,004 [ERROR] LogOutputStream:75 - [STDERR_REDIRECT] [Fatal Error] :1:1: Premature end of file.
2026-04-12 23:30:57,004 [ERROR] LogOutputStream:75 - [STDERR_REDIRECT] 
2026-04-12 23:30:57,992 [ERROR] LogOutputStream:75 - [STDERR_REDIRECT] [Fatal Error] :1:1: Premature end of file.
2026-04-12 23:30:57,992 [ERROR] LogOutputStream:75 - [STDERR_REDIRECT] 
2026-04-12 23:30:58,999 [ERROR] LogOutputStream:75 - [STDERR_REDIRECT] [Fatal Error] :1:1: Premature end of file.
2026-04-12 23:30:58,999 [ERROR] LogOutputStream:75 - [STDERR_REDIRECT] 
2026-04-12 23:30:59,996 [ERROR] LogOutputStream:75 - [STDERR_REDIRECT] [Fatal Error] :1:1: Premature end of file.
2026-04-12 23:30:59,996 [ERROR] LogOutputStream:75 - [STDERR_REDIRECT] 
2026-04-12 23:31:01,010 [ERROR] LogOutputStream:75 - [STDERR_REDIRECT] [Fatal Error] :1:1: Premature end of file.
2026-04-12 23:31:01,010 [ERROR] LogOutputStream:75 - [STDERR_REDIRECT] 
2026-04-12 23:31:02,008 [ERROR] LogOutputStream:75 - [STDERR_REDIRECT] [Fatal Error] :1:1: Premature end of file.
2026-04-12 23:31:02,008 [ERROR] LogOutputStream:75 - [STDERR_REDIRECT] 
2026-04-12 23:31:03,005 [ERROR] LogOutputStream:75 - [STDERR_REDIRECT] [Fatal Error] :1:1: Premature end of file.
2026-04-12 23:31:03,005 [ERROR] LogOutputStream:75 - [STDERR_REDIRECT] 
2026-04-12 23:31:03,998 [ERROR] LogOutputStream:75 - [STDERR_REDIRECT] [Fatal Error] :1:1: Premature end of file.
2026-04-12 23:31:03,998 [ERROR] LogOutputStream:75 - [STDERR_REDIRECT] 
2026-04-12 23:31:04,993 [ERROR] LogOutputStream:75 - [STDERR_REDIRECT] [Fatal Error] :1:1: Premature end of file.
2026-04-12 23:31:04,993 [ERROR] LogOutputStream:75 - [STDERR_REDIRECT] 
2026-04-12 23:31:06,002 [ERROR] LogOutputStream:75 - [STDERR_REDIRECT] [Fatal Error] :1:1: Premature end of file.
2026-04-12 23:31:06,002 [ERROR] LogOutputStream:75 - [STDERR_REDIRECT] 
2026-04-12 23:31:06,988 [ERROR] LogOutputStream:75 - [STDERR_REDIRECT] [Fatal Error] :1:1: Premature end of file.
2026-04-12 23:31:06,988 [ERROR] LogOutputStream:75 - [STDERR_REDIRECT] 
2026-04-12 23:31:08,003 [ERROR] LogOutputStream:75 - [STDERR_REDIRECT] [Fatal Error] :1:1: Premature end of file.
2026-04-12 23:31:08,003 [ERROR] LogOutputStream:75 - [STDERR_REDIRECT] 
2026-04-12 23:31:08,999 [ERROR] LogOutputStream:75 - [STDERR_REDIRECT] [Fatal Error] :1:1: Premature end of file.
2026-04-12 23:31:09,000 [ERROR] LogOutputStream:75 - [STDERR_REDIRECT] 
2026-04-12 23:31:10,001 [ERROR] LogOutputStream:75 - [STDERR_REDIRECT] [Fatal Error] :1:1: Premature end of file.
2026-04-12 23:31:10,001 [ERROR] LogOutputStream:75 - [STDERR_REDIRECT] 
2026-04-12 23:31:10,997 [ERROR] LogOutputStream:75 - [STDERR_REDIRECT] [Fatal Error] :1:1: Premature end of file.
2026-04-12 23:31:10,998 [ERROR] LogOutputStream:75 - [STDERR_REDIRECT] 
2026-04-12 23:31:12,015 [ERROR] LogOutputStream:75 - [STDERR_REDIRECT] [Fatal Error] :1:1: Premature end of file.
2026-04-12 23:31:12,016 [ERROR] LogOutputStream:75 - [STDERR_REDIRECT] 
2026-04-12 23:31:13,014 [ERROR] LogOutputStream:75 - [STDERR_REDIRECT] [Fatal Error] :1:1: Premature end of file.
2026-04-12 23:31:13,014 [ERROR] LogOutputStream:75 - [STDERR_REDIRECT] 
2026-04-12 23:31:14,003 [ERROR] LogOutputStream:75 - [STDERR_REDIRECT] [Fatal Error] :1:1: Premature end of file.
2026-04-12 23:31:14,003 [ERROR] LogOutputStream:75 - [STDERR_REDIRECT] 
2026-04-12 23:31:14,990 [ERROR] LogOutputStream:75 - [STDERR_REDIRECT] [Fatal Error] :1:1: Premature end of file.
2026-04-12 23:31:14,990 [ERROR] LogOutputStream:75 - [STDERR_REDIRECT] 
2026-04-12 23:31:15,997 [ERROR] LogOutputStream:75 - [STDERR_REDIRECT] [Fatal Error] :1:1: Premature end of file.
2026-04-12 23:31:15,997 [ERROR] LogOutputStream:75 - [STDERR_REDIRECT] 
2026-04-12 23:31:16,991 [ERROR] LogOutputStream:75 - [STDERR_REDIRECT] [Fatal Error] :1:1: Premature end of file.
2026-04-12 23:31:16,991 [ERROR] LogOutputStream:75 - [STDERR_REDIRECT] 
2026-04-12 23:31:17,997 [ERROR] LogOutputStream:75 - [STDERR_REDIRECT] [Fatal Error] :1:1: Premature end of file.
2026-04-12 23:31:17,997 [ERROR] LogOutputStream:75 - [STDERR_REDIRECT] 
2026-04-12 23:31:18,992 [ERROR] LogOutputStream:75 - [STDERR_REDIRECT] [Fatal Error] :1:1: Premature end of file.
2026-04-12 23:31:18,992 [ERROR] LogOutputStream:75 - [STDERR_REDIRECT] 
2026-04-12 23:31:20,002 [ERROR] LogOutputStream:75 - [STDERR_REDIRECT] [Fatal Error] :1:1: Premature end of file.
2026-04-12 23:31:20,002 [ERROR] LogOutputStream:75 - [STDERR_REDIRECT] 
2026-04-12 23:31:21,003 [ERROR] LogOutputStream:75 - [STDERR_REDIRECT] [Fatal Error] :1:1: Premature end of file.
2026-04-12 23:31:21,003 [ERROR] LogOutputStream:75 - [STDERR_REDIRECT] 
2026-04-12 23:31:21,992 [ERROR] LogOutputStream:75 - [STDERR_REDIRECT] [Fatal Error] :1:1: Premature end of file.
2026-04-12 23:31:21,992 [ERROR] LogOutputStream:75 - [STDERR_REDIRECT] 
2026-04-12 23:31:22,995 [ERROR] LogOutputStream:75 - [STDERR_REDIRECT] [Fatal Error] :1:1: Premature end of file.
2026-04-12 23:31:22,995 [ERROR] LogOutputStream:75 - [STDERR_REDIRECT] 
2026-04-12 23:31:24,000 [ERROR] LogOutputStream:75 - [STDERR_REDIRECT] [Fatal Error] :1:1: Premature end of file.
2026-04-12 23:31:24,001 [ERROR] LogOutputStream:75 - [STDERR_REDIRECT] 
2026-04-12 23:31:24,994 [ERROR] LogOutputStream:75 - [STDERR_REDIRECT] [Fatal Error] :1:1: Premature end of file.
2026-04-12 23:31:24,994 [ERROR] LogOutputStream:75 - [STDERR_REDIRECT] 
2026-04-12 23:31:26,003 [ERROR] LogOutputStream:75 - [STDERR_REDIRECT] [Fatal Error] :1:1: Premature end of file.
2026-04-12 23:31:26,003 [ERROR] LogOutputStream:75 - [STDERR_REDIRECT] 
2026-04-12 23:31:26,991 [ERROR] LogOutputStream:75 - [STDERR_REDIRECT] [Fatal Error] :1:1: Premature end of file.
2026-04-12 23:31:26,992 [ERROR] LogOutputStream:75 - [STDERR_REDIRECT] 
2026-04-12 23:31:28,001 [ERROR] LogOutputStream:75 - [STDERR_REDIRECT] [Fatal Error] :1:1: Premature end of file.
2026-04-12 23:31:28,001 [ERROR] LogOutputStream:75 - [STDERR_REDIRECT] 
2026-04-12 23:31:28,994 [ERROR] LogOutputStream:75 - [STDERR_REDIRECT] [Fatal Error] :1:1: Premature end of file.
2026-04-12 23:31:28,994 [ERROR] LogOutputStream:75 - [STDERR_REDIRECT] 
2026-04-12 23:31:30,001 [ERROR] LogOutputStream:75 - [STDERR_REDIRECT] [Fatal Error] :1:1: Premature end of file.
2026-04-12 23:31:30,001 [ERROR] LogOutputStream:75 - [STDERR_REDIRECT] 
2026-04-12 23:31:30,997 [ERROR] LogOutputStream:75 - [STDERR_REDIRECT] [Fatal Error] :1:1: Premature end of file.
2026-04-12 23:31:30,998 [ERROR] LogOutputStream:75 - [STDERR_REDIRECT] 
2026-04-12 23:31:31,990 [ERROR] LogOutputStream:75 - [STDERR_REDIRECT] [Fatal Error] :1:1: Premature end of file.
2026-04-12 23:31:31,990 [ERROR] LogOutputStream:75 - [STDERR_REDIRECT] 
2026-04-12 23:31:33,001 [ERROR] LogOutputStream:75 - [STDERR_REDIRECT] [Fatal Error] :1:1: Premature end of file.
2026-04-12 23:31:33,001 [ERROR] LogOutputStream:75 - [STDERR_REDIRECT] 
2026-04-12 23:31:33,994 [ERROR] LogOutputStream:75 - [STDERR_REDIRECT] [Fatal Error] :1:1: Premature end of file.
2026-04-12 23:31:33,995 [ERROR] LogOutputStream:75 - [STDERR_REDIRECT] 
2026-04-12 23:31:34,997 [ERROR] LogOutputStream:75 - [STDERR_REDIRECT] [Fatal Error] :1:1: Premature end of file.
2026-04-12 23:31:34,997 [ERROR] LogOutputStream:75 - [STDERR_REDIRECT] 
2026-04-12 23:31:35,988 [ERROR] LogOutputStream:75 - [STDERR_REDIRECT] [Fatal Error] :1:1: Premature end of file.
2026-04-12 23:31:35,988 [ERROR] LogOutputStream:75 - [STDERR_REDIRECT] 
2026-04-12 23:31:37,000 [ERROR] LogOutputStream:75 - [STDERR_REDIRECT] [Fatal Error] :1:1: Premature end of file.
2026-04-12 23:31:37,000 [ERROR] LogOutputStream:75 - [STDERR_REDIRECT] 
2026-04-12 23:31:37,994 [ERROR] LogOutputStream:75 - [STDERR_REDIRECT] [Fatal Error] :1:1: Premature end of file.
2026-04-12 23:31:37,994 [ERROR] LogOutputStream:75 - [STDERR_REDIRECT] 
2026-04-12 23:31:39,002 [ERROR] LogOutputStream:75 - [STDERR_REDIRECT] [Fatal Error] :1:1: Premature end of file.
2026-04-12 23:31:39,002 [ERROR] LogOutputStream:75 - [STDERR_REDIRECT] 
2026-04-12 23:31:39,996 [ERROR] LogOutputStream:75 - [STDERR_REDIRECT] [Fatal Error] :1:1: Premature end of file.
2026-04-12 23:31:39,997 [ERROR] LogOutputStream:75 - [STDERR_REDIRECT] 
2026-04-12 23:31:40,994 [ERROR] LogOutputStream:75 - [STDERR_REDIRECT] [Fatal Error] :1:1: Premature end of file.
2026-04-12 23:31:40,994 [ERROR] LogOutputStream:75 - [STDERR_REDIRECT] 
2026-04-12 23:31:42,001 [ERROR] LogOutputStream:75 - [STDERR_REDIRECT] [Fatal Error] :1:1: Premature end of file.
2026-04-12 23:31:42,001 [ERROR] LogOutputStream:75 - [STDERR_REDIRECT] 
2026-04-12 23:31:42,993 [ERROR] LogOutputStream:75 - [STDERR_REDIRECT] [Fatal Error] :1:1: Premature end of file.
2026-04-12 23:31:42,993 [ERROR] LogOutputStream:75 - [STDERR_REDIRECT] 
2026-04-12 23:31:43,998 [ERROR] LogOutputStream:75 - [STDERR_REDIRECT] [Fatal Error] :1:1: Premature end of file.
2026-04-12 23:31:43,998 [ERROR] LogOutputStream:75 - [STDERR_REDIRECT] 
2026-04-12 23:31:44,991 [ERROR] LogOutputStream:75 - [STDERR_REDIRECT] [Fatal Error] :1:1: Premature end of file.
2026-04-12 23:31:44,992 [ERROR] LogOutputStream:75 - [STDERR_REDIRECT] 
2026-04-12 23:31:45,987 [ERROR] LogOutputStream:75 - [STDERR_REDIRECT] [Fatal Error] :1:1: Premature end of file.
2026-04-12 23:31:45,988 [ERROR] LogOutputStream:75 - [STDERR_REDIRECT] 
2026-04-12 23:31:46,999 [ERROR] LogOutputStream:75 - [STDERR_REDIRECT] [Fatal Error] :1:1: Premature end of file.
2026-04-12 23:31:47,000 [ERROR] LogOutputStream:75 - [STDERR_REDIRECT] 
2026-04-12 23:31:47,993 [ERROR] LogOutputStream:75 - [STDERR_REDIRECT] [Fatal Error] :1:1: Premature end of file.
2026-04-12 23:31:47,993 [ERROR] LogOutputStream:75 - [STDERR_REDIRECT] 
2026-04-12 23:31:48,998 [ERROR] LogOutputStream:75 - [STDERR_REDIRECT] [Fatal Error] :1:1: Premature end of file.
2026-04-12 23:31:48,998 [ERROR] LogOutputStream:75 - [STDERR_REDIRECT] 
2026-04-12 23:31:50,002 [ERROR] LogOutputStream:75 - [STDERR_REDIRECT] [Fatal Error] :1:1: Premature end of file.
2026-04-12 23:31:50,002 [ERROR] LogOutputStream:75 - [STDERR_REDIRECT] 
2026-04-12 23:31:50,996 [ERROR] LogOutputStream:75 - [STDERR_REDIRECT] [Fatal Error] :1:1: Premature end of file.
2026-04-12 23:31:50,996 [ERROR] LogOutputStream:75 - [STDERR_REDIRECT] 
2026-04-12 23:31:51,996 [ERROR] LogOutputStream:75 - [STDERR_REDIRECT] [Fatal Error] :1:1: Premature end of file.
2026-04-12 23:31:51,997 [ERROR] LogOutputStream:75 - [STDERR_REDIRECT] 
2026-04-12 23:31:52,991 [ERROR] LogOutputStream:75 - [STDERR_REDIRECT] [Fatal Error] :1:1: Premature end of file.
2026-04-12 23:31:52,991 [ERROR] LogOutputStream:75 - [STDERR_REDIRECT] 
2026-04-12 23:31:53,998 [ERROR] LogOutputStream:75 - [STDERR_REDIRECT] [Fatal Error] :1:1: Premature end of file.
2026-04-12 23:31:53,998 [ERROR] LogOutputStream:75 - [STDERR_REDIRECT] 
2026-04-12 23:31:54,989 [ERROR] LogOutputStream:75 - [STDERR_REDIRECT] [Fatal Error] :1:1: Premature end of file.
2026-04-12 23:31:54,990 [ERROR] LogOutputStream:75 - [STDERR_REDIRECT] 
2026-04-12 23:31:56,003 [ERROR] LogOutputStream:75 - [STDERR_REDIRECT] [Fatal Error] :1:1: Premature end of file.
2026-04-12 23:31:56,003 [ERROR] LogOutputStream:75 - [STDERR_REDIRECT] 
2026-04-12 23:31:56,994 [ERROR] LogOutputStream:75 - [STDERR_REDIRECT] [Fatal Error] :1:1: Premature end of file.
2026-04-12 23:31:56,994 [ERROR] LogOutputStream:75 - [STDERR_REDIRECT] 
2026-04-12 23:31:58,003 [ERROR] LogOutputStream:75 - [STDERR_REDIRECT] [Fatal Error] :1:1: Premature end of file.
2026-04-12 23:31:58,003 [ERROR] LogOutputStream:75 - [STDERR_REDIRECT] 
2026-04-12 23:31:58,998 [ERROR] LogOutputStream:75 - [STDERR_REDIRECT] [Fatal Error] :1:1: Premature end of file.
2026-04-12 23:31:58,998 [ERROR] LogOutputStream:75 - [STDERR_REDIRECT] 
2026-04-12 23:32:00,005 [ERROR] LogOutputStream:75 - [STDERR_REDIRECT] [Fatal Error] :1:1: Premature end of file.
2026-04-12 23:32:00,005 [ERROR] LogOutputStream:75 - [STDERR_REDIRECT] 
2026-04-12 23:32:01,004 [ERROR] LogOutputStream:75 - [STDERR_REDIRECT] [Fatal Error] :1:1: Premature end of file.
2026-04-12 23:32:01,004 [ERROR] LogOutputStream:75 - [STDERR_REDIRECT] 
2026-04-12 23:32:01,988 [ERROR] LogOutputStream:75 - [STDERR_REDIRECT] [Fatal Error] :1:1: Premature end of file.
2026-04-12 23:32:01,988 [ERROR] LogOutputStream:75 - [STDERR_REDIRECT] 
2026-04-12 23:32:03,002 [ERROR] LogOutputStream:75 - [STDERR_REDIRECT] [Fatal Error] :1:1: Premature end of file.
2026-04-12 23:32:03,003 [ERROR] LogOutputStream:75 - [STDERR_REDIRECT] 
2026-04-12 23:32:03,993 [ERROR] LogOutputStream:75 - [STDERR_REDIRECT] [Fatal Error] :1:1: Premature end of file.
2026-04-12 23:32:03,993 [ERROR] LogOutputStream:75 - [STDERR_REDIRECT] 
2026-04-12 23:32:04,991 [ERROR] LogOutputStream:75 - [STDERR_REDIRECT] [Fatal Error] :1:1: Premature end of file.
2026-04-12 23:32:04,991 [ERROR] LogOutputStream:75 - [STDERR_REDIRECT] 
2026-04-12 23:32:05,997 [ERROR] LogOutputStream:75 - [STDERR_REDIRECT] [Fatal Error] :1:1: Premature end of file.
2026-04-12 23:32:05,998 [ERROR] LogOutputStream:75 - [STDERR_REDIRECT] 
2026-04-12 23:32:06,995 [ERROR] LogOutputStream:75 - [STDERR_REDIRECT] [Fatal Error] :1:1: Premature end of file.
2026-04-12 23:32:06,995 [ERROR] LogOutputStream:75 - [STDERR_REDIRECT] 
2026-04-12 23:32:07,992 [ERROR] LogOutputStream:75 - [STDERR_REDIRECT] [Fatal Error] :1:1: Premature end of file.
2026-04-12 23:32:07,992 [ERROR] LogOutputStream:75 - [STDERR_REDIRECT] 
2026-04-12 23:32:08,997 [ERROR] LogOutputStream:75 - [STDERR_REDIRECT] [Fatal Error] :1:1: Premature end of file.
2026-04-12 23:32:08,998 [ERROR] LogOutputStream:75 - [STDERR_REDIRECT] 
2026-04-12 23:32:10,008 [ERROR] LogOutputStream:75 - [STDERR_REDIRECT] [Fatal Error] :1:1: Premature end of file.
2026-04-12 23:32:10,008 [ERROR] LogOutputStream:75 - [STDERR_REDIRECT] 
2026-04-12 23:32:10,993 [ERROR] LogOutputStream:75 - [STDERR_REDIRECT] [Fatal Error] :1:1: Premature end of file.
2026-04-12 23:32:10,993 [ERROR] LogOutputStream:75 - [STDERR_REDIRECT] 
2026-04-12 23:32:12,007 [ERROR] LogOutputStream:75 - [STDERR_REDIRECT] [Fatal Error] :1:1: Premature end of file.
2026-04-12 23:32:12,007 [ERROR] LogOutputStream:75 - [STDERR_REDIRECT] 
2026-04-12 23:32:13,006 [ERROR] LogOutputStream:75 - [STDERR_REDIRECT] [Fatal Error] :1:1: Premature end of file.
2026-04-12 23:32:13,006 [ERROR] LogOutputStream:75 - [STDERR_REDIRECT] 
2026-04-12 23:32:13,997 [ERROR] LogOutputStream:75 - [STDERR_REDIRECT] [Fatal Error] :1:1: Premature end of file.
2026-04-12 23:32:13,997 [ERROR] LogOutputStream:75 - [STDERR_REDIRECT] 
2026-04-12 23:32:15,023 [ERROR] LogOutputStream:75 - [STDERR_REDIRECT] [Fatal Error] :1:1: Premature end of file.
2026-04-12 23:32:15,023 [ERROR] LogOutputStream:75 - [STDERR_REDIRECT] 
2026-04-12 23:32:16,002 [ERROR] LogOutputStream:75 - [STDERR_REDIRECT] [Fatal Error] :1:1: Premature end of file.
2026-04-12 23:32:16,003 [ERROR] LogOutputStream:75 - [STDERR_REDIRECT] 
2026-04-12 23:32:16,999 [ERROR] LogOutputStream:75 - [STDERR_REDIRECT] [Fatal Error] :1:1: Premature end of file.
2026-04-12 23:32:16,999 [ERROR] LogOutputStream:75 - [STDERR_REDIRECT] 
2026-04-12 23:32:18,021 [ERROR] LogOutputStream:75 - [STDERR_REDIRECT] [Fatal Error] :1:1: Premature end of file.
2026-04-12 23:32:18,021 [ERROR] LogOutputStream:75 - [STDERR_REDIRECT] 
2026-04-12 23:32:19,002 [ERROR] LogOutputStream:75 - [STDERR_REDIRECT] [Fatal Error] :1:1: Premature end of file.
2026-04-12 23:32:19,002 [ERROR] LogOutputStream:75 - [STDERR_REDIRECT] 
2026-04-12 23:32:20,005 [ERROR] LogOutputStream:75 - [STDERR_REDIRECT] [Fatal Error] :1:1: Premature end of file.
2026-04-12 23:32:20,005 [ERROR] LogOutputStream:75 - [STDERR_REDIRECT] 
2026-04-12 23:32:21,038 [ERROR] LogOutputStream:75 - [STDERR_REDIRECT] [Fatal Error] :1:1: Premature end of file.
2026-04-12 23:32:21,039 [ERROR] LogOutputStream:75 - [STDERR_REDIRECT] 
2026-04-12 23:32:21,994 [ERROR] LogOutputStream:75 - [STDERR_REDIRECT] [Fatal Error] :1:1: Premature end of file.
2026-04-12 23:32:21,994 [ERROR] LogOutputStream:75 - [STDERR_REDIRECT] 
2026-04-12 23:32:22,999 [ERROR] LogOutputStream:75 - [STDERR_REDIRECT] [Fatal Error] :1:1: Premature end of file.
2026-04-12 23:32:23,000 [ERROR] LogOutputStream:75 - [STDERR_REDIRECT] 
2026-04-12 23:32:24,001 [ERROR] LogOutputStream:75 - [STDERR_REDIRECT] [Fatal Error] :1:1: Premature end of file.
2026-04-12 23:32:24,001 [ERROR] LogOutputStream:75 - [STDERR_REDIRECT] 
2026-04-12 23:32:25,037 [ERROR] LogOutputStream:75 - [STDERR_REDIRECT] [Fatal Error] :1:1: Premature end of file.
2026-04-12 23:32:25,037 [ERROR] LogOutputStream:75 - [STDERR_REDIRECT] 
2026-04-12 23:32:25,989 [ERROR] LogOutputStream:75 - [STDERR_REDIRECT] [Fatal Error] :1:1: Premature end of file.
2026-04-12 23:32:25,989 [ERROR] LogOutputStream:75 - [STDERR_REDIRECT] 
2026-04-12 23:32:26,991 [ERROR] LogOutputStream:75 - [STDERR_REDIRECT] [Fatal Error] :1:1: Premature end of file.
2026-04-12 23:32:26,992 [ERROR] LogOutputStream:75 - [STDERR_REDIRECT] 
2026-04-12 23:32:27,997 [ERROR] LogOutputStream:75 - [STDERR_REDIRECT] [Fatal Error] :1:1: Premature end of file.
2026-04-12 23:32:27,997 [ERROR] LogOutputStream:75 - [STDERR_REDIRECT] 
2026-04-12 23:32:29,008 [ERROR] LogOutputStream:75 - [STDERR_REDIRECT] [Fatal Error] :1:1: Premature end of file.
2026-04-12 23:32:29,008 [ERROR] LogOutputStream:75 - [STDERR_REDIRECT] 
2026-04-12 23:32:29,997 [ERROR] LogOutputStream:75 - [STDERR_REDIRECT] [Fatal Error] :1:1: Premature end of file.
2026-04-12 23:32:29,997 [ERROR] LogOutputStream:75 - [STDERR_REDIRECT] 
2026-04-12 23:32:31,006 [ERROR] LogOutputStream:75 - [STDERR_REDIRECT] [Fatal Error] :1:1: Premature end of file.
2026-04-12 23:32:31,006 [ERROR] LogOutputStream:75 - [STDERR_REDIRECT] 
2026-04-12 23:32:31,996 [ERROR] LogOutputStream:75 - [STDERR_REDIRECT] [Fatal Error] :1:1: Premature end of file.
2026-04-12 23:32:31,996 [ERROR] LogOutputStream:75 - [STDERR_REDIRECT] 
2026-04-12 23:32:33,010 [ERROR] LogOutputStream:75 - [STDERR_REDIRECT] [Fatal Error] :1:1: Premature end of file.
2026-04-12 23:32:33,010 [ERROR] LogOutputStream:75 - [STDERR_REDIRECT] 
2026-04-12 23:32:34,014 [ERROR] LogOutputStream:75 - [STDERR_REDIRECT] [Fatal Error] :1:1: Premature end of file.
2026-04-12 23:32:34,014 [ERROR] LogOutputStream:75 - [STDERR_REDIRECT] 
2026-04-12 23:32:35,000 [ERROR] LogOutputStream:75 - [STDERR_REDIRECT] [Fatal Error] :1:1: Premature end of file.
2026-04-12 23:32:35,000 [ERROR] LogOutputStream:75 - [STDERR_REDIRECT] 
2026-04-12 23:32:36,001 [ERROR] LogOutputStream:75 - [STDERR_REDIRECT] [Fatal Error] :1:1: Premature end of file.
2026-04-12 23:32:36,002 [ERROR] LogOutputStream:75 - [STDERR_REDIRECT] 
2026-04-12 23:32:36,994 [ERROR] LogOutputStream:75 - [STDERR_REDIRECT] [Fatal Error] :1:1: Premature end of file.
2026-04-12 23:32:36,994 [ERROR] LogOutputStream:75 - [STDERR_REDIRECT] 
2026-04-12 23:32:37,990 [ERROR] LogOutputStream:75 - [STDERR_REDIRECT] [Fatal Error] :1:1: Premature end of file.
2026-04-12 23:32:37,990 [ERROR] LogOutputStream:75 - [STDERR_REDIRECT] 
2026-04-12 23:32:38,999 [ERROR] LogOutputStream:75 - [STDERR_REDIRECT] [Fatal Error] :1:1: Premature end of file.
2026-04-12 23:32:38,999 [ERROR] LogOutputStream:75 - [STDERR_REDIRECT] 
2026-04-12 23:32:39,995 [ERROR] LogOutputStream:75 - [STDERR_REDIRECT] [Fatal Error] :1:1: Premature end of file.
2026-04-12 23:32:39,995 [ERROR] LogOutputStream:75 - [STDERR_REDIRECT] 
2026-04-12 23:32:41,010 [ERROR] LogOutputStream:75 - [STDERR_REDIRECT] [Fatal Error] :1:1: Premature end of file.
2026-04-12 23:32:41,010 [ERROR] LogOutputStream:75 - [STDERR_REDIRECT] 
2026-04-12 23:32:41,993 [ERROR] LogOutputStream:75 - [STDERR_REDIRECT] [Fatal Error] :1:1: Premature end of file.
2026-04-12 23:32:41,994 [ERROR] LogOutputStream:75 - [STDERR_REDIRECT] 
2026-04-12 23:32:43,005 [ERROR] LogOutputStream:75 - [STDERR_REDIRECT] [Fatal Error] :1:1: Premature end of file.
2026-04-12 23:32:43,005 [ERROR] LogOutputStream:75 - [STDERR_REDIRECT] 
2026-04-12 23:32:44,002 [ERROR] LogOutputStream:75 - [STDERR_REDIRECT] [Fatal Error] :1:1: Premature end of file.
2026-04-12 23:32:44,003 [ERROR] LogOutputStream:75 - [STDERR_REDIRECT] 
2026-04-12 23:32:45,008 [ERROR] LogOutputStream:75 - [STDERR_REDIRECT] [Fatal Error] :1:1: Premature end of file.
2026-04-12 23:32:45,009 [ERROR] LogOutputStream:75 - [STDERR_REDIRECT] 
2026-04-12 23:32:46,006 [ERROR] LogOutputStream:75 - [STDERR_REDIRECT] [Fatal Error] :1:1: Premature end of file.
2026-04-12 23:32:46,006 [ERROR] LogOutputStream:75 - [STDERR_REDIRECT] 
2026-04-12 23:32:47,000 [ERROR] LogOutputStream:75 - [STDERR_REDIRECT] [Fatal Error] :1:1: Premature end of file.
2026-04-12 23:32:47,000 [ERROR] LogOutputStream:75 - [STDERR_REDIRECT] 
2026-04-12 23:32:48,002 [ERROR] LogOutputStream:75 - [STDERR_REDIRECT] [Fatal Error] :1:1: Premature end of file.
2026-04-12 23:32:48,002 [ERROR] LogOutputStream:75 - [STDERR_REDIRECT] 
2026-04-12 23:32:48,996 [ERROR] LogOutputStream:75 - [STDERR_REDIRECT] [Fatal Error] :1:1: Premature end of file.
2026-04-12 23:32:48,996 [ERROR] LogOutputStream:75 - [STDERR_REDIRECT] 
2026-04-12 23:32:50,013 [ERROR] LogOutputStream:75 - [STDERR_REDIRECT] [Fatal Error] :1:1: Premature end of file.
2026-04-12 23:32:50,013 [ERROR] LogOutputStream:75 - [STDERR_REDIRECT] 
2026-04-12 23:32:51,009 [ERROR] LogOutputStream:75 - [STDERR_REDIRECT] [Fatal Error] :1:1: Premature end of file.
2026-04-12 23:32:51,009 [ERROR] LogOutputStream:75 - [STDERR_REDIRECT] 
2026-04-12 23:32:52,003 [ERROR] LogOutputStream:75 - [STDERR_REDIRECT] [Fatal Error] :1:1: Premature end of file.
2026-04-12 23:32:52,004 [ERROR] LogOutputStream:75 - [STDERR_REDIRECT] 
2026-04-12 23:32:53,011 [ERROR] LogOutputStream:75 - [STDERR_REDIRECT] [Fatal Error] :1:1: Premature end of file.
2026-04-12 23:32:53,011 [ERROR] LogOutputStream:75 - [STDERR_REDIRECT] 
2026-04-12 23:32:53,993 [ERROR] LogOutputStream:75 - [STDERR_REDIRECT] [Fatal Error] :1:1: Premature end of file.
2026-04-12 23:32:53,993 [ERROR] LogOutputStream:75 - [STDERR_REDIRECT] 
2026-04-12 23:32:54,993 [ERROR] LogOutputStream:75 - [STDERR_REDIRECT] [Fatal Error] :1:1: Premature end of file.
2026-04-12 23:32:54,993 [ERROR] LogOutputStream:75 - [STDERR_REDIRECT] 
2026-04-12 23:32:55,989 [ERROR] LogOutputStream:75 - [STDERR_REDIRECT] [Fatal Error] :1:1: Premature end of file.
2026-04-12 23:32:55,990 [ERROR] LogOutputStream:75 - [STDERR_REDIRECT] 
2026-04-12 23:32:57,003 [ERROR] LogOutputStream:75 - [STDERR_REDIRECT] [Fatal Error] :1:1: Premature end of file.
2026-04-12 23:32:57,003 [ERROR] LogOutputStream:75 - [STDERR_REDIRECT] 
2026-04-12 23:32:57,989 [ERROR] LogOutputStream:75 - [STDERR_REDIRECT] [Fatal Error] :1:1: Premature end of file.
2026-04-12 23:32:57,989 [ERROR] LogOutputStream:75 - [STDERR_REDIRECT] 
2026-04-12 23:32:59,003 [ERROR] LogOutputStream:75 - [STDERR_REDIRECT] [Fatal Error] :1:1: Premature end of file.
2026-04-12 23:32:59,003 [ERROR] LogOutputStream:75 - [STDERR_REDIRECT] 
2026-04-12 23:32:59,994 [ERROR] LogOutputStream:75 - [STDERR_REDIRECT] [Fatal Error] :1:1: Premature end of file.
2026-04-12 23:32:59,994 [ERROR] LogOutputStream:75 - [STDERR_REDIRECT] 
2026-04-12 23:33:00,998 [ERROR] LogOutputStream:75 - [STDERR_REDIRECT] [Fatal Error] :1:1: Premature end of file.
2026-04-12 23:33:00,998 [ERROR] LogOutputStream:75 - [STDERR_REDIRECT] 
2026-04-12 23:33:01,997 [ERROR] LogOutputStream:75 - [STDERR_REDIRECT] [Fatal Error] :1:1: Premature end of file.
2026-04-12 23:33:01,997 [ERROR] LogOutputStream:75 - [STDERR_REDIRECT] 
2026-04-12 23:33:02,990 [ERROR] LogOutputStream:75 - [STDERR_REDIRECT] [Fatal Error] :1:1: Premature end of file.
2026-04-12 23:33:02,990 [ERROR] LogOutputStream:75 - [STDERR_REDIRECT] 
2026-04-12 23:33:04,001 [ERROR] LogOutputStream:75 - [STDERR_REDIRECT] [Fatal Error] :1:1: Premature end of file.
2026-04-12 23:33:04,001 [ERROR] LogOutputStream:75 - [STDERR_REDIRECT] 
2026-04-12 23:33:04,997 [ERROR] LogOutputStream:75 - [STDERR_REDIRECT] [Fatal Error] :1:1: Premature end of file.
2026-04-12 23:33:04,998 [ERROR] LogOutputStream:75 - [STDERR_REDIRECT] 
2026-04-12 23:33:05,989 [ERROR] LogOutputStream:75 - [STDERR_REDIRECT] [Fatal Error] :1:1: Premature end of file.
2026-04-12 23:33:05,989 [ERROR] LogOutputStream:75 - [STDERR_REDIRECT] 
2026-04-12 23:33:07,002 [ERROR] LogOutputStream:75 - [STDERR_REDIRECT] [Fatal Error] :1:1: Premature end of file.
2026-04-12 23:33:07,002 [ERROR] LogOutputStream:75 - [STDERR_REDIRECT] 
2026-04-12 23:33:07,997 [ERROR] LogOutputStream:75 - [STDERR_REDIRECT] [Fatal Error] :1:1: Premature end of file.
2026-04-12 23:33:07,997 [ERROR] LogOutputStream:75 - [STDERR_REDIRECT] 
2026-04-12 23:33:08,994 [ERROR] LogOutputStream:75 - [STDERR_REDIRECT] [Fatal Error] :1:1: Premature end of file.
2026-04-12 23:33:08,994 [ERROR] LogOutputStream:75 - [STDERR_REDIRECT] 
2026-04-12 23:33:09,990 [ERROR] LogOutputStream:75 - [STDERR_REDIRECT] [Fatal Error] :1:1: Premature end of file.
2026-04-12 23:33:09,990 [ERROR] LogOutputStream:75 - [STDERR_REDIRECT] 
2026-04-12 23:33:10,996 [ERROR] LogOutputStream:75 - [STDERR_REDIRECT] [Fatal Error] :1:1: Premature end of file.
2026-04-12 23:33:10,996 [ERROR] LogOutputStream:75 - [STDERR_REDIRECT] 
2026-04-12 23:33:11,988 [ERROR] LogOutputStream:75 - [STDERR_REDIRECT] [Fatal Error] :1:1: Premature end of file.
2026-04-12 23:33:11,988 [ERROR] LogOutputStream:75 - [STDERR_REDIRECT] 
2026-04-12 23:33:13,004 [ERROR] LogOutputStream:75 - [STDERR_REDIRECT] [Fatal Error] :1:1: Premature end of file.
2026-04-12 23:33:13,004 [ERROR] LogOutputStream:75 - [STDERR_REDIRECT] 
2026-04-12 23:33:14,001 [ERROR] LogOutputStream:75 - [STDERR_REDIRECT] [Fatal Error] :1:1: Premature end of file.
2026-04-12 23:33:14,002 [ERROR] LogOutputStream:75 - [STDERR_REDIRECT] 
2026-04-12 23:33:14,998 [ERROR] LogOutputStream:75 - [STDERR_REDIRECT] [Fatal Error] :1:1: Premature end of file.
2026-04-12 23:33:14,998 [ERROR] LogOutputStream:75 - [STDERR_REDIRECT] 
2026-04-12 23:33:15,992 [ERROR] LogOutputStream:75 - [STDERR_REDIRECT] [Fatal Error] :1:1: Premature end of file.
2026-04-12 23:33:15,992 [ERROR] LogOutputStream:75 - [STDERR_REDIRECT] 
2026-04-12 23:33:16,998 [ERROR] LogOutputStream:75 - [STDERR_REDIRECT] [Fatal Error] :1:1: Premature end of file.
2026-04-12 23:33:16,999 [ERROR] LogOutputStream:75 - [STDERR_REDIRECT] 
2026-04-12 23:33:17,991 [ERROR] LogOutputStream:75 - [STDERR_REDIRECT] [Fatal Error] :1:1: Premature end of file.
2026-04-12 23:33:17,991 [ERROR] LogOutputStream:75 - [STDERR_REDIRECT] 
2026-04-12 23:33:19,002 [ERROR] LogOutputStream:75 - [STDERR_REDIRECT] [Fatal Error] :1:1: Premature end of file.
2026-04-12 23:33:19,002 [ERROR] LogOutputStream:75 - [STDERR_REDIRECT] 
2026-04-12 23:33:20,000 [ERROR] LogOutputStream:75 - [STDERR_REDIRECT] [Fatal Error] :1:1: Premature end of file.
2026-04-12 23:33:20,000 [ERROR] LogOutputStream:75 - [STDERR_REDIRECT] 
2026-04-12 23:33:20,993 [ERROR] LogOutputStream:75 - [STDERR_REDIRECT] [Fatal Error] :1:1: Premature end of file.
2026-04-12 23:33:20,993 [ERROR] LogOutputStream:75 - [STDERR_REDIRECT] 
2026-04-12 23:33:21,999 [ERROR] LogOutputStream:75 - [STDERR_REDIRECT] [Fatal Error] :1:1: Premature end of file.
2026-04-12 23:33:21,999 [ERROR] LogOutputStream:75 - [STDERR_REDIRECT] 
2026-04-12 23:33:22,989 [ERROR] LogOutputStream:75 - [STDERR_REDIRECT] [Fatal Error] :1:1: Premature end of file.
2026-04-12 23:33:22,989 [ERROR] LogOutputStream:75 - [STDERR_REDIRECT] 
2026-04-12 23:33:24,000 [ERROR] LogOutputStream:75 - [STDERR_REDIRECT] [Fatal Error] :1:1: Premature end of file.
2026-04-12 23:33:24,001 [ERROR] LogOutputStream:75 - [STDERR_REDIRECT] 
2026-04-12 23:33:24,998 [ERROR] LogOutputStream:75 - [STDERR_REDIRECT] [Fatal Error] :1:1: Premature end of file.
2026-04-12 23:33:24,998 [ERROR] LogOutputStream:75 - [STDERR_REDIRECT] 
2026-04-12 23:33:25,993 [ERROR] LogOutputStream:75 - [STDERR_REDIRECT] [Fatal Error] :1:1: Premature end of file.
2026-04-12 23:33:25,993 [ERROR] LogOutputStream:75 - [STDERR_REDIRECT] 
2026-04-12 23:33:27,002 [ERROR] LogOutputStream:75 - [STDERR_REDIRECT] [Fatal Error] :1:1: Premature end of file.
2026-04-12 23:33:27,002 [ERROR] LogOutputStream:75 - [STDERR_REDIRECT] 
2026-04-12 23:33:27,993 [ERROR] LogOutputStream:75 - [STDERR_REDIRECT] [Fatal Error] :1:1: Premature end of file.
2026-04-12 23:33:27,993 [ERROR] LogOutputStream:75 - [STDERR_REDIRECT] 
2026-04-12 23:33:28,991 [ERROR] LogOutputStream:75 - [STDERR_REDIRECT] [Fatal Error] :1:1: Premature end of file.
2026-04-12 23:33:28,991 [ERROR] LogOutputStream:75 - [STDERR_REDIRECT] 
2026-04-12 23:33:29,999 [ERROR] LogOutputStream:75 - [STDERR_REDIRECT] [Fatal Error] :1:1: Premature end of file.
2026-04-12 23:33:29,999 [ERROR] LogOutputStream:75 - [STDERR_REDIRECT] 
2026-04-12 23:33:30,993 [ERROR] LogOutputStream:75 - [STDERR_REDIRECT] [Fatal Error] :1:1: Premature end of file.
2026-04-12 23:33:30,993 [ERROR] LogOutputStream:75 - [STDERR_REDIRECT] 
2026-04-12 23:33:31,991 [ERROR] LogOutputStream:75 - [STDERR_REDIRECT] [Fatal Error] :1:1: Premature end of file.
2026-04-12 23:33:31,992 [ERROR] LogOutputStream:75 - [STDERR_REDIRECT] 
2026-04-12 23:33:33,008 [ERROR] LogOutputStream:75 - [STDERR_REDIRECT] [Fatal Error] :1:1: Premature end of file.
2026-04-12 23:33:33,008 [ERROR] LogOutputStream:75 - [STDERR_REDIRECT] 
2026-04-12 23:33:34,001 [ERROR] LogOutputStream:75 - [STDERR_REDIRECT] [Fatal Error] :1:1: Premature end of file.
2026-04-12 23:33:34,001 [ERROR] LogOutputStream:75 - [STDERR_REDIRECT] 
2026-04-12 23:33:35,020 [ERROR] LogOutputStream:75 - [STDERR_REDIRECT] [Fatal Error] :1:1: Premature end of file.
2026-04-12 23:33:35,020 [ERROR] LogOutputStream:75 - [STDERR_REDIRECT] 
2026-04-12 23:33:35,999 [ERROR] LogOutputStream:75 - [STDERR_REDIRECT] [Fatal Error] :1:1: Premature end of file.
2026-04-12 23:33:35,999 [ERROR] LogOutputStream:75 - [STDERR_REDIRECT] 
2026-04-12 23:33:36,989 [ERROR] LogOutputStream:75 - [STDERR_REDIRECT] [Fatal Error] :1:1: Premature end of file.
2026-04-12 23:33:36,989 [ERROR] LogOutputStream:75 - [STDERR_REDIRECT] 
2026-04-12 23:33:37,995 [ERROR] LogOutputStream:75 - [STDERR_REDIRECT] [Fatal Error] :1:1: Premature end of file.
2026-04-12 23:33:37,995 [ERROR] LogOutputStream:75 - [STDERR_REDIRECT] 
2026-04-12 23:33:38,999 [ERROR] LogOutputStream:75 - [STDERR_REDIRECT] [Fatal Error] :1:1: Premature end of file.
2026-04-12 23:33:38,999 [ERROR] LogOutputStream:75 - [STDERR_REDIRECT] 
2026-04-12 23:33:40,003 [ERROR] LogOutputStream:75 - [STDERR_REDIRECT] [Fatal Error] :1:1: Premature end of file.
2026-04-12 23:33:40,004 [ERROR] LogOutputStream:75 - [STDERR_REDIRECT] 
2026-04-12 23:33:40,996 [ERROR] LogOutputStream:75 - [STDERR_REDIRECT] [Fatal Error] :1:1: Premature end of file.
2026-04-12 23:33:40,997 [ERROR] LogOutputStream:75 - [STDERR_REDIRECT] 
2026-04-12 23:33:41,995 [ERROR] LogOutputStream:75 - [STDERR_REDIRECT] [Fatal Error] :1:1: Premature end of file.
2026-04-12 23:33:41,995 [ERROR] LogOutputStream:75 - [STDERR_REDIRECT] 
2026-04-12 23:33:43,004 [ERROR] LogOutputStream:75 - [STDERR_REDIRECT] [Fatal Error] :1:1: Premature end of file.
2026-04-12 23:33:43,004 [ERROR] LogOutputStream:75 - [STDERR_REDIRECT] 
2026-04-12 23:33:43,995 [ERROR] LogOutputStream:75 - [STDERR_REDIRECT] [Fatal Error] :1:1: Premature end of file.
2026-04-12 23:33:43,995 [ERROR] LogOutputStream:75 - [STDERR_REDIRECT] 
2026-04-12 23:33:45,014 [ERROR] LogOutputStream:75 - [STDERR_REDIRECT] [Fatal Error] :1:1: Premature end of file.
2026-04-12 23:33:45,014 [ERROR] LogOutputStream:75 - [STDERR_REDIRECT] 
2026-04-12 23:33:45,990 [ERROR] LogOutputStream:75 - [STDERR_REDIRECT] [Fatal Error] :1:1: Premature end of file.
2026-04-12 23:33:45,990 [ERROR] LogOutputStream:75 - [STDERR_REDIRECT] 
2026-04-12 23:33:46,998 [ERROR] LogOutputStream:75 - [STDERR_REDIRECT] [Fatal Error] :1:1: Premature end of file.
2026-04-12 23:33:46,998 [ERROR] LogOutputStream:75 - [STDERR_REDIRECT] 
2026-04-12 23:33:47,997 [ERROR] LogOutputStream:75 - [STDERR_REDIRECT] [Fatal Error] :1:1: Premature end of file.
2026-04-12 23:33:47,997 [ERROR] LogOutputStream:75 - [STDERR_REDIRECT] 
2026-04-12 23:33:49,004 [ERROR] LogOutputStream:75 - [STDERR_REDIRECT] [Fatal Error] :1:1: Premature end of file.
2026-04-12 23:33:49,004 [ERROR] LogOutputStream:75 - [STDERR_REDIRECT] 
2026-04-12 23:33:49,993 [ERROR] LogOutputStream:75 - [STDERR_REDIRECT] [Fatal Error] :1:1: Premature end of file.
2026-04-12 23:33:49,993 [ERROR] LogOutputStream:75 - [STDERR_REDIRECT] 
2026-04-12 23:33:51,008 [ERROR] LogOutputStream:75 - [STDERR_REDIRECT] [Fatal Error] :1:1: Premature end of file.
2026-04-12 23:33:51,008 [ERROR] LogOutputStream:75 - [STDERR_REDIRECT] 
2026-04-12 23:33:52,006 [ERROR] LogOutputStream:75 - [STDERR_REDIRECT] [Fatal Error] :1:1: Premature end of file.
2026-04-12 23:33:52,006 [ERROR] LogOutputStream:75 - [STDERR_REDIRECT] 
2026-04-12 23:33:53,000 [ERROR] LogOutputStream:75 - [STDERR_REDIRECT] [Fatal Error] :1:1: Premature end of file.
2026-04-12 23:33:53,001 [ERROR] LogOutputStream:75 - [STDERR_REDIRECT] 
2026-04-12 23:33:54,004 [ERROR] LogOutputStream:75 - [STDERR_REDIRECT] [Fatal Error] :1:1: Premature end of file.
2026-04-12 23:33:54,004 [ERROR] LogOutputStream:75 - [STDERR_REDIRECT] 
2026-04-12 23:33:55,011 [ERROR] LogOutputStream:75 - [STDERR_REDIRECT] [Fatal Error] :1:1: Premature end of file.
2026-04-12 23:33:55,011 [ERROR] LogOutputStream:75 - [STDERR_REDIRECT] 
2026-04-12 23:33:55,989 [ERROR] LogOutputStream:75 - [STDERR_REDIRECT] [Fatal Error] :1:1: Premature end of file.
2026-04-12 23:33:55,989 [ERROR] LogOutputStream:75 - [STDERR_REDIRECT] 
2026-04-12 23:33:56,998 [ERROR] LogOutputStream:75 - [STDERR_REDIRECT] [Fatal Error] :1:1: Premature end of file.
2026-04-12 23:33:56,999 [ERROR] LogOutputStream:75 - [STDERR_REDIRECT] 
2026-04-12 23:33:57,997 [ERROR] LogOutputStream:75 - [STDERR_REDIRECT] [Fatal Error] :1:1: Premature end of file.
2026-04-12 23:33:57,997 [ERROR] LogOutputStream:75 - [STDERR_REDIRECT] 
2026-04-12 23:33:58,988 [ERROR] LogOutputStream:75 - [STDERR_REDIRECT] [Fatal Error] :1:1: Premature end of file.
2026-04-12 23:33:58,988 [ERROR] LogOutputStream:75 - [STDERR_REDIRECT] 
2026-04-12 23:33:59,997 [ERROR] LogOutputStream:75 - [STDERR_REDIRECT] [Fatal Error] :1:1: Premature end of file.
2026-04-12 23:33:59,997 [ERROR] LogOutputStream:75 - [STDERR_REDIRECT] 
2026-04-12 23:34:01,004 [ERROR] LogOutputStream:75 - [STDERR_REDIRECT] [Fatal Error] :1:1: Premature end of file.
2026-04-12 23:34:01,004 [ERROR] LogOutputStream:75 - [STDERR_REDIRECT] 
2026-04-12 23:34:02,000 [ERROR] LogOutputStream:75 - [STDERR_REDIRECT] [Fatal Error] :1:1: Premature end of file.
2026-04-12 23:34:02,000 [ERROR] LogOutputStream:75 - [STDERR_REDIRECT] 
2026-04-12 23:34:02,992 [ERROR] LogOutputStream:75 - [STDERR_REDIRECT] [Fatal Error] :1:1: Premature end of file.
2026-04-12 23:34:02,992 [ERROR] LogOutputStream:75 - [STDERR_REDIRECT] 
2026-04-12 23:34:03,999 [ERROR] LogOutputStream:75 - [STDERR_REDIRECT] [Fatal Error] :1:1: Premature end of file.
2026-04-12 23:34:04,000 [ERROR] LogOutputStream:75 - [STDERR_REDIRECT] 
2026-04-12 23:34:04,996 [ERROR] LogOutputStream:75 - [STDERR_REDIRECT] [Fatal Error] :1:1: Premature end of file.
2026-04-12 23:34:04,996 [ERROR] LogOutputStream:75 - [STDERR_REDIRECT] 
2026-04-12 23:34:06,002 [ERROR] LogOutputStream:75 - [STDERR_REDIRECT] [Fatal Error] :1:1: Premature end of file.
2026-04-12 23:34:06,002 [ERROR] LogOutputStream:75 - [STDERR_REDIRECT] 
2026-04-12 23:34:06,999 [ERROR] LogOutputStream:75 - [STDERR_REDIRECT] [Fatal Error] :1:1: Premature end of file.
2026-04-12 23:34:06,999 [ERROR] LogOutputStream:75 - [STDERR_REDIRECT] 
2026-04-12 23:34:07,996 [ERROR] LogOutputStream:75 - [STDERR_REDIRECT] [Fatal Error] :1:1: Premature end of file.
2026-04-12 23:34:07,996 [ERROR] LogOutputStream:75 - [STDERR_REDIRECT] 
2026-04-12 23:34:08,990 [ERROR] LogOutputStream:75 - [STDERR_REDIRECT] [Fatal Error] :1:1: Premature end of file.
2026-04-12 23:34:08,990 [ERROR] LogOutputStream:75 - [STDERR_REDIRECT] 
2026-04-12 23:34:09,999 [ERROR] LogOutputStream:75 - [STDERR_REDIRECT] [Fatal Error] :1:1: Premature end of file.
2026-04-12 23:34:09,999 [ERROR] LogOutputStream:75 - [STDERR_REDIRECT] 
2026-04-12 23:34:10,999 [ERROR] LogOutputStream:75 - [STDERR_REDIRECT] [Fatal Error] :1:1: Premature end of file.
2026-04-12 23:34:10,999 [ERROR] LogOutputStream:75 - [STDERR_REDIRECT] 
2026-04-12 23:34:11,993 [ERROR] LogOutputStream:75 - [STDERR_REDIRECT] [Fatal Error] :1:1: Premature end of file.
2026-04-12 23:34:11,993 [ERROR] LogOutputStream:75 - [STDERR_REDIRECT] 
2026-04-12 23:34:13,003 [ERROR] LogOutputStream:75 - [STDERR_REDIRECT] [Fatal Error] :1:1: Premature end of file.
2026-04-12 23:34:13,004 [ERROR] LogOutputStream:75 - [STDERR_REDIRECT] 
2026-04-12 23:34:13,996 [ERROR] LogOutputStream:75 - [STDERR_REDIRECT] [Fatal Error] :1:1: Premature end of file.
2026-04-12 23:34:13,996 [ERROR] LogOutputStream:75 - [STDERR_REDIRECT] 
2026-04-12 23:34:15,012 [ERROR] LogOutputStream:75 - [STDERR_REDIRECT] [Fatal Error] :1:1: Premature end of file.
2026-04-12 23:34:15,012 [ERROR] LogOutputStream:75 - [STDERR_REDIRECT] 
2026-04-12 23:34:15,990 [ERROR] LogOutputStream:75 - [STDERR_REDIRECT] [Fatal Error] :1:1: Premature end of file.
2026-04-12 23:34:15,991 [ERROR] LogOutputStream:75 - [STDERR_REDIRECT] 
2026-04-12 23:34:17,000 [ERROR] LogOutputStream:75 - [STDERR_REDIRECT] [Fatal Error] :1:1: Premature end of file.
2026-04-12 23:34:17,001 [ERROR] LogOutputStream:75 - [STDERR_REDIRECT] 
2026-04-12 23:34:17,998 [ERROR] LogOutputStream:75 - [STDERR_REDIRECT] [Fatal Error] :1:1: Premature end of file.
2026-04-12 23:34:17,998 [ERROR] LogOutputStream:75 - [STDERR_REDIRECT] 
2026-04-12 23:34:18,991 [ERROR] LogOutputStream:75 - [STDERR_REDIRECT] [Fatal Error] :1:1: Premature end of file.
2026-04-12 23:34:18,991 [ERROR] LogOutputStream:75 - [STDERR_REDIRECT] 
2026-04-12 23:34:19,991 [ERROR] LogOutputStream:75 - [STDERR_REDIRECT] [Fatal Error] :1:1: Premature end of file.
2026-04-12 23:34:19,991 [ERROR] LogOutputStream:75 - [STDERR_REDIRECT] 
2026-04-12 23:34:21,005 [ERROR] LogOutputStream:75 - [STDERR_REDIRECT] [Fatal Error] :1:1: Premature end of file.
2026-04-12 23:34:21,006 [ERROR] LogOutputStream:75 - [STDERR_REDIRECT] 
2026-04-12 23:34:21,998 [ERROR] LogOutputStream:75 - [STDERR_REDIRECT] [Fatal Error] :1:1: Premature end of file.
2026-04-12 23:34:21,999 [ERROR] LogOutputStream:75 - [STDERR_REDIRECT] 
2026-04-12 23:34:22,995 [ERROR] LogOutputStream:75 - [STDERR_REDIRECT] [Fatal Error] :1:1: Premature end of file.
2026-04-12 23:34:22,995 [ERROR] LogOutputStream:75 - [STDERR_REDIRECT] 
2026-04-12 23:34:23,988 [ERROR] LogOutputStream:75 - [STDERR_REDIRECT] [Fatal Error] :1:1: Premature end of file.
2026-04-12 23:34:23,988 [ERROR] LogOutputStream:75 - [STDERR_REDIRECT] 
2026-04-12 23:34:25,000 [ERROR] LogOutputStream:75 - [STDERR_REDIRECT] [Fatal Error] :1:1: Premature end of file.
2026-04-12 23:34:25,000 [ERROR] LogOutputStream:75 - [STDERR_REDIRECT] 
2026-04-12 23:34:25,995 [ERROR] LogOutputStream:75 - [STDERR_REDIRECT] [Fatal Error] :1:1: Premature end of file.
2026-04-12 23:34:25,996 [ERROR] LogOutputStream:75 - [STDERR_REDIRECT] 
2026-04-12 23:34:26,994 [ERROR] LogOutputStream:75 - [STDERR_REDIRECT] [Fatal Error] :1:1: Premature end of file.
2026-04-12 23:34:26,994 [ERROR] LogOutputStream:75 - [STDERR_REDIRECT] 
2026-04-12 23:34:27,992 [ERROR] LogOutputStream:75 - [STDERR_REDIRECT] [Fatal Error] :1:1: Premature end of file.
2026-04-12 23:34:27,992 [ERROR] LogOutputStream:75 - [STDERR_REDIRECT] 
2026-04-12 23:34:29,002 [ERROR] LogOutputStream:75 - [STDERR_REDIRECT] [Fatal Error] :1:1: Premature end of file.
2026-04-12 23:34:29,002 [ERROR] LogOutputStream:75 - [STDERR_REDIRECT] 
2026-04-12 23:34:29,999 [ERROR] LogOutputStream:75 - [STDERR_REDIRECT] [Fatal Error] :1:1: Premature end of file.
2026-04-12 23:34:29,999 [ERROR] LogOutputStream:75 - [STDERR_REDIRECT] 
2026-04-12 23:34:30,993 [ERROR] LogOutputStream:75 - [STDERR_REDIRECT] [Fatal Error] :1:1: Premature end of file.
2026-04-12 23:34:30,993 [ERROR] LogOutputStream:75 - [STDERR_REDIRECT] 
2026-04-12 23:34:32,010 [ERROR] LogOutputStream:75 - [STDERR_REDIRECT] [Fatal Error] :1:1: Premature end of file.
2026-04-12 23:34:32,010 [ERROR] LogOutputStream:75 - [STDERR_REDIRECT] 
2026-04-12 23:34:33,003 [ERROR] LogOutputStream:75 - [STDERR_REDIRECT] [Fatal Error] :1:1: Premature end of file.
2026-04-12 23:34:33,003 [ERROR] LogOutputStream:75 - [STDERR_REDIRECT] 
2026-04-12 23:34:33,994 [ERROR] LogOutputStream:75 - [STDERR_REDIRECT] [Fatal Error] :1:1: Premature end of file.
2026-04-12 23:34:33,994 [ERROR] LogOutputStream:75 - [STDERR_REDIRECT] 
2026-04-12 23:34:34,990 [ERROR] LogOutputStream:75 - [STDERR_REDIRECT] [Fatal Error] :1:1: Premature end of file.
2026-04-12 23:34:34,990 [ERROR] LogOutputStream:75 - [STDERR_REDIRECT] 
2026-04-12 23:34:36,006 [ERROR] LogOutputStream:75 - [STDERR_REDIRECT] [Fatal Error] :1:1: Premature end of file.
2026-04-12 23:34:36,006 [ERROR] LogOutputStream:75 - [STDERR_REDIRECT] 
2026-04-12 23:34:36,997 [ERROR] LogOutputStream:75 - [STDERR_REDIRECT] [Fatal Error] :1:1: Premature end of file.
2026-04-12 23:34:36,997 [ERROR] LogOutputStream:75 - [STDERR_REDIRECT] 
2026-04-12 23:34:37,992 [ERROR] LogOutputStream:75 - [STDERR_REDIRECT] [Fatal Error] :1:1: Premature end of file.
2026-04-12 23:34:37,992 [ERROR] LogOutputStream:75 - [STDERR_REDIRECT] 
2026-04-12 23:34:38,997 [ERROR] LogOutputStream:75 - [STDERR_REDIRECT] [Fatal Error] :1:1: Premature end of file.
2026-04-12 23:34:38,997 [ERROR] LogOutputStream:75 - [STDERR_REDIRECT] 
2026-04-12 23:34:39,990 [ERROR] LogOutputStream:75 - [STDERR_REDIRECT] [Fatal Error] :1:1: Premature end of file.
2026-04-12 23:34:39,990 [ERROR] LogOutputStream:75 - [STDERR_REDIRECT] 
2026-04-12 23:34:40,997 [ERROR] LogOutputStream:75 - [STDERR_REDIRECT] [Fatal Error] :1:1: Premature end of file.
2026-04-12 23:34:40,998 [ERROR] LogOutputStream:75 - [STDERR_REDIRECT] 
2026-04-12 23:34:41,989 [ERROR] LogOutputStream:75 - [STDERR_REDIRECT] [Fatal Error] :1:1: Premature end of file.
2026-04-12 23:34:41,989 [ERROR] LogOutputStream:75 - [STDERR_REDIRECT] 
2026-04-12 23:34:43,004 [ERROR] LogOutputStream:75 - [STDERR_REDIRECT] [Fatal Error] :1:1: Premature end of file.
2026-04-12 23:34:43,004 [ERROR] LogOutputStream:75 - [STDERR_REDIRECT] 
2026-04-12 23:34:43,996 [ERROR] LogOutputStream:75 - [STDERR_REDIRECT] [Fatal Error] :1:1: Premature end of file.
2026-04-12 23:34:43,996 [ERROR] LogOutputStream:75 - [STDERR_REDIRECT] 
2026-04-12 23:34:44,992 [ERROR] LogOutputStream:75 - [STDERR_REDIRECT] [Fatal Error] :1:1: Premature end of file.
2026-04-12 23:34:44,992 [ERROR] LogOutputStream:75 - [STDERR_REDIRECT] 
2026-04-12 23:34:46,005 [ERROR] LogOutputStream:75 - [STDERR_REDIRECT] [Fatal Error] :1:1: Premature end of file.
2026-04-12 23:34:46,005 [ERROR] LogOutputStream:75 - [STDERR_REDIRECT] 
2026-04-12 23:34:46,997 [ERROR] LogOutputStream:75 - [STDERR_REDIRECT] [Fatal Error] :1:1: Premature end of file.
2026-04-12 23:34:46,997 [ERROR] LogOutputStream:75 - [STDERR_REDIRECT] 
2026-04-12 23:34:47,992 [ERROR] LogOutputStream:75 - [STDERR_REDIRECT] [Fatal Error] :1:1: Premature end of file.
2026-04-12 23:34:47,992 [ERROR] LogOutputStream:75 - [STDERR_REDIRECT] 
2026-04-12 23:34:48,991 [ERROR] LogOutputStream:75 - [STDERR_REDIRECT] [Fatal Error] :1:1: Premature end of file.
2026-04-12 23:34:48,991 [ERROR] LogOutputStream:75 - [STDERR_REDIRECT] 
2026-04-12 23:34:49,996 [ERROR] LogOutputStream:75 - [STDERR_REDIRECT] [Fatal Error] :1:1: Premature end of file.
2026-04-12 23:34:49,996 [ERROR] LogOutputStream:75 - [STDERR_REDIRECT] 
2026-04-12 23:34:51,003 [ERROR] LogOutputStream:75 - [STDERR_REDIRECT] [Fatal Error] :1:1: Premature end of file.
2026-04-12 23:34:51,004 [ERROR] LogOutputStream:75 - [STDERR_REDIRECT] 
2026-04-12 23:34:51,999 [ERROR] LogOutputStream:75 - [STDERR_REDIRECT] [Fatal Error] :1:1: Premature end of file.
2026-04-12 23:34:52,000 [ERROR] LogOutputStream:75 - [STDERR_REDIRECT] 
2026-04-12 23:34:52,994 [ERROR] LogOutputStream:75 - [STDERR_REDIRECT] [Fatal Error] :1:1: Premature end of file.
2026-04-12 23:34:52,994 [ERROR] LogOutputStream:75 - [STDERR_REDIRECT] 
2026-04-12 23:34:53,990 [ERROR] LogOutputStream:75 - [STDERR_REDIRECT] [Fatal Error] :1:1: Premature end of file.
2026-04-12 23:34:53,990 [ERROR] LogOutputStream:75 - [STDERR_REDIRECT] 
2026-04-12 23:34:54,988 [ERROR] LogOutputStream:75 - [STDERR_REDIRECT] [Fatal Error] :1:1: Premature end of file.
2026-04-12 23:34:54,988 [ERROR] LogOutputStream:75 - [STDERR_REDIRECT] 
2026-04-12 23:34:56,000 [ERROR] LogOutputStream:75 - [STDERR_REDIRECT] [Fatal Error] :1:1: Premature end of file.
2026-04-12 23:34:56,000 [ERROR] LogOutputStream:75 - [STDERR_REDIRECT] 
2026-04-12 23:34:56,998 [ERROR] LogOutputStream:75 - [STDERR_REDIRECT] [Fatal Error] :1:1: Premature end of file.
2026-04-12 23:34:56,998 [ERROR] LogOutputStream:75 - [STDERR_REDIRECT] 
2026-04-12 23:34:58,003 [ERROR] LogOutputStream:75 - [STDERR_REDIRECT] [Fatal Error] :1:1: Premature end of file.
2026-04-12 23:34:58,003 [ERROR] LogOutputStream:75 - [STDERR_REDIRECT] 
2026-04-12 23:34:58,993 [ERROR] LogOutputStream:75 - [STDERR_REDIRECT] [Fatal Error] :1:1: Premature end of file.
2026-04-12 23:34:58,993 [ERROR] LogOutputStream:75 - [STDERR_REDIRECT] 
2026-04-12 23:34:59,988 [ERROR] LogOutputStream:75 - [STDERR_REDIRECT] [Fatal Error] :1:1: Premature end of file.
2026-04-12 23:34:59,988 [ERROR] LogOutputStream:75 - [STDERR_REDIRECT] 
2026-04-12 23:35:01,006 [ERROR] LogOutputStream:75 - [STDERR_REDIRECT] [Fatal Error] :1:1: Premature end of file.
2026-04-12 23:35:01,007 [ERROR] LogOutputStream:75 - [STDERR_REDIRECT] 
2026-04-12 23:35:01,993 [ERROR] LogOutputStream:75 - [STDERR_REDIRECT] [Fatal Error] :1:1: Premature end of file.
2026-04-12 23:35:01,993 [ERROR] LogOutputStream:75 - [STDERR_REDIRECT] 
2026-04-12 23:35:03,003 [ERROR] LogOutputStream:75 - [STDERR_REDIRECT] [Fatal Error] :1:1: Premature end of file.
2026-04-12 23:35:03,003 [ERROR] LogOutputStream:75 - [STDERR_REDIRECT] 
2026-04-12 23:35:03,994 [ERROR] LogOutputStream:75 - [STDERR_REDIRECT] [Fatal Error] :1:1: Premature end of file.
2026-04-12 23:35:03,995 [ERROR] LogOutputStream:75 - [STDERR_REDIRECT] 
2026-04-12 23:35:04,990 [ERROR] LogOutputStream:75 - [STDERR_REDIRECT] [Fatal Error] :1:1: Premature end of file.
2026-04-12 23:35:04,990 [ERROR] LogOutputStream:75 - [STDERR_REDIRECT] 
2026-04-12 23:35:05,992 [ERROR] LogOutputStream:75 - [STDERR_REDIRECT] [Fatal Error] :1:1: Premature end of file.
2026-04-12 23:35:05,992 [ERROR] LogOutputStream:75 - [STDERR_REDIRECT] 
2026-04-12 23:35:06,988 [ERROR] LogOutputStream:75 - [STDERR_REDIRECT] [Fatal Error] :1:1: Premature end of file.
2026-04-12 23:35:06,989 [ERROR] LogOutputStream:75 - [STDERR_REDIRECT] 
2026-04-12 23:35:07,999 [ERROR] LogOutputStream:75 - [STDERR_REDIRECT] [Fatal Error] :1:1: Premature end of file.
2026-04-12 23:35:07,999 [ERROR] LogOutputStream:75 - [STDERR_REDIRECT] 
2026-04-12 23:35:08,994 [ERROR] LogOutputStream:75 - [STDERR_REDIRECT] [Fatal Error] :1:1: Premature end of file.
2026-04-12 23:35:08,994 [ERROR] LogOutputStream:75 - [STDERR_REDIRECT] 
2026-04-12 23:35:09,990 [ERROR] LogOutputStream:75 - [STDERR_REDIRECT] [Fatal Error] :1:1: Premature end of file.
2026-04-12 23:35:09,990 [ERROR] LogOutputStream:75 - [STDERR_REDIRECT] 
2026-04-12 23:35:10,995 [ERROR] LogOutputStream:75 - [STDERR_REDIRECT] [Fatal Error] :1:1: Premature end of file.
2026-04-12 23:35:10,996 [ERROR] LogOutputStream:75 - [STDERR_REDIRECT] 
2026-04-12 23:35:11,989 [ERROR] LogOutputStream:75 - [STDERR_REDIRECT] [Fatal Error] :1:1: Premature end of file.
2026-04-12 23:35:11,989 [ERROR] LogOutputStream:75 - [STDERR_REDIRECT] 
2026-04-12 23:35:12,997 [ERROR] LogOutputStream:75 - [STDERR_REDIRECT] [Fatal Error] :1:1: Premature end of file.
2026-04-12 23:35:12,997 [ERROR] LogOutputStream:75 - [STDERR_REDIRECT] 
2026-04-12 23:35:13,994 [ERROR] LogOutputStream:75 - [STDERR_REDIRECT] [Fatal Error] :1:1: Premature end of file.
2026-04-12 23:35:13,994 [ERROR] LogOutputStream:75 - [STDERR_REDIRECT] 
2026-04-12 23:35:14,994 [ERROR] LogOutputStream:75 - [STDERR_REDIRECT] [Fatal Error] :1:1: Premature end of file.
2026-04-12 23:35:14,994 [ERROR] LogOutputStream:75 - [STDERR_REDIRECT] 
2026-04-12 23:35:16,002 [ERROR] LogOutputStream:75 - [STDERR_REDIRECT] [Fatal Error] :1:1: Premature end of file.
2026-04-12 23:35:16,003 [ERROR] LogOutputStream:75 - [STDERR_REDIRECT] 
2026-04-12 23:35:17,001 [ERROR] LogOutputStream:75 - [STDERR_REDIRECT] [Fatal Error] :1:1: Premature end of file.
2026-04-12 23:35:17,001 [ERROR] LogOutputStream:75 - [STDERR_REDIRECT] 
2026-04-12 23:35:17,999 [ERROR] LogOutputStream:75 - [STDERR_REDIRECT] [Fatal Error] :1:1: Premature end of file.
2026-04-12 23:35:17,999 [ERROR] LogOutputStream:75 - [STDERR_REDIRECT] 
2026-04-12 23:35:18,990 [ERROR] LogOutputStream:75 - [STDERR_REDIRECT] [Fatal Error] :1:1: Premature end of file.
2026-04-12 23:35:18,990 [ERROR] LogOutputStream:75 - [STDERR_REDIRECT] 
2026-04-12 23:35:20,009 [ERROR] LogOutputStream:75 - [STDERR_REDIRECT] [Fatal Error] :1:1: Premature end of file.
2026-04-12 23:35:20,009 [ERROR] LogOutputStream:75 - [STDERR_REDIRECT] 
2026-04-12 23:35:20,995 [ERROR] LogOutputStream:75 - [STDERR_REDIRECT] [Fatal Error] :1:1: Premature end of file.
2026-04-12 23:35:20,995 [ERROR] LogOutputStream:75 - [STDERR_REDIRECT] 
2026-04-12 23:35:21,990 [ERROR] LogOutputStream:75 - [STDERR_REDIRECT] [Fatal Error] :1:1: Premature end of file.
2026-04-12 23:35:21,990 [ERROR] LogOutputStream:75 - [STDERR_REDIRECT] 
2026-04-12 23:35:23,003 [ERROR] LogOutputStream:75 - [STDERR_REDIRECT] [Fatal Error] :1:1: Premature end of file.
2026-04-12 23:35:23,003 [ERROR] LogOutputStream:75 - [STDERR_REDIRECT] 
2026-04-12 23:35:24,010 [ERROR] LogOutputStream:75 - [STDERR_REDIRECT] [Fatal Error] :1:1: Premature end of file.
2026-04-12 23:35:24,011 [ERROR] LogOutputStream:75 - [STDERR_REDIRECT] 
2026-04-12 23:35:24,989 [ERROR] LogOutputStream:75 - [STDERR_REDIRECT] [Fatal Error] :1:1: Premature end of file.
2026-04-12 23:35:24,989 [ERROR] LogOutputStream:75 - [STDERR_REDIRECT] 
2026-04-12 23:35:26,000 [ERROR] LogOutputStream:75 - [STDERR_REDIRECT] [Fatal Error] :1:1: Premature end of file.
2026-04-12 23:35:26,000 [ERROR] LogOutputStream:75 - [STDERR_REDIRECT] 
2026-04-12 23:35:26,991 [ERROR] LogOutputStream:75 - [STDERR_REDIRECT] [Fatal Error] :1:1: Premature end of file.
2026-04-12 23:35:26,992 [ERROR] LogOutputStream:75 - [STDERR_REDIRECT] 
2026-04-12 23:35:27,989 [ERROR] LogOutputStream:75 - [STDERR_REDIRECT] [Fatal Error] :1:1: Premature end of file.
2026-04-12 23:35:27,989 [ERROR] LogOutputStream:75 - [STDERR_REDIRECT] 
2026-04-12 23:35:28,997 [ERROR] LogOutputStream:75 - [STDERR_REDIRECT] [Fatal Error] :1:1: Premature end of file.
2026-04-12 23:35:28,997 [ERROR] LogOutputStream:75 - [STDERR_REDIRECT] 
2026-04-12 23:35:30,003 [ERROR] LogOutputStream:75 - [STDERR_REDIRECT] [Fatal Error] :1:1: Premature end of file.
2026-04-12 23:35:30,003 [ERROR] LogOutputStream:75 - [STDERR_REDIRECT] 
2026-04-12 23:35:30,992 [ERROR] LogOutputStream:75 - [STDERR_REDIRECT] [Fatal Error] :1:1: Premature end of file.
2026-04-12 23:35:30,993 [ERROR] LogOutputStream:75 - [STDERR_REDIRECT] 
2026-04-12 23:35:31,996 [ERROR] LogOutputStream:75 - [STDERR_REDIRECT] [Fatal Error] :1:1: Premature end of file.
2026-04-12 23:35:31,997 [ERROR] LogOutputStream:75 - [STDERR_REDIRECT] 
2026-04-12 23:35:33,003 [ERROR] LogOutputStream:75 - [STDERR_REDIRECT] [Fatal Error] :1:1: Premature end of file.
2026-04-12 23:35:33,004 [ERROR] LogOutputStream:75 - [STDERR_REDIRECT] 
2026-04-12 23:35:34,004 [ERROR] LogOutputStream:75 - [STDERR_REDIRECT] [Fatal Error] :1:1: Premature end of file.
2026-04-12 23:35:34,004 [ERROR] LogOutputStream:75 - [STDERR_REDIRECT] 
2026-04-12 23:35:35,005 [ERROR] LogOutputStream:75 - [STDERR_REDIRECT] [Fatal Error] :1:1: Premature end of file.
2026-04-12 23:35:35,005 [ERROR] LogOutputStream:75 - [STDERR_REDIRECT] 
2026-04-12 23:35:35,989 [ERROR] LogOutputStream:75 - [STDERR_REDIRECT] [Fatal Error] :1:1: Premature end of file.
2026-04-12 23:35:35,989 [ERROR] LogOutputStream:75 - [STDERR_REDIRECT] 
2026-04-12 23:35:37,003 [ERROR] LogOutputStream:75 - [STDERR_REDIRECT] [Fatal Error] :1:1: Premature end of file.
2026-04-12 23:35:37,003 [ERROR] LogOutputStream:75 - [STDERR_REDIRECT] 
2026-04-12 23:35:37,999 [ERROR] LogOutputStream:75 - [STDERR_REDIRECT] [Fatal Error] :1:1: Premature end of file.
2026-04-12 23:35:37,999 [ERROR] LogOutputStream:75 - [STDERR_REDIRECT] 
2026-04-12 23:35:38,997 [ERROR] LogOutputStream:75 - [STDERR_REDIRECT] [Fatal Error] :1:1: Premature end of file.
2026-04-12 23:35:38,997 [ERROR] LogOutputStream:75 - [STDERR_REDIRECT] 
2026-04-12 23:35:40,013 [ERROR] LogOutputStream:75 - [STDERR_REDIRECT] [Fatal Error] :1:1: Premature end of file.
2026-04-12 23:35:40,013 [ERROR] LogOutputStream:75 - [STDERR_REDIRECT] 
2026-04-12 23:35:40,998 [ERROR] LogOutputStream:75 - [STDERR_REDIRECT] [Fatal Error] :1:1: Premature end of file.
2026-04-12 23:35:40,998 [ERROR] LogOutputStream:75 - [STDERR_REDIRECT] 
2026-04-12 23:35:41,993 [ERROR] LogOutputStream:75 - [STDERR_REDIRECT] [Fatal Error] :1:1: Premature end of file.
2026-04-12 23:35:41,994 [ERROR] LogOutputStream:75 - [STDERR_REDIRECT] 
2026-04-12 23:35:42,991 [ERROR] LogOutputStream:75 - [STDERR_REDIRECT] [Fatal Error] :1:1: Premature end of file.
2026-04-12 23:35:42,991 [ERROR] LogOutputStream:75 - [STDERR_REDIRECT] 
2026-04-12 23:35:43,998 [ERROR] LogOutputStream:75 - [STDERR_REDIRECT] [Fatal Error] :1:1: Premature end of file.
2026-04-12 23:35:43,998 [ERROR] LogOutputStream:75 - [STDERR_REDIRECT] 
2026-04-12 23:35:45,002 [ERROR] LogOutputStream:75 - [STDERR_REDIRECT] [Fatal Error] :1:1: Premature end of file.
2026-04-12 23:35:45,003 [ERROR] LogOutputStream:75 - [STDERR_REDIRECT] 
2026-04-12 23:35:45,999 [ERROR] LogOutputStream:75 - [STDERR_REDIRECT] [Fatal Error] :1:1: Premature end of file.
2026-04-12 23:35:45,999 [ERROR] LogOutputStream:75 - [STDERR_REDIRECT] 
2026-04-12 23:35:46,989 [ERROR] LogOutputStream:75 - [STDERR_REDIRECT] [Fatal Error] :1:1: Premature end of file.
2026-04-12 23:35:46,989 [ERROR] LogOutputStream:75 - [STDERR_REDIRECT] 
2026-04-12 23:35:48,003 [ERROR] LogOutputStream:75 - [STDERR_REDIRECT] [Fatal Error] :1:1: Premature end of file.
2026-04-12 23:35:48,003 [ERROR] LogOutputStream:75 - [STDERR_REDIRECT] 
2026-04-12 23:35:48,997 [ERROR] LogOutputStream:75 - [STDERR_REDIRECT] [Fatal Error] :1:1: Premature end of file.
2026-04-12 23:35:48,997 [ERROR] LogOutputStream:75 - [STDERR_REDIRECT] 
2026-04-12 23:35:49,994 [ERROR] LogOutputStream:75 - [STDERR_REDIRECT] [Fatal Error] :1:1: Premature end of file.
2026-04-12 23:35:49,994 [ERROR] LogOutputStream:75 - [STDERR_REDIRECT] 
2026-04-12 23:35:51,003 [ERROR] LogOutputStream:75 - [STDERR_REDIRECT] [Fatal Error] :1:1: Premature end of file.
2026-04-12 23:35:51,003 [ERROR] LogOutputStream:75 - [STDERR_REDIRECT] 
2026-04-12 23:35:52,004 [ERROR] LogOutputStream:75 - [STDERR_REDIRECT] [Fatal Error] :1:1: Premature end of file.
2026-04-12 23:35:52,005 [ERROR] LogOutputStream:75 - [STDERR_REDIRECT] 
2026-04-12 23:35:52,998 [ERROR] LogOutputStream:75 - [STDERR_REDIRECT] [Fatal Error] :1:1: Premature end of file.
2026-04-12 23:35:52,998 [ERROR] LogOutputStream:75 - [STDERR_REDIRECT] 
2026-04-12 23:35:53,990 [ERROR] LogOutputStream:75 - [STDERR_REDIRECT] [Fatal Error] :1:1: Premature end of file.
2026-04-12 23:35:53,990 [ERROR] LogOutputStream:75 - [STDERR_REDIRECT] 
2026-04-12 23:35:54,999 [ERROR] LogOutputStream:75 - [STDERR_REDIRECT] [Fatal Error] :1:1: Premature end of file.
2026-04-12 23:35:54,999 [ERROR] LogOutputStream:75 - [STDERR_REDIRECT] 
2026-04-12 23:35:55,999 [ERROR] LogOutputStream:75 - [STDERR_REDIRECT] [Fatal Error] :1:1: Premature end of file.
2026-04-12 23:35:55,999 [ERROR] LogOutputStream:75 - [STDERR_REDIRECT] 
2026-04-12 23:35:56,992 [ERROR] LogOutputStream:75 - [STDERR_REDIRECT] [Fatal Error] :1:1: Premature end of file.
2026-04-12 23:35:56,992 [ERROR] LogOutputStream:75 - [STDERR_REDIRECT] 
2026-04-12 23:35:58,013 [ERROR] LogOutputStream:75 - [STDERR_REDIRECT] [Fatal Error] :1:1: Premature end of file.
2026-04-12 23:35:58,013 [ERROR] LogOutputStream:75 - [STDERR_REDIRECT] 
2026-04-12 23:35:59,002 [ERROR] LogOutputStream:75 - [STDERR_REDIRECT] [Fatal Error] :1:1: Premature end of file.
2026-04-12 23:35:59,002 [ERROR] LogOutputStream:75 - [STDERR_REDIRECT] 
2026-04-12 23:35:59,997 [ERROR] LogOutputStream:75 - [STDERR_REDIRECT] [Fatal Error] :1:1: Premature end of file.
2026-04-12 23:35:59,997 [ERROR] LogOutputStream:75 - [STDERR_REDIRECT] 
2026-04-12 23:36:01,002 [ERROR] LogOutputStream:75 - [STDERR_REDIRECT] [Fatal Error] :1:1: Premature end of file.
2026-04-12 23:36:01,003 [ERROR] LogOutputStream:75 - [STDERR_REDIRECT] 
2026-04-12 23:36:02,001 [ERROR] LogOutputStream:75 - [STDERR_REDIRECT] [Fatal Error] :1:1: Premature end of file.
2026-04-12 23:36:02,001 [ERROR] LogOutputStream:75 - [STDERR_REDIRECT] 
2026-04-12 23:36:03,007 [ERROR] LogOutputStream:75 - [STDERR_REDIRECT] [Fatal Error] :1:1: Premature end of file.
2026-04-12 23:36:03,007 [ERROR] LogOutputStream:75 - [STDERR_REDIRECT] 
2026-04-12 23:36:04,003 [ERROR] LogOutputStream:75 - [STDERR_REDIRECT] [Fatal Error] :1:1: Premature end of file.
2026-04-12 23:36:04,004 [ERROR] LogOutputStream:75 - [STDERR_REDIRECT] 
2026-04-12 23:36:04,991 [ERROR] LogOutputStream:75 - [STDERR_REDIRECT] [Fatal Error] :1:1: Premature end of file.
2026-04-12 23:36:04,991 [ERROR] LogOutputStream:75 - [STDERR_REDIRECT] 
2026-04-12 23:36:05,999 [ERROR] LogOutputStream:75 - [STDERR_REDIRECT] [Fatal Error] :1:1: Premature end of file.
2026-04-12 23:36:05,999 [ERROR] LogOutputStream:75 - [STDERR_REDIRECT] 
2026-04-12 23:36:06,991 [ERROR] LogOutputStream:75 - [STDERR_REDIRECT] [Fatal Error] :1:1: Premature end of file.
2026-04-12 23:36:06,991 [ERROR] LogOutputStream:75 - [STDERR_REDIRECT] 
2026-04-12 23:36:08,002 [ERROR] LogOutputStream:75 - [STDERR_REDIRECT] [Fatal Error] :1:1: Premature end of file.
2026-04-12 23:36:08,002 [ERROR] LogOutputStream:75 - [STDERR_REDIRECT] 
2026-04-12 23:36:09,006 [ERROR] LogOutputStream:75 - [STDERR_REDIRECT] [Fatal Error] :1:1: Premature end of file.
2026-04-12 23:36:09,006 [ERROR] LogOutputStream:75 - [STDERR_REDIRECT] 
2026-04-12 23:36:10,003 [ERROR] LogOutputStream:75 - [STDERR_REDIRECT] [Fatal Error] :1:1: Premature end of file.
2026-04-12 23:36:10,003 [ERROR] LogOutputStream:75 - [STDERR_REDIRECT] 
2026-04-12 23:36:10,993 [ERROR] LogOutputStream:75 - [STDERR_REDIRECT] [Fatal Error] :1:1: Premature end of file.
2026-04-12 23:36:10,993 [ERROR] LogOutputStream:75 - [STDERR_REDIRECT] 
2026-04-12 23:36:11,989 [ERROR] LogOutputStream:75 - [STDERR_REDIRECT] [Fatal Error] :1:1: Premature end of file.
2026-04-12 23:36:11,989 [ERROR] LogOutputStream:75 - [STDERR_REDIRECT] 
2026-04-12 23:36:12,995 [ERROR] LogOutputStream:75 - [STDERR_REDIRECT] [Fatal Error] :1:1: Premature end of file.
2026-04-12 23:36:12,996 [ERROR] LogOutputStream:75 - [STDERR_REDIRECT] 
2026-04-12 23:36:13,991 [ERROR] LogOutputStream:75 - [STDERR_REDIRECT] [Fatal Error] :1:1: Premature end of file.
2026-04-12 23:36:13,992 [ERROR] LogOutputStream:75 - [STDERR_REDIRECT] 
2026-04-12 23:36:15,006 [ERROR] LogOutputStream:75 - [STDERR_REDIRECT] [Fatal Error] :1:1: Premature end of file.
2026-04-12 23:36:15,006 [ERROR] LogOutputStream:75 - [STDERR_REDIRECT] 
2026-04-12 23:36:15,995 [ERROR] LogOutputStream:75 - [STDERR_REDIRECT] [Fatal Error] :1:1: Premature end of file.
2026-04-12 23:36:15,995 [ERROR] LogOutputStream:75 - [STDERR_REDIRECT] 
2026-04-12 23:36:17,003 [ERROR] LogOutputStream:75 - [STDERR_REDIRECT] [Fatal Error] :1:1: Premature end of file.
2026-04-12 23:36:17,003 [ERROR] LogOutputStream:75 - [STDERR_REDIRECT] 
2026-04-12 23:36:17,987 [ERROR] LogOutputStream:75 - [STDERR_REDIRECT] [Fatal Error] :1:1: Premature end of file.
2026-04-12 23:36:17,987 [ERROR] LogOutputStream:75 - [STDERR_REDIRECT] 
2026-04-12 23:36:18,998 [ERROR] LogOutputStream:75 - [STDERR_REDIRECT] [Fatal Error] :1:1: Premature end of file.
2026-04-12 23:36:18,998 [ERROR] LogOutputStream:75 - [STDERR_REDIRECT] 
2026-04-12 23:36:19,991 [ERROR] LogOutputStream:75 - [STDERR_REDIRECT] [Fatal Error] :1:1: Premature end of file.
2026-04-12 23:36:19,991 [ERROR] LogOutputStream:75 - [STDERR_REDIRECT] 
2026-04-12 23:36:20,988 [ERROR] LogOutputStream:75 - [STDERR_REDIRECT] [Fatal Error] :1:1: Premature end of file.
2026-04-12 23:36:20,989 [ERROR] LogOutputStream:75 - [STDERR_REDIRECT] 
2026-04-12 23:36:22,000 [ERROR] LogOutputStream:75 - [STDERR_REDIRECT] [Fatal Error] :1:1: Premature end of file.
2026-04-12 23:36:22,000 [ERROR] LogOutputStream:75 - [STDERR_REDIRECT] 
2026-04-12 23:36:22,998 [ERROR] LogOutputStream:75 - [STDERR_REDIRECT] [Fatal Error] :1:1: Premature end of file.
2026-04-12 23:36:22,998 [ERROR] LogOutputStream:75 - [STDERR_REDIRECT] 
2026-04-12 23:36:23,992 [ERROR] LogOutputStream:75 - [STDERR_REDIRECT] [Fatal Error] :1:1: Premature end of file.
2026-04-12 23:36:24,012 [ERROR] LogOutputStream:75 - [STDERR_REDIRECT] 
2026-04-12 23:36:25,001 [ERROR] LogOutputStream:75 - [STDERR_REDIRECT] [Fatal Error] :1:1: Premature end of file.
2026-04-12 23:36:25,001 [ERROR] LogOutputStream:75 - [STDERR_REDIRECT] 
2026-04-12 23:36:25,997 [ERROR] LogOutputStream:75 - [STDERR_REDIRECT] [Fatal Error] :1:1: Premature end of file.
2026-04-12 23:36:25,997 [ERROR] LogOutputStream:75 - [STDERR_REDIRECT] 
2026-04-12 23:36:27,004 [ERROR] LogOutputStream:75 - [STDERR_REDIRECT] [Fatal Error] :1:1: Premature end of file.
2026-04-12 23:36:27,004 [ERROR] LogOutputStream:75 - [STDERR_REDIRECT] 
2026-04-12 23:36:27,992 [ERROR] LogOutputStream:75 - [STDERR_REDIRECT] [Fatal Error] :1:1: Premature end of file.
2026-04-12 23:36:27,992 [ERROR] LogOutputStream:75 - [STDERR_REDIRECT] 
2026-04-12 23:36:28,989 [ERROR] LogOutputStream:75 - [STDERR_REDIRECT] [Fatal Error] :1:1: Premature end of file.
2026-04-12 23:36:28,989 [ERROR] LogOutputStream:75 - [STDERR_REDIRECT] 
2026-04-12 23:36:29,987 [ERROR] LogOutputStream:75 - [STDERR_REDIRECT] [Fatal Error] :1:1: Premature end of file.
2026-04-12 23:36:29,987 [ERROR] LogOutputStream:75 - [STDERR_REDIRECT] 
2026-04-12 23:36:31,001 [ERROR] LogOutputStream:75 - [STDERR_REDIRECT] [Fatal Error] :1:1: Premature end of file.
2026-04-12 23:36:31,001 [ERROR] LogOutputStream:75 - [STDERR_REDIRECT] 
2026-04-12 23:36:31,990 [ERROR] LogOutputStream:75 - [STDERR_REDIRECT] [Fatal Error] :1:1: Premature end of file.
2026-04-12 23:36:31,990 [ERROR] LogOutputStream:75 - [STDERR_REDIRECT] 
2026-04-12 23:36:32,997 [ERROR] LogOutputStream:75 - [STDERR_REDIRECT] [Fatal Error] :1:1: Premature end of file.
2026-04-12 23:36:32,997 [ERROR] LogOutputStream:75 - [STDERR_REDIRECT] 
2026-04-12 23:36:33,996 [ERROR] LogOutputStream:75 - [STDERR_REDIRECT] [Fatal Error] :1:1: Premature end of file.
2026-04-12 23:36:33,996 [ERROR] LogOutputStream:75 - [STDERR_REDIRECT] 
2026-04-12 23:36:34,990 [ERROR] LogOutputStream:75 - [STDERR_REDIRECT] [Fatal Error] :1:1: Premature end of file.
2026-04-12 23:36:34,990 [ERROR] LogOutputStream:75 - [STDERR_REDIRECT] 
2026-04-12 23:36:36,005 [ERROR] LogOutputStream:75 - [STDERR_REDIRECT] [Fatal Error] :1:1: Premature end of file.
2026-04-12 23:36:36,006 [ERROR] LogOutputStream:75 - [STDERR_REDIRECT] 
2026-04-12 23:36:37,012 [ERROR] LogOutputStream:75 - [STDERR_REDIRECT] [Fatal Error] :1:1: Premature end of file.
2026-04-12 23:36:37,012 [ERROR] LogOutputStream:75 - [STDERR_REDIRECT] 
2026-04-12 23:36:38,004 [ERROR] LogOutputStream:75 - [STDERR_REDIRECT] [Fatal Error] :1:1: Premature end of file.
2026-04-12 23:36:38,005 [ERROR] LogOutputStream:75 - [STDERR_REDIRECT] 
2026-04-12 23:36:39,002 [ERROR] LogOutputStream:75 - [STDERR_REDIRECT] [Fatal Error] :1:1: Premature end of file.
2026-04-12 23:36:39,003 [ERROR] LogOutputStream:75 - [STDERR_REDIRECT] 
2026-04-12 23:36:39,996 [ERROR] LogOutputStream:75 - [STDERR_REDIRECT] [Fatal Error] :1:1: Premature end of file.
2026-04-12 23:36:39,996 [ERROR] LogOutputStream:75 - [STDERR_REDIRECT] 
2026-04-12 23:36:41,003 [ERROR] LogOutputStream:75 - [STDERR_REDIRECT] [Fatal Error] :1:1: Premature end of file.
2026-04-12 23:36:41,004 [ERROR] LogOutputStream:75 - [STDERR_REDIRECT] 
2026-04-12 23:36:41,998 [ERROR] LogOutputStream:75 - [STDERR_REDIRECT] [Fatal Error] :1:1: Premature end of file.
2026-04-12 23:36:41,998 [ERROR] LogOutputStream:75 - [STDERR_REDIRECT] 
2026-04-12 23:36:42,997 [ERROR] LogOutputStream:75 - [STDERR_REDIRECT] [Fatal Error] :1:1: Premature end of file.
2026-04-12 23:36:42,997 [ERROR] LogOutputStream:75 - [STDERR_REDIRECT] 
2026-04-12 23:36:44,002 [ERROR] LogOutputStream:75 - [STDERR_REDIRECT] [Fatal Error] :1:1: Premature end of file.
2026-04-12 23:36:44,003 [ERROR] LogOutputStream:75 - [STDERR_REDIRECT] 
2026-04-12 23:36:44,993 [ERROR] LogOutputStream:75 - [STDERR_REDIRECT] [Fatal Error] :1:1: Premature end of file.
2026-04-12 23:36:44,993 [ERROR] LogOutputStream:75 - [STDERR_REDIRECT] 
2026-04-12 23:36:45,988 [ERROR] LogOutputStream:75 - [STDERR_REDIRECT] [Fatal Error] :1:1: Premature end of file.
2026-04-12 23:36:45,989 [ERROR] LogOutputStream:75 - [STDERR_REDIRECT] 
2026-04-12 23:36:47,004 [ERROR] LogOutputStream:75 - [STDERR_REDIRECT] [Fatal Error] :1:1: Premature end of file.
2026-04-12 23:36:47,004 [ERROR] LogOutputStream:75 - [STDERR_REDIRECT] 
2026-04-12 23:36:47,999 [ERROR] LogOutputStream:75 - [STDERR_REDIRECT] [Fatal Error] :1:1: Premature end of file.
2026-04-12 23:36:47,999 [ERROR] LogOutputStream:75 - [STDERR_REDIRECT] 
2026-04-12 23:36:49,005 [ERROR] LogOutputStream:75 - [STDERR_REDIRECT] [Fatal Error] :1:1: Premature end of file.
2026-04-12 23:36:49,006 [ERROR] LogOutputStream:75 - [STDERR_REDIRECT] 
2026-04-12 23:36:50,006 [ERROR] LogOutputStream:75 - [STDERR_REDIRECT] [Fatal Error] :1:1: Premature end of file.
2026-04-12 23:36:50,006 [ERROR] LogOutputStream:75 - [STDERR_REDIRECT] 
2026-04-12 23:36:50,994 [ERROR] LogOutputStream:75 - [STDERR_REDIRECT] [Fatal Error] :1:1: Premature end of file.
2026-04-12 23:36:50,994 [ERROR] LogOutputStream:75 - [STDERR_REDIRECT] 
2026-04-12 23:36:51,991 [ERROR] LogOutputStream:75 - [STDERR_REDIRECT] [Fatal Error] :1:1: Premature end of file.
2026-04-12 23:36:51,992 [ERROR] LogOutputStream:75 - [STDERR_REDIRECT] 
2026-04-12 23:36:53,004 [ERROR] LogOutputStream:75 - [STDERR_REDIRECT] [Fatal Error] :1:1: Premature end of file.
2026-04-12 23:36:53,004 [ERROR] LogOutputStream:75 - [STDERR_REDIRECT] 
2026-04-12 23:36:53,995 [ERROR] LogOutputStream:75 - [STDERR_REDIRECT] [Fatal Error] :1:1: Premature end of file.
2026-04-12 23:36:53,996 [ERROR] LogOutputStream:75 - [STDERR_REDIRECT] 
2026-04-12 23:36:54,990 [ERROR] LogOutputStream:75 - [STDERR_REDIRECT] [Fatal Error] :1:1: Premature end of file.
2026-04-12 23:36:54,992 [ERROR] LogOutputStream:75 - [STDERR_REDIRECT] 
2026-04-12 23:36:55,999 [ERROR] LogOutputStream:75 - [STDERR_REDIRECT] [Fatal Error] :1:1: Premature end of file.
2026-04-12 23:36:56,000 [ERROR] LogOutputStream:75 - [STDERR_REDIRECT] 
2026-04-12 23:36:56,993 [ERROR] LogOutputStream:75 - [STDERR_REDIRECT] [Fatal Error] :1:1: Premature end of file.
2026-04-12 23:36:56,993 [ERROR] LogOutputStream:75 - [STDERR_REDIRECT] 
2026-04-12 23:36:58,000 [ERROR] LogOutputStream:75 - [STDERR_REDIRECT] [Fatal Error] :1:1: Premature end of file.
2026-04-12 23:36:58,000 [ERROR] LogOutputStream:75 - [STDERR_REDIRECT] 
2026-04-12 23:36:59,003 [ERROR] LogOutputStream:75 - [STDERR_REDIRECT] [Fatal Error] :1:1: Premature end of file.
2026-04-12 23:36:59,003 [ERROR] LogOutputStream:75 - [STDERR_REDIRECT] 
2026-04-12 23:37:00,000 [ERROR] LogOutputStream:75 - [STDERR_REDIRECT] [Fatal Error] :1:1: Premature end of file.
2026-04-12 23:37:00,000 [ERROR] LogOutputStream:75 - [STDERR_REDIRECT] 
2026-04-12 23:37:01,005 [ERROR] LogOutputStream:75 - [STDERR_REDIRECT] [Fatal Error] :1:1: Premature end of file.
2026-04-12 23:37:01,006 [ERROR] LogOutputStream:75 - [STDERR_REDIRECT] 
2026-04-12 23:37:01,995 [ERROR] LogOutputStream:75 - [STDERR_REDIRECT] [Fatal Error] :1:1: Premature end of file.
2026-04-12 23:37:01,995 [ERROR] LogOutputStream:75 - [STDERR_REDIRECT] 
2026-04-12 23:37:02,991 [ERROR] LogOutputStream:75 - [STDERR_REDIRECT] [Fatal Error] :1:1: Premature end of file.
2026-04-12 23:37:02,991 [ERROR] LogOutputStream:75 - [STDERR_REDIRECT] 
2026-04-12 23:37:04,008 [ERROR] LogOutputStream:75 - [STDERR_REDIRECT] [Fatal Error] :1:1: Premature end of file.
2026-04-12 23:37:04,008 [ERROR] LogOutputStream:75 - [STDERR_REDIRECT] 
2026-04-12 23:37:04,997 [ERROR] LogOutputStream:75 - [STDERR_REDIRECT] [Fatal Error] :1:1: Premature end of file.
2026-04-12 23:37:04,997 [ERROR] LogOutputStream:75 - [STDERR_REDIRECT] 
2026-04-12 23:37:05,989 [ERROR] LogOutputStream:75 - [STDERR_REDIRECT] [Fatal Error] :1:1: Premature end of file.
2026-04-12 23:37:05,990 [ERROR] LogOutputStream:75 - [STDERR_REDIRECT] 
2026-04-12 23:37:07,003 [ERROR] LogOutputStream:75 - [STDERR_REDIRECT] [Fatal Error] :1:1: Premature end of file.
2026-04-12 23:37:07,004 [ERROR] LogOutputStream:75 - [STDERR_REDIRECT] 
2026-04-12 23:37:07,998 [ERROR] LogOutputStream:75 - [STDERR_REDIRECT] [Fatal Error] :1:1: Premature end of file.
2026-04-12 23:37:07,998 [ERROR] LogOutputStream:75 - [STDERR_REDIRECT] 
2026-04-12 23:37:08,991 [ERROR] LogOutputStream:75 - [STDERR_REDIRECT] [Fatal Error] :1:1: Premature end of file.
2026-04-12 23:37:08,991 [ERROR] LogOutputStream:75 - [STDERR_REDIRECT] 
2026-04-12 23:37:09,990 [ERROR] LogOutputStream:75 - [STDERR_REDIRECT] [Fatal Error] :1:1: Premature end of file.
2026-04-12 23:37:09,990 [ERROR] LogOutputStream:75 - [STDERR_REDIRECT] 
2026-04-12 23:37:11,004 [ERROR] LogOutputStream:75 - [STDERR_REDIRECT] [Fatal Error] :1:1: Premature end of file.
2026-04-12 23:37:11,005 [ERROR] LogOutputStream:75 - [STDERR_REDIRECT] 
2026-04-12 23:37:12,001 [ERROR] LogOutputStream:75 - [STDERR_REDIRECT] [Fatal Error] :1:1: Premature end of file.
2026-04-12 23:37:12,001 [ERROR] LogOutputStream:75 - [STDERR_REDIRECT] 
2026-04-12 23:37:12,993 [ERROR] LogOutputStream:75 - [STDERR_REDIRECT] [Fatal Error] :1:1: Premature end of file.
2026-04-12 23:37:12,994 [ERROR] LogOutputStream:75 - [STDERR_REDIRECT] 
2026-04-12 23:37:14,002 [ERROR] LogOutputStream:75 - [STDERR_REDIRECT] [Fatal Error] :1:1: Premature end of file.
2026-04-12 23:37:14,002 [ERROR] LogOutputStream:75 - [STDERR_REDIRECT] 
2026-04-12 23:37:14,994 [ERROR] LogOutputStream:75 - [STDERR_REDIRECT] [Fatal Error] :1:1: Premature end of file.
2026-04-12 23:37:14,994 [ERROR] LogOutputStream:75 - [STDERR_REDIRECT] 
2026-04-12 23:37:15,998 [ERROR] LogOutputStream:75 - [STDERR_REDIRECT] [Fatal Error] :1:1: Premature end of file.
2026-04-12 23:37:15,998 [ERROR] LogOutputStream:75 - [STDERR_REDIRECT] 
2026-04-12 23:37:17,000 [ERROR] LogOutputStream:75 - [STDERR_REDIRECT] [Fatal Error] :1:1: Premature end of file.
2026-04-12 23:37:17,000 [ERROR] LogOutputStream:75 - [STDERR_REDIRECT] 
2026-04-12 23:37:18,011 [ERROR] LogOutputStream:75 - [STDERR_REDIRECT] [Fatal Error] :1:1: Premature end of file.
2026-04-12 23:37:18,011 [ERROR] LogOutputStream:75 - [STDERR_REDIRECT] 
2026-04-12 23:37:19,014 [ERROR] LogOutputStream:75 - [STDERR_REDIRECT] [Fatal Error] :1:1: Premature end of file.
2026-04-12 23:37:19,014 [ERROR] LogOutputStream:75 - [STDERR_REDIRECT] 
2026-04-12 23:37:19,993 [ERROR] LogOutputStream:75 - [STDERR_REDIRECT] [Fatal Error] :1:1: Premature end of file.
2026-04-12 23:37:19,994 [ERROR] LogOutputStream:75 - [STDERR_REDIRECT] 
2026-04-12 23:37:20,992 [ERROR] LogOutputStream:75 - [STDERR_REDIRECT] [Fatal Error] :1:1: Premature end of file.
2026-04-12 23:37:20,993 [ERROR] LogOutputStream:75 - [STDERR_REDIRECT] 
2026-04-12 23:37:21,991 [ERROR] LogOutputStream:75 - [STDERR_REDIRECT] [Fatal Error] :1:1: Premature end of file.
2026-04-12 23:37:21,991 [ERROR] LogOutputStream:75 - [STDERR_REDIRECT] 
2026-04-12 23:37:22,997 [ERROR] LogOutputStream:75 - [STDERR_REDIRECT] [Fatal Error] :1:1: Premature end of file.
2026-04-12 23:37:22,998 [ERROR] LogOutputStream:75 - [STDERR_REDIRECT] 
2026-04-12 23:37:23,995 [ERROR] LogOutputStream:75 - [STDERR_REDIRECT] [Fatal Error] :1:1: Premature end of file.
2026-04-12 23:37:23,995 [ERROR] LogOutputStream:75 - [STDERR_REDIRECT] 
2026-04-12 23:37:24,990 [ERROR] LogOutputStream:75 - [STDERR_REDIRECT] [Fatal Error] :1:1: Premature end of file.
2026-04-12 23:37:24,990 [ERROR] LogOutputStream:75 - [STDERR_REDIRECT] 
2026-04-12 23:37:25,999 [ERROR] LogOutputStream:75 - [STDERR_REDIRECT] [Fatal Error] :1:1: Premature end of file.
2026-04-12 23:37:25,999 [ERROR] LogOutputStream:75 - [STDERR_REDIRECT] 
2026-04-12 23:37:26,998 [ERROR] LogOutputStream:75 - [STDERR_REDIRECT] [Fatal Error] :1:1: Premature end of file.
2026-04-12 23:37:26,998 [ERROR] LogOutputStream:75 - [STDERR_REDIRECT] 
2026-04-12 23:37:27,990 [ERROR] LogOutputStream:75 - [STDERR_REDIRECT] [Fatal Error] :1:1: Premature end of file.
2026-04-12 23:37:27,990 [ERROR] LogOutputStream:75 - [STDERR_REDIRECT] 
2026-04-12 23:37:29,014 [ERROR] LogOutputStream:75 - [STDERR_REDIRECT] [Fatal Error] :1:1: Premature end of file.
2026-04-12 23:37:29,015 [ERROR] LogOutputStream:75 - [STDERR_REDIRECT] 
2026-04-12 23:37:29,991 [ERROR] LogOutputStream:75 - [STDERR_REDIRECT] [Fatal Error] :1:1: Premature end of file.
2026-04-12 23:37:29,991 [ERROR] LogOutputStream:75 - [STDERR_REDIRECT] 
2026-04-12 23:37:31,000 [ERROR] LogOutputStream:75 - [STDERR_REDIRECT] [Fatal Error] :1:1: Premature end of file.
2026-04-12 23:37:31,000 [ERROR] LogOutputStream:75 - [STDERR_REDIRECT] 
2026-04-12 23:37:31,990 [ERROR] LogOutputStream:75 - [STDERR_REDIRECT] [Fatal Error] :1:1: Premature end of file.
2026-04-12 23:37:31,990 [ERROR] LogOutputStream:75 - [STDERR_REDIRECT] 
2026-04-12 23:37:32,995 [ERROR] LogOutputStream:75 - [STDERR_REDIRECT] [Fatal Error] :1:1: Premature end of file.
2026-04-12 23:37:32,995 [ERROR] LogOutputStream:75 - [STDERR_REDIRECT] 
2026-04-12 23:37:34,015 [ERROR] LogOutputStream:75 - [STDERR_REDIRECT] [Fatal Error] :1:1: Premature end of file.
2026-04-12 23:37:34,015 [ERROR] LogOutputStream:75 - [STDERR_REDIRECT] 
2026-04-12 23:37:34,987 [ERROR] LogOutputStream:75 - [STDERR_REDIRECT] [Fatal Error] :1:1: Premature end of file.
2026-04-12 23:37:34,988 [ERROR] LogOutputStream:75 - [STDERR_REDIRECT] 
2026-04-12 23:37:35,998 [ERROR] LogOutputStream:75 - [STDERR_REDIRECT] [Fatal Error] :1:1: Premature end of file.
2026-04-12 23:37:35,998 [ERROR] LogOutputStream:75 - [STDERR_REDIRECT] 
2026-04-12 23:37:37,002 [ERROR] LogOutputStream:75 - [STDERR_REDIRECT] [Fatal Error] :1:1: Premature end of file.
2026-04-12 23:37:37,002 [ERROR] LogOutputStream:75 - [STDERR_REDIRECT] 
2026-04-12 23:37:37,998 [ERROR] LogOutputStream:75 - [STDERR_REDIRECT] [Fatal Error] :1:1: Premature end of file.
2026-04-12 23:37:37,998 [ERROR] LogOutputStream:75 - [STDERR_REDIRECT] 
2026-04-12 23:37:38,996 [ERROR] LogOutputStream:75 - [STDERR_REDIRECT] [Fatal Error] :1:1: Premature end of file.
2026-04-12 23:37:38,996 [ERROR] LogOutputStream:75 - [STDERR_REDIRECT] 
2026-04-12 23:37:39,988 [ERROR] LogOutputStream:75 - [STDERR_REDIRECT] [Fatal Error] :1:1: Premature end of file.
2026-04-12 23:37:39,988 [ERROR] LogOutputStream:75 - [STDERR_REDIRECT] 
2026-04-12 23:37:40,994 [ERROR] LogOutputStream:75 - [STDERR_REDIRECT] [Fatal Error] :1:1: Premature end of file.
2026-04-12 23:37:40,994 [ERROR] LogOutputStream:75 - [STDERR_REDIRECT] 
2026-04-12 23:37:41,999 [ERROR] LogOutputStream:75 - [STDERR_REDIRECT] [Fatal Error] :1:1: Premature end of file.
2026-04-12 23:37:41,999 [ERROR] LogOutputStream:75 - [STDERR_REDIRECT] 
2026-04-12 23:37:42,991 [ERROR] LogOutputStream:75 - [STDERR_REDIRECT] [Fatal Error] :1:1: Premature end of file.
2026-04-12 23:37:42,991 [ERROR] LogOutputStream:75 - [STDERR_REDIRECT] 
2026-04-12 23:37:44,000 [ERROR] LogOutputStream:75 - [STDERR_REDIRECT] [Fatal Error] :1:1: Premature end of file.
2026-04-12 23:37:44,001 [ERROR] LogOutputStream:75 - [STDERR_REDIRECT] 
2026-04-12 23:37:44,995 [ERROR] LogOutputStream:75 - [STDERR_REDIRECT] [Fatal Error] :1:1: Premature end of file.
2026-04-12 23:37:44,996 [ERROR] LogOutputStream:75 - [STDERR_REDIRECT] 
2026-04-12 23:37:45,994 [ERROR] LogOutputStream:75 - [STDERR_REDIRECT] [Fatal Error] :1:1: Premature end of file.
2026-04-12 23:37:45,994 [ERROR] LogOutputStream:75 - [STDERR_REDIRECT] 
2026-04-12 23:37:46,994 [ERROR] LogOutputStream:75 - [STDERR_REDIRECT] [Fatal Error] :1:1: Premature end of file.
2026-04-12 23:37:46,994 [ERROR] LogOutputStream:75 - [STDERR_REDIRECT] 
2026-04-12 23:37:47,991 [ERROR] LogOutputStream:75 - [STDERR_REDIRECT] [Fatal Error] :1:1: Premature end of file.
2026-04-12 23:37:47,991 [ERROR] LogOutputStream:75 - [STDERR_REDIRECT] 
2026-04-12 23:37:49,000 [ERROR] LogOutputStream:75 - [STDERR_REDIRECT] [Fatal Error] :1:1: Premature end of file.
2026-04-12 23:37:49,001 [ERROR] LogOutputStream:75 - [STDERR_REDIRECT] 
2026-04-12 23:37:49,997 [ERROR] LogOutputStream:75 - [STDERR_REDIRECT] [Fatal Error] :1:1: Premature end of file.
2026-04-12 23:37:49,997 [ERROR] LogOutputStream:75 - [STDERR_REDIRECT] 
2026-04-12 23:37:50,991 [ERROR] LogOutputStream:75 - [STDERR_REDIRECT] [Fatal Error] :1:1: Premature end of file.
2026-04-12 23:37:50,991 [ERROR] LogOutputStream:75 - [STDERR_REDIRECT] 
2026-04-12 23:37:52,003 [ERROR] LogOutputStream:75 - [STDERR_REDIRECT] [Fatal Error] :1:1: Premature end of file.
2026-04-12 23:37:52,003 [ERROR] LogOutputStream:75 - [STDERR_REDIRECT] 
2026-04-12 23:37:53,002 [ERROR] LogOutputStream:75 - [STDERR_REDIRECT] [Fatal Error] :1:1: Premature end of file.
2026-04-12 23:37:53,002 [ERROR] LogOutputStream:75 - [STDERR_REDIRECT] 
2026-04-12 23:37:53,996 [ERROR] LogOutputStream:75 - [STDERR_REDIRECT] [Fatal Error] :1:1: Premature end of file.
2026-04-12 23:37:53,996 [ERROR] LogOutputStream:75 - [STDERR_REDIRECT] 
2026-04-12 23:37:54,990 [ERROR] LogOutputStream:75 - [STDERR_REDIRECT] [Fatal Error] :1:1: Premature end of file.
2026-04-12 23:37:54,990 [ERROR] LogOutputStream:75 - [STDERR_REDIRECT] 
2026-04-12 23:37:55,998 [ERROR] LogOutputStream:75 - [STDERR_REDIRECT] [Fatal Error] :1:1: Premature end of file.
2026-04-12 23:37:55,998 [ERROR] LogOutputStream:75 - [STDERR_REDIRECT] 
2026-04-12 23:37:56,996 [ERROR] LogOutputStream:75 - [STDERR_REDIRECT] [Fatal Error] :1:1: Premature end of file.
2026-04-12 23:37:56,996 [ERROR] LogOutputStream:75 - [STDERR_REDIRECT] 
2026-04-12 23:37:57,993 [ERROR] LogOutputStream:75 - [STDERR_REDIRECT] [Fatal Error] :1:1: Premature end of file.
2026-04-12 23:37:57,994 [ERROR] LogOutputStream:75 - [STDERR_REDIRECT] 
2026-04-12 23:37:58,990 [ERROR] LogOutputStream:75 - [STDERR_REDIRECT] [Fatal Error] :1:1: Premature end of file.
2026-04-12 23:37:58,990 [ERROR] LogOutputStream:75 - [STDERR_REDIRECT] 
2026-04-12 23:37:59,999 [ERROR] LogOutputStream:75 - [STDERR_REDIRECT] [Fatal Error] :1:1: Premature end of file.
2026-04-12 23:38:00,000 [ERROR] LogOutputStream:75 - [STDERR_REDIRECT] 
2026-04-12 23:38:01,005 [ERROR] LogOutputStream:75 - [STDERR_REDIRECT] [Fatal Error] :1:1: Premature end of file.
2026-04-12 23:38:01,006 [ERROR] LogOutputStream:75 - [STDERR_REDIRECT] 
2026-04-12 23:38:01,995 [ERROR] LogOutputStream:75 - [STDERR_REDIRECT] [Fatal Error] :1:1: Premature end of file.
2026-04-12 23:38:01,995 [ERROR] LogOutputStream:75 - [STDERR_REDIRECT] 
2026-04-12 23:38:02,990 [ERROR] LogOutputStream:75 - [STDERR_REDIRECT] [Fatal Error] :1:1: Premature end of file.
2026-04-12 23:38:02,990 [ERROR] LogOutputStream:75 - [STDERR_REDIRECT] 
2026-04-12 23:38:04,003 [ERROR] LogOutputStream:75 - [STDERR_REDIRECT] [Fatal Error] :1:1: Premature end of file.
2026-04-12 23:38:04,004 [ERROR] LogOutputStream:75 - [STDERR_REDIRECT] 
2026-04-12 23:38:05,000 [ERROR] LogOutputStream:75 - [STDERR_REDIRECT] [Fatal Error] :1:1: Premature end of file.
2026-04-12 23:38:05,000 [ERROR] LogOutputStream:75 - [STDERR_REDIRECT] 
2026-04-12 23:38:05,995 [ERROR] LogOutputStream:75 - [STDERR_REDIRECT] [Fatal Error] :1:1: Premature end of file.
2026-04-12 23:38:05,995 [ERROR] LogOutputStream:75 - [STDERR_REDIRECT] 
2026-04-12 23:38:06,994 [ERROR] LogOutputStream:75 - [STDERR_REDIRECT] [Fatal Error] :1:1: Premature end of file.
2026-04-12 23:38:06,994 [ERROR] LogOutputStream:75 - [STDERR_REDIRECT] 
2026-04-12 23:38:07,995 [ERROR] LogOutputStream:75 - [STDERR_REDIRECT] [Fatal Error] :1:1: Premature end of file.
2026-04-12 23:38:07,995 [ERROR] LogOutputStream:75 - [STDERR_REDIRECT] 
2026-04-12 23:38:08,988 [ERROR] LogOutputStream:75 - [STDERR_REDIRECT] [Fatal Error] :1:1: Premature end of file.
2026-04-12 23:38:08,988 [ERROR] LogOutputStream:75 - [STDERR_REDIRECT] 
2026-04-12 23:38:10,002 [ERROR] LogOutputStream:75 - [STDERR_REDIRECT] [Fatal Error] :1:1: Premature end of file.
2026-04-12 23:38:10,002 [ERROR] LogOutputStream:75 - [STDERR_REDIRECT] 
2026-04-12 23:38:10,995 [ERROR] LogOutputStream:75 - [STDERR_REDIRECT] [Fatal Error] :1:1: Premature end of file.
2026-04-12 23:38:10,996 [ERROR] LogOutputStream:75 - [STDERR_REDIRECT] 
2026-04-12 23:38:11,989 [ERROR] LogOutputStream:75 - [STDERR_REDIRECT] [Fatal Error] :1:1: Premature end of file.
2026-04-12 23:38:11,989 [ERROR] LogOutputStream:75 - [STDERR_REDIRECT] 
2026-04-12 23:38:12,999 [ERROR] LogOutputStream:75 - [STDERR_REDIRECT] [Fatal Error] :1:1: Premature end of file.
2026-04-12 23:38:12,999 [ERROR] LogOutputStream:75 - [STDERR_REDIRECT] 
2026-04-12 23:38:13,999 [ERROR] LogOutputStream:75 - [STDERR_REDIRECT] [Fatal Error] :1:1: Premature end of file.
2026-04-12 23:38:14,000 [ERROR] LogOutputStream:75 - [STDERR_REDIRECT] 
2026-04-12 23:38:14,997 [ERROR] LogOutputStream:75 - [STDERR_REDIRECT] [Fatal Error] :1:1: Premature end of file.
2026-04-12 23:38:14,997 [ERROR] LogOutputStream:75 - [STDERR_REDIRECT] 
2026-04-12 23:38:16,002 [ERROR] LogOutputStream:75 - [STDERR_REDIRECT] [Fatal Error] :1:1: Premature end of file.
2026-04-12 23:38:16,002 [ERROR] LogOutputStream:75 - [STDERR_REDIRECT] 
2026-04-12 23:38:16,999 [ERROR] LogOutputStream:75 - [STDERR_REDIRECT] [Fatal Error] :1:1: Premature end of file.
2026-04-12 23:38:16,999 [ERROR] LogOutputStream:75 - [STDERR_REDIRECT] 
2026-04-12 23:38:17,992 [ERROR] LogOutputStream:75 - [STDERR_REDIRECT] [Fatal Error] :1:1: Premature end of file.
2026-04-12 23:38:17,992 [ERROR] LogOutputStream:75 - [STDERR_REDIRECT] 
2026-04-12 23:38:18,992 [ERROR] LogOutputStream:75 - [STDERR_REDIRECT] [Fatal Error] :1:1: Premature end of file.
2026-04-12 23:38:18,993 [ERROR] LogOutputStream:75 - [STDERR_REDIRECT] 
2026-04-12 23:38:19,989 [ERROR] LogOutputStream:75 - [STDERR_REDIRECT] [Fatal Error] :1:1: Premature end of file.
2026-04-12 23:38:19,989 [ERROR] LogOutputStream:75 - [STDERR_REDIRECT] 
2026-04-12 23:38:20,997 [ERROR] LogOutputStream:75 - [STDERR_REDIRECT] [Fatal Error] :1:1: Premature end of file.
2026-04-12 23:38:20,998 [ERROR] LogOutputStream:75 - [STDERR_REDIRECT] 
2026-04-12 23:38:22,002 [ERROR] LogOutputStream:75 - [STDERR_REDIRECT] [Fatal Error] :1:1: Premature end of file.
2026-04-12 23:38:22,002 [ERROR] LogOutputStream:75 - [STDERR_REDIRECT] 
2026-04-12 23:38:22,993 [ERROR] LogOutputStream:75 - [STDERR_REDIRECT] [Fatal Error] :1:1: Premature end of file.
2026-04-12 23:38:22,993 [ERROR] LogOutputStream:75 - [STDERR_REDIRECT] 
2026-04-12 23:38:24,005 [ERROR] LogOutputStream:75 - [STDERR_REDIRECT] [Fatal Error] :1:1: Premature end of file.
2026-04-12 23:38:24,005 [ERROR] LogOutputStream:75 - [STDERR_REDIRECT] 
2026-04-12 23:38:25,001 [ERROR] LogOutputStream:75 - [STDERR_REDIRECT] [Fatal Error] :1:1: Premature end of file.
2026-04-12 23:38:25,001 [ERROR] LogOutputStream:75 - [STDERR_REDIRECT] 
2026-04-12 23:38:25,993 [ERROR] LogOutputStream:75 - [STDERR_REDIRECT] [Fatal Error] :1:1: Premature end of file.
2026-04-12 23:38:25,993 [ERROR] LogOutputStream:75 - [STDERR_REDIRECT] 
2026-04-12 23:38:27,002 [ERROR] LogOutputStream:75 - [STDERR_REDIRECT] [Fatal Error] :1:1: Premature end of file.
2026-04-12 23:38:27,003 [ERROR] LogOutputStream:75 - [STDERR_REDIRECT] 
2026-04-12 23:38:27,991 [ERROR] LogOutputStream:75 - [STDERR_REDIRECT] [Fatal Error] :1:1: Premature end of file.
2026-04-12 23:38:27,992 [ERROR] LogOutputStream:75 - [STDERR_REDIRECT] 
2026-04-12 23:38:29,004 [ERROR] LogOutputStream:75 - [STDERR_REDIRECT] [Fatal Error] :1:1: Premature end of file.
2026-04-12 23:38:29,004 [ERROR] LogOutputStream:75 - [STDERR_REDIRECT] 
2026-04-12 23:38:29,994 [ERROR] LogOutputStream:75 - [STDERR_REDIRECT] [Fatal Error] :1:1: Premature end of file.
2026-04-12 23:38:29,994 [ERROR] LogOutputStream:75 - [STDERR_REDIRECT] 
2026-04-12 23:38:31,003 [ERROR] LogOutputStream:75 - [STDERR_REDIRECT] [Fatal Error] :1:1: Premature end of file.
2026-04-12 23:38:31,004 [ERROR] LogOutputStream:75 - [STDERR_REDIRECT] 
2026-04-12 23:38:31,994 [ERROR] LogOutputStream:75 - [STDERR_REDIRECT] [Fatal Error] :1:1: Premature end of file.
2026-04-12 23:38:31,994 [ERROR] LogOutputStream:75 - [STDERR_REDIRECT] 
2026-04-12 23:38:33,000 [ERROR] LogOutputStream:75 - [STDERR_REDIRECT] [Fatal Error] :1:1: Premature end of file.
2026-04-12 23:38:33,001 [ERROR] LogOutputStream:75 - [STDERR_REDIRECT] 
2026-04-12 23:38:34,008 [ERROR] LogOutputStream:75 - [STDERR_REDIRECT] [Fatal Error] :1:1: Premature end of file.
2026-04-12 23:38:34,008 [ERROR] LogOutputStream:75 - [STDERR_REDIRECT] 
2026-04-12 23:38:35,002 [ERROR] LogOutputStream:75 - [STDERR_REDIRECT] [Fatal Error] :1:1: Premature end of file.
2026-04-12 23:38:35,002 [ERROR] LogOutputStream:75 - [STDERR_REDIRECT] 
2026-04-12 23:38:36,001 [ERROR] LogOutputStream:75 - [STDERR_REDIRECT] [Fatal Error] :1:1: Premature end of file.
2026-04-12 23:38:36,001 [ERROR] LogOutputStream:75 - [STDERR_REDIRECT] 
2026-04-12 23:38:36,993 [ERROR] LogOutputStream:75 - [STDERR_REDIRECT] [Fatal Error] :1:1: Premature end of file.
2026-04-12 23:38:36,994 [ERROR] LogOutputStream:75 - [STDERR_REDIRECT] 
2026-04-12 23:38:38,000 [ERROR] LogOutputStream:75 - [STDERR_REDIRECT] [Fatal Error] :1:1: Premature end of file.
2026-04-12 23:38:38,001 [ERROR] LogOutputStream:75 - [STDERR_REDIRECT] 
2026-04-12 23:38:39,004 [ERROR] LogOutputStream:75 - [STDERR_REDIRECT] [Fatal Error] :1:1: Premature end of file.
2026-04-12 23:38:39,004 [ERROR] LogOutputStream:75 - [STDERR_REDIRECT] 
2026-04-12 23:38:39,990 [ERROR] LogOutputStream:75 - [STDERR_REDIRECT] [Fatal Error] :1:1: Premature end of file.
2026-04-12 23:38:39,990 [ERROR] LogOutputStream:75 - [STDERR_REDIRECT] 
2026-04-12 23:38:40,999 [ERROR] LogOutputStream:75 - [STDERR_REDIRECT] [Fatal Error] :1:1: Premature end of file.
2026-04-12 23:38:40,999 [ERROR] LogOutputStream:75 - [STDERR_REDIRECT] 
2026-04-12 23:38:41,991 [ERROR] LogOutputStream:75 - [STDERR_REDIRECT] [Fatal Error] :1:1: Premature end of file.
2026-04-12 23:38:41,991 [ERROR] LogOutputStream:75 - [STDERR_REDIRECT] 
2026-04-12 23:38:43,000 [ERROR] LogOutputStream:75 - [STDERR_REDIRECT] [Fatal Error] :1:1: Premature end of file.
2026-04-12 23:38:43,000 [ERROR] LogOutputStream:75 - [STDERR_REDIRECT] 
2026-04-12 23:38:43,995 [ERROR] LogOutputStream:75 - [STDERR_REDIRECT] [Fatal Error] :1:1: Premature end of file.
2026-04-12 23:38:43,996 [ERROR] LogOutputStream:75 - [STDERR_REDIRECT] 
2026-04-12 23:38:44,993 [ERROR] LogOutputStream:75 - [STDERR_REDIRECT] [Fatal Error] :1:1: Premature end of file.
2026-04-12 23:38:44,993 [ERROR] LogOutputStream:75 - [STDERR_REDIRECT] 
2026-04-12 23:38:45,999 [ERROR] LogOutputStream:75 - [STDERR_REDIRECT] [Fatal Error] :1:1: Premature end of file.
2026-04-12 23:38:45,999 [ERROR] LogOutputStream:75 - [STDERR_REDIRECT] 
2026-04-12 23:38:46,997 [ERROR] LogOutputStream:75 - [STDERR_REDIRECT] [Fatal Error] :1:1: Premature end of file.
2026-04-12 23:38:46,997 [ERROR] LogOutputStream:75 - [STDERR_REDIRECT] 
2026-04-12 23:38:47,993 [ERROR] LogOutputStream:75 - [STDERR_REDIRECT] [Fatal Error] :1:1: Premature end of file.
2026-04-12 23:38:47,993 [ERROR] LogOutputStream:75 - [STDERR_REDIRECT] 
2026-04-12 23:38:48,988 [ERROR] LogOutputStream:75 - [STDERR_REDIRECT] [Fatal Error] :1:1: Premature end of file.
2026-04-12 23:38:48,989 [ERROR] LogOutputStream:75 - [STDERR_REDIRECT] 
2026-04-12 23:38:50,005 [ERROR] LogOutputStream:75 - [STDERR_REDIRECT] [Fatal Error] :1:1: Premature end of file.
2026-04-12 23:38:50,005 [ERROR] LogOutputStream:75 - [STDERR_REDIRECT] 
2026-04-12 23:38:50,997 [ERROR] LogOutputStream:75 - [STDERR_REDIRECT] [Fatal Error] :1:1: Premature end of file.
2026-04-12 23:38:50,998 [ERROR] LogOutputStream:75 - [STDERR_REDIRECT] 
2026-04-12 23:38:52,003 [ERROR] LogOutputStream:75 - [STDERR_REDIRECT] [Fatal Error] :1:1: Premature end of file.
2026-04-12 23:38:52,004 [ERROR] LogOutputStream:75 - [STDERR_REDIRECT] 
2026-04-12 23:38:52,999 [ERROR] LogOutputStream:75 - [STDERR_REDIRECT] [Fatal Error] :1:1: Premature end of file.
2026-04-12 23:38:52,999 [ERROR] LogOutputStream:75 - [STDERR_REDIRECT] 
2026-04-12 23:38:53,991 [ERROR] LogOutputStream:75 - [STDERR_REDIRECT] [Fatal Error] :1:1: Premature end of file.
2026-04-12 23:38:53,991 [ERROR] LogOutputStream:75 - [STDERR_REDIRECT] 
2026-04-12 23:38:54,998 [ERROR] LogOutputStream:75 - [STDERR_REDIRECT] [Fatal Error] :1:1: Premature end of file.
2026-04-12 23:38:54,999 [ERROR] LogOutputStream:75 - [STDERR_REDIRECT] 
2026-04-12 23:38:55,991 [ERROR] LogOutputStream:75 - [STDERR_REDIRECT] [Fatal Error] :1:1: Premature end of file.
2026-04-12 23:38:55,992 [ERROR] LogOutputStream:75 - [STDERR_REDIRECT] 
2026-04-12 23:38:57,003 [ERROR] LogOutputStream:75 - [STDERR_REDIRECT] [Fatal Error] :1:1: Premature end of file.
2026-04-12 23:38:57,003 [ERROR] LogOutputStream:75 - [STDERR_REDIRECT] 
2026-04-12 23:38:57,997 [ERROR] LogOutputStream:75 - [STDERR_REDIRECT] [Fatal Error] :1:1: Premature end of file.
2026-04-12 23:38:57,997 [ERROR] LogOutputStream:75 - [STDERR_REDIRECT] 
2026-04-12 23:38:58,996 [ERROR] LogOutputStream:75 - [STDERR_REDIRECT] [Fatal Error] :1:1: Premature end of file.
2026-04-12 23:38:58,996 [ERROR] LogOutputStream:75 - [STDERR_REDIRECT] 
2026-04-12 23:38:59,992 [ERROR] LogOutputStream:75 - [STDERR_REDIRECT] [Fatal Error] :1:1: Premature end of file.
2026-04-12 23:38:59,992 [ERROR] LogOutputStream:75 - [STDERR_REDIRECT] 
2026-04-12 23:39:01,009 [ERROR] LogOutputStream:75 - [STDERR_REDIRECT] [Fatal Error] :1:1: Premature end of file.
2026-04-12 23:39:01,009 [ERROR] LogOutputStream:75 - [STDERR_REDIRECT] 
2026-04-12 23:39:01,999 [ERROR] LogOutputStream:75 - [STDERR_REDIRECT] [Fatal Error] :1:1: Premature end of file.
2026-04-12 23:39:02,000 [ERROR] LogOutputStream:75 - [STDERR_REDIRECT] 
2026-04-12 23:39:02,995 [ERROR] LogOutputStream:75 - [STDERR_REDIRECT] [Fatal Error] :1:1: Premature end of file.
2026-04-12 23:39:02,995 [ERROR] LogOutputStream:75 - [STDERR_REDIRECT] 
2026-04-12 23:39:03,989 [ERROR] LogOutputStream:75 - [STDERR_REDIRECT] [Fatal Error] :1:1: Premature end of file.
2026-04-12 23:39:03,990 [ERROR] LogOutputStream:75 - [STDERR_REDIRECT] 
2026-04-12 23:39:05,002 [ERROR] LogOutputStream:75 - [STDERR_REDIRECT] [Fatal Error] :1:1: Premature end of file.
2026-04-12 23:39:05,002 [ERROR] LogOutputStream:75 - [STDERR_REDIRECT] 
2026-04-12 23:39:06,000 [ERROR] LogOutputStream:75 - [STDERR_REDIRECT] [Fatal Error] :1:1: Premature end of file.
2026-04-12 23:39:06,001 [ERROR] LogOutputStream:75 - [STDERR_REDIRECT] 
2026-04-12 23:39:06,996 [ERROR] LogOutputStream:75 - [STDERR_REDIRECT] [Fatal Error] :1:1: Premature end of file.
2026-04-12 23:39:06,996 [ERROR] LogOutputStream:75 - [STDERR_REDIRECT] 
2026-04-12 23:39:08,004 [ERROR] LogOutputStream:75 - [STDERR_REDIRECT] [Fatal Error] :1:1: Premature end of file.
2026-04-12 23:39:08,004 [ERROR] LogOutputStream:75 - [STDERR_REDIRECT] 
2026-04-12 23:39:08,996 [ERROR] LogOutputStream:75 - [STDERR_REDIRECT] [Fatal Error] :1:1: Premature end of file.
2026-04-12 23:39:08,996 [ERROR] LogOutputStream:75 - [STDERR_REDIRECT] 
2026-04-12 23:39:09,993 [ERROR] LogOutputStream:75 - [STDERR_REDIRECT] [Fatal Error] :1:1: Premature end of file.
2026-04-12 23:39:09,993 [ERROR] LogOutputStream:75 - [STDERR_REDIRECT] 
2026-04-12 23:39:11,000 [ERROR] LogOutputStream:75 - [STDERR_REDIRECT] [Fatal Error] :1:1: Premature end of file.
2026-04-12 23:39:11,000 [ERROR] LogOutputStream:75 - [STDERR_REDIRECT] 
2026-04-12 23:39:11,991 [ERROR] LogOutputStream:75 - [STDERR_REDIRECT] [Fatal Error] :1:1: Premature end of file.
2026-04-12 23:39:11,991 [ERROR] LogOutputStream:75 - [STDERR_REDIRECT] 
2026-04-12 23:39:13,002 [ERROR] LogOutputStream:75 - [STDERR_REDIRECT] [Fatal Error] :1:1: Premature end of file.
2026-04-12 23:39:13,003 [ERROR] LogOutputStream:75 - [STDERR_REDIRECT] 
2026-04-12 23:39:13,998 [ERROR] LogOutputStream:75 - [STDERR_REDIRECT] [Fatal Error] :1:1: Premature end of file.
2026-04-12 23:39:13,998 [ERROR] LogOutputStream:75 - [STDERR_REDIRECT] 
2026-04-12 23:39:14,996 [ERROR] LogOutputStream:75 - [STDERR_REDIRECT] [Fatal Error] :1:1: Premature end of file.
2026-04-12 23:39:14,996 [ERROR] LogOutputStream:75 - [STDERR_REDIRECT] 
2026-04-12 23:39:15,998 [ERROR] LogOutputStream:75 - [STDERR_REDIRECT] [Fatal Error] :1:1: Premature end of file.
2026-04-12 23:39:15,998 [ERROR] LogOutputStream:75 - [STDERR_REDIRECT] 
2026-04-12 23:39:16,996 [ERROR] LogOutputStream:75 - [STDERR_REDIRECT] [Fatal Error] :1:1: Premature end of file.
2026-04-12 23:39:16,996 [ERROR] LogOutputStream:75 - [STDERR_REDIRECT] 
2026-04-12 23:39:18,004 [ERROR] LogOutputStream:75 - [STDERR_REDIRECT] [Fatal Error] :1:1: Premature end of file.
2026-04-12 23:39:18,004 [ERROR] LogOutputStream:75 - [STDERR_REDIRECT] 
2026-04-12 23:39:19,001 [ERROR] LogOutputStream:75 - [STDERR_REDIRECT] [Fatal Error] :1:1: Premature end of file.
2026-04-12 23:39:19,001 [ERROR] LogOutputStream:75 - [STDERR_REDIRECT] 
2026-04-12 23:39:19,996 [ERROR] LogOutputStream:75 - [STDERR_REDIRECT] [Fatal Error] :1:1: Premature end of file.
2026-04-12 23:39:19,996 [ERROR] LogOutputStream:75 - [STDERR_REDIRECT] 
2026-04-12 23:39:20,990 [ERROR] LogOutputStream:75 - [STDERR_REDIRECT] [Fatal Error] :1:1: Premature end of file.
2026-04-12 23:39:20,990 [ERROR] LogOutputStream:75 - [STDERR_REDIRECT] 
2026-04-12 23:39:21,999 [ERROR] LogOutputStream:75 - [STDERR_REDIRECT] [Fatal Error] :1:1: Premature end of file.
2026-04-12 23:39:21,999 [ERROR] LogOutputStream:75 - [STDERR_REDIRECT] 
2026-04-12 23:39:22,997 [ERROR] LogOutputStream:75 - [STDERR_REDIRECT] [Fatal Error] :1:1: Premature end of file.
2026-04-12 23:39:22,997 [ERROR] LogOutputStream:75 - [STDERR_REDIRECT] 
2026-04-12 23:39:23,991 [ERROR] LogOutputStream:75 - [STDERR_REDIRECT] [Fatal Error] :1:1: Premature end of file.
2026-04-12 23:39:23,991 [ERROR] LogOutputStream:75 - [STDERR_REDIRECT] 
2026-04-12 23:39:25,000 [ERROR] LogOutputStream:75 - [STDERR_REDIRECT] [Fatal Error] :1:1: Premature end of file.
2026-04-12 23:39:25,000 [ERROR] LogOutputStream:75 - [STDERR_REDIRECT] 
2026-04-12 23:39:25,991 [ERROR] LogOutputStream:75 - [STDERR_REDIRECT] [Fatal Error] :1:1: Premature end of file.
2026-04-12 23:39:25,991 [ERROR] LogOutputStream:75 - [STDERR_REDIRECT] 
2026-04-12 23:39:26,998 [ERROR] LogOutputStream:75 - [STDERR_REDIRECT] [Fatal Error] :1:1: Premature end of file.
2026-04-12 23:39:26,998 [ERROR] LogOutputStream:75 - [STDERR_REDIRECT] 
2026-04-12 23:39:27,990 [ERROR] LogOutputStream:75 - [STDERR_REDIRECT] [Fatal Error] :1:1: Premature end of file.
2026-04-12 23:39:27,990 [ERROR] LogOutputStream:75 - [STDERR_REDIRECT] 
2026-04-12 23:39:28,989 [ERROR] LogOutputStream:75 - [STDERR_REDIRECT] [Fatal Error] :1:1: Premature end of file.
2026-04-12 23:39:28,989 [ERROR] LogOutputStream:75 - [STDERR_REDIRECT] 
2026-04-12 23:39:29,997 [ERROR] LogOutputStream:75 - [STDERR_REDIRECT] [Fatal Error] :1:1: Premature end of file.
2026-04-12 23:39:29,997 [ERROR] LogOutputStream:75 - [STDERR_REDIRECT] 
2026-04-12 23:39:30,999 [ERROR] LogOutputStream:75 - [STDERR_REDIRECT] [Fatal Error] :1:1: Premature end of file.
2026-04-12 23:39:30,999 [ERROR] LogOutputStream:75 - [STDERR_REDIRECT] 
2026-04-12 23:39:31,991 [ERROR] LogOutputStream:75 - [STDERR_REDIRECT] [Fatal Error] :1:1: Premature end of file.
2026-04-12 23:39:31,991 [ERROR] LogOutputStream:75 - [STDERR_REDIRECT] 
2026-04-12 23:39:33,006 [ERROR] LogOutputStream:75 - [STDERR_REDIRECT] [Fatal Error] :1:1: Premature end of file.
2026-04-12 23:39:33,006 [ERROR] LogOutputStream:75 - [STDERR_REDIRECT] 
2026-04-12 23:39:33,995 [ERROR] LogOutputStream:75 - [STDERR_REDIRECT] [Fatal Error] :1:1: Premature end of file.
2026-04-12 23:39:33,995 [ERROR] LogOutputStream:75 - [STDERR_REDIRECT] 
2026-04-12 23:39:34,999 [ERROR] LogOutputStream:75 - [STDERR_REDIRECT] [Fatal Error] :1:1: Premature end of file.
2026-04-12 23:39:34,999 [ERROR] LogOutputStream:75 - [STDERR_REDIRECT] 
2026-04-12 23:39:35,995 [ERROR] LogOutputStream:75 - [STDERR_REDIRECT] [Fatal Error] :1:1: Premature end of file.
2026-04-12 23:39:35,995 [ERROR] LogOutputStream:75 - [STDERR_REDIRECT] 
2026-04-12 23:39:37,006 [ERROR] LogOutputStream:75 - [STDERR_REDIRECT] [Fatal Error] :1:1: Premature end of file.
2026-04-12 23:39:37,006 [ERROR] LogOutputStream:75 - [STDERR_REDIRECT] 
2026-04-12 23:39:38,000 [ERROR] LogOutputStream:75 - [STDERR_REDIRECT] [Fatal Error] :1:1: Premature end of file.
2026-04-12 23:39:38,001 [ERROR] LogOutputStream:75 - [STDERR_REDIRECT] 
2026-04-12 23:39:38,999 [ERROR] LogOutputStream:75 - [STDERR_REDIRECT] [Fatal Error] :1:1: Premature end of file.
2026-04-12 23:39:38,999 [ERROR] LogOutputStream:75 - [STDERR_REDIRECT] 
2026-04-12 23:39:39,995 [ERROR] LogOutputStream:75 - [STDERR_REDIRECT] [Fatal Error] :1:1: Premature end of file.
2026-04-12 23:39:39,996 [ERROR] LogOutputStream:75 - [STDERR_REDIRECT] 
2026-04-12 23:39:41,004 [ERROR] LogOutputStream:75 - [STDERR_REDIRECT] [Fatal Error] :1:1: Premature end of file.
2026-04-12 23:39:41,004 [ERROR] LogOutputStream:75 - [STDERR_REDIRECT] 
2026-04-12 23:39:41,999 [ERROR] LogOutputStream:75 - [STDERR_REDIRECT] [Fatal Error] :1:1: Premature end of file.
2026-04-12 23:39:41,999 [ERROR] LogOutputStream:75 - [STDERR_REDIRECT] 
2026-04-12 23:39:42,990 [ERROR] LogOutputStream:75 - [STDERR_REDIRECT] [Fatal Error] :1:1: Premature end of file.
2026-04-12 23:39:42,990 [ERROR] LogOutputStream:75 - [STDERR_REDIRECT] 
2026-04-12 23:39:44,000 [ERROR] LogOutputStream:75 - [STDERR_REDIRECT] [Fatal Error] :1:1: Premature end of file.
2026-04-12 23:39:44,001 [ERROR] LogOutputStream:75 - [STDERR_REDIRECT] 
2026-04-12 23:39:44,996 [ERROR] LogOutputStream:75 - [STDERR_REDIRECT] [Fatal Error] :1:1: Premature end of file.
2026-04-12 23:39:44,996 [ERROR] LogOutputStream:75 - [STDERR_REDIRECT] 
2026-04-12 23:39:45,991 [ERROR] LogOutputStream:75 - [STDERR_REDIRECT] [Fatal Error] :1:1: Premature end of file.
2026-04-12 23:39:45,991 [ERROR] LogOutputStream:75 - [STDERR_REDIRECT] 
2026-04-12 23:39:46,989 [ERROR] LogOutputStream:75 - [STDERR_REDIRECT] [Fatal Error] :1:1: Premature end of file.
2026-04-12 23:39:46,989 [ERROR] LogOutputStream:75 - [STDERR_REDIRECT] 
2026-04-12 23:39:47,998 [ERROR] LogOutputStream:75 - [STDERR_REDIRECT] [Fatal Error] :1:1: Premature end of file.
2026-04-12 23:39:47,998 [ERROR] LogOutputStream:75 - [STDERR_REDIRECT] 
2026-04-12 23:39:48,992 [ERROR] LogOutputStream:75 - [STDERR_REDIRECT] [Fatal Error] :1:1: Premature end of file.
2026-04-12 23:39:48,993 [ERROR] LogOutputStream:75 - [STDERR_REDIRECT] 
2026-04-12 23:39:50,003 [ERROR] LogOutputStream:75 - [STDERR_REDIRECT] [Fatal Error] :1:1: Premature end of file.
2026-04-12 23:39:50,003 [ERROR] LogOutputStream:75 - [STDERR_REDIRECT] 
2026-04-12 23:39:51,002 [ERROR] LogOutputStream:75 - [STDERR_REDIRECT] [Fatal Error] :1:1: Premature end of file.
2026-04-12 23:39:51,002 [ERROR] LogOutputStream:75 - [STDERR_REDIRECT] 
2026-04-12 23:39:51,998 [ERROR] LogOutputStream:75 - [STDERR_REDIRECT] [Fatal Error] :1:1: Premature end of file.
2026-04-12 23:39:51,998 [ERROR] LogOutputStream:75 - [STDERR_REDIRECT] 
2026-04-12 23:39:52,995 [ERROR] LogOutputStream:75 - [STDERR_REDIRECT] [Fatal Error] :1:1: Premature end of file.
2026-04-12 23:39:52,995 [ERROR] LogOutputStream:75 - [STDERR_REDIRECT] 
2026-04-12 23:39:53,990 [ERROR] LogOutputStream:75 - [STDERR_REDIRECT] [Fatal Error] :1:1: Premature end of file.
2026-04-12 23:39:53,990 [ERROR] LogOutputStream:75 - [STDERR_REDIRECT] 
2026-04-12 23:39:54,999 [ERROR] LogOutputStream:75 - [STDERR_REDIRECT] [Fatal Error] :1:1: Premature end of file.
2026-04-12 23:39:54,999 [ERROR] LogOutputStream:75 - [STDERR_REDIRECT] 
2026-04-12 23:39:55,994 [ERROR] LogOutputStream:75 - [STDERR_REDIRECT] [Fatal Error] :1:1: Premature end of file.
2026-04-12 23:39:55,994 [ERROR] LogOutputStream:75 - [STDERR_REDIRECT] 
2026-04-12 23:39:56,990 [ERROR] LogOutputStream:75 - [STDERR_REDIRECT] [Fatal Error] :1:1: Premature end of file.
2026-04-12 23:39:56,991 [ERROR] LogOutputStream:75 - [STDERR_REDIRECT] 
2026-04-12 23:39:57,991 [ERROR] LogOutputStream:75 - [STDERR_REDIRECT] [Fatal Error] :1:1: Premature end of file.
2026-04-12 23:39:57,991 [ERROR] LogOutputStream:75 - [STDERR_REDIRECT] 
2026-04-12 23:39:59,002 [ERROR] LogOutputStream:75 - [STDERR_REDIRECT] [Fatal Error] :1:1: Premature end of file.
2026-04-12 23:39:59,002 [ERROR] LogOutputStream:75 - [STDERR_REDIRECT] 
2026-04-12 23:39:59,995 [ERROR] LogOutputStream:75 - [STDERR_REDIRECT] [Fatal Error] :1:1: Premature end of file.
2026-04-12 23:39:59,995 [ERROR] LogOutputStream:75 - [STDERR_REDIRECT] 
2026-04-12 23:40:01,014 [ERROR] LogOutputStream:75 - [STDERR_REDIRECT] [Fatal Error] :1:1: Premature end of file.
2026-04-12 23:40:01,014 [ERROR] LogOutputStream:75 - [STDERR_REDIRECT] 
2026-04-12 23:40:01,993 [ERROR] LogOutputStream:75 - [STDERR_REDIRECT] [Fatal Error] :1:1: Premature end of file.
2026-04-12 23:40:01,994 [ERROR] LogOutputStream:75 - [STDERR_REDIRECT] 
2026-04-12 23:40:02,991 [ERROR] LogOutputStream:75 - [STDERR_REDIRECT] [Fatal Error] :1:1: Premature end of file.
2026-04-12 23:40:02,991 [ERROR] LogOutputStream:75 - [STDERR_REDIRECT] 
2026-04-12 23:40:03,996 [ERROR] LogOutputStream:75 - [STDERR_REDIRECT] [Fatal Error] :1:1: Premature end of file.
2026-04-12 23:40:03,996 [ERROR] LogOutputStream:75 - [STDERR_REDIRECT] 
2026-04-12 23:40:04,990 [ERROR] LogOutputStream:75 - [STDERR_REDIRECT] [Fatal Error] :1:1: Premature end of file.
2026-04-12 23:40:04,990 [ERROR] LogOutputStream:75 - [STDERR_REDIRECT] 
2026-04-12 23:40:06,003 [ERROR] LogOutputStream:75 - [STDERR_REDIRECT] [Fatal Error] :1:1: Premature end of file.
2026-04-12 23:40:06,003 [ERROR] LogOutputStream:75 - [STDERR_REDIRECT] 
2026-04-12 23:40:06,993 [ERROR] LogOutputStream:75 - [STDERR_REDIRECT] [Fatal Error] :1:1: Premature end of file.
2026-04-12 23:40:06,994 [ERROR] LogOutputStream:75 - [STDERR_REDIRECT] 
2026-04-12 23:40:07,993 [ERROR] LogOutputStream:75 - [STDERR_REDIRECT] [Fatal Error] :1:1: Premature end of file.
2026-04-12 23:40:07,993 [ERROR] LogOutputStream:75 - [STDERR_REDIRECT] 
2026-04-12 23:40:09,001 [ERROR] LogOutputStream:75 - [STDERR_REDIRECT] [Fatal Error] :1:1: Premature end of file.
2026-04-12 23:40:09,001 [ERROR] LogOutputStream:75 - [STDERR_REDIRECT] 
2026-04-12 23:40:09,993 [ERROR] LogOutputStream:75 - [STDERR_REDIRECT] [Fatal Error] :1:1: Premature end of file.
2026-04-12 23:40:09,993 [ERROR] LogOutputStream:75 - [STDERR_REDIRECT] 
2026-04-12 23:40:11,002 [ERROR] LogOutputStream:75 - [STDERR_REDIRECT] [Fatal Error] :1:1: Premature end of file.
2026-04-12 23:40:11,002 [ERROR] LogOutputStream:75 - [STDERR_REDIRECT] 
2026-04-12 23:40:11,994 [ERROR] LogOutputStream:75 - [STDERR_REDIRECT] [Fatal Error] :1:1: Premature end of file.
2026-04-12 23:40:12,054 [ERROR] LogOutputStream:75 - [STDERR_REDIRECT] 
2026-04-12 23:40:12,996 [ERROR] LogOutputStream:75 - [STDERR_REDIRECT] [Fatal Error] :1:1: Premature end of file.
2026-04-12 23:40:12,996 [ERROR] LogOutputStream:75 - [STDERR_REDIRECT] 
2026-04-12 23:40:13,992 [ERROR] LogOutputStream:75 - [STDERR_REDIRECT] [Fatal Error] :1:1: Premature end of file.
2026-04-12 23:40:13,992 [ERROR] LogOutputStream:75 - [STDERR_REDIRECT] 
2026-04-12 23:40:14,992 [ERROR] LogOutputStream:75 - [STDERR_REDIRECT] [Fatal Error] :1:1: Premature end of file.
2026-04-12 23:40:14,992 [ERROR] LogOutputStream:75 - [STDERR_REDIRECT] 
2026-04-12 23:40:15,998 [ERROR] LogOutputStream:75 - [STDERR_REDIRECT] [Fatal Error] :1:1: Premature end of file.
2026-04-12 23:40:15,998 [ERROR] LogOutputStream:75 - [STDERR_REDIRECT] 
2026-04-12 23:40:16,994 [ERROR] LogOutputStream:75 - [STDERR_REDIRECT] [Fatal Error] :1:1: Premature end of file.
2026-04-12 23:40:16,994 [ERROR] LogOutputStream:75 - [STDERR_REDIRECT] 
2026-04-12 23:40:18,002 [ERROR] LogOutputStream:75 - [STDERR_REDIRECT] [Fatal Error] :1:1: Premature end of file.
2026-04-12 23:40:18,002 [ERROR] LogOutputStream:75 - [STDERR_REDIRECT] 
2026-04-12 23:40:18,990 [ERROR] LogOutputStream:75 - [STDERR_REDIRECT] [Fatal Error] :1:1: Premature end of file.
2026-04-12 23:40:18,991 [ERROR] LogOutputStream:75 - [STDERR_REDIRECT] 
2026-04-12 23:40:20,002 [ERROR] LogOutputStream:75 - [STDERR_REDIRECT] [Fatal Error] :1:1: Premature end of file.
2026-04-12 23:40:20,002 [ERROR] LogOutputStream:75 - [STDERR_REDIRECT] 
2026-04-12 23:40:21,001 [ERROR] LogOutputStream:75 - [STDERR_REDIRECT] [Fatal Error] :1:1: Premature end of file.
2026-04-12 23:40:21,001 [ERROR] LogOutputStream:75 - [STDERR_REDIRECT] 
2026-04-12 23:40:21,997 [ERROR] LogOutputStream:75 - [STDERR_REDIRECT] [Fatal Error] :1:1: Premature end of file.
2026-04-12 23:40:21,997 [ERROR] LogOutputStream:75 - [STDERR_REDIRECT] 
2026-04-12 23:40:22,990 [ERROR] LogOutputStream:75 - [STDERR_REDIRECT] [Fatal Error] :1:1: Premature end of file.
2026-04-12 23:40:22,990 [ERROR] LogOutputStream:75 - [STDERR_REDIRECT] 
2026-04-12 23:40:24,001 [ERROR] LogOutputStream:75 - [STDERR_REDIRECT] [Fatal Error] :1:1: Premature end of file.
2026-04-12 23:40:24,001 [ERROR] LogOutputStream:75 - [STDERR_REDIRECT] 
2026-04-12 23:40:24,998 [ERROR] LogOutputStream:75 - [STDERR_REDIRECT] [Fatal Error] :1:1: Premature end of file.
2026-04-12 23:40:24,998 [ERROR] LogOutputStream:75 - [STDERR_REDIRECT] 
2026-04-12 23:40:25,989 [ERROR] LogOutputStream:75 - [STDERR_REDIRECT] [Fatal Error] :1:1: Premature end of file.
2026-04-12 23:40:25,989 [ERROR] LogOutputStream:75 - [STDERR_REDIRECT] 
2026-04-12 23:40:27,004 [ERROR] LogOutputStream:75 - [STDERR_REDIRECT] [Fatal Error] :1:1: Premature end of file.
2026-04-12 23:40:27,004 [ERROR] LogOutputStream:75 - [STDERR_REDIRECT] 
2026-04-12 23:40:27,999 [ERROR] LogOutputStream:75 - [STDERR_REDIRECT] [Fatal Error] :1:1: Premature end of file.
2026-04-12 23:40:27,999 [ERROR] LogOutputStream:75 - [STDERR_REDIRECT] 
2026-04-12 23:40:28,990 [ERROR] LogOutputStream:75 - [STDERR_REDIRECT] [Fatal Error] :1:1: Premature end of file.
2026-04-12 23:40:28,990 [ERROR] LogOutputStream:75 - [STDERR_REDIRECT] 
2026-04-12 23:40:29,999 [ERROR] LogOutputStream:75 - [STDERR_REDIRECT] [Fatal Error] :1:1: Premature end of file.
2026-04-12 23:40:30,000 [ERROR] LogOutputStream:75 - [STDERR_REDIRECT] 
2026-04-12 23:40:30,996 [ERROR] LogOutputStream:75 - [STDERR_REDIRECT] [Fatal Error] :1:1: Premature end of file.
2026-04-12 23:40:30,997 [ERROR] LogOutputStream:75 - [STDERR_REDIRECT] 
2026-04-12 23:40:31,991 [ERROR] LogOutputStream:75 - [STDERR_REDIRECT] [Fatal Error] :1:1: Premature end of file.
2026-04-12 23:40:31,991 [ERROR] LogOutputStream:75 - [STDERR_REDIRECT] 
2026-04-12 23:40:32,990 [ERROR] LogOutputStream:75 - [STDERR_REDIRECT] [Fatal Error] :1:1: Premature end of file.
2026-04-12 23:40:32,990 [ERROR] LogOutputStream:75 - [STDERR_REDIRECT] 
2026-04-12 23:40:33,997 [ERROR] LogOutputStream:75 - [STDERR_REDIRECT] [Fatal Error] :1:1: Premature end of file.
2026-04-12 23:40:33,997 [ERROR] LogOutputStream:75 - [STDERR_REDIRECT] 
2026-04-12 23:40:35,001 [ERROR] LogOutputStream:75 - [STDERR_REDIRECT] [Fatal Error] :1:1: Premature end of file.
2026-04-12 23:40:35,001 [ERROR] LogOutputStream:75 - [STDERR_REDIRECT] 
2026-04-12 23:40:36,002 [ERROR] LogOutputStream:75 - [STDERR_REDIRECT] [Fatal Error] :1:1: Premature end of file.
2026-04-12 23:40:36,002 [ERROR] LogOutputStream:75 - [STDERR_REDIRECT] 
2026-04-12 23:40:36,997 [ERROR] LogOutputStream:75 - [STDERR_REDIRECT] [Fatal Error] :1:1: Premature end of file.
2026-04-12 23:40:36,997 [ERROR] LogOutputStream:75 - [STDERR_REDIRECT] 
2026-04-12 23:40:37,995 [ERROR] LogOutputStream:75 - [STDERR_REDIRECT] [Fatal Error] :1:1: Premature end of file.
2026-04-12 23:40:37,995 [ERROR] LogOutputStream:75 - [STDERR_REDIRECT] 
2026-04-12 23:40:38,994 [ERROR] LogOutputStream:75 - [STDERR_REDIRECT] [Fatal Error] :1:1: Premature end of file.
2026-04-12 23:40:38,994 [ERROR] LogOutputStream:75 - [STDERR_REDIRECT] 
2026-04-12 23:40:39,988 [ERROR] LogOutputStream:75 - [STDERR_REDIRECT] [Fatal Error] :1:1: Premature end of file.
2026-04-12 23:40:39,989 [ERROR] LogOutputStream:75 - [STDERR_REDIRECT] 
2026-04-12 23:40:40,997 [ERROR] LogOutputStream:75 - [STDERR_REDIRECT] [Fatal Error] :1:1: Premature end of file.
2026-04-12 23:40:40,997 [ERROR] LogOutputStream:75 - [STDERR_REDIRECT] 
2026-04-12 23:40:41,990 [ERROR] LogOutputStream:75 - [STDERR_REDIRECT] [Fatal Error] :1:1: Premature end of file.
2026-04-12 23:40:41,990 [ERROR] LogOutputStream:75 - [STDERR_REDIRECT] 
2026-04-12 23:40:42,990 [ERROR] LogOutputStream:75 - [STDERR_REDIRECT] [Fatal Error] :1:1: Premature end of file.
2026-04-12 23:40:42,991 [ERROR] LogOutputStream:75 - [STDERR_REDIRECT] 
2026-04-12 23:40:43,999 [ERROR] LogOutputStream:75 - [STDERR_REDIRECT] [Fatal Error] :1:1: Premature end of file.
2026-04-12 23:40:44,000 [ERROR] LogOutputStream:75 - [STDERR_REDIRECT] 
2026-04-12 23:40:44,994 [ERROR] LogOutputStream:75 - [STDERR_REDIRECT] [Fatal Error] :1:1: Premature end of file.
2026-04-12 23:40:44,994 [ERROR] LogOutputStream:75 - [STDERR_REDIRECT] 
2026-04-12 23:40:45,988 [ERROR] LogOutputStream:75 - [STDERR_REDIRECT] [Fatal Error] :1:1: Premature end of file.
2026-04-12 23:40:45,988 [ERROR] LogOutputStream:75 - [STDERR_REDIRECT] 
2026-04-12 23:40:47,003 [ERROR] LogOutputStream:75 - [STDERR_REDIRECT] [Fatal Error] :1:1: Premature end of file.
2026-04-12 23:40:47,003 [ERROR] LogOutputStream:75 - [STDERR_REDIRECT] 
2026-04-12 23:40:47,996 [ERROR] LogOutputStream:75 - [STDERR_REDIRECT] [Fatal Error] :1:1: Premature end of file.
2026-04-12 23:40:47,996 [ERROR] LogOutputStream:75 - [STDERR_REDIRECT] 
2026-04-12 23:40:48,994 [ERROR] LogOutputStream:75 - [STDERR_REDIRECT] [Fatal Error] :1:1: Premature end of file.
2026-04-12 23:40:48,994 [ERROR] LogOutputStream:75 - [STDERR_REDIRECT] 
2026-04-12 23:40:49,992 [ERROR] LogOutputStream:75 - [STDERR_REDIRECT] [Fatal Error] :1:1: Premature end of file.
2026-04-12 23:40:49,993 [ERROR] LogOutputStream:75 - [STDERR_REDIRECT] 
2026-04-12 23:40:51,000 [ERROR] LogOutputStream:75 - [STDERR_REDIRECT] [Fatal Error] :1:1: Premature end of file.
2026-04-12 23:40:51,000 [ERROR] LogOutputStream:75 - [STDERR_REDIRECT] 
2026-04-12 23:40:51,993 [ERROR] LogOutputStream:75 - [STDERR_REDIRECT] [Fatal Error] :1:1: Premature end of file.
2026-04-12 23:40:51,993 [ERROR] LogOutputStream:75 - [STDERR_REDIRECT] 
2026-04-12 23:40:53,004 [ERROR] LogOutputStream:75 - [STDERR_REDIRECT] [Fatal Error] :1:1: Premature end of file.
2026-04-12 23:40:53,004 [ERROR] LogOutputStream:75 - [STDERR_REDIRECT] 
2026-04-12 23:40:54,002 [ERROR] LogOutputStream:75 - [STDERR_REDIRECT] [Fatal Error] :1:1: Premature end of file.
2026-04-12 23:40:54,002 [ERROR] LogOutputStream:75 - [STDERR_REDIRECT] 
2026-04-12 23:40:54,993 [ERROR] LogOutputStream:75 - [STDERR_REDIRECT] [Fatal Error] :1:1: Premature end of file.
2026-04-12 23:40:54,994 [ERROR] LogOutputStream:75 - [STDERR_REDIRECT] 
2026-04-12 23:40:55,989 [ERROR] LogOutputStream:75 - [STDERR_REDIRECT] [Fatal Error] :1:1: Premature end of file.
2026-04-12 23:40:55,990 [ERROR] LogOutputStream:75 - [STDERR_REDIRECT] 
2026-04-12 23:40:57,006 [ERROR] LogOutputStream:75 - [STDERR_REDIRECT] [Fatal Error] :1:1: Premature end of file.
2026-04-12 23:40:57,006 [ERROR] LogOutputStream:75 - [STDERR_REDIRECT] 
2026-04-12 23:40:58,000 [ERROR] LogOutputStream:75 - [STDERR_REDIRECT] [Fatal Error] :1:1: Premature end of file.
2026-04-12 23:40:58,001 [ERROR] LogOutputStream:75 - [STDERR_REDIRECT] 
2026-04-12 23:40:58,994 [ERROR] LogOutputStream:75 - [STDERR_REDIRECT] [Fatal Error] :1:1: Premature end of file.
2026-04-12 23:40:58,994 [ERROR] LogOutputStream:75 - [STDERR_REDIRECT] 
2026-04-12 23:40:59,992 [ERROR] LogOutputStream:75 - [STDERR_REDIRECT] [Fatal Error] :1:1: Premature end of file.
2026-04-12 23:40:59,992 [ERROR] LogOutputStream:75 - [STDERR_REDIRECT] 
2026-04-12 23:41:01,007 [ERROR] LogOutputStream:75 - [STDERR_REDIRECT] [Fatal Error] :1:1: Premature end of file.
2026-04-12 23:41:01,007 [ERROR] LogOutputStream:75 - [STDERR_REDIRECT] 
2026-04-12 23:41:01,991 [ERROR] LogOutputStream:75 - [STDERR_REDIRECT] [Fatal Error] :1:1: Premature end of file.
2026-04-12 23:41:01,991 [ERROR] LogOutputStream:75 - [STDERR_REDIRECT] 
2026-04-12 23:41:03,002 [ERROR] LogOutputStream:75 - [STDERR_REDIRECT] [Fatal Error] :1:1: Premature end of file.
2026-04-12 23:41:03,002 [ERROR] LogOutputStream:75 - [STDERR_REDIRECT] 
2026-04-12 23:41:03,998 [ERROR] LogOutputStream:75 - [STDERR_REDIRECT] [Fatal Error] :1:1: Premature end of file.
2026-04-12 23:41:03,999 [ERROR] LogOutputStream:75 - [STDERR_REDIRECT] 
2026-04-12 23:41:04,993 [ERROR] LogOutputStream:75 - [STDERR_REDIRECT] [Fatal Error] :1:1: Premature end of file.
2026-04-12 23:41:04,993 [ERROR] LogOutputStream:75 - [STDERR_REDIRECT] 
2026-04-12 23:41:05,995 [ERROR] LogOutputStream:75 - [STDERR_REDIRECT] [Fatal Error] :1:1: Premature end of file.
2026-04-12 23:41:05,995 [ERROR] LogOutputStream:75 - [STDERR_REDIRECT] 
2026-04-12 23:41:06,987 [ERROR] LogOutputStream:75 - [STDERR_REDIRECT] [Fatal Error] :1:1: Premature end of file.
2026-04-12 23:41:06,988 [ERROR] LogOutputStream:75 - [STDERR_REDIRECT] 
2026-04-12 23:41:07,996 [ERROR] LogOutputStream:75 - [STDERR_REDIRECT] [Fatal Error] :1:1: Premature end of file.
2026-04-12 23:41:07,996 [ERROR] LogOutputStream:75 - [STDERR_REDIRECT] 
2026-04-12 23:41:08,993 [ERROR] LogOutputStream:75 - [STDERR_REDIRECT] [Fatal Error] :1:1: Premature end of file.
2026-04-12 23:41:08,994 [ERROR] LogOutputStream:75 - [STDERR_REDIRECT] 
2026-04-12 23:41:10,000 [ERROR] LogOutputStream:75 - [STDERR_REDIRECT] [Fatal Error] :1:1: Premature end of file.
2026-04-12 23:41:10,000 [ERROR] LogOutputStream:75 - [STDERR_REDIRECT] 
2026-04-12 23:41:10,996 [ERROR] LogOutputStream:75 - [STDERR_REDIRECT] [Fatal Error] :1:1: Premature end of file.
2026-04-12 23:41:10,996 [ERROR] LogOutputStream:75 - [STDERR_REDIRECT] 
2026-04-12 23:41:12,007 [ERROR] LogOutputStream:75 - [STDERR_REDIRECT] [Fatal Error] :1:1: Premature end of file.
2026-04-12 23:41:12,008 [ERROR] LogOutputStream:75 - [STDERR_REDIRECT] 
2026-04-12 23:41:12,990 [ERROR] LogOutputStream:75 - [STDERR_REDIRECT] [Fatal Error] :1:1: Premature end of file.
2026-04-12 23:41:12,990 [ERROR] LogOutputStream:75 - [STDERR_REDIRECT] 
2026-04-12 23:41:13,998 [ERROR] LogOutputStream:75 - [STDERR_REDIRECT] [Fatal Error] :1:1: Premature end of file.
2026-04-12 23:41:13,999 [ERROR] LogOutputStream:75 - [STDERR_REDIRECT] 
2026-04-12 23:41:14,995 [ERROR] LogOutputStream:75 - [STDERR_REDIRECT] [Fatal Error] :1:1: Premature end of file.
2026-04-12 23:41:14,996 [ERROR] LogOutputStream:75 - [STDERR_REDIRECT] 
2026-04-12 23:41:15,994 [ERROR] LogOutputStream:75 - [STDERR_REDIRECT] [Fatal Error] :1:1: Premature end of file.
2026-04-12 23:41:15,995 [ERROR] LogOutputStream:75 - [STDERR_REDIRECT] 
2026-04-12 23:41:17,002 [ERROR] LogOutputStream:75 - [STDERR_REDIRECT] [Fatal Error] :1:1: Premature end of file.
2026-04-12 23:41:17,003 [ERROR] LogOutputStream:75 - [STDERR_REDIRECT] 
2026-04-12 23:41:18,000 [ERROR] LogOutputStream:75 - [STDERR_REDIRECT] [Fatal Error] :1:1: Premature end of file.
2026-04-12 23:41:18,000 [ERROR] LogOutputStream:75 - [STDERR_REDIRECT] 
2026-04-12 23:41:18,990 [ERROR] LogOutputStream:75 - [STDERR_REDIRECT] [Fatal Error] :1:1: Premature end of file.
2026-04-12 23:41:18,991 [ERROR] LogOutputStream:75 - [STDERR_REDIRECT] 
2026-04-12 23:41:19,990 [ERROR] LogOutputStream:75 - [STDERR_REDIRECT] [Fatal Error] :1:1: Premature end of file.
2026-04-12 23:41:19,991 [ERROR] LogOutputStream:75 - [STDERR_REDIRECT] 
2026-04-12 23:41:21,001 [ERROR] LogOutputStream:75 - [STDERR_REDIRECT] [Fatal Error] :1:1: Premature end of file.
2026-04-12 23:41:21,001 [ERROR] LogOutputStream:75 - [STDERR_REDIRECT] 
2026-04-12 23:41:22,000 [ERROR] LogOutputStream:75 - [STDERR_REDIRECT] [Fatal Error] :1:1: Premature end of file.
2026-04-12 23:41:22,000 [ERROR] LogOutputStream:75 - [STDERR_REDIRECT] 
2026-04-12 23:41:22,996 [ERROR] LogOutputStream:75 - [STDERR_REDIRECT] [Fatal Error] :1:1: Premature end of file.
2026-04-12 23:41:22,996 [ERROR] LogOutputStream:75 - [STDERR_REDIRECT] 
2026-04-12 23:41:24,003 [ERROR] LogOutputStream:75 - [STDERR_REDIRECT] [Fatal Error] :1:1: Premature end of file.
2026-04-12 23:41:24,003 [ERROR] LogOutputStream:75 - [STDERR_REDIRECT] 
2026-04-12 23:41:24,999 [ERROR] LogOutputStream:75 - [STDERR_REDIRECT] [Fatal Error] :1:1: Premature end of file.
2026-04-12 23:41:24,999 [ERROR] LogOutputStream:75 - [STDERR_REDIRECT] 
2026-04-12 23:41:25,998 [ERROR] LogOutputStream:75 - [STDERR_REDIRECT] [Fatal Error] :1:1: Premature end of file.
2026-04-12 23:41:25,998 [ERROR] LogOutputStream:75 - [STDERR_REDIRECT] 
2026-04-12 23:41:27,001 [ERROR] LogOutputStream:75 - [STDERR_REDIRECT] [Fatal Error] :1:1: Premature end of file.
2026-04-12 23:41:27,001 [ERROR] LogOutputStream:75 - [STDERR_REDIRECT] 
2026-04-12 23:41:27,998 [ERROR] LogOutputStream:75 - [STDERR_REDIRECT] [Fatal Error] :1:1: Premature end of file.
2026-04-12 23:41:27,999 [ERROR] LogOutputStream:75 - [STDERR_REDIRECT] 
2026-04-12 23:41:28,989 [ERROR] LogOutputStream:75 - [STDERR_REDIRECT] [Fatal Error] :1:1: Premature end of file.
2026-04-12 23:41:28,989 [ERROR] LogOutputStream:75 - [STDERR_REDIRECT] 
2026-04-12 23:41:29,998 [ERROR] LogOutputStream:75 - [STDERR_REDIRECT] [Fatal Error] :1:1: Premature end of file.
2026-04-12 23:41:29,998 [ERROR] LogOutputStream:75 - [STDERR_REDIRECT] 
2026-04-12 23:41:31,000 [ERROR] LogOutputStream:75 - [STDERR_REDIRECT] [Fatal Error] :1:1: Premature end of file.
2026-04-12 23:41:31,001 [ERROR] LogOutputStream:75 - [STDERR_REDIRECT] 
2026-04-12 23:41:31,991 [ERROR] LogOutputStream:75 - [STDERR_REDIRECT] [Fatal Error] :1:1: Premature end of file.
2026-04-12 23:41:31,992 [ERROR] LogOutputStream:75 - [STDERR_REDIRECT] 
2026-04-12 23:41:33,004 [ERROR] LogOutputStream:75 - [STDERR_REDIRECT] [Fatal Error] :1:1: Premature end of file.
2026-04-12 23:41:33,004 [ERROR] LogOutputStream:75 - [STDERR_REDIRECT] 
2026-04-12 23:41:33,994 [ERROR] LogOutputStream:75 - [STDERR_REDIRECT] [Fatal Error] :1:1: Premature end of file.
2026-04-12 23:41:33,994 [ERROR] LogOutputStream:75 - [STDERR_REDIRECT] 
2026-04-12 23:41:34,991 [ERROR] LogOutputStream:75 - [STDERR_REDIRECT] [Fatal Error] :1:1: Premature end of file.
2026-04-12 23:41:34,991 [ERROR] LogOutputStream:75 - [STDERR_REDIRECT] 
2026-04-12 23:41:36,003 [ERROR] LogOutputStream:75 - [STDERR_REDIRECT] [Fatal Error] :1:1: Premature end of file.
2026-04-12 23:41:36,003 [ERROR] LogOutputStream:75 - [STDERR_REDIRECT] 
2026-04-12 23:41:36,994 [ERROR] LogOutputStream:75 - [STDERR_REDIRECT] [Fatal Error] :1:1: Premature end of file.
2026-04-12 23:41:36,994 [ERROR] LogOutputStream:75 - [STDERR_REDIRECT] 
2026-04-12 23:41:37,993 [ERROR] LogOutputStream:75 - [STDERR_REDIRECT] [Fatal Error] :1:1: Premature end of file.
2026-04-12 23:41:37,993 [ERROR] LogOutputStream:75 - [STDERR_REDIRECT] 
2026-04-12 23:41:38,991 [ERROR] LogOutputStream:75 - [STDERR_REDIRECT] [Fatal Error] :1:1: Premature end of file.
2026-04-12 23:41:38,991 [ERROR] LogOutputStream:75 - [STDERR_REDIRECT] 
2026-04-12 23:41:40,000 [ERROR] LogOutputStream:75 - [STDERR_REDIRECT] [Fatal Error] :1:1: Premature end of file.
2026-04-12 23:41:40,001 [ERROR] LogOutputStream:75 - [STDERR_REDIRECT] 
2026-04-12 23:41:40,994 [ERROR] LogOutputStream:75 - [STDERR_REDIRECT] [Fatal Error] :1:1: Premature end of file.
2026-04-12 23:41:40,994 [ERROR] LogOutputStream:75 - [STDERR_REDIRECT] 
2026-04-12 23:41:42,001 [ERROR] LogOutputStream:75 - [STDERR_REDIRECT] [Fatal Error] :1:1: Premature end of file.
2026-04-12 23:41:42,001 [ERROR] LogOutputStream:75 - [STDERR_REDIRECT] 
2026-04-12 23:41:42,997 [ERROR] LogOutputStream:75 - [STDERR_REDIRECT] [Fatal Error] :1:1: Premature end of file.
2026-04-12 23:41:42,997 [ERROR] LogOutputStream:75 - [STDERR_REDIRECT] 
2026-04-12 23:41:43,992 [ERROR] LogOutputStream:75 - [STDERR_REDIRECT] [Fatal Error] :1:1: Premature end of file.
2026-04-12 23:41:43,992 [ERROR] LogOutputStream:75 - [STDERR_REDIRECT] 
2026-04-12 23:41:45,001 [ERROR] LogOutputStream:75 - [STDERR_REDIRECT] [Fatal Error] :1:1: Premature end of file.
2026-04-12 23:41:45,001 [ERROR] LogOutputStream:75 - [STDERR_REDIRECT] 
2026-04-12 23:41:45,995 [ERROR] LogOutputStream:75 - [STDERR_REDIRECT] [Fatal Error] :1:1: Premature end of file.
2026-04-12 23:41:45,996 [ERROR] LogOutputStream:75 - [STDERR_REDIRECT] 
2026-04-12 23:41:46,992 [ERROR] LogOutputStream:75 - [STDERR_REDIRECT] [Fatal Error] :1:1: Premature end of file.
2026-04-12 23:41:46,992 [ERROR] LogOutputStream:75 - [STDERR_REDIRECT] 
2026-04-12 23:41:48,003 [ERROR] LogOutputStream:75 - [STDERR_REDIRECT] [Fatal Error] :1:1: Premature end of file.
2026-04-12 23:41:48,003 [ERROR] LogOutputStream:75 - [STDERR_REDIRECT] 
2026-04-12 23:41:48,992 [ERROR] LogOutputStream:75 - [STDERR_REDIRECT] [Fatal Error] :1:1: Premature end of file.
2026-04-12 23:41:48,993 [ERROR] LogOutputStream:75 - [STDERR_REDIRECT] 
2026-04-12 23:41:49,990 [ERROR] LogOutputStream:75 - [STDERR_REDIRECT] [Fatal Error] :1:1: Premature end of file.
2026-04-12 23:41:49,991 [ERROR] LogOutputStream:75 - [STDERR_REDIRECT] 
2026-04-12 23:41:50,998 [ERROR] LogOutputStream:75 - [STDERR_REDIRECT] [Fatal Error] :1:1: Premature end of file.
2026-04-12 23:41:50,998 [ERROR] LogOutputStream:75 - [STDERR_REDIRECT] 
2026-04-12 23:41:51,993 [ERROR] LogOutputStream:75 - [STDERR_REDIRECT] [Fatal Error] :1:1: Premature end of file.
2026-04-12 23:41:51,993 [ERROR] LogOutputStream:75 - [STDERR_REDIRECT] 
2026-04-12 23:41:53,004 [ERROR] LogOutputStream:75 - [STDERR_REDIRECT] [Fatal Error] :1:1: Premature end of file.
2026-04-12 23:41:53,004 [ERROR] LogOutputStream:75 - [STDERR_REDIRECT] 
2026-04-12 23:41:53,993 [ERROR] LogOutputStream:75 - [STDERR_REDIRECT] [Fatal Error] :1:1: Premature end of file.
2026-04-12 23:41:53,993 [ERROR] LogOutputStream:75 - [STDERR_REDIRECT] 
2026-04-12 23:41:55,002 [ERROR] LogOutputStream:75 - [STDERR_REDIRECT] [Fatal Error] :1:1: Premature end of file.
2026-04-12 23:41:55,002 [ERROR] LogOutputStream:75 - [STDERR_REDIRECT] 
2026-04-12 23:41:55,991 [ERROR] LogOutputStream:75 - [STDERR_REDIRECT] [Fatal Error] :1:1: Premature end of file.
2026-04-12 23:41:55,991 [ERROR] LogOutputStream:75 - [STDERR_REDIRECT] 
2026-04-12 23:41:57,002 [ERROR] LogOutputStream:75 - [STDERR_REDIRECT] [Fatal Error] :1:1: Premature end of file.
2026-04-12 23:41:57,002 [ERROR] LogOutputStream:75 - [STDERR_REDIRECT] 
2026-04-12 23:41:57,995 [ERROR] LogOutputStream:75 - [STDERR_REDIRECT] [Fatal Error] :1:1: Premature end of file.
2026-04-12 23:41:57,995 [ERROR] LogOutputStream:75 - [STDERR_REDIRECT] 
2026-04-12 23:41:59,001 [ERROR] LogOutputStream:75 - [STDERR_REDIRECT] [Fatal Error] :1:1: Premature end of file.
2026-04-12 23:41:59,001 [ERROR] LogOutputStream:75 - [STDERR_REDIRECT] 
2026-04-12 23:41:59,999 [ERROR] LogOutputStream:75 - [STDERR_REDIRECT] [Fatal Error] :1:1: Premature end of file.
2026-04-12 23:41:59,999 [ERROR] LogOutputStream:75 - [STDERR_REDIRECT] 
2026-04-12 23:42:01,000 [ERROR] LogOutputStream:75 - [STDERR_REDIRECT] [Fatal Error] :1:1: Premature end of file.
2026-04-12 23:42:01,000 [ERROR] LogOutputStream:75 - [STDERR_REDIRECT] 
2026-04-12 23:42:01,989 [ERROR] LogOutputStream:75 - [STDERR_REDIRECT] [Fatal Error] :1:1: Premature end of file.
2026-04-12 23:42:01,990 [ERROR] LogOutputStream:75 - [STDERR_REDIRECT] 
2026-04-12 23:42:03,003 [ERROR] LogOutputStream:75 - [STDERR_REDIRECT] [Fatal Error] :1:1: Premature end of file.
2026-04-12 23:42:03,004 [ERROR] LogOutputStream:75 - [STDERR_REDIRECT] 
2026-04-12 23:42:03,994 [ERROR] LogOutputStream:75 - [STDERR_REDIRECT] [Fatal Error] :1:1: Premature end of file.
2026-04-12 23:42:03,995 [ERROR] LogOutputStream:75 - [STDERR_REDIRECT] 
2026-04-12 23:42:05,001 [ERROR] LogOutputStream:75 - [STDERR_REDIRECT] [Fatal Error] :1:1: Premature end of file.
2026-04-12 23:42:05,001 [ERROR] LogOutputStream:75 - [STDERR_REDIRECT] 
2026-04-12 23:42:05,994 [ERROR] LogOutputStream:75 - [STDERR_REDIRECT] [Fatal Error] :1:1: Premature end of file.
2026-04-12 23:42:05,995 [ERROR] LogOutputStream:75 - [STDERR_REDIRECT] 
2026-04-12 23:42:06,990 [ERROR] LogOutputStream:75 - [STDERR_REDIRECT] [Fatal Error] :1:1: Premature end of file.
2026-04-12 23:42:06,991 [ERROR] LogOutputStream:75 - [STDERR_REDIRECT] 
2026-04-12 23:42:08,000 [ERROR] LogOutputStream:75 - [STDERR_REDIRECT] [Fatal Error] :1:1: Premature end of file.
2026-04-12 23:42:08,001 [ERROR] LogOutputStream:75 - [STDERR_REDIRECT] 
2026-04-12 23:42:08,994 [ERROR] LogOutputStream:75 - [STDERR_REDIRECT] [Fatal Error] :1:1: Premature end of file.
2026-04-12 23:42:08,994 [ERROR] LogOutputStream:75 - [STDERR_REDIRECT] 
2026-04-12 23:42:09,991 [ERROR] LogOutputStream:75 - [STDERR_REDIRECT] [Fatal Error] :1:1: Premature end of file.
2026-04-12 23:42:09,992 [ERROR] LogOutputStream:75 - [STDERR_REDIRECT] 
2026-04-12 23:42:10,991 [ERROR] LogOutputStream:75 - [STDERR_REDIRECT] [Fatal Error] :1:1: Premature end of file.
2026-04-12 23:42:10,991 [ERROR] LogOutputStream:75 - [STDERR_REDIRECT] 
2026-04-12 23:42:11,988 [ERROR] LogOutputStream:75 - [STDERR_REDIRECT] [Fatal Error] :1:1: Premature end of file.
2026-04-12 23:42:11,989 [ERROR] LogOutputStream:75 - [STDERR_REDIRECT] 
2026-04-12 23:42:12,998 [ERROR] LogOutputStream:75 - [STDERR_REDIRECT] [Fatal Error] :1:1: Premature end of file.
2026-04-12 23:42:12,998 [ERROR] LogOutputStream:75 - [STDERR_REDIRECT] 
2026-04-12 23:42:13,993 [ERROR] LogOutputStream:75 - [STDERR_REDIRECT] [Fatal Error] :1:1: Premature end of file.
2026-04-12 23:42:13,993 [ERROR] LogOutputStream:75 - [STDERR_REDIRECT] 
2026-04-12 23:42:15,005 [ERROR] LogOutputStream:75 - [STDERR_REDIRECT] [Fatal Error] :1:1: Premature end of file.
2026-04-12 23:42:15,005 [ERROR] LogOutputStream:75 - [STDERR_REDIRECT] 
2026-04-12 23:42:15,998 [ERROR] LogOutputStream:75 - [STDERR_REDIRECT] [Fatal Error] :1:1: Premature end of file.
2026-04-12 23:42:15,998 [ERROR] LogOutputStream:75 - [STDERR_REDIRECT] 
2026-04-12 23:42:17,003 [ERROR] LogOutputStream:75 - [STDERR_REDIRECT] [Fatal Error] :1:1: Premature end of file.
2026-04-12 23:42:17,004 [ERROR] LogOutputStream:75 - [STDERR_REDIRECT] 
2026-04-12 23:42:17,996 [ERROR] LogOutputStream:75 - [STDERR_REDIRECT] [Fatal Error] :1:1: Premature end of file.
2026-04-12 23:42:17,996 [ERROR] LogOutputStream:75 - [STDERR_REDIRECT] 
2026-04-12 23:42:19,001 [ERROR] LogOutputStream:75 - [STDERR_REDIRECT] [Fatal Error] :1:1: Premature end of file.
2026-04-12 23:42:19,001 [ERROR] LogOutputStream:75 - [STDERR_REDIRECT] 
2026-04-12 23:42:19,997 [ERROR] LogOutputStream:75 - [STDERR_REDIRECT] [Fatal Error] :1:1: Premature end of file.
2026-04-12 23:42:19,997 [ERROR] LogOutputStream:75 - [STDERR_REDIRECT] 
2026-04-12 23:42:21,014 [ERROR] LogOutputStream:75 - [STDERR_REDIRECT] [Fatal Error] :1:1: Premature end of file.
2026-04-12 23:42:21,014 [ERROR] LogOutputStream:75 - [STDERR_REDIRECT] 
2026-04-12 23:42:21,991 [ERROR] LogOutputStream:75 - [STDERR_REDIRECT] [Fatal Error] :1:1: Premature end of file.
2026-04-12 23:42:21,991 [ERROR] LogOutputStream:75 - [STDERR_REDIRECT] 
2026-04-12 23:42:23,001 [ERROR] LogOutputStream:75 - [STDERR_REDIRECT] [Fatal Error] :1:1: Premature end of file.
2026-04-12 23:42:23,001 [ERROR] LogOutputStream:75 - [STDERR_REDIRECT] 
2026-04-12 23:42:23,997 [ERROR] LogOutputStream:75 - [STDERR_REDIRECT] [Fatal Error] :1:1: Premature end of file.
2026-04-12 23:42:23,997 [ERROR] LogOutputStream:75 - [STDERR_REDIRECT] 
2026-04-12 23:42:25,002 [ERROR] LogOutputStream:75 - [STDERR_REDIRECT] [Fatal Error] :1:1: Premature end of file.
2026-04-12 23:42:25,002 [ERROR] LogOutputStream:75 - [STDERR_REDIRECT] 
2026-04-12 23:42:25,995 [ERROR] LogOutputStream:75 - [STDERR_REDIRECT] [Fatal Error] :1:1: Premature end of file.
2026-04-12 23:42:25,996 [ERROR] LogOutputStream:75 - [STDERR_REDIRECT] 
2026-04-12 23:42:26,992 [ERROR] LogOutputStream:75 - [STDERR_REDIRECT] [Fatal Error] :1:1: Premature end of file.
2026-04-12 23:42:26,992 [ERROR] LogOutputStream:75 - [STDERR_REDIRECT] 
2026-04-12 23:42:27,999 [ERROR] LogOutputStream:75 - [STDERR_REDIRECT] [Fatal Error] :1:1: Premature end of file.
2026-04-12 23:42:28,001 [ERROR] LogOutputStream:75 - [STDERR_REDIRECT] 
2026-04-12 23:42:29,001 [ERROR] LogOutputStream:75 - [STDERR_REDIRECT] [Fatal Error] :1:1: Premature end of file.
2026-04-12 23:42:29,001 [ERROR] LogOutputStream:75 - [STDERR_REDIRECT] 
2026-04-12 23:42:29,996 [ERROR] LogOutputStream:75 - [STDERR_REDIRECT] [Fatal Error] :1:1: Premature end of file.
2026-04-12 23:42:29,996 [ERROR] LogOutputStream:75 - [STDERR_REDIRECT] 
2026-04-12 23:42:30,996 [ERROR] LogOutputStream:75 - [STDERR_REDIRECT] [Fatal Error] :1:1: Premature end of file.
2026-04-12 23:42:30,996 [ERROR] LogOutputStream:75 - [STDERR_REDIRECT] 
2026-04-12 23:42:31,989 [ERROR] LogOutputStream:75 - [STDERR_REDIRECT] [Fatal Error] :1:1: Premature end of file.
2026-04-12 23:42:31,989 [ERROR] LogOutputStream:75 - [STDERR_REDIRECT] 
2026-04-12 23:42:33,000 [ERROR] LogOutputStream:75 - [STDERR_REDIRECT] [Fatal Error] :1:1: Premature end of file.
2026-04-12 23:42:33,000 [ERROR] LogOutputStream:75 - [STDERR_REDIRECT] 
2026-04-12 23:42:33,991 [ERROR] LogOutputStream:75 - [STDERR_REDIRECT] [Fatal Error] :1:1: Premature end of file.
2026-04-12 23:42:33,992 [ERROR] LogOutputStream:75 - [STDERR_REDIRECT] 
2026-04-12 23:42:35,003 [ERROR] LogOutputStream:75 - [STDERR_REDIRECT] [Fatal Error] :1:1: Premature end of file.
2026-04-12 23:42:35,003 [ERROR] LogOutputStream:75 - [STDERR_REDIRECT] 
2026-04-12 23:42:36,003 [ERROR] LogOutputStream:75 - [STDERR_REDIRECT] [Fatal Error] :1:1: Premature end of file.
2026-04-12 23:42:36,003 [ERROR] LogOutputStream:75 - [STDERR_REDIRECT] 
2026-04-12 23:42:36,995 [ERROR] LogOutputStream:75 - [STDERR_REDIRECT] [Fatal Error] :1:1: Premature end of file.
2026-04-12 23:42:36,995 [ERROR] LogOutputStream:75 - [STDERR_REDIRECT] 
2026-04-12 23:42:37,991 [ERROR] LogOutputStream:75 - [STDERR_REDIRECT] [Fatal Error] :1:1: Premature end of file.
2026-04-12 23:42:37,991 [ERROR] LogOutputStream:75 - [STDERR_REDIRECT] 
2026-04-12 23:42:38,992 [ERROR] LogOutputStream:75 - [STDERR_REDIRECT] [Fatal Error] :1:1: Premature end of file.
2026-04-12 23:42:38,992 [ERROR] LogOutputStream:75 - [STDERR_REDIRECT] 
2026-04-12 23:42:40,001 [ERROR] LogOutputStream:75 - [STDERR_REDIRECT] [Fatal Error] :1:1: Premature end of file.
2026-04-12 23:42:40,001 [ERROR] LogOutputStream:75 - [STDERR_REDIRECT] 
2026-04-12 23:42:40,996 [ERROR] LogOutputStream:75 - [STDERR_REDIRECT] [Fatal Error] :1:1: Premature end of file.
2026-04-12 23:42:40,996 [ERROR] LogOutputStream:75 - [STDERR_REDIRECT] 
2026-04-12 23:42:41,992 [ERROR] LogOutputStream:75 - [STDERR_REDIRECT] [Fatal Error] :1:1: Premature end of file.
2026-04-12 23:42:41,992 [ERROR] LogOutputStream:75 - [STDERR_REDIRECT] 
2026-04-12 23:42:42,998 [ERROR] LogOutputStream:75 - [STDERR_REDIRECT] [Fatal Error] :1:1: Premature end of file.
2026-04-12 23:42:42,998 [ERROR] LogOutputStream:75 - [STDERR_REDIRECT] 
2026-04-12 23:42:43,994 [ERROR] LogOutputStream:75 - [STDERR_REDIRECT] [Fatal Error] :1:1: Premature end of file.
2026-04-12 23:42:43,994 [ERROR] LogOutputStream:75 - [STDERR_REDIRECT] 
2026-04-12 23:42:45,000 [ERROR] LogOutputStream:75 - [STDERR_REDIRECT] [Fatal Error] :1:1: Premature end of file.
2026-04-12 23:42:45,000 [ERROR] LogOutputStream:75 - [STDERR_REDIRECT] 
2026-04-12 23:42:45,989 [ERROR] LogOutputStream:75 - [STDERR_REDIRECT] [Fatal Error] :1:1: Premature end of file.
2026-04-12 23:42:45,990 [ERROR] LogOutputStream:75 - [STDERR_REDIRECT] 
2026-04-12 23:42:46,999 [ERROR] LogOutputStream:75 - [STDERR_REDIRECT] [Fatal Error] :1:1: Premature end of file.
2026-04-12 23:42:46,999 [ERROR] LogOutputStream:75 - [STDERR_REDIRECT] 
2026-04-12 23:42:47,993 [ERROR] LogOutputStream:75 - [STDERR_REDIRECT] [Fatal Error] :1:1: Premature end of file.
2026-04-12 23:42:47,994 [ERROR] LogOutputStream:75 - [STDERR_REDIRECT] 
2026-04-12 23:42:49,002 [ERROR] LogOutputStream:75 - [STDERR_REDIRECT] [Fatal Error] :1:1: Premature end of file.
2026-04-12 23:42:49,002 [ERROR] LogOutputStream:75 - [STDERR_REDIRECT] 
2026-04-12 23:42:50,001 [ERROR] LogOutputStream:75 - [STDERR_REDIRECT] [Fatal Error] :1:1: Premature end of file.
2026-04-12 23:42:50,002 [ERROR] LogOutputStream:75 - [STDERR_REDIRECT] 
2026-04-12 23:42:50,994 [ERROR] LogOutputStream:75 - [STDERR_REDIRECT] [Fatal Error] :1:1: Premature end of file.
2026-04-12 23:42:50,994 [ERROR] LogOutputStream:75 - [STDERR_REDIRECT] 
2026-04-12 23:42:51,990 [ERROR] LogOutputStream:75 - [STDERR_REDIRECT] [Fatal Error] :1:1: Premature end of file.
2026-04-12 23:42:51,990 [ERROR] LogOutputStream:75 - [STDERR_REDIRECT] 
2026-04-12 23:42:52,994 [ERROR] LogOutputStream:75 - [STDERR_REDIRECT] [Fatal Error] :1:1: Premature end of file.
2026-04-12 23:42:52,994 [ERROR] LogOutputStream:75 - [STDERR_REDIRECT] 
2026-04-12 23:42:53,991 [ERROR] LogOutputStream:75 - [STDERR_REDIRECT] [Fatal Error] :1:1: Premature end of file.
2026-04-12 23:42:53,991 [ERROR] LogOutputStream:75 - [STDERR_REDIRECT] 
2026-04-12 23:42:54,998 [ERROR] LogOutputStream:75 - [STDERR_REDIRECT] [Fatal Error] :1:1: Premature end of file.
2026-04-12 23:42:54,998 [ERROR] LogOutputStream:75 - [STDERR_REDIRECT] 
2026-04-12 23:42:55,989 [ERROR] LogOutputStream:75 - [STDERR_REDIRECT] [Fatal Error] :1:1: Premature end of file.
2026-04-12 23:42:55,989 [ERROR] LogOutputStream:75 - [STDERR_REDIRECT] 
2026-04-12 23:42:57,000 [ERROR] LogOutputStream:75 - [STDERR_REDIRECT] [Fatal Error] :1:1: Premature end of file.
2026-04-12 23:42:57,001 [ERROR] LogOutputStream:75 - [STDERR_REDIRECT] 
2026-04-12 23:42:57,996 [ERROR] LogOutputStream:75 - [STDERR_REDIRECT] [Fatal Error] :1:1: Premature end of file.
2026-04-12 23:42:57,997 [ERROR] LogOutputStream:75 - [STDERR_REDIRECT] 
2026-04-12 23:42:58,994 [ERROR] LogOutputStream:75 - [STDERR_REDIRECT] [Fatal Error] :1:1: Premature end of file.
2026-04-12 23:42:58,994 [ERROR] LogOutputStream:75 - [STDERR_REDIRECT] 
2026-04-12 23:43:00,002 [ERROR] LogOutputStream:75 - [STDERR_REDIRECT] [Fatal Error] :1:1: Premature end of file.
2026-04-12 23:43:00,002 [ERROR] LogOutputStream:75 - [STDERR_REDIRECT] 
2026-04-12 23:43:01,009 [ERROR] LogOutputStream:75 - [STDERR_REDIRECT] [Fatal Error] :1:1: Premature end of file.
2026-04-12 23:43:01,009 [ERROR] LogOutputStream:75 - [STDERR_REDIRECT] 
2026-04-12 23:43:01,994 [ERROR] LogOutputStream:75 - [STDERR_REDIRECT] [Fatal Error] :1:1: Premature end of file.
2026-04-12 23:43:01,994 [ERROR] LogOutputStream:75 - [STDERR_REDIRECT] 
2026-04-12 23:43:02,994 [ERROR] LogOutputStream:75 - [STDERR_REDIRECT] [Fatal Error] :1:1: Premature end of file.
2026-04-12 23:43:02,994 [ERROR] LogOutputStream:75 - [STDERR_REDIRECT] 
2026-04-12 23:43:04,001 [ERROR] LogOutputStream:75 - [STDERR_REDIRECT] [Fatal Error] :1:1: Premature end of file.
2026-04-12 23:43:04,001 [ERROR] LogOutputStream:75 - [STDERR_REDIRECT] 
2026-04-12 23:43:04,997 [ERROR] LogOutputStream:75 - [STDERR_REDIRECT] [Fatal Error] :1:1: Premature end of file.
2026-04-12 23:43:04,997 [ERROR] LogOutputStream:75 - [STDERR_REDIRECT] 
2026-04-12 23:43:05,995 [ERROR] LogOutputStream:75 - [STDERR_REDIRECT] [Fatal Error] :1:1: Premature end of file.
2026-04-12 23:43:05,995 [ERROR] LogOutputStream:75 - [STDERR_REDIRECT] 
2026-04-12 23:43:07,002 [ERROR] LogOutputStream:75 - [STDERR_REDIRECT] [Fatal Error] :1:1: Premature end of file.
2026-04-12 23:43:07,002 [ERROR] LogOutputStream:75 - [STDERR_REDIRECT] 
2026-04-12 23:43:07,990 [ERROR] LogOutputStream:75 - [STDERR_REDIRECT] [Fatal Error] :1:1: Premature end of file.
2026-04-12 23:43:07,990 [ERROR] LogOutputStream:75 - [STDERR_REDIRECT] 
2026-04-12 23:43:08,997 [ERROR] LogOutputStream:75 - [STDERR_REDIRECT] [Fatal Error] :1:1: Premature end of file.
2026-04-12 23:43:08,997 [ERROR] LogOutputStream:75 - [STDERR_REDIRECT] 
2026-04-12 23:43:09,989 [ERROR] LogOutputStream:75 - [STDERR_REDIRECT] [Fatal Error] :1:1: Premature end of file.
2026-04-12 23:43:09,990 [ERROR] LogOutputStream:75 - [STDERR_REDIRECT] 
2026-04-12 23:43:10,990 [ERROR] LogOutputStream:75 - [STDERR_REDIRECT] [Fatal Error] :1:1: Premature end of file.
2026-04-12 23:43:10,990 [ERROR] LogOutputStream:75 - [STDERR_REDIRECT] 
2026-04-12 23:43:12,003 [ERROR] LogOutputStream:75 - [STDERR_REDIRECT] [Fatal Error] :1:1: Premature end of file.
2026-04-12 23:43:12,003 [ERROR] LogOutputStream:75 - [STDERR_REDIRECT] 
2026-04-12 23:43:12,999 [ERROR] LogOutputStream:75 - [STDERR_REDIRECT] [Fatal Error] :1:1: Premature end of file.
2026-04-12 23:43:13,000 [ERROR] LogOutputStream:75 - [STDERR_REDIRECT] 
2026-04-12 23:43:13,991 [ERROR] LogOutputStream:75 - [STDERR_REDIRECT] [Fatal Error] :1:1: Premature end of file.
2026-04-12 23:43:13,992 [ERROR] LogOutputStream:75 - [STDERR_REDIRECT] 
2026-04-12 23:43:15,003 [ERROR] LogOutputStream:75 - [STDERR_REDIRECT] [Fatal Error] :1:1: Premature end of file.
2026-04-12 23:43:15,003 [ERROR] LogOutputStream:75 - [STDERR_REDIRECT] 
2026-04-12 23:43:15,999 [ERROR] LogOutputStream:75 - [STDERR_REDIRECT] [Fatal Error] :1:1: Premature end of file.
2026-04-12 23:43:15,999 [ERROR] LogOutputStream:75 - [STDERR_REDIRECT] 
2026-04-12 23:43:16,992 [ERROR] LogOutputStream:75 - [STDERR_REDIRECT] [Fatal Error] :1:1: Premature end of file.
2026-04-12 23:43:16,992 [ERROR] LogOutputStream:75 - [STDERR_REDIRECT] 
2026-04-12 23:43:18,000 [ERROR] LogOutputStream:75 - [STDERR_REDIRECT] [Fatal Error] :1:1: Premature end of file.
2026-04-12 23:43:18,000 [ERROR] LogOutputStream:75 - [STDERR_REDIRECT] 
2026-04-12 23:43:18,997 [ERROR] LogOutputStream:75 - [STDERR_REDIRECT] [Fatal Error] :1:1: Premature end of file.
2026-04-12 23:43:18,997 [ERROR] LogOutputStream:75 - [STDERR_REDIRECT] 
2026-04-12 23:43:19,995 [ERROR] LogOutputStream:75 - [STDERR_REDIRECT] [Fatal Error] :1:1: Premature end of file.
2026-04-12 23:43:19,995 [ERROR] LogOutputStream:75 - [STDERR_REDIRECT] 
2026-04-12 23:43:20,991 [ERROR] LogOutputStream:75 - [STDERR_REDIRECT] [Fatal Error] :1:1: Premature end of file.
2026-04-12 23:43:20,991 [ERROR] LogOutputStream:75 - [STDERR_REDIRECT] 
2026-04-12 23:43:21,990 [ERROR] LogOutputStream:75 - [STDERR_REDIRECT] [Fatal Error] :1:1: Premature end of file.
2026-04-12 23:43:21,990 [ERROR] LogOutputStream:75 - [STDERR_REDIRECT] 
2026-04-12 23:43:22,998 [ERROR] LogOutputStream:75 - [STDERR_REDIRECT] [Fatal Error] :1:1: Premature end of file.
2026-04-12 23:43:22,999 [ERROR] LogOutputStream:75 - [STDERR_REDIRECT] 
2026-04-12 23:43:23,991 [ERROR] LogOutputStream:75 - [STDERR_REDIRECT] [Fatal Error] :1:1: Premature end of file.
2026-04-12 23:43:23,991 [ERROR] LogOutputStream:75 - [STDERR_REDIRECT] 
2026-04-12 23:43:24,989 [ERROR] LogOutputStream:75 - [STDERR_REDIRECT] [Fatal Error] :1:1: Premature end of file.
2026-04-12 23:43:24,989 [ERROR] LogOutputStream:75 - [STDERR_REDIRECT] 
2026-04-12 23:43:25,996 [ERROR] LogOutputStream:75 - [STDERR_REDIRECT] [Fatal Error] :1:1: Premature end of file.
2026-04-12 23:43:25,996 [ERROR] LogOutputStream:75 - [STDERR_REDIRECT] 
2026-04-12 23:43:26,991 [ERROR] LogOutputStream:75 - [STDERR_REDIRECT] [Fatal Error] :1:1: Premature end of file.
2026-04-12 23:43:26,991 [ERROR] LogOutputStream:75 - [STDERR_REDIRECT] 
2026-04-12 23:43:27,990 [ERROR] LogOutputStream:75 - [STDERR_REDIRECT] [Fatal Error] :1:1: Premature end of file.
2026-04-12 23:43:27,990 [ERROR] LogOutputStream:75 - [STDERR_REDIRECT] 
2026-04-12 23:43:29,003 [ERROR] LogOutputStream:75 - [STDERR_REDIRECT] [Fatal Error] :1:1: Premature end of file.
2026-04-12 23:43:29,003 [ERROR] LogOutputStream:75 - [STDERR_REDIRECT] 
2026-04-12 23:43:29,999 [ERROR] LogOutputStream:75 - [STDERR_REDIRECT] [Fatal Error] :1:1: Premature end of file.
2026-04-12 23:43:29,999 [ERROR] LogOutputStream:75 - [STDERR_REDIRECT] 
2026-04-12 23:43:30,995 [ERROR] LogOutputStream:75 - [STDERR_REDIRECT] [Fatal Error] :1:1: Premature end of file.
2026-04-12 23:43:30,995 [ERROR] LogOutputStream:75 - [STDERR_REDIRECT] 
2026-04-12 23:43:31,993 [ERROR] LogOutputStream:75 - [STDERR_REDIRECT] [Fatal Error] :1:1: Premature end of file.
2026-04-12 23:43:31,993 [ERROR] LogOutputStream:75 - [STDERR_REDIRECT] 
2026-04-12 23:43:32,989 [ERROR] LogOutputStream:75 - [STDERR_REDIRECT] [Fatal Error] :1:1: Premature end of file.
2026-04-12 23:43:32,990 [ERROR] LogOutputStream:75 - [STDERR_REDIRECT] 
2026-04-12 23:43:33,997 [ERROR] LogOutputStream:75 - [STDERR_REDIRECT] [Fatal Error] :1:1: Premature end of file.
2026-04-12 23:43:33,997 [ERROR] LogOutputStream:75 - [STDERR_REDIRECT] 
2026-04-12 23:43:34,995 [ERROR] LogOutputStream:75 - [STDERR_REDIRECT] [Fatal Error] :1:1: Premature end of file.
2026-04-12 23:43:34,995 [ERROR] LogOutputStream:75 - [STDERR_REDIRECT] 
2026-04-12 23:43:35,989 [ERROR] LogOutputStream:75 - [STDERR_REDIRECT] [Fatal Error] :1:1: Premature end of file.
2026-04-12 23:43:35,989 [ERROR] LogOutputStream:75 - [STDERR_REDIRECT] 
2026-04-12 23:43:36,999 [ERROR] LogOutputStream:75 - [STDERR_REDIRECT] [Fatal Error] :1:1: Premature end of file.
2026-04-12 23:43:36,999 [ERROR] LogOutputStream:75 - [STDERR_REDIRECT] 
2026-04-12 23:43:37,998 [ERROR] LogOutputStream:75 - [STDERR_REDIRECT] [Fatal Error] :1:1: Premature end of file.
2026-04-12 23:43:37,998 [ERROR] LogOutputStream:75 - [STDERR_REDIRECT] 
2026-04-12 23:43:38,992 [ERROR] LogOutputStream:75 - [STDERR_REDIRECT] [Fatal Error] :1:1: Premature end of file.
2026-04-12 23:43:38,992 [ERROR] LogOutputStream:75 - [STDERR_REDIRECT] 
2026-04-12 23:43:40,000 [ERROR] LogOutputStream:75 - [STDERR_REDIRECT] [Fatal Error] :1:1: Premature end of file.
2026-04-12 23:43:40,001 [ERROR] LogOutputStream:75 - [STDERR_REDIRECT] 
2026-04-12 23:43:40,992 [ERROR] LogOutputStream:75 - [STDERR_REDIRECT] [Fatal Error] :1:1: Premature end of file.
2026-04-12 23:43:40,992 [ERROR] LogOutputStream:75 - [STDERR_REDIRECT] 
2026-04-12 23:43:42,001 [ERROR] LogOutputStream:75 - [STDERR_REDIRECT] [Fatal Error] :1:1: Premature end of file.
2026-04-12 23:43:42,001 [ERROR] LogOutputStream:75 - [STDERR_REDIRECT] 
2026-04-12 23:43:42,997 [ERROR] LogOutputStream:75 - [STDERR_REDIRECT] [Fatal Error] :1:1: Premature end of file.
2026-04-12 23:43:42,998 [ERROR] LogOutputStream:75 - [STDERR_REDIRECT] 
2026-04-12 23:43:43,999 [ERROR] LogOutputStream:75 - [STDERR_REDIRECT] [Fatal Error] :1:1: Premature end of file.
2026-04-12 23:43:43,999 [ERROR] LogOutputStream:75 - [STDERR_REDIRECT] 
2026-04-12 23:43:44,993 [ERROR] LogOutputStream:75 - [STDERR_REDIRECT] [Fatal Error] :1:1: Premature end of file.
2026-04-12 23:43:44,993 [ERROR] LogOutputStream:75 - [STDERR_REDIRECT] 
2026-04-12 23:43:45,998 [ERROR] LogOutputStream:75 - [STDERR_REDIRECT] [Fatal Error] :1:1: Premature end of file.
2026-04-12 23:43:45,999 [ERROR] LogOutputStream:75 - [STDERR_REDIRECT] 
2026-04-12 23:43:47,000 [ERROR] LogOutputStream:75 - [STDERR_REDIRECT] [Fatal Error] :1:1: Premature end of file.
2026-04-12 23:43:47,000 [ERROR] LogOutputStream:75 - [STDERR_REDIRECT] 
2026-04-12 23:43:47,988 [ERROR] LogOutputStream:75 - [STDERR_REDIRECT] [Fatal Error] :1:1: Premature end of file.
2026-04-12 23:43:47,989 [ERROR] LogOutputStream:75 - [STDERR_REDIRECT] 
2026-04-12 23:43:48,994 [ERROR] LogOutputStream:75 - [STDERR_REDIRECT] [Fatal Error] :1:1: Premature end of file.
2026-04-12 23:43:48,994 [ERROR] LogOutputStream:75 - [STDERR_REDIRECT] 
2026-04-12 23:43:49,999 [ERROR] LogOutputStream:75 - [STDERR_REDIRECT] [Fatal Error] :1:1: Premature end of file.
2026-04-12 23:43:49,999 [ERROR] LogOutputStream:75 - [STDERR_REDIRECT] 
2026-04-12 23:43:50,991 [ERROR] LogOutputStream:75 - [STDERR_REDIRECT] [Fatal Error] :1:1: Premature end of file.
2026-04-12 23:43:50,991 [ERROR] LogOutputStream:75 - [STDERR_REDIRECT] 
2026-04-12 23:43:52,003 [ERROR] LogOutputStream:75 - [STDERR_REDIRECT] [Fatal Error] :1:1: Premature end of file.
2026-04-12 23:43:52,003 [ERROR] LogOutputStream:75 - [STDERR_REDIRECT] 
2026-04-12 23:43:52,991 [ERROR] LogOutputStream:75 - [STDERR_REDIRECT] [Fatal Error] :1:1: Premature end of file.
2026-04-12 23:43:52,991 [ERROR] LogOutputStream:75 - [STDERR_REDIRECT] 
2026-04-12 23:43:54,001 [ERROR] LogOutputStream:75 - [STDERR_REDIRECT] [Fatal Error] :1:1: Premature end of file.
2026-04-12 23:43:54,001 [ERROR] LogOutputStream:75 - [STDERR_REDIRECT] 
2026-04-12 23:43:54,989 [ERROR] LogOutputStream:75 - [STDERR_REDIRECT] [Fatal Error] :1:1: Premature end of file.
2026-04-12 23:43:54,990 [ERROR] LogOutputStream:75 - [STDERR_REDIRECT] 
2026-04-12 23:43:55,997 [ERROR] LogOutputStream:75 - [STDERR_REDIRECT] [Fatal Error] :1:1: Premature end of file.
2026-04-12 23:43:55,997 [ERROR] LogOutputStream:75 - [STDERR_REDIRECT] 
2026-04-12 23:43:56,999 [ERROR] LogOutputStream:75 - [STDERR_REDIRECT] [Fatal Error] :1:1: Premature end of file.
2026-04-12 23:43:56,999 [ERROR] LogOutputStream:75 - [STDERR_REDIRECT] 
2026-04-12 23:43:57,996 [ERROR] LogOutputStream:75 - [STDERR_REDIRECT] [Fatal Error] :1:1: Premature end of file.
2026-04-12 23:43:57,996 [ERROR] LogOutputStream:75 - [STDERR_REDIRECT] 
2026-04-12 23:43:58,987 [ERROR] LogOutputStream:75 - [STDERR_REDIRECT] [Fatal Error] :1:1: Premature end of file.
2026-04-12 23:43:58,988 [ERROR] LogOutputStream:75 - [STDERR_REDIRECT] 
2026-04-12 23:44:00,002 [ERROR] LogOutputStream:75 - [STDERR_REDIRECT] [Fatal Error] :1:1: Premature end of file.
2026-04-12 23:44:00,003 [ERROR] LogOutputStream:75 - [STDERR_REDIRECT] 
2026-04-12 23:44:01,015 [ERROR] LogOutputStream:75 - [STDERR_REDIRECT] [Fatal Error] :1:1: Premature end of file.
2026-04-12 23:44:01,015 [ERROR] LogOutputStream:75 - [STDERR_REDIRECT] 
2026-04-12 23:44:02,002 [ERROR] LogOutputStream:75 - [STDERR_REDIRECT] [Fatal Error] :1:1: Premature end of file.
2026-04-12 23:44:02,002 [ERROR] LogOutputStream:75 - [STDERR_REDIRECT] 
2026-04-12 23:44:02,989 [ERROR] LogOutputStream:75 - [STDERR_REDIRECT] [Fatal Error] :1:1: Premature end of file.
2026-04-12 23:44:02,989 [ERROR] LogOutputStream:75 - [STDERR_REDIRECT] 
2026-04-12 23:44:03,996 [ERROR] LogOutputStream:75 - [STDERR_REDIRECT] [Fatal Error] :1:1: Premature end of file.
2026-04-12 23:44:03,997 [ERROR] LogOutputStream:75 - [STDERR_REDIRECT] 
2026-04-12 23:44:04,989 [ERROR] LogOutputStream:75 - [STDERR_REDIRECT] [Fatal Error] :1:1: Premature end of file.
2026-04-12 23:44:04,990 [ERROR] LogOutputStream:75 - [STDERR_REDIRECT] 
2026-04-12 23:44:06,005 [ERROR] LogOutputStream:75 - [STDERR_REDIRECT] [Fatal Error] :1:1: Premature end of file.
2026-04-12 23:44:06,005 [ERROR] LogOutputStream:75 - [STDERR_REDIRECT] 
2026-04-12 23:44:07,000 [ERROR] LogOutputStream:75 - [STDERR_REDIRECT] [Fatal Error] :1:1: Premature end of file.
2026-04-12 23:44:07,000 [ERROR] LogOutputStream:75 - [STDERR_REDIRECT] 
2026-04-12 23:44:07,990 [ERROR] LogOutputStream:75 - [STDERR_REDIRECT] [Fatal Error] :1:1: Premature end of file.
2026-04-12 23:44:07,990 [ERROR] LogOutputStream:75 - [STDERR_REDIRECT] 
2026-04-12 23:44:09,003 [ERROR] LogOutputStream:75 - [STDERR_REDIRECT] [Fatal Error] :1:1: Premature end of file.
2026-04-12 23:44:09,003 [ERROR] LogOutputStream:75 - [STDERR_REDIRECT] 
2026-04-12 23:44:09,997 [ERROR] LogOutputStream:75 - [STDERR_REDIRECT] [Fatal Error] :1:1: Premature end of file.
2026-04-12 23:44:09,997 [ERROR] LogOutputStream:75 - [STDERR_REDIRECT] 
2026-04-12 23:44:11,004 [ERROR] LogOutputStream:75 - [STDERR_REDIRECT] [Fatal Error] :1:1: Premature end of file.
2026-04-12 23:44:11,005 [ERROR] LogOutputStream:75 - [STDERR_REDIRECT] 
2026-04-12 23:44:12,001 [ERROR] LogOutputStream:75 - [STDERR_REDIRECT] [Fatal Error] :1:1: Premature end of file.
2026-04-12 23:44:12,002 [ERROR] LogOutputStream:75 - [STDERR_REDIRECT] 
2026-04-12 23:44:13,021 [ERROR] LogOutputStream:75 - [STDERR_REDIRECT] [Fatal Error] :1:1: Premature end of file.
2026-04-12 23:44:13,022 [ERROR] LogOutputStream:75 - [STDERR_REDIRECT] 
2026-04-12 23:44:14,006 [ERROR] LogOutputStream:75 - [STDERR_REDIRECT] [Fatal Error] :1:1: Premature end of file.
2026-04-12 23:44:14,006 [ERROR] LogOutputStream:75 - [STDERR_REDIRECT] 
2026-04-12 23:44:15,022 [ERROR] LogOutputStream:75 - [STDERR_REDIRECT] [Fatal Error] :1:1: Premature end of file.
2026-04-12 23:44:15,022 [ERROR] LogOutputStream:75 - [STDERR_REDIRECT] 
2026-04-12 23:44:16,028 [ERROR] LogOutputStream:75 - [STDERR_REDIRECT] [Fatal Error] :1:1: Premature end of file.
2026-04-12 23:44:16,029 [ERROR] LogOutputStream:75 - [STDERR_REDIRECT] 
2026-04-12 23:44:17,002 [ERROR] LogOutputStream:75 - [STDERR_REDIRECT] [Fatal Error] :1:1: Premature end of file.
2026-04-12 23:44:17,002 [ERROR] LogOutputStream:75 - [STDERR_REDIRECT] 
2026-04-12 23:44:18,018 [ERROR] LogOutputStream:75 - [STDERR_REDIRECT] [Fatal Error] :1:1: Premature end of file.
2026-04-12 23:44:18,019 [ERROR] LogOutputStream:75 - [STDERR_REDIRECT] 
2026-04-12 23:44:18,999 [ERROR] LogOutputStream:75 - [STDERR_REDIRECT] [Fatal Error] :1:1: Premature end of file.
2026-04-12 23:44:19,000 [ERROR] LogOutputStream:75 - [STDERR_REDIRECT] 
2026-04-12 23:44:20,000 [ERROR] LogOutputStream:75 - [STDERR_REDIRECT] [Fatal Error] :1:1: Premature end of file.
2026-04-12 23:44:20,000 [ERROR] LogOutputStream:75 - [STDERR_REDIRECT] 
2026-04-12 23:44:20,989 [ERROR] LogOutputStream:75 - [STDERR_REDIRECT] [Fatal Error] :1:1: Premature end of file.
2026-04-12 23:44:20,989 [ERROR] LogOutputStream:75 - [STDERR_REDIRECT] 
2026-04-12 23:44:22,002 [ERROR] LogOutputStream:75 - [STDERR_REDIRECT] [Fatal Error] :1:1: Premature end of file.
2026-04-12 23:44:22,002 [ERROR] LogOutputStream:75 - [STDERR_REDIRECT] 
2026-04-12 23:44:23,009 [ERROR] LogOutputStream:75 - [STDERR_REDIRECT] [Fatal Error] :1:1: Premature end of file.
2026-04-12 23:44:23,009 [ERROR] LogOutputStream:75 - [STDERR_REDIRECT] 
2026-04-12 23:44:23,995 [ERROR] LogOutputStream:75 - [STDERR_REDIRECT] [Fatal Error] :1:1: Premature end of file.
2026-04-12 23:44:23,995 [ERROR] LogOutputStream:75 - [STDERR_REDIRECT] 
2026-04-12 23:44:24,990 [ERROR] LogOutputStream:75 - [STDERR_REDIRECT] [Fatal Error] :1:1: Premature end of file.
2026-04-12 23:44:24,990 [ERROR] LogOutputStream:75 - [STDERR_REDIRECT] 
2026-04-12 23:44:25,998 [ERROR] LogOutputStream:75 - [STDERR_REDIRECT] [Fatal Error] :1:1: Premature end of file.
2026-04-12 23:44:25,999 [ERROR] LogOutputStream:75 - [STDERR_REDIRECT] 
2026-04-12 23:44:26,991 [ERROR] LogOutputStream:75 - [STDERR_REDIRECT] [Fatal Error] :1:1: Premature end of file.
2026-04-12 23:44:26,992 [ERROR] LogOutputStream:75 - [STDERR_REDIRECT] 
2026-04-12 23:44:27,998 [ERROR] LogOutputStream:75 - [STDERR_REDIRECT] [Fatal Error] :1:1: Premature end of file.
2026-04-12 23:44:27,998 [ERROR] LogOutputStream:75 - [STDERR_REDIRECT] 
2026-04-12 23:44:28,990 [ERROR] LogOutputStream:75 - [STDERR_REDIRECT] [Fatal Error] :1:1: Premature end of file.
2026-04-12 23:44:28,990 [ERROR] LogOutputStream:75 - [STDERR_REDIRECT] 
2026-04-12 23:44:29,998 [ERROR] LogOutputStream:75 - [STDERR_REDIRECT] [Fatal Error] :1:1: Premature end of file.
2026-04-12 23:44:29,998 [ERROR] LogOutputStream:75 - [STDERR_REDIRECT] 
2026-04-12 23:44:30,992 [ERROR] LogOutputStream:75 - [STDERR_REDIRECT] [Fatal Error] :1:1: Premature end of file.
2026-04-12 23:44:30,992 [ERROR] LogOutputStream:75 - [STDERR_REDIRECT] 
2026-04-12 23:44:31,999 [ERROR] LogOutputStream:75 - [STDERR_REDIRECT] [Fatal Error] :1:1: Premature end of file.
2026-04-12 23:44:32,000 [ERROR] LogOutputStream:75 - [STDERR_REDIRECT] 
2026-04-12 23:44:32,989 [ERROR] LogOutputStream:75 - [STDERR_REDIRECT] [Fatal Error] :1:1: Premature end of file.
2026-04-12 23:44:32,989 [ERROR] LogOutputStream:75 - [STDERR_REDIRECT] 
2026-04-12 23:44:34,002 [ERROR] LogOutputStream:75 - [STDERR_REDIRECT] [Fatal Error] :1:1: Premature end of file.
2026-04-12 23:44:34,002 [ERROR] LogOutputStream:75 - [STDERR_REDIRECT] 
2026-04-12 23:44:34,994 [ERROR] LogOutputStream:75 - [STDERR_REDIRECT] [Fatal Error] :1:1: Premature end of file.
2026-04-12 23:44:34,994 [ERROR] LogOutputStream:75 - [STDERR_REDIRECT] 
2026-04-12 23:44:35,998 [ERROR] LogOutputStream:75 - [STDERR_REDIRECT] [Fatal Error] :1:1: Premature end of file.
2026-04-12 23:44:35,999 [ERROR] LogOutputStream:75 - [STDERR_REDIRECT] 
2026-04-12 23:44:37,035 [ERROR] LogOutputStream:75 - [STDERR_REDIRECT] [Fatal Error] :1:1: Premature end of file.
2026-04-12 23:44:37,035 [ERROR] LogOutputStream:75 - [STDERR_REDIRECT] 
2026-04-12 23:44:37,997 [ERROR] LogOutputStream:75 - [STDERR_REDIRECT] [Fatal Error] :1:1: Premature end of file.
2026-04-12 23:44:37,997 [ERROR] LogOutputStream:75 - [STDERR_REDIRECT] 
2026-04-12 23:44:38,994 [ERROR] LogOutputStream:75 - [STDERR_REDIRECT] [Fatal Error] :1:1: Premature end of file.
2026-04-12 23:44:38,995 [ERROR] LogOutputStream:75 - [STDERR_REDIRECT] 
2026-04-12 23:44:39,997 [ERROR] LogOutputStream:75 - [STDERR_REDIRECT] [Fatal Error] :1:1: Premature end of file.
2026-04-12 23:44:39,997 [ERROR] LogOutputStream:75 - [STDERR_REDIRECT] 
2026-04-12 23:44:40,990 [ERROR] LogOutputStream:75 - [STDERR_REDIRECT] [Fatal Error] :1:1: Premature end of file.
2026-04-12 23:44:40,991 [ERROR] LogOutputStream:75 - [STDERR_REDIRECT] 
2026-04-12 23:44:41,997 [ERROR] LogOutputStream:75 - [STDERR_REDIRECT] [Fatal Error] :1:1: Premature end of file.
2026-04-12 23:44:41,997 [ERROR] LogOutputStream:75 - [STDERR_REDIRECT] 
2026-04-12 23:44:42,992 [ERROR] LogOutputStream:75 - [STDERR_REDIRECT] [Fatal Error] :1:1: Premature end of file.
2026-04-12 23:44:42,992 [ERROR] LogOutputStream:75 - [STDERR_REDIRECT] 
2026-04-12 23:44:44,002 [ERROR] LogOutputStream:75 - [STDERR_REDIRECT] [Fatal Error] :1:1: Premature end of file.
2026-04-12 23:44:44,002 [ERROR] LogOutputStream:75 - [STDERR_REDIRECT] 
2026-04-12 23:44:44,991 [ERROR] LogOutputStream:75 - [STDERR_REDIRECT] [Fatal Error] :1:1: Premature end of file.
2026-04-12 23:44:44,991 [ERROR] LogOutputStream:75 - [STDERR_REDIRECT] 
2026-04-12 23:44:46,001 [ERROR] LogOutputStream:75 - [STDERR_REDIRECT] [Fatal Error] :1:1: Premature end of file.
2026-04-12 23:44:46,001 [ERROR] LogOutputStream:75 - [STDERR_REDIRECT] 
2026-04-12 23:44:47,005 [ERROR] LogOutputStream:75 - [STDERR_REDIRECT] [Fatal Error] :1:1: Premature end of file.
2026-04-12 23:44:47,005 [ERROR] LogOutputStream:75 - [STDERR_REDIRECT] 
2026-04-12 23:44:48,005 [ERROR] LogOutputStream:75 - [STDERR_REDIRECT] [Fatal Error] :1:1: Premature end of file.
2026-04-12 23:44:48,005 [ERROR] LogOutputStream:75 - [STDERR_REDIRECT] 
2026-04-12 23:44:48,988 [ERROR] LogOutputStream:75 - [STDERR_REDIRECT] [Fatal Error] :1:1: Premature end of file.
2026-04-12 23:44:48,988 [ERROR] LogOutputStream:75 - [STDERR_REDIRECT] 
2026-04-12 23:44:49,990 [ERROR] LogOutputStream:75 - [STDERR_REDIRECT] [Fatal Error] :1:1: Premature end of file.
2026-04-12 23:44:49,990 [ERROR] LogOutputStream:75 - [STDERR_REDIRECT] 
2026-04-12 23:44:50,995 [ERROR] LogOutputStream:75 - [STDERR_REDIRECT] [Fatal Error] :1:1: Premature end of file.
2026-04-12 23:44:50,995 [ERROR] LogOutputStream:75 - [STDERR_REDIRECT] 
2026-04-12 23:44:51,990 [ERROR] LogOutputStream:75 - [STDERR_REDIRECT] [Fatal Error] :1:1: Premature end of file.
2026-04-12 23:44:51,990 [ERROR] LogOutputStream:75 - [STDERR_REDIRECT] 
2026-04-12 23:44:53,002 [ERROR] LogOutputStream:75 - [STDERR_REDIRECT] [Fatal Error] :1:1: Premature end of file.
2026-04-12 23:44:53,002 [ERROR] LogOutputStream:75 - [STDERR_REDIRECT] 
2026-04-12 23:44:53,988 [ERROR] LogOutputStream:75 - [STDERR_REDIRECT] [Fatal Error] :1:1: Premature end of file.
2026-04-12 23:44:53,989 [ERROR] LogOutputStream:75 - [STDERR_REDIRECT] 
2026-04-12 23:44:54,995 [ERROR] LogOutputStream:75 - [STDERR_REDIRECT] [Fatal Error] :1:1: Premature end of file.
2026-04-12 23:44:54,995 [ERROR] LogOutputStream:75 - [STDERR_REDIRECT] 
2026-04-12 23:44:56,000 [ERROR] LogOutputStream:75 - [STDERR_REDIRECT] [Fatal Error] :1:1: Premature end of file.
2026-04-12 23:44:56,000 [ERROR] LogOutputStream:75 - [STDERR_REDIRECT] 
2026-04-12 23:44:56,990 [ERROR] LogOutputStream:75 - [STDERR_REDIRECT] [Fatal Error] :1:1: Premature end of file.
2026-04-12 23:44:56,990 [ERROR] LogOutputStream:75 - [STDERR_REDIRECT] 
2026-04-12 23:44:57,998 [ERROR] LogOutputStream:75 - [STDERR_REDIRECT] [Fatal Error] :1:1: Premature end of file.
2026-04-12 23:44:57,999 [ERROR] LogOutputStream:75 - [STDERR_REDIRECT] 
2026-04-12 23:44:58,993 [ERROR] LogOutputStream:75 - [STDERR_REDIRECT] [Fatal Error] :1:1: Premature end of file.
2026-04-12 23:44:58,993 [ERROR] LogOutputStream:75 - [STDERR_REDIRECT] 
2026-04-12 23:45:00,000 [ERROR] LogOutputStream:75 - [STDERR_REDIRECT] [Fatal Error] :1:1: Premature end of file.
2026-04-12 23:45:00,000 [ERROR] LogOutputStream:75 - [STDERR_REDIRECT] 
2026-04-12 23:45:01,012 [ERROR] LogOutputStream:75 - [STDERR_REDIRECT] [Fatal Error] :1:1: Premature end of file.
2026-04-12 23:45:01,012 [ERROR] LogOutputStream:75 - [STDERR_REDIRECT] 
2026-04-12 23:45:02,059 [ERROR] LogOutputStream:75 - [STDERR_REDIRECT] [Fatal Error] :1:1: Premature end of file.
2026-04-12 23:45:02,059 [ERROR] LogOutputStream:75 - [STDERR_REDIRECT] 
2026-04-12 23:45:02,994 [ERROR] LogOutputStream:75 - [STDERR_REDIRECT] [Fatal Error] :1:1: Premature end of file.
2026-04-12 23:45:02,994 [ERROR] LogOutputStream:75 - [STDERR_REDIRECT] 
2026-04-12 23:45:04,001 [ERROR] LogOutputStream:75 - [STDERR_REDIRECT] [Fatal Error] :1:1: Premature end of file.
2026-04-12 23:45:04,001 [ERROR] LogOutputStream:75 - [STDERR_REDIRECT] 
2026-04-12 23:45:04,993 [ERROR] LogOutputStream:75 - [STDERR_REDIRECT] [Fatal Error] :1:1: Premature end of file.
2026-04-12 23:45:04,993 [ERROR] LogOutputStream:75 - [STDERR_REDIRECT] 
2026-04-12 23:45:06,011 [ERROR] LogOutputStream:75 - [STDERR_REDIRECT] [Fatal Error] :1:1: Premature end of file.
2026-04-12 23:45:06,011 [ERROR] LogOutputStream:75 - [STDERR_REDIRECT] 
2026-04-12 23:45:07,010 [ERROR] LogOutputStream:75 - [STDERR_REDIRECT] [Fatal Error] :1:1: Premature end of file.
2026-04-12 23:45:07,010 [ERROR] LogOutputStream:75 - [STDERR_REDIRECT] 
2026-04-12 23:45:08,003 [ERROR] LogOutputStream:75 - [STDERR_REDIRECT] [Fatal Error] :1:1: Premature end of file.
2026-04-12 23:45:08,003 [ERROR] LogOutputStream:75 - [STDERR_REDIRECT] 
2026-04-12 23:45:08,997 [ERROR] LogOutputStream:75 - [STDERR_REDIRECT] [Fatal Error] :1:1: Premature end of file.
2026-04-12 23:45:08,997 [ERROR] LogOutputStream:75 - [STDERR_REDIRECT] 
2026-04-12 23:45:10,001 [ERROR] LogOutputStream:75 - [STDERR_REDIRECT] [Fatal Error] :1:1: Premature end of file.
2026-04-12 23:45:10,001 [ERROR] LogOutputStream:75 - [STDERR_REDIRECT] 
2026-04-12 23:45:11,023 [ERROR] LogOutputStream:75 - [STDERR_REDIRECT] [Fatal Error] :1:1: Premature end of file.
2026-04-12 23:45:11,028 [ERROR] LogOutputStream:75 - [STDERR_REDIRECT] 
2026-04-12 23:45:11,993 [ERROR] LogOutputStream:75 - [STDERR_REDIRECT] [Fatal Error] :1:1: Premature end of file.
2026-04-12 23:45:11,993 [ERROR] LogOutputStream:75 - [STDERR_REDIRECT] 
2026-04-12 23:45:13,003 [ERROR] LogOutputStream:75 - [STDERR_REDIRECT] [Fatal Error] :1:1: Premature end of file.
2026-04-12 23:45:13,003 [ERROR] LogOutputStream:75 - [STDERR_REDIRECT] 
2026-04-12 23:45:13,998 [ERROR] LogOutputStream:75 - [STDERR_REDIRECT] [Fatal Error] :1:1: Premature end of file.
2026-04-12 23:45:13,998 [ERROR] LogOutputStream:75 - [STDERR_REDIRECT] 
2026-04-12 23:45:14,999 [ERROR] LogOutputStream:75 - [STDERR_REDIRECT] [Fatal Error] :1:1: Premature end of file.
2026-04-12 23:45:14,999 [ERROR] LogOutputStream:75 - [STDERR_REDIRECT] 
2026-04-12 23:45:15,993 [ERROR] LogOutputStream:75 - [STDERR_REDIRECT] [Fatal Error] :1:1: Premature end of file.
2026-04-12 23:45:15,993 [ERROR] LogOutputStream:75 - [STDERR_REDIRECT] 
2026-04-12 23:45:17,012 [ERROR] LogOutputStream:75 - [STDERR_REDIRECT] [Fatal Error] :1:1: Premature end of file.
2026-04-12 23:45:17,012 [ERROR] LogOutputStream:75 - [STDERR_REDIRECT] 
2026-04-12 23:45:17,993 [ERROR] LogOutputStream:75 - [STDERR_REDIRECT] [Fatal Error] :1:1: Premature end of file.
2026-04-12 23:45:17,993 [ERROR] LogOutputStream:75 - [STDERR_REDIRECT] 
2026-04-12 23:45:18,997 [ERROR] LogOutputStream:75 - [STDERR_REDIRECT] [Fatal Error] :1:1: Premature end of file.
2026-04-12 23:45:18,997 [ERROR] LogOutputStream:75 - [STDERR_REDIRECT] 
2026-04-12 23:45:20,001 [ERROR] LogOutputStream:75 - [STDERR_REDIRECT] [Fatal Error] :1:1: Premature end of file.
2026-04-12 23:45:20,002 [ERROR] LogOutputStream:75 - [STDERR_REDIRECT] 
2026-04-12 23:45:20,993 [ERROR] LogOutputStream:75 - [STDERR_REDIRECT] [Fatal Error] :1:1: Premature end of file.
2026-04-12 23:45:20,993 [ERROR] LogOutputStream:75 - [STDERR_REDIRECT] 
2026-04-12 23:45:21,989 [ERROR] LogOutputStream:75 - [STDERR_REDIRECT] [Fatal Error] :1:1: Premature end of file.
2026-04-12 23:45:21,989 [ERROR] LogOutputStream:75 - [STDERR_REDIRECT] 
2026-04-12 23:45:22,999 [ERROR] LogOutputStream:75 - [STDERR_REDIRECT] [Fatal Error] :1:1: Premature end of file.
2026-04-12 23:45:23,000 [ERROR] LogOutputStream:75 - [STDERR_REDIRECT] 
2026-04-12 23:45:23,991 [ERROR] LogOutputStream:75 - [STDERR_REDIRECT] [Fatal Error] :1:1: Premature end of file.
2026-04-12 23:45:23,991 [ERROR] LogOutputStream:75 - [STDERR_REDIRECT] 
2026-04-12 23:45:24,998 [ERROR] LogOutputStream:75 - [STDERR_REDIRECT] [Fatal Error] :1:1: Premature end of file.
2026-04-12 23:45:24,999 [ERROR] LogOutputStream:75 - [STDERR_REDIRECT] 
2026-04-12 23:45:25,994 [ERROR] LogOutputStream:75 - [STDERR_REDIRECT] [Fatal Error] :1:1: Premature end of file.
2026-04-12 23:45:25,994 [ERROR] LogOutputStream:75 - [STDERR_REDIRECT] 
2026-04-12 23:45:26,996 [ERROR] LogOutputStream:75 - [STDERR_REDIRECT] [Fatal Error] :1:1: Premature end of file.
2026-04-12 23:45:26,996 [ERROR] LogOutputStream:75 - [STDERR_REDIRECT] 
2026-04-12 23:45:27,998 [ERROR] LogOutputStream:75 - [STDERR_REDIRECT] [Fatal Error] :1:1: Premature end of file.
2026-04-12 23:45:27,998 [ERROR] LogOutputStream:75 - [STDERR_REDIRECT] 
2026-04-12 23:45:29,001 [ERROR] LogOutputStream:75 - [STDERR_REDIRECT] [Fatal Error] :1:1: Premature end of file.
2026-04-12 23:45:29,001 [ERROR] LogOutputStream:75 - [STDERR_REDIRECT] 
2026-04-12 23:45:29,991 [ERROR] LogOutputStream:75 - [STDERR_REDIRECT] [Fatal Error] :1:1: Premature end of file.
2026-04-12 23:45:29,991 [ERROR] LogOutputStream:75 - [STDERR_REDIRECT] 
2026-04-12 23:45:31,002 [ERROR] LogOutputStream:75 - [STDERR_REDIRECT] [Fatal Error] :1:1: Premature end of file.
2026-04-12 23:45:31,002 [ERROR] LogOutputStream:75 - [STDERR_REDIRECT] 
2026-04-12 23:45:31,989 [ERROR] LogOutputStream:75 - [STDERR_REDIRECT] [Fatal Error] :1:1: Premature end of file.
2026-04-12 23:45:31,989 [ERROR] LogOutputStream:75 - [STDERR_REDIRECT] 
2026-04-12 23:45:32,991 [ERROR] LogOutputStream:75 - [STDERR_REDIRECT] [Fatal Error] :1:1: Premature end of file.
2026-04-12 23:45:32,991 [ERROR] LogOutputStream:75 - [STDERR_REDIRECT] 
2026-04-12 23:45:34,000 [ERROR] LogOutputStream:75 - [STDERR_REDIRECT] [Fatal Error] :1:1: Premature end of file.
2026-04-12 23:45:34,001 [ERROR] LogOutputStream:75 - [STDERR_REDIRECT] 
2026-04-12 23:45:35,013 [ERROR] LogOutputStream:75 - [STDERR_REDIRECT] [Fatal Error] :1:1: Premature end of file.
2026-04-12 23:45:35,013 [ERROR] LogOutputStream:75 - [STDERR_REDIRECT] 
2026-04-12 23:45:36,004 [ERROR] LogOutputStream:75 - [STDERR_REDIRECT] [Fatal Error] :1:1: Premature end of file.
2026-04-12 23:45:36,005 [ERROR] LogOutputStream:75 - [STDERR_REDIRECT] 
2026-04-12 23:45:36,994 [ERROR] LogOutputStream:75 - [STDERR_REDIRECT] [Fatal Error] :1:1: Premature end of file.
2026-04-12 23:45:36,995 [ERROR] LogOutputStream:75 - [STDERR_REDIRECT] 
2026-04-12 23:45:37,995 [ERROR] LogOutputStream:75 - [STDERR_REDIRECT] [Fatal Error] :1:1: Premature end of file.
2026-04-12 23:45:37,995 [ERROR] LogOutputStream:75 - [STDERR_REDIRECT] 
2026-04-12 23:45:38,990 [ERROR] LogOutputStream:75 - [STDERR_REDIRECT] [Fatal Error] :1:1: Premature end of file.
2026-04-12 23:45:38,990 [ERROR] LogOutputStream:75 - [STDERR_REDIRECT] 
2026-04-12 23:45:40,002 [ERROR] LogOutputStream:75 - [STDERR_REDIRECT] [Fatal Error] :1:1: Premature end of file.
2026-04-12 23:45:40,002 [ERROR] LogOutputStream:75 - [STDERR_REDIRECT] 
2026-04-12 23:45:40,996 [ERROR] LogOutputStream:75 - [STDERR_REDIRECT] [Fatal Error] :1:1: Premature end of file.
2026-04-12 23:45:40,997 [ERROR] LogOutputStream:75 - [STDERR_REDIRECT] 
2026-04-12 23:45:41,992 [ERROR] LogOutputStream:75 - [STDERR_REDIRECT] [Fatal Error] :1:1: Premature end of file.
2026-04-12 23:45:41,992 [ERROR] LogOutputStream:75 - [STDERR_REDIRECT] 
2026-04-12 23:45:42,998 [ERROR] LogOutputStream:75 - [STDERR_REDIRECT] [Fatal Error] :1:1: Premature end of file.
2026-04-12 23:45:42,998 [ERROR] LogOutputStream:75 - [STDERR_REDIRECT] 
2026-04-12 23:45:43,995 [ERROR] LogOutputStream:75 - [STDERR_REDIRECT] [Fatal Error] :1:1: Premature end of file.
2026-04-12 23:45:43,995 [ERROR] LogOutputStream:75 - [STDERR_REDIRECT] 
2026-04-12 23:45:44,990 [ERROR] LogOutputStream:75 - [STDERR_REDIRECT] [Fatal Error] :1:1: Premature end of file.
2026-04-12 23:45:44,990 [ERROR] LogOutputStream:75 - [STDERR_REDIRECT] 
2026-04-12 23:45:46,017 [ERROR] LogOutputStream:75 - [STDERR_REDIRECT] [Fatal Error] :1:1: Premature end of file.
2026-04-12 23:45:46,017 [ERROR] LogOutputStream:75 - [STDERR_REDIRECT] 
2026-04-12 23:45:46,996 [ERROR] LogOutputStream:75 - [STDERR_REDIRECT] [Fatal Error] :1:1: Premature end of file.
2026-04-12 23:45:46,996 [ERROR] LogOutputStream:75 - [STDERR_REDIRECT] 
2026-04-12 23:45:47,990 [ERROR] LogOutputStream:75 - [STDERR_REDIRECT] [Fatal Error] :1:1: Premature end of file.
2026-04-12 23:45:47,990 [ERROR] LogOutputStream:75 - [STDERR_REDIRECT] 
2026-04-12 23:45:49,000 [ERROR] LogOutputStream:75 - [STDERR_REDIRECT] [Fatal Error] :1:1: Premature end of file.
2026-04-12 23:45:49,001 [ERROR] LogOutputStream:75 - [STDERR_REDIRECT] 
2026-04-12 23:45:49,992 [ERROR] LogOutputStream:75 - [STDERR_REDIRECT] [Fatal Error] :1:1: Premature end of file.
2026-04-12 23:45:49,992 [ERROR] LogOutputStream:75 - [STDERR_REDIRECT] 
2026-04-12 23:45:50,989 [ERROR] LogOutputStream:75 - [STDERR_REDIRECT] [Fatal Error] :1:1: Premature end of file.
2026-04-12 23:45:50,990 [ERROR] LogOutputStream:75 - [STDERR_REDIRECT] 
2026-04-12 23:45:51,997 [ERROR] LogOutputStream:75 - [STDERR_REDIRECT] [Fatal Error] :1:1: Premature end of file.
2026-04-12 23:45:51,997 [ERROR] LogOutputStream:75 - [STDERR_REDIRECT] 
2026-04-12 23:45:52,990 [ERROR] LogOutputStream:75 - [STDERR_REDIRECT] [Fatal Error] :1:1: Premature end of file.
2026-04-12 23:45:52,990 [ERROR] LogOutputStream:75 - [STDERR_REDIRECT] 
2026-04-12 23:45:53,995 [ERROR] LogOutputStream:75 - [STDERR_REDIRECT] [Fatal Error] :1:1: Premature end of file.
2026-04-12 23:45:53,995 [ERROR] LogOutputStream:75 - [STDERR_REDIRECT] 
2026-04-12 23:45:55,004 [ERROR] LogOutputStream:75 - [STDERR_REDIRECT] [Fatal Error] :1:1: Premature end of file.
2026-04-12 23:45:55,005 [ERROR] LogOutputStream:75 - [STDERR_REDIRECT] 
2026-04-12 23:45:55,995 [ERROR] LogOutputStream:75 - [STDERR_REDIRECT] [Fatal Error] :1:1: Premature end of file.
2026-04-12 23:45:55,995 [ERROR] LogOutputStream:75 - [STDERR_REDIRECT] 
2026-04-12 23:45:56,995 [ERROR] LogOutputStream:75 - [STDERR_REDIRECT] [Fatal Error] :1:1: Premature end of file.
2026-04-12 23:45:56,995 [ERROR] LogOutputStream:75 - [STDERR_REDIRECT] 
2026-04-12 23:45:57,990 [ERROR] LogOutputStream:75 - [STDERR_REDIRECT] [Fatal Error] :1:1: Premature end of file.
2026-04-12 23:45:57,990 [ERROR] LogOutputStream:75 - [STDERR_REDIRECT] 
2026-04-12 23:45:58,990 [ERROR] LogOutputStream:75 - [STDERR_REDIRECT] [Fatal Error] :1:1: Premature end of file.
2026-04-12 23:45:58,991 [ERROR] LogOutputStream:75 - [STDERR_REDIRECT] 
2026-04-12 23:46:00,001 [ERROR] LogOutputStream:75 - [STDERR_REDIRECT] [Fatal Error] :1:1: Premature end of file.
2026-04-12 23:46:00,001 [ERROR] LogOutputStream:75 - [STDERR_REDIRECT] 
2026-04-12 23:46:00,995 [ERROR] LogOutputStream:75 - [STDERR_REDIRECT] [Fatal Error] :1:1: Premature end of file.
2026-04-12 23:46:00,995 [ERROR] LogOutputStream:75 - [STDERR_REDIRECT] 
2026-04-12 23:46:02,001 [ERROR] LogOutputStream:75 - [STDERR_REDIRECT] [Fatal Error] :1:1: Premature end of file.
2026-04-12 23:46:02,001 [ERROR] LogOutputStream:75 - [STDERR_REDIRECT] 
2026-04-12 23:46:03,002 [ERROR] LogOutputStream:75 - [STDERR_REDIRECT] [Fatal Error] :1:1: Premature end of file.
2026-04-12 23:46:03,003 [ERROR] LogOutputStream:75 - [STDERR_REDIRECT] 
2026-04-12 23:46:04,110 [ERROR] LogOutputStream:75 - [STDERR_REDIRECT] [Fatal Error] :1:1: Premature end of file.
2026-04-12 23:46:04,111 [ERROR] LogOutputStream:75 - [STDERR_REDIRECT] 
2026-04-12 23:46:04,992 [ERROR] LogOutputStream:75 - [STDERR_REDIRECT] [Fatal Error] :1:1: Premature end of file.
2026-04-12 23:46:04,992 [ERROR] LogOutputStream:75 - [STDERR_REDIRECT] 
2026-04-12 23:46:06,027 [ERROR] LogOutputStream:75 - [STDERR_REDIRECT] [Fatal Error] :1:1: Premature end of file.
2026-04-12 23:46:06,030 [ERROR] LogOutputStream:75 - [STDERR_REDIRECT] 
2026-04-12 23:46:06,997 [ERROR] LogOutputStream:75 - [STDERR_REDIRECT] [Fatal Error] :1:1: Premature end of file.
2026-04-12 23:46:06,997 [ERROR] LogOutputStream:75 - [STDERR_REDIRECT] 
2026-04-12 23:46:07,995 [ERROR] LogOutputStream:75 - [STDERR_REDIRECT] [Fatal Error] :1:1: Premature end of file.
2026-04-12 23:46:07,995 [ERROR] LogOutputStream:75 - [STDERR_REDIRECT] 
2026-04-12 23:46:08,995 [ERROR] LogOutputStream:75 - [STDERR_REDIRECT] [Fatal Error] :1:1: Premature end of file.
2026-04-12 23:46:08,995 [ERROR] LogOutputStream:75 - [STDERR_REDIRECT] 
2026-04-12 23:46:10,011 [ERROR] LogOutputStream:75 - [STDERR_REDIRECT] [Fatal Error] :1:1: Premature end of file.
2026-04-12 23:46:10,011 [ERROR] LogOutputStream:75 - [STDERR_REDIRECT] 
2026-04-12 23:46:10,990 [ERROR] LogOutputStream:75 - [STDERR_REDIRECT] [Fatal Error] :1:1: Premature end of file.
2026-04-12 23:46:10,990 [ERROR] LogOutputStream:75 - [STDERR_REDIRECT] 
2026-04-12 23:46:11,999 [ERROR] LogOutputStream:75 - [STDERR_REDIRECT] [Fatal Error] :1:1: Premature end of file.
2026-04-12 23:46:11,999 [ERROR] LogOutputStream:75 - [STDERR_REDIRECT] 
2026-04-12 23:46:12,996 [ERROR] LogOutputStream:75 - [STDERR_REDIRECT] [Fatal Error] :1:1: Premature end of file.
2026-04-12 23:46:12,996 [ERROR] LogOutputStream:75 - [STDERR_REDIRECT] 
2026-04-12 23:46:14,002 [ERROR] LogOutputStream:75 - [STDERR_REDIRECT] [Fatal Error] :1:1: Premature end of file.
2026-04-12 23:46:14,002 [ERROR] LogOutputStream:75 - [STDERR_REDIRECT] 
2026-04-12 23:46:14,997 [ERROR] LogOutputStream:75 - [STDERR_REDIRECT] [Fatal Error] :1:1: Premature end of file.
2026-04-12 23:46:14,997 [ERROR] LogOutputStream:75 - [STDERR_REDIRECT] 
2026-04-12 23:46:15,992 [ERROR] LogOutputStream:75 - [STDERR_REDIRECT] [Fatal Error] :1:1: Premature end of file.
2026-04-12 23:46:15,992 [ERROR] LogOutputStream:75 - [STDERR_REDIRECT] 
2026-04-12 23:46:16,998 [ERROR] LogOutputStream:75 - [STDERR_REDIRECT] [Fatal Error] :1:1: Premature end of file.
2026-04-12 23:46:16,999 [ERROR] LogOutputStream:75 - [STDERR_REDIRECT] 
2026-04-12 23:46:18,010 [ERROR] LogOutputStream:75 - [STDERR_REDIRECT] [Fatal Error] :1:1: Premature end of file.
2026-04-12 23:46:18,010 [ERROR] LogOutputStream:75 - [STDERR_REDIRECT] 
2026-04-12 23:46:18,989 [ERROR] LogOutputStream:75 - [STDERR_REDIRECT] [Fatal Error] :1:1: Premature end of file.
2026-04-12 23:46:18,989 [ERROR] LogOutputStream:75 - [STDERR_REDIRECT] 
2026-04-12 23:46:19,999 [ERROR] LogOutputStream:75 - [STDERR_REDIRECT] [Fatal Error] :1:1: Premature end of file.
2026-04-12 23:46:20,000 [ERROR] LogOutputStream:75 - [STDERR_REDIRECT] 
2026-04-12 23:46:20,992 [ERROR] LogOutputStream:75 - [STDERR_REDIRECT] [Fatal Error] :1:1: Premature end of file.
2026-04-12 23:46:20,992 [ERROR] LogOutputStream:75 - [STDERR_REDIRECT] 
2026-04-12 23:46:22,007 [ERROR] LogOutputStream:75 - [STDERR_REDIRECT] [Fatal Error] :1:1: Premature end of file.
2026-04-12 23:46:22,007 [ERROR] LogOutputStream:75 - [STDERR_REDIRECT] 
2026-04-12 23:46:22,991 [ERROR] LogOutputStream:75 - [STDERR_REDIRECT] [Fatal Error] :1:1: Premature end of file.
2026-04-12 23:46:22,992 [ERROR] LogOutputStream:75 - [STDERR_REDIRECT] 
2026-04-12 23:46:24,002 [ERROR] LogOutputStream:75 - [STDERR_REDIRECT] [Fatal Error] :1:1: Premature end of file.
2026-04-12 23:46:24,003 [ERROR] LogOutputStream:75 - [STDERR_REDIRECT] 
2026-04-12 23:46:25,002 [ERROR] LogOutputStream:75 - [STDERR_REDIRECT] [Fatal Error] :1:1: Premature end of file.
2026-04-12 23:46:25,003 [ERROR] LogOutputStream:75 - [STDERR_REDIRECT] 
2026-04-12 23:46:25,990 [ERROR] LogOutputStream:75 - [STDERR_REDIRECT] [Fatal Error] :1:1: Premature end of file.
2026-04-12 23:46:25,990 [ERROR] LogOutputStream:75 - [STDERR_REDIRECT] 
2026-04-12 23:46:27,078 [ERROR] LogOutputStream:75 - [STDERR_REDIRECT] [Fatal Error] :1:1: Premature end of file.
2026-04-12 23:46:27,079 [ERROR] LogOutputStream:75 - [STDERR_REDIRECT] 
2026-04-12 23:46:28,023 [ERROR] LogOutputStream:75 - [STDERR_REDIRECT] [Fatal Error] :1:1: Premature end of file.
2026-04-12 23:46:28,023 [ERROR] LogOutputStream:75 - [STDERR_REDIRECT] 
2026-04-12 23:46:29,005 [ERROR] LogOutputStream:75 - [STDERR_REDIRECT] [Fatal Error] :1:1: Premature end of file.
2026-04-12 23:46:29,005 [ERROR] LogOutputStream:75 - [STDERR_REDIRECT] 
2026-04-12 23:46:30,000 [ERROR] LogOutputStream:75 - [STDERR_REDIRECT] [Fatal Error] :1:1: Premature end of file.
2026-04-12 23:46:30,001 [ERROR] LogOutputStream:75 - [STDERR_REDIRECT] 
2026-04-12 23:46:30,998 [ERROR] LogOutputStream:75 - [STDERR_REDIRECT] [Fatal Error] :1:1: Premature end of file.
2026-04-12 23:46:30,998 [ERROR] LogOutputStream:75 - [STDERR_REDIRECT] 
2026-04-12 23:46:32,009 [ERROR] LogOutputStream:75 - [STDERR_REDIRECT] [Fatal Error] :1:1: Premature end of file.
2026-04-12 23:46:32,009 [ERROR] LogOutputStream:75 - [STDERR_REDIRECT] 
2026-04-12 23:46:33,012 [ERROR] LogOutputStream:75 - [STDERR_REDIRECT] [Fatal Error] :1:1: Premature end of file.
2026-04-12 23:46:33,012 [ERROR] LogOutputStream:75 - [STDERR_REDIRECT] 
2026-04-12 23:46:34,174 [ERROR] LogOutputStream:75 - [STDERR_REDIRECT] [Fatal Error] :1:1: Premature end of file.
2026-04-12 23:46:34,175 [ERROR] LogOutputStream:75 - [STDERR_REDIRECT] 
2026-04-12 23:46:35,110 [ERROR] LogOutputStream:75 - [STDERR_REDIRECT] [Fatal Error] :1:1: Premature end of file.
2026-04-12 23:46:35,110 [ERROR] LogOutputStream:75 - [STDERR_REDIRECT] 
2026-04-12 23:46:36,022 [ERROR] LogOutputStream:75 - [STDERR_REDIRECT] [Fatal Error] :1:1: Premature end of file.
2026-04-12 23:46:36,022 [ERROR] LogOutputStream:75 - [STDERR_REDIRECT] 
2026-04-12 23:46:37,010 [ERROR] LogOutputStream:75 - [STDERR_REDIRECT] [Fatal Error] :1:1: Premature end of file.
2026-04-12 23:46:37,010 [ERROR] LogOutputStream:75 - [STDERR_REDIRECT] 
2026-04-12 23:46:38,001 [ERROR] LogOutputStream:75 - [STDERR_REDIRECT] [Fatal Error] :1:1: Premature end of file.
2026-04-12 23:46:38,001 [ERROR] LogOutputStream:75 - [STDERR_REDIRECT] 
2026-04-12 23:46:38,996 [ERROR] LogOutputStream:75 - [STDERR_REDIRECT] [Fatal Error] :1:1: Premature end of file.
2026-04-12 23:46:38,996 [ERROR] LogOutputStream:75 - [STDERR_REDIRECT] 
2026-04-12 23:46:40,267 [ERROR] LogOutputStream:75 - [STDERR_REDIRECT] [Fatal Error] :1:1: Premature end of file.
2026-04-12 23:46:40,267 [ERROR] LogOutputStream:75 - [STDERR_REDIRECT] 
2026-04-12 23:46:41,304 [ERROR] LogOutputStream:75 - [STDERR_REDIRECT] [Fatal Error] :1:1: Premature end of file.
2026-04-12 23:46:41,304 [ERROR] LogOutputStream:75 - [STDERR_REDIRECT] 
2026-04-12 23:46:42,148 [ERROR] LogOutputStream:75 - [STDERR_REDIRECT] [Fatal Error] :1:1: Premature end of file.
2026-04-12 23:46:42,148 [ERROR] LogOutputStream:75 - [STDERR_REDIRECT] 
2026-04-12 23:46:43,021 [ERROR] LogOutputStream:75 - [STDERR_REDIRECT] [Fatal Error] :1:1: Premature end of file.
2026-04-12 23:46:43,021 [ERROR] LogOutputStream:75 - [STDERR_REDIRECT] 
2026-04-12 23:46:44,009 [ERROR] LogOutputStream:75 - [STDERR_REDIRECT] [Fatal Error] :1:1: Premature end of file.
2026-04-12 23:46:44,009 [ERROR] LogOutputStream:75 - [STDERR_REDIRECT] 
2026-04-12 23:46:45,039 [ERROR] LogOutputStream:75 - [STDERR_REDIRECT] [Fatal Error] :1:1: Premature end of file.
2026-04-12 23:46:45,039 [ERROR] LogOutputStream:75 - [STDERR_REDIRECT] 
2026-04-12 23:46:46,013 [ERROR] LogOutputStream:75 - [STDERR_REDIRECT] [Fatal Error] :1:1: Premature end of file.
2026-04-12 23:46:46,013 [ERROR] LogOutputStream:75 - [STDERR_REDIRECT] 
2026-04-12 23:46:47,051 [ERROR] LogOutputStream:75 - [STDERR_REDIRECT] [Fatal Error] :1:1: Premature end of file.
2026-04-12 23:46:47,051 [ERROR] LogOutputStream:75 - [STDERR_REDIRECT] 
2026-04-12 23:46:48,028 [ERROR] LogOutputStream:75 - [STDERR_REDIRECT] [Fatal Error] :1:1: Premature end of file.
2026-04-12 23:46:48,029 [ERROR] LogOutputStream:75 - [STDERR_REDIRECT] 
2026-04-12 23:46:49,004 [ERROR] LogOutputStream:75 - [STDERR_REDIRECT] [Fatal Error] :1:1: Premature end of file.
2026-04-12 23:46:49,004 [ERROR] LogOutputStream:75 - [STDERR_REDIRECT] 
2026-04-12 23:46:50,011 [ERROR] LogOutputStream:75 - [STDERR_REDIRECT] [Fatal Error] :1:1: Premature end of file.
2026-04-12 23:46:50,012 [ERROR] LogOutputStream:75 - [STDERR_REDIRECT] 
2026-04-12 23:46:51,017 [ERROR] LogOutputStream:75 - [STDERR_REDIRECT] [Fatal Error] :1:1: Premature end of file.
2026-04-12 23:46:51,017 [ERROR] LogOutputStream:75 - [STDERR_REDIRECT] 
2026-04-12 23:46:52,012 [ERROR] LogOutputStream:75 - [STDERR_REDIRECT] [Fatal Error] :1:1: Premature end of file.
2026-04-12 23:46:52,012 [ERROR] LogOutputStream:75 - [STDERR_REDIRECT] 
2026-04-12 23:46:53,006 [ERROR] LogOutputStream:75 - [STDERR_REDIRECT] [Fatal Error] :1:1: Premature end of file.
2026-04-12 23:46:53,007 [ERROR] LogOutputStream:75 - [STDERR_REDIRECT] 
2026-04-12 23:46:54,050 [ERROR] LogOutputStream:75 - [STDERR_REDIRECT] [Fatal Error] :1:1: Premature end of file.
2026-04-12 23:46:54,051 [ERROR] LogOutputStream:75 - [STDERR_REDIRECT] 
2026-04-12 23:46:54,998 [ERROR] LogOutputStream:75 - [STDERR_REDIRECT] [Fatal Error] :1:1: Premature end of file.
2026-04-12 23:46:54,998 [ERROR] LogOutputStream:75 - [STDERR_REDIRECT] 
2026-04-12 23:46:56,003 [ERROR] LogOutputStream:75 - [STDERR_REDIRECT] [Fatal Error] :1:1: Premature end of file.
2026-04-12 23:46:56,003 [ERROR] LogOutputStream:75 - [STDERR_REDIRECT] 
2026-04-12 23:46:56,997 [ERROR] LogOutputStream:75 - [STDERR_REDIRECT] [Fatal Error] :1:1: Premature end of file.
2026-04-12 23:46:56,997 [ERROR] LogOutputStream:75 - [STDERR_REDIRECT] 
2026-04-12 23:46:58,023 [ERROR] LogOutputStream:75 - [STDERR_REDIRECT] [Fatal Error] :1:1: Premature end of file.
2026-04-12 23:46:58,023 [ERROR] LogOutputStream:75 - [STDERR_REDIRECT] 
2026-04-12 23:46:59,009 [ERROR] LogOutputStream:75 - [STDERR_REDIRECT] [Fatal Error] :1:1: Premature end of file.
2026-04-12 23:46:59,010 [ERROR] LogOutputStream:75 - [STDERR_REDIRECT] 
2026-04-12 23:47:00,021 [ERROR] LogOutputStream:75 - [STDERR_REDIRECT] [Fatal Error] :1:1: Premature end of file.
2026-04-12 23:47:00,022 [ERROR] LogOutputStream:75 - [STDERR_REDIRECT] 
2026-04-12 23:47:01,013 [ERROR] LogOutputStream:75 - [STDERR_REDIRECT] [Fatal Error] :1:1: Premature end of file.
2026-04-12 23:47:01,014 [ERROR] LogOutputStream:75 - [STDERR_REDIRECT] 
2026-04-12 23:47:01,988 [ERROR] LogOutputStream:75 - [STDERR_REDIRECT] [Fatal Error] :1:1: Premature end of file.
2026-04-12 23:47:01,989 [ERROR] LogOutputStream:75 - [STDERR_REDIRECT] 
2026-04-12 23:47:02,998 [ERROR] LogOutputStream:75 - [STDERR_REDIRECT] [Fatal Error] :1:1: Premature end of file.
2026-04-12 23:47:02,998 [ERROR] LogOutputStream:75 - [STDERR_REDIRECT] 
2026-04-12 23:47:03,996 [ERROR] LogOutputStream:75 - [STDERR_REDIRECT] [Fatal Error] :1:1: Premature end of file.
2026-04-12 23:47:03,996 [ERROR] LogOutputStream:75 - [STDERR_REDIRECT] 
2026-04-12 23:47:04,990 [ERROR] LogOutputStream:75 - [STDERR_REDIRECT] [Fatal Error] :1:1: Premature end of file.
2026-04-12 23:47:04,990 [ERROR] LogOutputStream:75 - [STDERR_REDIRECT] 
2026-04-12 23:47:05,989 [ERROR] LogOutputStream:75 - [STDERR_REDIRECT] [Fatal Error] :1:1: Premature end of file.
2026-04-12 23:47:05,989 [ERROR] LogOutputStream:75 - [STDERR_REDIRECT] 
2026-04-12 23:47:07,044 [ERROR] LogOutputStream:75 - [STDERR_REDIRECT] [Fatal Error] :1:1: Premature end of file.
2026-04-12 23:47:07,044 [ERROR] LogOutputStream:75 - [STDERR_REDIRECT] 
2026-04-12 23:47:07,993 [ERROR] LogOutputStream:75 - [STDERR_REDIRECT] [Fatal Error] :1:1: Premature end of file.
2026-04-12 23:47:07,993 [ERROR] LogOutputStream:75 - [STDERR_REDIRECT] 
2026-04-12 23:47:09,048 [ERROR] LogOutputStream:75 - [STDERR_REDIRECT] [Fatal Error] :1:1: Premature end of file.
2026-04-12 23:47:09,048 [ERROR] LogOutputStream:75 - [STDERR_REDIRECT] 
2026-04-12 23:47:09,995 [ERROR] LogOutputStream:75 - [STDERR_REDIRECT] [Fatal Error] :1:1: Premature end of file.
2026-04-12 23:47:09,996 [ERROR] LogOutputStream:75 - [STDERR_REDIRECT] 
2026-04-12 23:47:10,997 [ERROR] LogOutputStream:75 - [STDERR_REDIRECT] [Fatal Error] :1:1: Premature end of file.
2026-04-12 23:47:10,997 [ERROR] LogOutputStream:75 - [STDERR_REDIRECT] 
2026-04-12 23:47:11,996 [ERROR] LogOutputStream:75 - [STDERR_REDIRECT] [Fatal Error] :1:1: Premature end of file.
2026-04-12 23:47:11,996 [ERROR] LogOutputStream:75 - [STDERR_REDIRECT] 
2026-04-12 23:47:13,003 [ERROR] LogOutputStream:75 - [STDERR_REDIRECT] [Fatal Error] :1:1: Premature end of file.
2026-04-12 23:47:13,003 [ERROR] LogOutputStream:75 - [STDERR_REDIRECT] 
2026-04-12 23:47:13,993 [ERROR] LogOutputStream:75 - [STDERR_REDIRECT] [Fatal Error] :1:1: Premature end of file.
2026-04-12 23:47:13,993 [ERROR] LogOutputStream:75 - [STDERR_REDIRECT] 
2026-04-12 23:47:14,993 [ERROR] LogOutputStream:75 - [STDERR_REDIRECT] [Fatal Error] :1:1: Premature end of file.
2026-04-12 23:47:14,993 [ERROR] LogOutputStream:75 - [STDERR_REDIRECT] 
2026-04-12 23:47:16,001 [ERROR] LogOutputStream:75 - [STDERR_REDIRECT] [Fatal Error] :1:1: Premature end of file.
2026-04-12 23:47:16,001 [ERROR] LogOutputStream:75 - [STDERR_REDIRECT] 
2026-04-12 23:47:17,002 [ERROR] LogOutputStream:75 - [STDERR_REDIRECT] [Fatal Error] :1:1: Premature end of file.
2026-04-12 23:47:17,002 [ERROR] LogOutputStream:75 - [STDERR_REDIRECT] 
2026-04-12 23:47:17,995 [ERROR] LogOutputStream:75 - [STDERR_REDIRECT] [Fatal Error] :1:1: Premature end of file.
2026-04-12 23:47:17,996 [ERROR] LogOutputStream:75 - [STDERR_REDIRECT] 
2026-04-12 23:47:18,990 [ERROR] LogOutputStream:75 - [STDERR_REDIRECT] [Fatal Error] :1:1: Premature end of file.
2026-04-12 23:47:18,990 [ERROR] LogOutputStream:75 - [STDERR_REDIRECT] 
2026-04-12 23:47:19,997 [ERROR] LogOutputStream:75 - [STDERR_REDIRECT] [Fatal Error] :1:1: Premature end of file.
2026-04-12 23:47:19,998 [ERROR] LogOutputStream:75 - [STDERR_REDIRECT] 
2026-04-12 23:47:21,003 [ERROR] LogOutputStream:75 - [STDERR_REDIRECT] [Fatal Error] :1:1: Premature end of file.
2026-04-12 23:47:21,003 [ERROR] LogOutputStream:75 - [STDERR_REDIRECT] 
2026-04-12 23:47:21,990 [ERROR] LogOutputStream:75 - [STDERR_REDIRECT] [Fatal Error] :1:1: Premature end of file.
2026-04-12 23:47:21,990 [ERROR] LogOutputStream:75 - [STDERR_REDIRECT] 
2026-04-12 23:47:22,996 [ERROR] LogOutputStream:75 - [STDERR_REDIRECT] [Fatal Error] :1:1: Premature end of file.
2026-04-12 23:47:22,996 [ERROR] LogOutputStream:75 - [STDERR_REDIRECT] 
2026-04-12 23:47:24,000 [ERROR] LogOutputStream:75 - [STDERR_REDIRECT] [Fatal Error] :1:1: Premature end of file.
2026-04-12 23:47:24,000 [ERROR] LogOutputStream:75 - [STDERR_REDIRECT] 
2026-04-12 23:47:25,000 [ERROR] LogOutputStream:75 - [STDERR_REDIRECT] [Fatal Error] :1:1: Premature end of file.
2026-04-12 23:47:25,001 [ERROR] LogOutputStream:75 - [STDERR_REDIRECT] 
2026-04-12 23:47:25,994 [ERROR] LogOutputStream:75 - [STDERR_REDIRECT] [Fatal Error] :1:1: Premature end of file.
2026-04-12 23:47:25,994 [ERROR] LogOutputStream:75 - [STDERR_REDIRECT] 
2026-04-12 23:47:26,998 [ERROR] LogOutputStream:75 - [STDERR_REDIRECT] [Fatal Error] :1:1: Premature end of file.
2026-04-12 23:47:26,999 [ERROR] LogOutputStream:75 - [STDERR_REDIRECT] 
2026-04-12 23:47:27,994 [ERROR] LogOutputStream:75 - [STDERR_REDIRECT] [Fatal Error] :1:1: Premature end of file.
2026-04-12 23:47:27,994 [ERROR] LogOutputStream:75 - [STDERR_REDIRECT] 
2026-04-12 23:47:29,001 [ERROR] LogOutputStream:75 - [STDERR_REDIRECT] [Fatal Error] :1:1: Premature end of file.
2026-04-12 23:47:29,001 [ERROR] LogOutputStream:75 - [STDERR_REDIRECT] 
2026-04-12 23:47:30,012 [ERROR] LogOutputStream:75 - [STDERR_REDIRECT] [Fatal Error] :1:1: Premature end of file.
2026-04-12 23:47:30,012 [ERROR] LogOutputStream:75 - [STDERR_REDIRECT] 
2026-04-12 23:47:30,998 [ERROR] LogOutputStream:75 - [STDERR_REDIRECT] [Fatal Error] :1:1: Premature end of file.
2026-04-12 23:47:30,998 [ERROR] LogOutputStream:75 - [STDERR_REDIRECT] 
2026-04-12 23:47:32,004 [ERROR] LogOutputStream:75 - [STDERR_REDIRECT] [Fatal Error] :1:1: Premature end of file.
2026-04-12 23:47:32,004 [ERROR] LogOutputStream:75 - [STDERR_REDIRECT] 
2026-04-12 23:47:32,996 [ERROR] LogOutputStream:75 - [STDERR_REDIRECT] [Fatal Error] :1:1: Premature end of file.
2026-04-12 23:47:32,996 [ERROR] LogOutputStream:75 - [STDERR_REDIRECT] 
2026-04-12 23:47:34,003 [ERROR] LogOutputStream:75 - [STDERR_REDIRECT] [Fatal Error] :1:1: Premature end of file.
2026-04-12 23:47:34,003 [ERROR] LogOutputStream:75 - [STDERR_REDIRECT] 
2026-04-12 23:47:34,993 [ERROR] LogOutputStream:75 - [STDERR_REDIRECT] [Fatal Error] :1:1: Premature end of file.
2026-04-12 23:47:34,993 [ERROR] LogOutputStream:75 - [STDERR_REDIRECT] 
2026-04-12 23:47:36,002 [ERROR] LogOutputStream:75 - [STDERR_REDIRECT] [Fatal Error] :1:1: Premature end of file.
2026-04-12 23:47:36,002 [ERROR] LogOutputStream:75 - [STDERR_REDIRECT] 
2026-04-12 23:47:36,992 [ERROR] LogOutputStream:75 - [STDERR_REDIRECT] [Fatal Error] :1:1: Premature end of file.
2026-04-12 23:47:36,992 [ERROR] LogOutputStream:75 - [STDERR_REDIRECT] 
2026-04-12 23:47:38,005 [ERROR] LogOutputStream:75 - [STDERR_REDIRECT] [Fatal Error] :1:1: Premature end of file.
2026-04-12 23:47:38,005 [ERROR] LogOutputStream:75 - [STDERR_REDIRECT] 
2026-04-12 23:47:38,990 [ERROR] LogOutputStream:75 - [STDERR_REDIRECT] [Fatal Error] :1:1: Premature end of file.
2026-04-12 23:47:38,990 [ERROR] LogOutputStream:75 - [STDERR_REDIRECT] 
2026-04-12 23:47:40,001 [ERROR] LogOutputStream:75 - [STDERR_REDIRECT] [Fatal Error] :1:1: Premature end of file.
2026-04-12 23:47:40,001 [ERROR] LogOutputStream:75 - [STDERR_REDIRECT] 
2026-04-12 23:47:40,988 [ERROR] LogOutputStream:75 - [STDERR_REDIRECT] [Fatal Error] :1:1: Premature end of file.
2026-04-12 23:47:40,988 [ERROR] LogOutputStream:75 - [STDERR_REDIRECT] 
2026-04-12 23:47:41,995 [ERROR] LogOutputStream:75 - [STDERR_REDIRECT] [Fatal Error] :1:1: Premature end of file.
2026-04-12 23:47:41,995 [ERROR] LogOutputStream:75 - [STDERR_REDIRECT] 
2026-04-12 23:47:43,020 [ERROR] LogOutputStream:75 - [STDERR_REDIRECT] [Fatal Error] :1:1: Premature end of file.
2026-04-12 23:47:43,020 [ERROR] LogOutputStream:75 - [STDERR_REDIRECT] 
2026-04-12 23:47:43,998 [ERROR] LogOutputStream:75 - [STDERR_REDIRECT] [Fatal Error] :1:1: Premature end of file.
2026-04-12 23:47:43,998 [ERROR] LogOutputStream:75 - [STDERR_REDIRECT] 
2026-04-12 23:47:44,989 [ERROR] LogOutputStream:75 - [STDERR_REDIRECT] [Fatal Error] :1:1: Premature end of file.
2026-04-12 23:47:44,989 [ERROR] LogOutputStream:75 - [STDERR_REDIRECT] 
2026-04-12 23:47:46,000 [ERROR] LogOutputStream:75 - [STDERR_REDIRECT] [Fatal Error] :1:1: Premature end of file.
2026-04-12 23:47:46,000 [ERROR] LogOutputStream:75 - [STDERR_REDIRECT] 
2026-04-12 23:47:46,992 [ERROR] LogOutputStream:75 - [STDERR_REDIRECT] [Fatal Error] :1:1: Premature end of file.
2026-04-12 23:47:46,992 [ERROR] LogOutputStream:75 - [STDERR_REDIRECT] 
2026-04-12 23:47:47,986 [ERROR] LogOutputStream:75 - [STDERR_REDIRECT] [Fatal Error] :1:1: Premature end of file.
2026-04-12 23:47:47,986 [ERROR] LogOutputStream:75 - [STDERR_REDIRECT] 
2026-04-12 23:47:48,995 [ERROR] LogOutputStream:75 - [STDERR_REDIRECT] [Fatal Error] :1:1: Premature end of file.
2026-04-12 23:47:48,995 [ERROR] LogOutputStream:75 - [STDERR_REDIRECT] 
2026-04-12 23:47:49,995 [ERROR] LogOutputStream:75 - [STDERR_REDIRECT] [Fatal Error] :1:1: Premature end of file.
2026-04-12 23:47:49,995 [ERROR] LogOutputStream:75 - [STDERR_REDIRECT] 
2026-04-12 23:47:50,988 [ERROR] LogOutputStream:75 - [STDERR_REDIRECT] [Fatal Error] :1:1: Premature end of file.
2026-04-12 23:47:50,988 [ERROR] LogOutputStream:75 - [STDERR_REDIRECT] 
2026-04-12 23:47:51,992 [ERROR] LogOutputStream:75 - [STDERR_REDIRECT] [Fatal Error] :1:1: Premature end of file.
2026-04-12 23:47:51,993 [ERROR] LogOutputStream:75 - [STDERR_REDIRECT] 
2026-04-12 23:47:52,999 [ERROR] LogOutputStream:75 - [STDERR_REDIRECT] [Fatal Error] :1:1: Premature end of file.
2026-04-12 23:47:52,999 [ERROR] LogOutputStream:75 - [STDERR_REDIRECT] 
2026-04-12 23:47:53,993 [ERROR] LogOutputStream:75 - [STDERR_REDIRECT] [Fatal Error] :1:1: Premature end of file.
2026-04-12 23:47:53,993 [ERROR] LogOutputStream:75 - [STDERR_REDIRECT] 
2026-04-12 23:47:54,988 [ERROR] LogOutputStream:75 - [STDERR_REDIRECT] [Fatal Error] :1:1: Premature end of file.
2026-04-12 23:47:54,989 [ERROR] LogOutputStream:75 - [STDERR_REDIRECT] 
2026-04-12 23:47:56,000 [ERROR] LogOutputStream:75 - [STDERR_REDIRECT] [Fatal Error] :1:1: Premature end of file.
2026-04-12 23:47:56,000 [ERROR] LogOutputStream:75 - [STDERR_REDIRECT] 
2026-04-12 23:47:56,999 [ERROR] LogOutputStream:75 - [STDERR_REDIRECT] [Fatal Error] :1:1: Premature end of file.
2026-04-12 23:47:56,999 [ERROR] LogOutputStream:75 - [STDERR_REDIRECT] 
2026-04-12 23:47:57,990 [ERROR] LogOutputStream:75 - [STDERR_REDIRECT] [Fatal Error] :1:1: Premature end of file.
2026-04-12 23:47:57,991 [ERROR] LogOutputStream:75 - [STDERR_REDIRECT] 
2026-04-12 23:47:59,017 [ERROR] LogOutputStream:75 - [STDERR_REDIRECT] [Fatal Error] :1:1: Premature end of file.
2026-04-12 23:47:59,017 [ERROR] LogOutputStream:75 - [STDERR_REDIRECT] 
2026-04-12 23:47:59,997 [ERROR] LogOutputStream:75 - [STDERR_REDIRECT] [Fatal Error] :1:1: Premature end of file.
2026-04-12 23:47:59,997 [ERROR] LogOutputStream:75 - [STDERR_REDIRECT] 
2026-04-12 23:48:00,997 [ERROR] LogOutputStream:75 - [STDERR_REDIRECT] [Fatal Error] :1:1: Premature end of file.
2026-04-12 23:48:00,997 [ERROR] LogOutputStream:75 - [STDERR_REDIRECT] 
2026-04-12 23:48:02,002 [ERROR] LogOutputStream:75 - [STDERR_REDIRECT] [Fatal Error] :1:1: Premature end of file.
2026-04-12 23:48:02,002 [ERROR] LogOutputStream:75 - [STDERR_REDIRECT] 
2026-04-12 23:48:02,999 [ERROR] LogOutputStream:75 - [STDERR_REDIRECT] [Fatal Error] :1:1: Premature end of file.
2026-04-12 23:48:02,999 [ERROR] LogOutputStream:75 - [STDERR_REDIRECT] 
2026-04-12 23:48:03,994 [ERROR] LogOutputStream:75 - [STDERR_REDIRECT] [Fatal Error] :1:1: Premature end of file.
2026-04-12 23:48:03,994 [ERROR] LogOutputStream:75 - [STDERR_REDIRECT] 
2026-04-12 23:48:04,988 [ERROR] LogOutputStream:75 - [STDERR_REDIRECT] [Fatal Error] :1:1: Premature end of file.
2026-04-12 23:48:04,988 [ERROR] LogOutputStream:75 - [STDERR_REDIRECT] 
2026-04-12 23:48:06,000 [ERROR] LogOutputStream:75 - [STDERR_REDIRECT] [Fatal Error] :1:1: Premature end of file.
2026-04-12 23:48:06,000 [ERROR] LogOutputStream:75 - [STDERR_REDIRECT] 
2026-04-12 23:48:06,996 [ERROR] LogOutputStream:75 - [STDERR_REDIRECT] [Fatal Error] :1:1: Premature end of file.
2026-04-12 23:48:06,996 [ERROR] LogOutputStream:75 - [STDERR_REDIRECT] 
2026-04-12 23:48:07,993 [ERROR] LogOutputStream:75 - [STDERR_REDIRECT] [Fatal Error] :1:1: Premature end of file.
2026-04-12 23:48:07,993 [ERROR] LogOutputStream:75 - [STDERR_REDIRECT] 
2026-04-12 23:48:08,995 [ERROR] LogOutputStream:75 - [STDERR_REDIRECT] [Fatal Error] :1:1: Premature end of file.
2026-04-12 23:48:08,996 [ERROR] LogOutputStream:75 - [STDERR_REDIRECT] 
2026-04-12 23:48:09,992 [ERROR] LogOutputStream:75 - [STDERR_REDIRECT] [Fatal Error] :1:1: Premature end of file.
2026-04-12 23:48:09,992 [ERROR] LogOutputStream:75 - [STDERR_REDIRECT] 
2026-04-12 23:48:10,991 [ERROR] LogOutputStream:75 - [STDERR_REDIRECT] [Fatal Error] :1:1: Premature end of file.
2026-04-12 23:48:10,991 [ERROR] LogOutputStream:75 - [STDERR_REDIRECT] 
2026-04-12 23:48:12,003 [ERROR] LogOutputStream:75 - [STDERR_REDIRECT] [Fatal Error] :1:1: Premature end of file.
2026-04-12 23:48:12,003 [ERROR] LogOutputStream:75 - [STDERR_REDIRECT] 
2026-04-12 23:48:13,002 [ERROR] LogOutputStream:75 - [STDERR_REDIRECT] [Fatal Error] :1:1: Premature end of file.
2026-04-12 23:48:13,002 [ERROR] LogOutputStream:75 - [STDERR_REDIRECT] 
2026-04-12 23:48:13,996 [ERROR] LogOutputStream:75 - [STDERR_REDIRECT] [Fatal Error] :1:1: Premature end of file.
2026-04-12 23:48:13,996 [ERROR] LogOutputStream:75 - [STDERR_REDIRECT] 
2026-04-12 23:48:14,993 [ERROR] LogOutputStream:75 - [STDERR_REDIRECT] [Fatal Error] :1:1: Premature end of file.
2026-04-12 23:48:14,993 [ERROR] LogOutputStream:75 - [STDERR_REDIRECT] 
2026-04-12 23:48:15,999 [ERROR] LogOutputStream:75 - [STDERR_REDIRECT] [Fatal Error] :1:1: Premature end of file.
2026-04-12 23:48:16,000 [ERROR] LogOutputStream:75 - [STDERR_REDIRECT] 
2026-04-12 23:48:16,990 [ERROR] LogOutputStream:75 - [STDERR_REDIRECT] [Fatal Error] :1:1: Premature end of file.
2026-04-12 23:48:16,990 [ERROR] LogOutputStream:75 - [STDERR_REDIRECT] 
2026-04-12 23:48:17,998 [ERROR] LogOutputStream:75 - [STDERR_REDIRECT] [Fatal Error] :1:1: Premature end of file.
2026-04-12 23:48:17,998 [ERROR] LogOutputStream:75 - [STDERR_REDIRECT] 
2026-04-12 23:48:18,991 [ERROR] LogOutputStream:75 - [STDERR_REDIRECT] [Fatal Error] :1:1: Premature end of file.
2026-04-12 23:48:18,991 [ERROR] LogOutputStream:75 - [STDERR_REDIRECT] 
2026-04-12 23:48:20,003 [ERROR] LogOutputStream:75 - [STDERR_REDIRECT] [Fatal Error] :1:1: Premature end of file.
2026-04-12 23:48:20,004 [ERROR] LogOutputStream:75 - [STDERR_REDIRECT] 
2026-04-12 23:48:21,001 [ERROR] LogOutputStream:75 - [STDERR_REDIRECT] [Fatal Error] :1:1: Premature end of file.
2026-04-12 23:48:21,001 [ERROR] LogOutputStream:75 - [STDERR_REDIRECT] 
2026-04-12 23:48:21,993 [ERROR] LogOutputStream:75 - [STDERR_REDIRECT] [Fatal Error] :1:1: Premature end of file.
2026-04-12 23:48:21,993 [ERROR] LogOutputStream:75 - [STDERR_REDIRECT] 
2026-04-12 23:48:22,990 [ERROR] LogOutputStream:75 - [STDERR_REDIRECT] [Fatal Error] :1:1: Premature end of file.
2026-04-12 23:48:22,990 [ERROR] LogOutputStream:75 - [STDERR_REDIRECT] 
2026-04-12 23:48:23,999 [ERROR] LogOutputStream:75 - [STDERR_REDIRECT] [Fatal Error] :1:1: Premature end of file.
2026-04-12 23:48:24,236 [ERROR] LogOutputStream:75 - [STDERR_REDIRECT] 
2026-04-12 23:48:24,994 [ERROR] LogOutputStream:75 - [STDERR_REDIRECT] [Fatal Error] :1:1: Premature end of file.
2026-04-12 23:48:24,995 [ERROR] LogOutputStream:75 - [STDERR_REDIRECT] 
2026-04-12 23:48:26,000 [ERROR] LogOutputStream:75 - [STDERR_REDIRECT] [Fatal Error] :1:1: Premature end of file.
2026-04-12 23:48:26,001 [ERROR] LogOutputStream:75 - [STDERR_REDIRECT] 
2026-04-12 23:48:26,999 [ERROR] LogOutputStream:75 - [STDERR_REDIRECT] [Fatal Error] :1:1: Premature end of file.
2026-04-12 23:48:26,999 [ERROR] LogOutputStream:75 - [STDERR_REDIRECT] 
2026-04-12 23:48:27,993 [ERROR] LogOutputStream:75 - [STDERR_REDIRECT] [Fatal Error] :1:1: Premature end of file.
2026-04-12 23:48:27,993 [ERROR] LogOutputStream:75 - [STDERR_REDIRECT] 
2026-04-12 23:48:28,993 [ERROR] LogOutputStream:75 - [STDERR_REDIRECT] [Fatal Error] :1:1: Premature end of file.
2026-04-12 23:48:28,994 [ERROR] LogOutputStream:75 - [STDERR_REDIRECT] 
2026-04-12 23:48:29,988 [ERROR] LogOutputStream:75 - [STDERR_REDIRECT] [Fatal Error] :1:1: Premature end of file.
2026-04-12 23:48:29,988 [ERROR] LogOutputStream:75 - [STDERR_REDIRECT] 
2026-04-12 23:48:30,999 [ERROR] LogOutputStream:75 - [STDERR_REDIRECT] [Fatal Error] :1:1: Premature end of file.
2026-04-12 23:48:30,999 [ERROR] LogOutputStream:75 - [STDERR_REDIRECT] 
2026-04-12 23:48:31,997 [ERROR] LogOutputStream:75 - [STDERR_REDIRECT] [Fatal Error] :1:1: Premature end of file.
2026-04-12 23:48:31,997 [ERROR] LogOutputStream:75 - [STDERR_REDIRECT] 
2026-04-12 23:48:32,990 [ERROR] LogOutputStream:75 - [STDERR_REDIRECT] [Fatal Error] :1:1: Premature end of file.
2026-04-12 23:48:32,990 [ERROR] LogOutputStream:75 - [STDERR_REDIRECT] 
2026-04-12 23:48:34,000 [ERROR] LogOutputStream:75 - [STDERR_REDIRECT] [Fatal Error] :1:1: Premature end of file.
2026-04-12 23:48:34,001 [ERROR] LogOutputStream:75 - [STDERR_REDIRECT] 
2026-04-12 23:48:34,995 [ERROR] LogOutputStream:75 - [STDERR_REDIRECT] [Fatal Error] :1:1: Premature end of file.
2026-04-12 23:48:34,995 [ERROR] LogOutputStream:75 - [STDERR_REDIRECT] 
2026-04-12 23:48:36,005 [ERROR] LogOutputStream:75 - [STDERR_REDIRECT] [Fatal Error] :1:1: Premature end of file.
2026-04-12 23:48:36,005 [ERROR] LogOutputStream:75 - [STDERR_REDIRECT] 
2026-04-12 23:48:36,997 [ERROR] LogOutputStream:75 - [STDERR_REDIRECT] [Fatal Error] :1:1: Premature end of file.
2026-04-12 23:48:36,997 [ERROR] LogOutputStream:75 - [STDERR_REDIRECT] 
2026-04-12 23:48:37,992 [ERROR] LogOutputStream:75 - [STDERR_REDIRECT] [Fatal Error] :1:1: Premature end of file.
2026-04-12 23:48:37,992 [ERROR] LogOutputStream:75 - [STDERR_REDIRECT] 
2026-04-12 23:48:38,997 [ERROR] LogOutputStream:75 - [STDERR_REDIRECT] [Fatal Error] :1:1: Premature end of file.
2026-04-12 23:48:38,997 [ERROR] LogOutputStream:75 - [STDERR_REDIRECT] 
2026-04-12 23:48:39,990 [ERROR] LogOutputStream:75 - [STDERR_REDIRECT] [Fatal Error] :1:1: Premature end of file.
2026-04-12 23:48:39,990 [ERROR] LogOutputStream:75 - [STDERR_REDIRECT] 
2026-04-12 23:48:41,001 [ERROR] LogOutputStream:75 - [STDERR_REDIRECT] [Fatal Error] :1:1: Premature end of file.
2026-04-12 23:48:41,001 [ERROR] LogOutputStream:75 - [STDERR_REDIRECT] 
2026-04-12 23:48:41,999 [ERROR] LogOutputStream:75 - [STDERR_REDIRECT] [Fatal Error] :1:1: Premature end of file.
2026-04-12 23:48:42,000 [ERROR] LogOutputStream:75 - [STDERR_REDIRECT] 
2026-04-12 23:48:43,000 [ERROR] LogOutputStream:75 - [STDERR_REDIRECT] [Fatal Error] :1:1: Premature end of file.
2026-04-12 23:48:43,000 [ERROR] LogOutputStream:75 - [STDERR_REDIRECT] 
2026-04-12 23:48:43,992 [ERROR] LogOutputStream:75 - [STDERR_REDIRECT] [Fatal Error] :1:1: Premature end of file.
2026-04-12 23:48:43,992 [ERROR] LogOutputStream:75 - [STDERR_REDIRECT] 
2026-04-12 23:48:45,004 [ERROR] LogOutputStream:75 - [STDERR_REDIRECT] [Fatal Error] :1:1: Premature end of file.
2026-04-12 23:48:45,004 [ERROR] LogOutputStream:75 - [STDERR_REDIRECT] 
2026-04-12 23:48:45,991 [ERROR] LogOutputStream:75 - [STDERR_REDIRECT] [Fatal Error] :1:1: Premature end of file.
2026-04-12 23:48:45,991 [ERROR] LogOutputStream:75 - [STDERR_REDIRECT] 
2026-04-12 23:48:46,990 [ERROR] LogOutputStream:75 - [STDERR_REDIRECT] [Fatal Error] :1:1: Premature end of file.
2026-04-12 23:48:46,990 [ERROR] LogOutputStream:75 - [STDERR_REDIRECT] 
2026-04-12 23:48:48,000 [ERROR] LogOutputStream:75 - [STDERR_REDIRECT] [Fatal Error] :1:1: Premature end of file.
2026-04-12 23:48:48,000 [ERROR] LogOutputStream:75 - [STDERR_REDIRECT] 
2026-04-12 23:48:48,992 [ERROR] LogOutputStream:75 - [STDERR_REDIRECT] [Fatal Error] :1:1: Premature end of file.
2026-04-12 23:48:48,992 [ERROR] LogOutputStream:75 - [STDERR_REDIRECT] 
2026-04-12 23:48:50,007 [ERROR] LogOutputStream:75 - [STDERR_REDIRECT] [Fatal Error] :1:1: Premature end of file.
2026-04-12 23:48:50,007 [ERROR] LogOutputStream:75 - [STDERR_REDIRECT] 
2026-04-12 23:48:50,998 [ERROR] LogOutputStream:75 - [STDERR_REDIRECT] [Fatal Error] :1:1: Premature end of file.
2026-04-12 23:48:50,998 [ERROR] LogOutputStream:75 - [STDERR_REDIRECT] 
2026-04-12 23:48:51,990 [ERROR] LogOutputStream:75 - [STDERR_REDIRECT] [Fatal Error] :1:1: Premature end of file.
2026-04-12 23:48:51,990 [ERROR] LogOutputStream:75 - [STDERR_REDIRECT] 
2026-04-12 23:48:52,995 [ERROR] LogOutputStream:75 - [STDERR_REDIRECT] [Fatal Error] :1:1: Premature end of file.
2026-04-12 23:48:52,995 [ERROR] LogOutputStream:75 - [STDERR_REDIRECT] 
2026-04-12 23:48:53,994 [ERROR] LogOutputStream:75 - [STDERR_REDIRECT] [Fatal Error] :1:1: Premature end of file.
2026-04-12 23:48:53,994 [ERROR] LogOutputStream:75 - [STDERR_REDIRECT] 
2026-04-12 23:48:55,002 [ERROR] LogOutputStream:75 - [STDERR_REDIRECT] [Fatal Error] :1:1: Premature end of file.
2026-04-12 23:48:55,002 [ERROR] LogOutputStream:75 - [STDERR_REDIRECT] 
2026-04-12 23:48:55,991 [ERROR] LogOutputStream:75 - [STDERR_REDIRECT] [Fatal Error] :1:1: Premature end of file.
2026-04-12 23:48:55,991 [ERROR] LogOutputStream:75 - [STDERR_REDIRECT] 
2026-04-12 23:48:57,006 [ERROR] LogOutputStream:75 - [STDERR_REDIRECT] [Fatal Error] :1:1: Premature end of file.
2026-04-12 23:48:57,006 [ERROR] LogOutputStream:75 - [STDERR_REDIRECT] 
2026-04-12 23:48:58,001 [ERROR] LogOutputStream:75 - [STDERR_REDIRECT] [Fatal Error] :1:1: Premature end of file.
2026-04-12 23:48:58,001 [ERROR] LogOutputStream:75 - [STDERR_REDIRECT] 
2026-04-12 23:48:58,997 [ERROR] LogOutputStream:75 - [STDERR_REDIRECT] [Fatal Error] :1:1: Premature end of file.
2026-04-12 23:48:58,997 [ERROR] LogOutputStream:75 - [STDERR_REDIRECT] 
2026-04-12 23:49:00,002 [ERROR] LogOutputStream:75 - [STDERR_REDIRECT] [Fatal Error] :1:1: Premature end of file.
2026-04-12 23:49:00,002 [ERROR] LogOutputStream:75 - [STDERR_REDIRECT] 
2026-04-12 23:49:01,004 [ERROR] LogOutputStream:75 - [STDERR_REDIRECT] [Fatal Error] :1:1: Premature end of file.
2026-04-12 23:49:01,004 [ERROR] LogOutputStream:75 - [STDERR_REDIRECT] 
2026-04-12 23:49:01,989 [ERROR] LogOutputStream:75 - [STDERR_REDIRECT] [Fatal Error] :1:1: Premature end of file.
2026-04-12 23:49:01,990 [ERROR] LogOutputStream:75 - [STDERR_REDIRECT] 
2026-04-12 23:49:02,994 [ERROR] LogOutputStream:75 - [STDERR_REDIRECT] [Fatal Error] :1:1: Premature end of file.
2026-04-12 23:49:02,995 [ERROR] LogOutputStream:75 - [STDERR_REDIRECT] 
2026-04-12 23:49:04,004 [ERROR] LogOutputStream:75 - [STDERR_REDIRECT] [Fatal Error] :1:1: Premature end of file.
2026-04-12 23:49:04,004 [ERROR] LogOutputStream:75 - [STDERR_REDIRECT] 
2026-04-12 23:49:05,002 [ERROR] LogOutputStream:75 - [STDERR_REDIRECT] [Fatal Error] :1:1: Premature end of file.
2026-04-12 23:49:05,002 [ERROR] LogOutputStream:75 - [STDERR_REDIRECT] 
2026-04-12 23:49:05,995 [ERROR] LogOutputStream:75 - [STDERR_REDIRECT] [Fatal Error] :1:1: Premature end of file.
2026-04-12 23:49:05,995 [ERROR] LogOutputStream:75 - [STDERR_REDIRECT] 
2026-04-12 23:49:07,001 [ERROR] LogOutputStream:75 - [STDERR_REDIRECT] [Fatal Error] :1:1: Premature end of file.
2026-04-12 23:49:07,002 [ERROR] LogOutputStream:75 - [STDERR_REDIRECT] 
2026-04-12 23:49:08,000 [ERROR] LogOutputStream:75 - [STDERR_REDIRECT] [Fatal Error] :1:1: Premature end of file.
2026-04-12 23:49:08,000 [ERROR] LogOutputStream:75 - [STDERR_REDIRECT] 
2026-04-12 23:49:08,996 [ERROR] LogOutputStream:75 - [STDERR_REDIRECT] [Fatal Error] :1:1: Premature end of file.
2026-04-12 23:49:08,996 [ERROR] LogOutputStream:75 - [STDERR_REDIRECT] 
2026-04-12 23:49:09,990 [ERROR] LogOutputStream:75 - [STDERR_REDIRECT] [Fatal Error] :1:1: Premature end of file.
2026-04-12 23:49:09,991 [ERROR] LogOutputStream:75 - [STDERR_REDIRECT] 
2026-04-12 23:49:10,997 [ERROR] LogOutputStream:75 - [STDERR_REDIRECT] [Fatal Error] :1:1: Premature end of file.
2026-04-12 23:49:10,997 [ERROR] LogOutputStream:75 - [STDERR_REDIRECT] 
2026-04-12 23:49:11,991 [ERROR] LogOutputStream:75 - [STDERR_REDIRECT] [Fatal Error] :1:1: Premature end of file.
2026-04-12 23:49:11,991 [ERROR] LogOutputStream:75 - [STDERR_REDIRECT] 
2026-04-12 23:49:13,001 [ERROR] LogOutputStream:75 - [STDERR_REDIRECT] [Fatal Error] :1:1: Premature end of file.
2026-04-12 23:49:13,001 [ERROR] LogOutputStream:75 - [STDERR_REDIRECT] 
2026-04-12 23:49:13,995 [ERROR] LogOutputStream:75 - [STDERR_REDIRECT] [Fatal Error] :1:1: Premature end of file.
2026-04-12 23:49:13,995 [ERROR] LogOutputStream:75 - [STDERR_REDIRECT] 
2026-04-12 23:49:14,990 [ERROR] LogOutputStream:75 - [STDERR_REDIRECT] [Fatal Error] :1:1: Premature end of file.
2026-04-12 23:49:14,990 [ERROR] LogOutputStream:75 - [STDERR_REDIRECT] 
2026-04-12 23:49:16,002 [ERROR] LogOutputStream:75 - [STDERR_REDIRECT] [Fatal Error] :1:1: Premature end of file.
2026-04-12 23:49:16,002 [ERROR] LogOutputStream:75 - [STDERR_REDIRECT] 
2026-04-12 23:49:16,987 [ERROR] LogOutputStream:75 - [STDERR_REDIRECT] [Fatal Error] :1:1: Premature end of file.
2026-04-12 23:49:16,987 [ERROR] LogOutputStream:75 - [STDERR_REDIRECT] 
2026-04-12 23:49:17,996 [ERROR] LogOutputStream:75 - [STDERR_REDIRECT] [Fatal Error] :1:1: Premature end of file.
2026-04-12 23:49:17,996 [ERROR] LogOutputStream:75 - [STDERR_REDIRECT] 
2026-04-12 23:49:19,003 [ERROR] LogOutputStream:75 - [STDERR_REDIRECT] [Fatal Error] :1:1: Premature end of file.
2026-04-12 23:49:19,003 [ERROR] LogOutputStream:75 - [STDERR_REDIRECT] 
2026-04-12 23:49:19,990 [ERROR] LogOutputStream:75 - [STDERR_REDIRECT] [Fatal Error] :1:1: Premature end of file.
2026-04-12 23:49:19,990 [ERROR] LogOutputStream:75 - [STDERR_REDIRECT] 
2026-04-12 23:49:21,001 [ERROR] LogOutputStream:75 - [STDERR_REDIRECT] [Fatal Error] :1:1: Premature end of file.
2026-04-12 23:49:21,001 [ERROR] LogOutputStream:75 - [STDERR_REDIRECT] 
2026-04-12 23:49:21,999 [ERROR] LogOutputStream:75 - [STDERR_REDIRECT] [Fatal Error] :1:1: Premature end of file.
2026-04-12 23:49:22,000 [ERROR] LogOutputStream:75 - [STDERR_REDIRECT] 
2026-04-12 23:49:22,986 [ERROR] LogOutputStream:75 - [STDERR_REDIRECT] [Fatal Error] :1:1: Premature end of file.
2026-04-12 23:49:22,986 [ERROR] LogOutputStream:75 - [STDERR_REDIRECT] 
2026-04-12 23:49:23,999 [ERROR] LogOutputStream:75 - [STDERR_REDIRECT] [Fatal Error] :1:1: Premature end of file.
2026-04-12 23:49:23,999 [ERROR] LogOutputStream:75 - [STDERR_REDIRECT] 
2026-04-12 23:49:24,996 [ERROR] LogOutputStream:75 - [STDERR_REDIRECT] [Fatal Error] :1:1: Premature end of file.
2026-04-12 23:49:24,996 [ERROR] LogOutputStream:75 - [STDERR_REDIRECT] 
2026-04-12 23:49:25,989 [ERROR] LogOutputStream:75 - [STDERR_REDIRECT] [Fatal Error] :1:1: Premature end of file.
2026-04-12 23:49:25,989 [ERROR] LogOutputStream:75 - [STDERR_REDIRECT] 
2026-04-12 23:49:26,997 [ERROR] LogOutputStream:75 - [STDERR_REDIRECT] [Fatal Error] :1:1: Premature end of file.
2026-04-12 23:49:26,997 [ERROR] LogOutputStream:75 - [STDERR_REDIRECT] 
2026-04-12 23:49:27,993 [ERROR] LogOutputStream:75 - [STDERR_REDIRECT] [Fatal Error] :1:1: Premature end of file.
2026-04-12 23:49:27,993 [ERROR] LogOutputStream:75 - [STDERR_REDIRECT] 
2026-04-12 23:49:29,001 [ERROR] LogOutputStream:75 - [STDERR_REDIRECT] [Fatal Error] :1:1: Premature end of file.
2026-04-12 23:49:29,001 [ERROR] LogOutputStream:75 - [STDERR_REDIRECT] 
2026-04-12 23:49:29,992 [ERROR] LogOutputStream:75 - [STDERR_REDIRECT] [Fatal Error] :1:1: Premature end of file.
2026-04-12 23:49:29,992 [ERROR] LogOutputStream:75 - [STDERR_REDIRECT] 
2026-04-12 23:49:31,000 [ERROR] LogOutputStream:75 - [STDERR_REDIRECT] [Fatal Error] :1:1: Premature end of file.
2026-04-12 23:49:31,000 [ERROR] LogOutputStream:75 - [STDERR_REDIRECT] 
2026-04-12 23:49:31,994 [ERROR] LogOutputStream:75 - [STDERR_REDIRECT] [Fatal Error] :1:1: Premature end of file.
2026-04-12 23:49:31,994 [ERROR] LogOutputStream:75 - [STDERR_REDIRECT] 
2026-04-12 23:49:32,987 [ERROR] LogOutputStream:75 - [STDERR_REDIRECT] [Fatal Error] :1:1: Premature end of file.
2026-04-12 23:49:32,988 [ERROR] LogOutputStream:75 - [STDERR_REDIRECT] 
2026-04-12 23:49:34,001 [ERROR] LogOutputStream:75 - [STDERR_REDIRECT] [Fatal Error] :1:1: Premature end of file.
2026-04-12 23:49:34,001 [ERROR] LogOutputStream:75 - [STDERR_REDIRECT] 
2026-04-12 23:49:34,992 [ERROR] LogOutputStream:75 - [STDERR_REDIRECT] [Fatal Error] :1:1: Premature end of file.
2026-04-12 23:49:34,992 [ERROR] LogOutputStream:75 - [STDERR_REDIRECT] 
2026-04-12 23:49:36,003 [ERROR] LogOutputStream:75 - [STDERR_REDIRECT] [Fatal Error] :1:1: Premature end of file.
2026-04-12 23:49:36,003 [ERROR] LogOutputStream:75 - [STDERR_REDIRECT] 
2026-04-12 23:49:36,995 [ERROR] LogOutputStream:75 - [STDERR_REDIRECT] [Fatal Error] :1:1: Premature end of file.
2026-04-12 23:49:36,995 [ERROR] LogOutputStream:75 - [STDERR_REDIRECT] 
2026-04-12 23:49:37,996 [ERROR] LogOutputStream:75 - [STDERR_REDIRECT] [Fatal Error] :1:1: Premature end of file.
2026-04-12 23:49:37,996 [ERROR] LogOutputStream:75 - [STDERR_REDIRECT] 
2026-04-12 23:49:38,988 [ERROR] LogOutputStream:75 - [STDERR_REDIRECT] [Fatal Error] :1:1: Premature end of file.
2026-04-12 23:49:38,988 [ERROR] LogOutputStream:75 - [STDERR_REDIRECT] 
2026-04-12 23:49:39,998 [ERROR] LogOutputStream:75 - [STDERR_REDIRECT] [Fatal Error] :1:1: Premature end of file.
2026-04-12 23:49:39,998 [ERROR] LogOutputStream:75 - [STDERR_REDIRECT] 
2026-04-12 23:49:40,992 [ERROR] LogOutputStream:75 - [STDERR_REDIRECT] [Fatal Error] :1:1: Premature end of file.
2026-04-12 23:49:40,992 [ERROR] LogOutputStream:75 - [STDERR_REDIRECT] 
2026-04-12 23:49:42,001 [ERROR] LogOutputStream:75 - [STDERR_REDIRECT] [Fatal Error] :1:1: Premature end of file.
2026-04-12 23:49:42,001 [ERROR] LogOutputStream:75 - [STDERR_REDIRECT] 
2026-04-12 23:49:42,998 [ERROR] LogOutputStream:75 - [STDERR_REDIRECT] [Fatal Error] :1:1: Premature end of file.
2026-04-12 23:49:42,999 [ERROR] LogOutputStream:75 - [STDERR_REDIRECT] 
2026-04-12 23:49:43,992 [ERROR] LogOutputStream:75 - [STDERR_REDIRECT] [Fatal Error] :1:1: Premature end of file.
2026-04-12 23:49:43,992 [ERROR] LogOutputStream:75 - [STDERR_REDIRECT] 
2026-04-12 23:49:45,001 [ERROR] LogOutputStream:75 - [STDERR_REDIRECT] [Fatal Error] :1:1: Premature end of file.
2026-04-12 23:49:45,001 [ERROR] LogOutputStream:75 - [STDERR_REDIRECT] 
2026-04-12 23:49:45,998 [ERROR] LogOutputStream:75 - [STDERR_REDIRECT] [Fatal Error] :1:1: Premature end of file.
2026-04-12 23:49:45,998 [ERROR] LogOutputStream:75 - [STDERR_REDIRECT] 
2026-04-12 23:49:46,993 [ERROR] LogOutputStream:75 - [STDERR_REDIRECT] [Fatal Error] :1:1: Premature end of file.
2026-04-12 23:49:46,994 [ERROR] LogOutputStream:75 - [STDERR_REDIRECT] 
2026-04-12 23:49:47,989 [ERROR] LogOutputStream:75 - [STDERR_REDIRECT] [Fatal Error] :1:1: Premature end of file.
2026-04-12 23:49:47,989 [ERROR] LogOutputStream:75 - [STDERR_REDIRECT] 
2026-04-12 23:49:48,996 [ERROR] LogOutputStream:75 - [STDERR_REDIRECT] [Fatal Error] :1:1: Premature end of file.
2026-04-12 23:49:48,996 [ERROR] LogOutputStream:75 - [STDERR_REDIRECT] 
2026-04-12 23:49:49,988 [ERROR] LogOutputStream:75 - [STDERR_REDIRECT] [Fatal Error] :1:1: Premature end of file.
2026-04-12 23:49:49,988 [ERROR] LogOutputStream:75 - [STDERR_REDIRECT] 
2026-04-12 23:49:51,003 [ERROR] LogOutputStream:75 - [STDERR_REDIRECT] [Fatal Error] :1:1: Premature end of file.
2026-04-12 23:49:51,004 [ERROR] LogOutputStream:75 - [STDERR_REDIRECT] 
2026-04-12 23:49:52,000 [ERROR] LogOutputStream:75 - [STDERR_REDIRECT] [Fatal Error] :1:1: Premature end of file.
2026-04-12 23:49:52,000 [ERROR] LogOutputStream:75 - [STDERR_REDIRECT] 
2026-04-12 23:49:52,994 [ERROR] LogOutputStream:75 - [STDERR_REDIRECT] [Fatal Error] :1:1: Premature end of file.
2026-04-12 23:49:52,994 [ERROR] LogOutputStream:75 - [STDERR_REDIRECT] 
2026-04-12 23:49:54,001 [ERROR] LogOutputStream:75 - [STDERR_REDIRECT] [Fatal Error] :1:1: Premature end of file.
2026-04-12 23:49:54,001 [ERROR] LogOutputStream:75 - [STDERR_REDIRECT] 
2026-04-12 23:49:55,001 [ERROR] LogOutputStream:75 - [STDERR_REDIRECT] [Fatal Error] :1:1: Premature end of file.
2026-04-12 23:49:55,001 [ERROR] LogOutputStream:75 - [STDERR_REDIRECT] 
2026-04-12 23:49:55,989 [ERROR] LogOutputStream:75 - [STDERR_REDIRECT] [Fatal Error] :1:1: Premature end of file.
2026-04-12 23:49:55,990 [ERROR] LogOutputStream:75 - [STDERR_REDIRECT] 
2026-04-12 23:49:56,996 [ERROR] LogOutputStream:75 - [STDERR_REDIRECT] [Fatal Error] :1:1: Premature end of file.
2026-04-12 23:49:56,996 [ERROR] LogOutputStream:75 - [STDERR_REDIRECT] 
2026-04-12 23:49:57,988 [ERROR] LogOutputStream:75 - [STDERR_REDIRECT] [Fatal Error] :1:1: Premature end of file.
2026-04-12 23:49:57,988 [ERROR] LogOutputStream:75 - [STDERR_REDIRECT] 
2026-04-12 23:49:58,989 [ERROR] LogOutputStream:75 - [STDERR_REDIRECT] [Fatal Error] :1:1: Premature end of file.
2026-04-12 23:49:58,989 [ERROR] LogOutputStream:75 - [STDERR_REDIRECT] 
2026-04-12 23:49:59,997 [ERROR] LogOutputStream:75 - [STDERR_REDIRECT] [Fatal Error] :1:1: Premature end of file.
2026-04-12 23:49:59,997 [ERROR] LogOutputStream:75 - [STDERR_REDIRECT] 
2026-04-12 23:50:01,008 [ERROR] LogOutputStream:75 - [STDERR_REDIRECT] [Fatal Error] :1:1: Premature end of file.
2026-04-12 23:50:01,008 [ERROR] LogOutputStream:75 - [STDERR_REDIRECT] 
2026-04-12 23:50:01,998 [ERROR] LogOutputStream:75 - [STDERR_REDIRECT] [Fatal Error] :1:1: Premature end of file.
2026-04-12 23:50:01,999 [ERROR] LogOutputStream:75 - [STDERR_REDIRECT] 
2026-04-12 23:50:02,995 [ERROR] LogOutputStream:75 - [STDERR_REDIRECT] [Fatal Error] :1:1: Premature end of file.
2026-04-12 23:50:02,995 [ERROR] LogOutputStream:75 - [STDERR_REDIRECT] 
2026-04-12 23:50:03,993 [ERROR] LogOutputStream:75 - [STDERR_REDIRECT] [Fatal Error] :1:1: Premature end of file.
2026-04-12 23:50:03,993 [ERROR] LogOutputStream:75 - [STDERR_REDIRECT] 
2026-04-12 23:50:04,990 [ERROR] LogOutputStream:75 - [STDERR_REDIRECT] [Fatal Error] :1:1: Premature end of file.
2026-04-12 23:50:04,990 [ERROR] LogOutputStream:75 - [STDERR_REDIRECT] 
2026-04-12 23:50:05,999 [ERROR] LogOutputStream:75 - [STDERR_REDIRECT] [Fatal Error] :1:1: Premature end of file.
2026-04-12 23:50:06,000 [ERROR] LogOutputStream:75 - [STDERR_REDIRECT] 
2026-04-12 23:50:06,998 [ERROR] LogOutputStream:75 - [STDERR_REDIRECT] [Fatal Error] :1:1: Premature end of file.
2026-04-12 23:50:06,998 [ERROR] LogOutputStream:75 - [STDERR_REDIRECT] 
2026-04-12 23:50:07,995 [ERROR] LogOutputStream:75 - [STDERR_REDIRECT] [Fatal Error] :1:1: Premature end of file.
2026-04-12 23:50:07,995 [ERROR] LogOutputStream:75 - [STDERR_REDIRECT] 
2026-04-12 23:50:09,000 [ERROR] LogOutputStream:75 - [STDERR_REDIRECT] [Fatal Error] :1:1: Premature end of file.
2026-04-12 23:50:09,000 [ERROR] LogOutputStream:75 - [STDERR_REDIRECT] 
2026-04-12 23:50:09,995 [ERROR] LogOutputStream:75 - [STDERR_REDIRECT] [Fatal Error] :1:1: Premature end of file.
2026-04-12 23:50:09,995 [ERROR] LogOutputStream:75 - [STDERR_REDIRECT] 
2026-04-12 23:50:10,990 [ERROR] LogOutputStream:75 - [STDERR_REDIRECT] [Fatal Error] :1:1: Premature end of file.
2026-04-12 23:50:10,990 [ERROR] LogOutputStream:75 - [STDERR_REDIRECT] 
2026-04-12 23:50:11,995 [ERROR] LogOutputStream:75 - [STDERR_REDIRECT] [Fatal Error] :1:1: Premature end of file.
2026-04-12 23:50:11,995 [ERROR] LogOutputStream:75 - [STDERR_REDIRECT] 
2026-04-12 23:50:12,987 [ERROR] LogOutputStream:75 - [STDERR_REDIRECT] [Fatal Error] :1:1: Premature end of file.
2026-04-12 23:50:12,987 [ERROR] LogOutputStream:75 - [STDERR_REDIRECT] 
2026-04-12 23:50:14,001 [ERROR] LogOutputStream:75 - [STDERR_REDIRECT] [Fatal Error] :1:1: Premature end of file.
2026-04-12 23:50:14,002 [ERROR] LogOutputStream:75 - [STDERR_REDIRECT] 
2026-04-12 23:50:14,996 [ERROR] LogOutputStream:75 - [STDERR_REDIRECT] [Fatal Error] :1:1: Premature end of file.
2026-04-12 23:50:14,996 [ERROR] LogOutputStream:75 - [STDERR_REDIRECT] 
2026-04-12 23:50:15,991 [ERROR] LogOutputStream:75 - [STDERR_REDIRECT] [Fatal Error] :1:1: Premature end of file.
2026-04-12 23:50:15,991 [ERROR] LogOutputStream:75 - [STDERR_REDIRECT] 
2026-04-12 23:50:17,000 [ERROR] LogOutputStream:75 - [STDERR_REDIRECT] [Fatal Error] :1:1: Premature end of file.
2026-04-12 23:50:17,000 [ERROR] LogOutputStream:75 - [STDERR_REDIRECT] 
2026-04-12 23:50:17,997 [ERROR] LogOutputStream:75 - [STDERR_REDIRECT] [Fatal Error] :1:1: Premature end of file.
2026-04-12 23:50:17,998 [ERROR] LogOutputStream:75 - [STDERR_REDIRECT] 
2026-04-12 23:50:18,992 [ERROR] LogOutputStream:75 - [STDERR_REDIRECT] [Fatal Error] :1:1: Premature end of file.
2026-04-12 23:50:18,993 [ERROR] LogOutputStream:75 - [STDERR_REDIRECT] 
2026-04-12 23:50:19,990 [ERROR] LogOutputStream:75 - [STDERR_REDIRECT] [Fatal Error] :1:1: Premature end of file.
2026-04-12 23:50:19,990 [ERROR] LogOutputStream:75 - [STDERR_REDIRECT] 
2026-04-12 23:50:21,003 [ERROR] LogOutputStream:75 - [STDERR_REDIRECT] [Fatal Error] :1:1: Premature end of file.
2026-04-12 23:50:21,003 [ERROR] LogOutputStream:75 - [STDERR_REDIRECT] 
2026-04-12 23:50:21,997 [ERROR] LogOutputStream:75 - [STDERR_REDIRECT] [Fatal Error] :1:1: Premature end of file.
2026-04-12 23:50:21,997 [ERROR] LogOutputStream:75 - [STDERR_REDIRECT] 
2026-04-12 23:50:22,989 [ERROR] LogOutputStream:75 - [STDERR_REDIRECT] [Fatal Error] :1:1: Premature end of file.
2026-04-12 23:50:22,989 [ERROR] LogOutputStream:75 - [STDERR_REDIRECT] 
2026-04-12 23:50:23,987 [ERROR] LogOutputStream:75 - [STDERR_REDIRECT] [Fatal Error] :1:1: Premature end of file.
2026-04-12 23:50:23,987 [ERROR] LogOutputStream:75 - [STDERR_REDIRECT] 
2026-04-12 23:50:24,996 [ERROR] LogOutputStream:75 - [STDERR_REDIRECT] [Fatal Error] :1:1: Premature end of file.
2026-04-12 23:50:24,996 [ERROR] LogOutputStream:75 - [STDERR_REDIRECT] 
2026-04-12 23:50:25,990 [ERROR] LogOutputStream:75 - [STDERR_REDIRECT] [Fatal Error] :1:1: Premature end of file.
2026-04-12 23:50:25,990 [ERROR] LogOutputStream:75 - [STDERR_REDIRECT] 
2026-04-12 23:50:27,003 [ERROR] LogOutputStream:75 - [STDERR_REDIRECT] [Fatal Error] :1:1: Premature end of file.
2026-04-12 23:50:27,003 [ERROR] LogOutputStream:75 - [STDERR_REDIRECT] 
2026-04-12 23:50:27,998 [ERROR] LogOutputStream:75 - [STDERR_REDIRECT] [Fatal Error] :1:1: Premature end of file.
2026-04-12 23:50:27,998 [ERROR] LogOutputStream:75 - [STDERR_REDIRECT] 
2026-04-12 23:50:28,996 [ERROR] LogOutputStream:75 - [STDERR_REDIRECT] [Fatal Error] :1:1: Premature end of file.
2026-04-12 23:50:28,996 [ERROR] LogOutputStream:75 - [STDERR_REDIRECT] 
2026-04-12 23:50:29,995 [ERROR] LogOutputStream:75 - [STDERR_REDIRECT] [Fatal Error] :1:1: Premature end of file.
2026-04-12 23:50:29,995 [ERROR] LogOutputStream:75 - [STDERR_REDIRECT] 
2026-04-12 23:50:30,990 [ERROR] LogOutputStream:75 - [STDERR_REDIRECT] [Fatal Error] :1:1: Premature end of file.
2026-04-12 23:50:30,990 [ERROR] LogOutputStream:75 - [STDERR_REDIRECT] 
2026-04-12 23:50:32,001 [ERROR] LogOutputStream:75 - [STDERR_REDIRECT] [Fatal Error] :1:1: Premature end of file.
2026-04-12 23:50:32,001 [ERROR] LogOutputStream:75 - [STDERR_REDIRECT] 
2026-04-12 23:50:32,996 [ERROR] LogOutputStream:75 - [STDERR_REDIRECT] [Fatal Error] :1:1: Premature end of file.
2026-04-12 23:50:32,997 [ERROR] LogOutputStream:75 - [STDERR_REDIRECT] 
2026-04-12 23:50:33,991 [ERROR] LogOutputStream:75 - [STDERR_REDIRECT] [Fatal Error] :1:1: Premature end of file.
2026-04-12 23:50:33,991 [ERROR] LogOutputStream:75 - [STDERR_REDIRECT] 
2026-04-12 23:50:34,994 [ERROR] LogOutputStream:75 - [STDERR_REDIRECT] [Fatal Error] :1:1: Premature end of file.
2026-04-12 23:50:34,994 [ERROR] LogOutputStream:75 - [STDERR_REDIRECT] 
2026-04-12 23:50:35,994 [ERROR] LogOutputStream:75 - [STDERR_REDIRECT] [Fatal Error] :1:1: Premature end of file.
2026-04-12 23:50:35,994 [ERROR] LogOutputStream:75 - [STDERR_REDIRECT] 
2026-04-12 23:50:36,988 [ERROR] LogOutputStream:75 - [STDERR_REDIRECT] [Fatal Error] :1:1: Premature end of file.
2026-04-12 23:50:36,988 [ERROR] LogOutputStream:75 - [STDERR_REDIRECT] 
2026-04-12 23:50:38,001 [ERROR] LogOutputStream:75 - [STDERR_REDIRECT] [Fatal Error] :1:1: Premature end of file.
2026-04-12 23:50:38,001 [ERROR] LogOutputStream:75 - [STDERR_REDIRECT] 
2026-04-12 23:50:39,001 [ERROR] LogOutputStream:75 - [STDERR_REDIRECT] [Fatal Error] :1:1: Premature end of file.
2026-04-12 23:50:39,001 [ERROR] LogOutputStream:75 - [STDERR_REDIRECT] 
2026-04-12 23:50:39,995 [ERROR] LogOutputStream:75 - [STDERR_REDIRECT] [Fatal Error] :1:1: Premature end of file.
2026-04-12 23:50:39,995 [ERROR] LogOutputStream:75 - [STDERR_REDIRECT] 
2026-04-12 23:50:40,994 [ERROR] LogOutputStream:75 - [STDERR_REDIRECT] [Fatal Error] :1:1: Premature end of file.
2026-04-12 23:50:40,994 [ERROR] LogOutputStream:75 - [STDERR_REDIRECT] 
2026-04-12 23:50:42,001 [ERROR] LogOutputStream:75 - [STDERR_REDIRECT] [Fatal Error] :1:1: Premature end of file.
2026-04-12 23:50:42,001 [ERROR] LogOutputStream:75 - [STDERR_REDIRECT] 
2026-04-12 23:50:42,998 [ERROR] LogOutputStream:75 - [STDERR_REDIRECT] [Fatal Error] :1:1: Premature end of file.
2026-04-12 23:50:42,998 [ERROR] LogOutputStream:75 - [STDERR_REDIRECT] 
2026-04-12 23:50:44,002 [ERROR] LogOutputStream:75 - [STDERR_REDIRECT] [Fatal Error] :1:1: Premature end of file.
2026-04-12 23:50:44,002 [ERROR] LogOutputStream:75 - [STDERR_REDIRECT] 
2026-04-12 23:50:44,994 [ERROR] LogOutputStream:75 - [STDERR_REDIRECT] [Fatal Error] :1:1: Premature end of file.
2026-04-12 23:50:44,995 [ERROR] LogOutputStream:75 - [STDERR_REDIRECT] 
2026-04-12 23:50:45,990 [ERROR] LogOutputStream:75 - [STDERR_REDIRECT] [Fatal Error] :1:1: Premature end of file.
2026-04-12 23:50:45,990 [ERROR] LogOutputStream:75 - [STDERR_REDIRECT] 
2026-04-12 23:50:46,989 [ERROR] LogOutputStream:75 - [STDERR_REDIRECT] [Fatal Error] :1:1: Premature end of file.
2026-04-12 23:50:47,021 [ERROR] LogOutputStream:75 - [STDERR_REDIRECT] 
2026-04-12 23:50:48,003 [ERROR] LogOutputStream:75 - [STDERR_REDIRECT] [Fatal Error] :1:1: Premature end of file.
2026-04-12 23:50:48,003 [ERROR] LogOutputStream:75 - [STDERR_REDIRECT] 
2026-04-12 23:50:48,999 [ERROR] LogOutputStream:75 - [STDERR_REDIRECT] [Fatal Error] :1:1: Premature end of file.
2026-04-12 23:50:48,999 [ERROR] LogOutputStream:75 - [STDERR_REDIRECT] 
2026-04-12 23:50:49,999 [ERROR] LogOutputStream:75 - [STDERR_REDIRECT] [Fatal Error] :1:1: Premature end of file.
2026-04-12 23:50:50,000 [ERROR] LogOutputStream:75 - [STDERR_REDIRECT] 
2026-04-12 23:50:50,988 [ERROR] LogOutputStream:75 - [STDERR_REDIRECT] [Fatal Error] :1:1: Premature end of file.
2026-04-12 23:50:50,988 [ERROR] LogOutputStream:75 - [STDERR_REDIRECT] 
2026-04-12 23:50:52,002 [ERROR] LogOutputStream:75 - [STDERR_REDIRECT] [Fatal Error] :1:1: Premature end of file.
2026-04-12 23:50:52,003 [ERROR] LogOutputStream:75 - [STDERR_REDIRECT] 
2026-04-12 23:50:52,992 [ERROR] LogOutputStream:75 - [STDERR_REDIRECT] [Fatal Error] :1:1: Premature end of file.
2026-04-12 23:50:52,992 [ERROR] LogOutputStream:75 - [STDERR_REDIRECT] 
2026-04-12 23:50:54,002 [ERROR] LogOutputStream:75 - [STDERR_REDIRECT] [Fatal Error] :1:1: Premature end of file.
2026-04-12 23:50:54,002 [ERROR] LogOutputStream:75 - [STDERR_REDIRECT] 
2026-04-12 23:50:54,999 [ERROR] LogOutputStream:75 - [STDERR_REDIRECT] [Fatal Error] :1:1: Premature end of file.
2026-04-12 23:50:55,000 [ERROR] LogOutputStream:75 - [STDERR_REDIRECT] 
2026-04-12 23:50:55,990 [ERROR] LogOutputStream:75 - [STDERR_REDIRECT] [Fatal Error] :1:1: Premature end of file.
2026-04-12 23:50:55,990 [ERROR] LogOutputStream:75 - [STDERR_REDIRECT] 
2026-04-12 23:50:57,002 [ERROR] LogOutputStream:75 - [STDERR_REDIRECT] [Fatal Error] :1:1: Premature end of file.
2026-04-12 23:50:57,002 [ERROR] LogOutputStream:75 - [STDERR_REDIRECT] 
2026-04-12 23:50:57,995 [ERROR] LogOutputStream:75 - [STDERR_REDIRECT] [Fatal Error] :1:1: Premature end of file.
2026-04-12 23:50:57,995 [ERROR] LogOutputStream:75 - [STDERR_REDIRECT] 
2026-04-12 23:50:58,989 [ERROR] LogOutputStream:75 - [STDERR_REDIRECT] [Fatal Error] :1:1: Premature end of file.
2026-04-12 23:50:58,990 [ERROR] LogOutputStream:75 - [STDERR_REDIRECT] 
2026-04-12 23:50:59,997 [ERROR] LogOutputStream:75 - [STDERR_REDIRECT] [Fatal Error] :1:1: Premature end of file.
2026-04-12 23:50:59,998 [ERROR] LogOutputStream:75 - [STDERR_REDIRECT] 
2026-04-12 23:51:00,998 [ERROR] LogOutputStream:75 - [STDERR_REDIRECT] [Fatal Error] :1:1: Premature end of file.
2026-04-12 23:51:00,998 [ERROR] LogOutputStream:75 - [STDERR_REDIRECT] 
2026-04-12 23:51:02,001 [ERROR] LogOutputStream:75 - [STDERR_REDIRECT] [Fatal Error] :1:1: Premature end of file.
2026-04-12 23:51:02,001 [ERROR] LogOutputStream:75 - [STDERR_REDIRECT] 
2026-04-12 23:51:02,991 [ERROR] LogOutputStream:75 - [STDERR_REDIRECT] [Fatal Error] :1:1: Premature end of file.
2026-04-12 23:51:02,991 [ERROR] LogOutputStream:75 - [STDERR_REDIRECT] 
2026-04-12 23:51:04,003 [ERROR] LogOutputStream:75 - [STDERR_REDIRECT] [Fatal Error] :1:1: Premature end of file.
2026-04-12 23:51:04,003 [ERROR] LogOutputStream:75 - [STDERR_REDIRECT] 
2026-04-12 23:51:04,997 [ERROR] LogOutputStream:75 - [STDERR_REDIRECT] [Fatal Error] :1:1: Premature end of file.
2026-04-12 23:51:04,997 [ERROR] LogOutputStream:75 - [STDERR_REDIRECT] 
2026-04-12 23:51:05,994 [ERROR] LogOutputStream:75 - [STDERR_REDIRECT] [Fatal Error] :1:1: Premature end of file.
2026-04-12 23:51:05,994 [ERROR] LogOutputStream:75 - [STDERR_REDIRECT] 
2026-04-12 23:51:06,991 [ERROR] LogOutputStream:75 - [STDERR_REDIRECT] [Fatal Error] :1:1: Premature end of file.
2026-04-12 23:51:06,991 [ERROR] LogOutputStream:75 - [STDERR_REDIRECT] 
2026-04-12 23:51:08,004 [ERROR] LogOutputStream:75 - [STDERR_REDIRECT] [Fatal Error] :1:1: Premature end of file.
2026-04-12 23:51:08,004 [ERROR] LogOutputStream:75 - [STDERR_REDIRECT] 
2026-04-12 23:51:08,999 [ERROR] LogOutputStream:75 - [STDERR_REDIRECT] [Fatal Error] :1:1: Premature end of file.
2026-04-12 23:51:08,999 [ERROR] LogOutputStream:75 - [STDERR_REDIRECT] 
2026-04-12 23:51:09,994 [ERROR] LogOutputStream:75 - [STDERR_REDIRECT] [Fatal Error] :1:1: Premature end of file.
2026-04-12 23:51:09,994 [ERROR] LogOutputStream:75 - [STDERR_REDIRECT] 
2026-04-12 23:51:10,992 [ERROR] LogOutputStream:75 - [STDERR_REDIRECT] [Fatal Error] :1:1: Premature end of file.
2026-04-12 23:51:10,992 [ERROR] LogOutputStream:75 - [STDERR_REDIRECT] 
2026-04-12 23:51:12,001 [ERROR] LogOutputStream:75 - [STDERR_REDIRECT] [Fatal Error] :1:1: Premature end of file.
2026-04-12 23:51:12,002 [ERROR] LogOutputStream:75 - [STDERR_REDIRECT] 
2026-04-12 23:51:12,995 [ERROR] LogOutputStream:75 - [STDERR_REDIRECT] [Fatal Error] :1:1: Premature end of file.
2026-04-12 23:51:12,995 [ERROR] LogOutputStream:75 - [STDERR_REDIRECT] 
2026-04-12 23:51:13,989 [ERROR] LogOutputStream:75 - [STDERR_REDIRECT] [Fatal Error] :1:1: Premature end of file.
2026-04-12 23:51:13,989 [ERROR] LogOutputStream:75 - [STDERR_REDIRECT] 
2026-04-12 23:51:14,988 [ERROR] LogOutputStream:75 - [STDERR_REDIRECT] [Fatal Error] :1:1: Premature end of file.
2026-04-12 23:51:14,988 [ERROR] LogOutputStream:75 - [STDERR_REDIRECT] 
2026-04-12 23:51:16,001 [ERROR] LogOutputStream:75 - [STDERR_REDIRECT] [Fatal Error] :1:1: Premature end of file.
2026-04-12 23:51:16,001 [ERROR] LogOutputStream:75 - [STDERR_REDIRECT] 
2026-04-12 23:51:16,994 [ERROR] LogOutputStream:75 - [STDERR_REDIRECT] [Fatal Error] :1:1: Premature end of file.
2026-04-12 23:51:16,995 [ERROR] LogOutputStream:75 - [STDERR_REDIRECT] 
2026-04-12 23:51:18,002 [ERROR] LogOutputStream:75 - [STDERR_REDIRECT] [Fatal Error] :1:1: Premature end of file.
2026-04-12 23:51:18,002 [ERROR] LogOutputStream:75 - [STDERR_REDIRECT] 
2026-04-12 23:51:18,997 [ERROR] LogOutputStream:75 - [STDERR_REDIRECT] [Fatal Error] :1:1: Premature end of file.
2026-04-12 23:51:18,997 [ERROR] LogOutputStream:75 - [STDERR_REDIRECT] 
2026-04-12 23:51:19,988 [ERROR] LogOutputStream:75 - [STDERR_REDIRECT] [Fatal Error] :1:1: Premature end of file.
2026-04-12 23:51:19,988 [ERROR] LogOutputStream:75 - [STDERR_REDIRECT] 
2026-04-12 23:51:20,996 [ERROR] LogOutputStream:75 - [STDERR_REDIRECT] [Fatal Error] :1:1: Premature end of file.
2026-04-12 23:51:20,996 [ERROR] LogOutputStream:75 - [STDERR_REDIRECT] 
2026-04-12 23:51:21,993 [ERROR] LogOutputStream:75 - [STDERR_REDIRECT] [Fatal Error] :1:1: Premature end of file.
2026-04-12 23:51:21,993 [ERROR] LogOutputStream:75 - [STDERR_REDIRECT] 
2026-04-12 23:51:22,992 [ERROR] LogOutputStream:75 - [STDERR_REDIRECT] [Fatal Error] :1:1: Premature end of file.
2026-04-12 23:51:22,992 [ERROR] LogOutputStream:75 - [STDERR_REDIRECT] 
2026-04-12 23:51:23,991 [ERROR] LogOutputStream:75 - [STDERR_REDIRECT] [Fatal Error] :1:1: Premature end of file.
2026-04-12 23:51:23,992 [ERROR] LogOutputStream:75 - [STDERR_REDIRECT] 
2026-04-12 23:51:25,002 [ERROR] LogOutputStream:75 - [STDERR_REDIRECT] [Fatal Error] :1:1: Premature end of file.
2026-04-12 23:51:25,002 [ERROR] LogOutputStream:75 - [STDERR_REDIRECT] 
2026-04-12 23:51:25,992 [ERROR] LogOutputStream:75 - [STDERR_REDIRECT] [Fatal Error] :1:1: Premature end of file.
2026-04-12 23:51:25,992 [ERROR] LogOutputStream:75 - [STDERR_REDIRECT] 
2026-04-12 23:51:26,990 [ERROR] LogOutputStream:75 - [STDERR_REDIRECT] [Fatal Error] :1:1: Premature end of file.
2026-04-12 23:51:26,990 [ERROR] LogOutputStream:75 - [STDERR_REDIRECT] 
2026-04-12 23:51:27,989 [ERROR] LogOutputStream:75 - [STDERR_REDIRECT] [Fatal Error] :1:1: Premature end of file.
2026-04-12 23:51:27,990 [ERROR] LogOutputStream:75 - [STDERR_REDIRECT] 
2026-04-12 23:51:28,998 [ERROR] LogOutputStream:75 - [STDERR_REDIRECT] [Fatal Error] :1:1: Premature end of file.
2026-04-12 23:51:28,998 [ERROR] LogOutputStream:75 - [STDERR_REDIRECT] 
2026-04-12 23:51:29,996 [ERROR] LogOutputStream:75 - [STDERR_REDIRECT] [Fatal Error] :1:1: Premature end of file.
2026-04-12 23:51:29,996 [ERROR] LogOutputStream:75 - [STDERR_REDIRECT] 
2026-04-12 23:51:30,993 [ERROR] LogOutputStream:75 - [STDERR_REDIRECT] [Fatal Error] :1:1: Premature end of file.
2026-04-12 23:51:30,993 [ERROR] LogOutputStream:75 - [STDERR_REDIRECT] 
2026-04-12 23:51:31,999 [ERROR] LogOutputStream:75 - [STDERR_REDIRECT] [Fatal Error] :1:1: Premature end of file.
2026-04-12 23:51:31,999 [ERROR] LogOutputStream:75 - [STDERR_REDIRECT] 
2026-04-12 23:51:33,002 [ERROR] LogOutputStream:75 - [STDERR_REDIRECT] [Fatal Error] :1:1: Premature end of file.
2026-04-12 23:51:33,002 [ERROR] LogOutputStream:75 - [STDERR_REDIRECT] 
2026-04-12 23:51:33,998 [ERROR] LogOutputStream:75 - [STDERR_REDIRECT] [Fatal Error] :1:1: Premature end of file.
2026-04-12 23:51:33,998 [ERROR] LogOutputStream:75 - [STDERR_REDIRECT] 
2026-04-12 23:51:34,993 [ERROR] LogOutputStream:75 - [STDERR_REDIRECT] [Fatal Error] :1:1: Premature end of file.
2026-04-12 23:51:34,994 [ERROR] LogOutputStream:75 - [STDERR_REDIRECT] 
2026-04-12 23:51:35,988 [ERROR] LogOutputStream:75 - [STDERR_REDIRECT] [Fatal Error] :1:1: Premature end of file.
2026-04-12 23:51:35,988 [ERROR] LogOutputStream:75 - [STDERR_REDIRECT] 
2026-04-12 23:51:36,996 [ERROR] LogOutputStream:75 - [STDERR_REDIRECT] [Fatal Error] :1:1: Premature end of file.
2026-04-12 23:51:36,996 [ERROR] LogOutputStream:75 - [STDERR_REDIRECT] 
2026-04-12 23:51:37,991 [ERROR] LogOutputStream:75 - [STDERR_REDIRECT] [Fatal Error] :1:1: Premature end of file.
2026-04-12 23:51:37,991 [ERROR] LogOutputStream:75 - [STDERR_REDIRECT] 
2026-04-12 23:51:38,990 [ERROR] LogOutputStream:75 - [STDERR_REDIRECT] [Fatal Error] :1:1: Premature end of file.
2026-04-12 23:51:38,990 [ERROR] LogOutputStream:75 - [STDERR_REDIRECT] 
2026-04-12 23:51:40,001 [ERROR] LogOutputStream:75 - [STDERR_REDIRECT] [Fatal Error] :1:1: Premature end of file.
2026-04-12 23:51:40,002 [ERROR] LogOutputStream:75 - [STDERR_REDIRECT] 
2026-04-12 23:51:40,999 [ERROR] LogOutputStream:75 - [STDERR_REDIRECT] [Fatal Error] :1:1: Premature end of file.
2026-04-12 23:51:40,999 [ERROR] LogOutputStream:75 - [STDERR_REDIRECT] 
2026-04-12 23:51:41,995 [ERROR] LogOutputStream:75 - [STDERR_REDIRECT] [Fatal Error] :1:1: Premature end of file.
2026-04-12 23:51:41,995 [ERROR] LogOutputStream:75 - [STDERR_REDIRECT] 
2026-04-12 23:51:43,003 [ERROR] LogOutputStream:75 - [STDERR_REDIRECT] [Fatal Error] :1:1: Premature end of file.
2026-04-12 23:51:43,003 [ERROR] LogOutputStream:75 - [STDERR_REDIRECT] 
2026-04-12 23:51:44,014 [ERROR] LogOutputStream:75 - [STDERR_REDIRECT] [Fatal Error] :1:1: Premature end of file.
2026-04-12 23:51:44,014 [ERROR] LogOutputStream:75 - [STDERR_REDIRECT] 
2026-04-12 23:51:44,993 [ERROR] LogOutputStream:75 - [STDERR_REDIRECT] [Fatal Error] :1:1: Premature end of file.
2026-04-12 23:51:44,993 [ERROR] LogOutputStream:75 - [STDERR_REDIRECT] 
2026-04-12 23:51:45,999 [ERROR] LogOutputStream:75 - [STDERR_REDIRECT] [Fatal Error] :1:1: Premature end of file.
2026-04-12 23:51:45,999 [ERROR] LogOutputStream:75 - [STDERR_REDIRECT] 
2026-04-12 23:51:47,000 [ERROR] LogOutputStream:75 - [STDERR_REDIRECT] [Fatal Error] :1:1: Premature end of file.
2026-04-12 23:51:47,001 [ERROR] LogOutputStream:75 - [STDERR_REDIRECT] 
2026-04-12 23:51:47,994 [ERROR] LogOutputStream:75 - [STDERR_REDIRECT] [Fatal Error] :1:1: Premature end of file.
2026-04-12 23:51:47,994 [ERROR] LogOutputStream:75 - [STDERR_REDIRECT] 
2026-04-12 23:51:48,992 [ERROR] LogOutputStream:75 - [STDERR_REDIRECT] [Fatal Error] :1:1: Premature end of file.
2026-04-12 23:51:48,992 [ERROR] LogOutputStream:75 - [STDERR_REDIRECT] 
2026-04-12 23:51:49,989 [ERROR] LogOutputStream:75 - [STDERR_REDIRECT] [Fatal Error] :1:1: Premature end of file.
2026-04-12 23:51:49,990 [ERROR] LogOutputStream:75 - [STDERR_REDIRECT] 
2026-04-12 23:51:51,000 [ERROR] LogOutputStream:75 - [STDERR_REDIRECT] [Fatal Error] :1:1: Premature end of file.
2026-04-12 23:51:51,001 [ERROR] LogOutputStream:75 - [STDERR_REDIRECT] 
2026-04-12 23:51:51,997 [ERROR] LogOutputStream:75 - [STDERR_REDIRECT] [Fatal Error] :1:1: Premature end of file.
2026-04-12 23:51:51,997 [ERROR] LogOutputStream:75 - [STDERR_REDIRECT] 
2026-04-12 23:51:52,989 [ERROR] LogOutputStream:75 - [STDERR_REDIRECT] [Fatal Error] :1:1: Premature end of file.
2026-04-12 23:51:52,990 [ERROR] LogOutputStream:75 - [STDERR_REDIRECT] 
2026-04-12 23:51:54,000 [ERROR] LogOutputStream:75 - [STDERR_REDIRECT] [Fatal Error] :1:1: Premature end of file.
2026-04-12 23:51:54,000 [ERROR] LogOutputStream:75 - [STDERR_REDIRECT] 
2026-04-12 23:51:54,995 [ERROR] LogOutputStream:75 - [STDERR_REDIRECT] [Fatal Error] :1:1: Premature end of file.
2026-04-12 23:51:54,995 [ERROR] LogOutputStream:75 - [STDERR_REDIRECT] 
2026-04-12 23:51:56,003 [ERROR] LogOutputStream:75 - [STDERR_REDIRECT] [Fatal Error] :1:1: Premature end of file.
2026-04-12 23:51:56,003 [ERROR] LogOutputStream:75 - [STDERR_REDIRECT] 
2026-04-12 23:51:56,999 [ERROR] LogOutputStream:75 - [STDERR_REDIRECT] [Fatal Error] :1:1: Premature end of file.
2026-04-12 23:51:56,999 [ERROR] LogOutputStream:75 - [STDERR_REDIRECT] 
2026-04-12 23:51:57,994 [ERROR] LogOutputStream:75 - [STDERR_REDIRECT] [Fatal Error] :1:1: Premature end of file.
2026-04-12 23:51:57,994 [ERROR] LogOutputStream:75 - [STDERR_REDIRECT] 
2026-04-12 23:51:58,989 [ERROR] LogOutputStream:75 - [STDERR_REDIRECT] [Fatal Error] :1:1: Premature end of file.
2026-04-12 23:51:58,989 [ERROR] LogOutputStream:75 - [STDERR_REDIRECT] 
2026-04-12 23:52:00,000 [ERROR] LogOutputStream:75 - [STDERR_REDIRECT] [Fatal Error] :1:1: Premature end of file.
2026-04-12 23:52:00,001 [ERROR] LogOutputStream:75 - [STDERR_REDIRECT] 
2026-04-12 23:52:01,006 [ERROR] LogOutputStream:75 - [STDERR_REDIRECT] [Fatal Error] :1:1: Premature end of file.
2026-04-12 23:52:01,007 [ERROR] LogOutputStream:75 - [STDERR_REDIRECT] 
2026-04-12 23:52:01,993 [ERROR] LogOutputStream:75 - [STDERR_REDIRECT] [Fatal Error] :1:1: Premature end of file.
2026-04-12 23:52:01,993 [ERROR] LogOutputStream:75 - [STDERR_REDIRECT] 
2026-04-12 23:52:02,989 [ERROR] LogOutputStream:75 - [STDERR_REDIRECT] [Fatal Error] :1:1: Premature end of file.
2026-04-12 23:52:02,989 [ERROR] LogOutputStream:75 - [STDERR_REDIRECT] 
2026-04-12 23:52:03,997 [ERROR] LogOutputStream:75 - [STDERR_REDIRECT] [Fatal Error] :1:1: Premature end of file.
2026-04-12 23:52:03,997 [ERROR] LogOutputStream:75 - [STDERR_REDIRECT] 
2026-04-12 23:52:04,991 [ERROR] LogOutputStream:75 - [STDERR_REDIRECT] [Fatal Error] :1:1: Premature end of file.
2026-04-12 23:52:04,992 [ERROR] LogOutputStream:75 - [STDERR_REDIRECT] 
2026-04-12 23:52:05,986 [ERROR] LogOutputStream:75 - [STDERR_REDIRECT] [Fatal Error] :1:1: Premature end of file.
2026-04-12 23:52:05,987 [ERROR] LogOutputStream:75 - [STDERR_REDIRECT] 
2026-04-12 23:52:06,993 [ERROR] LogOutputStream:75 - [STDERR_REDIRECT] [Fatal Error] :1:1: Premature end of file.
2026-04-12 23:52:06,993 [ERROR] LogOutputStream:75 - [STDERR_REDIRECT] 
2026-04-12 23:52:07,996 [ERROR] LogOutputStream:75 - [STDERR_REDIRECT] [Fatal Error] :1:1: Premature end of file.
2026-04-12 23:52:07,996 [ERROR] LogOutputStream:75 - [STDERR_REDIRECT] 
2026-04-12 23:52:09,001 [ERROR] LogOutputStream:75 - [STDERR_REDIRECT] [Fatal Error] :1:1: Premature end of file.
2026-04-12 23:52:09,001 [ERROR] LogOutputStream:75 - [STDERR_REDIRECT] 
2026-04-12 23:52:09,994 [ERROR] LogOutputStream:75 - [STDERR_REDIRECT] [Fatal Error] :1:1: Premature end of file.
2026-04-12 23:52:09,994 [ERROR] LogOutputStream:75 - [STDERR_REDIRECT] 
2026-04-12 23:52:10,990 [ERROR] LogOutputStream:75 - [STDERR_REDIRECT] [Fatal Error] :1:1: Premature end of file.
2026-04-12 23:52:10,990 [ERROR] LogOutputStream:75 - [STDERR_REDIRECT] 
2026-04-12 23:52:11,988 [ERROR] LogOutputStream:75 - [STDERR_REDIRECT] [Fatal Error] :1:1: Premature end of file.
2026-04-12 23:52:11,988 [ERROR] LogOutputStream:75 - [STDERR_REDIRECT] 
2026-04-12 23:52:13,001 [ERROR] LogOutputStream:75 - [STDERR_REDIRECT] [Fatal Error] :1:1: Premature end of file.
2026-04-12 23:52:13,001 [ERROR] LogOutputStream:75 - [STDERR_REDIRECT] 
2026-04-12 23:52:13,996 [ERROR] LogOutputStream:75 - [STDERR_REDIRECT] [Fatal Error] :1:1: Premature end of file.
2026-04-12 23:52:13,997 [ERROR] LogOutputStream:75 - [STDERR_REDIRECT] 
2026-04-12 23:52:14,995 [ERROR] LogOutputStream:75 - [STDERR_REDIRECT] [Fatal Error] :1:1: Premature end of file.
2026-04-12 23:52:14,995 [ERROR] LogOutputStream:75 - [STDERR_REDIRECT] 
2026-04-12 23:52:15,999 [ERROR] LogOutputStream:75 - [STDERR_REDIRECT] [Fatal Error] :1:1: Premature end of file.
2026-04-12 23:52:15,999 [ERROR] LogOutputStream:75 - [STDERR_REDIRECT] 
2026-04-12 23:52:16,996 [ERROR] LogOutputStream:75 - [STDERR_REDIRECT] [Fatal Error] :1:1: Premature end of file.
2026-04-12 23:52:16,996 [ERROR] LogOutputStream:75 - [STDERR_REDIRECT] 
2026-04-12 23:52:17,989 [ERROR] LogOutputStream:75 - [STDERR_REDIRECT] [Fatal Error] :1:1: Premature end of file.
2026-04-12 23:52:17,990 [ERROR] LogOutputStream:75 - [STDERR_REDIRECT] 
2026-04-12 23:52:18,997 [ERROR] LogOutputStream:75 - [STDERR_REDIRECT] [Fatal Error] :1:1: Premature end of file.
2026-04-12 23:52:18,997 [ERROR] LogOutputStream:75 - [STDERR_REDIRECT] 
2026-04-12 23:52:19,992 [ERROR] LogOutputStream:75 - [STDERR_REDIRECT] [Fatal Error] :1:1: Premature end of file.
2026-04-12 23:52:19,992 [ERROR] LogOutputStream:75 - [STDERR_REDIRECT] 
2026-04-12 23:52:21,004 [ERROR] LogOutputStream:75 - [STDERR_REDIRECT] [Fatal Error] :1:1: Premature end of file.
2026-04-12 23:52:21,004 [ERROR] LogOutputStream:75 - [STDERR_REDIRECT] 
2026-04-12 23:52:22,001 [ERROR] LogOutputStream:75 - [STDERR_REDIRECT] [Fatal Error] :1:1: Premature end of file.
2026-04-12 23:52:22,001 [ERROR] LogOutputStream:75 - [STDERR_REDIRECT] 
2026-04-12 23:52:22,997 [ERROR] LogOutputStream:75 - [STDERR_REDIRECT] [Fatal Error] :1:1: Premature end of file.
2026-04-12 23:52:22,997 [ERROR] LogOutputStream:75 - [STDERR_REDIRECT] 
2026-04-12 23:52:23,994 [ERROR] LogOutputStream:75 - [STDERR_REDIRECT] [Fatal Error] :1:1: Premature end of file.
2026-04-12 23:52:23,994 [ERROR] LogOutputStream:75 - [STDERR_REDIRECT] 
2026-04-12 23:52:24,986 [ERROR] LogOutputStream:75 - [STDERR_REDIRECT] [Fatal Error] :1:1: Premature end of file.
2026-04-12 23:52:24,986 [ERROR] LogOutputStream:75 - [STDERR_REDIRECT] 
2026-04-12 23:52:25,997 [ERROR] LogOutputStream:75 - [STDERR_REDIRECT] [Fatal Error] :1:1: Premature end of file.
2026-04-12 23:52:25,998 [ERROR] LogOutputStream:75 - [STDERR_REDIRECT] 
2026-04-12 23:52:26,998 [ERROR] LogOutputStream:75 - [STDERR_REDIRECT] [Fatal Error] :1:1: Premature end of file.
2026-04-12 23:52:26,998 [ERROR] LogOutputStream:75 - [STDERR_REDIRECT] 
2026-04-12 23:52:27,991 [ERROR] LogOutputStream:75 - [STDERR_REDIRECT] [Fatal Error] :1:1: Premature end of file.
2026-04-12 23:52:27,992 [ERROR] LogOutputStream:75 - [STDERR_REDIRECT] 
2026-04-12 23:52:29,002 [ERROR] LogOutputStream:75 - [STDERR_REDIRECT] [Fatal Error] :1:1: Premature end of file.
2026-04-12 23:52:29,003 [ERROR] LogOutputStream:75 - [STDERR_REDIRECT] 
2026-04-12 23:52:30,021 [ERROR] LogOutputStream:75 - [STDERR_REDIRECT] [Fatal Error] :1:1: Premature end of file.
2026-04-12 23:52:30,021 [ERROR] LogOutputStream:75 - [STDERR_REDIRECT] 
2026-04-12 23:52:30,991 [ERROR] LogOutputStream:75 - [STDERR_REDIRECT] [Fatal Error] :1:1: Premature end of file.
2026-04-12 23:52:30,992 [ERROR] LogOutputStream:75 - [STDERR_REDIRECT] 
2026-04-12 23:52:31,990 [ERROR] LogOutputStream:75 - [STDERR_REDIRECT] [Fatal Error] :1:1: Premature end of file.
2026-04-12 23:52:31,990 [ERROR] LogOutputStream:75 - [STDERR_REDIRECT] 
2026-04-12 23:52:33,003 [ERROR] LogOutputStream:75 - [STDERR_REDIRECT] [Fatal Error] :1:1: Premature end of file.
2026-04-12 23:52:33,004 [ERROR] LogOutputStream:75 - [STDERR_REDIRECT] 
2026-04-12 23:52:33,996 [ERROR] LogOutputStream:75 - [STDERR_REDIRECT] [Fatal Error] :1:1: Premature end of file.
2026-04-12 23:52:33,996 [ERROR] LogOutputStream:75 - [STDERR_REDIRECT] 
2026-04-12 23:52:35,025 [ERROR] LogOutputStream:75 - [STDERR_REDIRECT] [Fatal Error] :1:1: Premature end of file.
2026-04-12 23:52:35,026 [ERROR] LogOutputStream:75 - [STDERR_REDIRECT] 
2026-04-12 23:52:36,017 [ERROR] LogOutputStream:75 - [STDERR_REDIRECT] [Fatal Error] :1:1: Premature end of file.
2026-04-12 23:52:36,017 [ERROR] LogOutputStream:75 - [STDERR_REDIRECT] 
2026-04-12 23:52:36,989 [ERROR] LogOutputStream:75 - [STDERR_REDIRECT] [Fatal Error] :1:1: Premature end of file.
2026-04-12 23:52:36,989 [ERROR] LogOutputStream:75 - [STDERR_REDIRECT] 
2026-04-12 23:52:37,990 [ERROR] LogOutputStream:75 - [STDERR_REDIRECT] [Fatal Error] :1:1: Premature end of file.
2026-04-12 23:52:37,990 [ERROR] LogOutputStream:75 - [STDERR_REDIRECT] 
2026-04-12 23:52:39,011 [ERROR] LogOutputStream:75 - [STDERR_REDIRECT] [Fatal Error] :1:1: Premature end of file.
2026-04-12 23:52:39,011 [ERROR] LogOutputStream:75 - [STDERR_REDIRECT] 
2026-04-12 23:52:40,025 [ERROR] LogOutputStream:75 - [STDERR_REDIRECT] [Fatal Error] :1:1: Premature end of file.
2026-04-12 23:52:40,025 [ERROR] LogOutputStream:75 - [STDERR_REDIRECT] 
2026-04-12 23:52:40,998 [ERROR] LogOutputStream:75 - [STDERR_REDIRECT] [Fatal Error] :1:1: Premature end of file.
2026-04-12 23:52:40,998 [ERROR] LogOutputStream:75 - [STDERR_REDIRECT] 
2026-04-12 23:52:42,018 [ERROR] LogOutputStream:75 - [STDERR_REDIRECT] [Fatal Error] :1:1: Premature end of file.
2026-04-12 23:52:42,018 [ERROR] LogOutputStream:75 - [STDERR_REDIRECT] 
2026-04-12 23:52:43,003 [ERROR] LogOutputStream:75 - [STDERR_REDIRECT] [Fatal Error] :1:1: Premature end of file.
2026-04-12 23:52:43,003 [ERROR] LogOutputStream:75 - [STDERR_REDIRECT] 
2026-04-12 23:52:43,995 [ERROR] LogOutputStream:75 - [STDERR_REDIRECT] [Fatal Error] :1:1: Premature end of file.
2026-04-12 23:52:43,995 [ERROR] LogOutputStream:75 - [STDERR_REDIRECT] 
2026-04-12 23:52:45,026 [ERROR] LogOutputStream:75 - [STDERR_REDIRECT] [Fatal Error] :1:1: Premature end of file.
2026-04-12 23:52:45,026 [ERROR] LogOutputStream:75 - [STDERR_REDIRECT] 
2026-04-12 23:52:46,015 [ERROR] LogOutputStream:75 - [STDERR_REDIRECT] [Fatal Error] :1:1: Premature end of file.
2026-04-12 23:52:46,015 [ERROR] LogOutputStream:75 - [STDERR_REDIRECT] 
2026-04-12 23:52:47,008 [ERROR] LogOutputStream:75 - [STDERR_REDIRECT] [Fatal Error] :1:1: Premature end of file.
2026-04-12 23:52:47,008 [ERROR] LogOutputStream:75 - [STDERR_REDIRECT] 
2026-04-12 23:52:47,997 [ERROR] LogOutputStream:75 - [STDERR_REDIRECT] [Fatal Error] :1:1: Premature end of file.
2026-04-12 23:52:47,997 [ERROR] LogOutputStream:75 - [STDERR_REDIRECT] 
2026-04-12 23:52:49,007 [ERROR] LogOutputStream:75 - [STDERR_REDIRECT] [Fatal Error] :1:1: Premature end of file.
2026-04-12 23:52:49,007 [ERROR] LogOutputStream:75 - [STDERR_REDIRECT] 
2026-04-12 23:52:49,994 [ERROR] LogOutputStream:75 - [STDERR_REDIRECT] [Fatal Error] :1:1: Premature end of file.
2026-04-12 23:52:49,994 [ERROR] LogOutputStream:75 - [STDERR_REDIRECT] 
2026-04-12 23:52:51,018 [ERROR] LogOutputStream:75 - [STDERR_REDIRECT] [Fatal Error] :1:1: Premature end of file.
2026-04-12 23:52:51,019 [ERROR] LogOutputStream:75 - [STDERR_REDIRECT] 
2026-04-12 23:52:51,994 [ERROR] LogOutputStream:75 - [STDERR_REDIRECT] [Fatal Error] :1:1: Premature end of file.
2026-04-12 23:52:51,994 [ERROR] LogOutputStream:75 - [STDERR_REDIRECT] 
2026-04-12 23:52:53,015 [ERROR] LogOutputStream:75 - [STDERR_REDIRECT] [Fatal Error] :1:1: Premature end of file.
2026-04-12 23:52:53,015 [ERROR] LogOutputStream:75 - [STDERR_REDIRECT] 
2026-04-12 23:52:53,998 [ERROR] LogOutputStream:75 - [STDERR_REDIRECT] [Fatal Error] :1:1: Premature end of file.
2026-04-12 23:52:53,998 [ERROR] LogOutputStream:75 - [STDERR_REDIRECT] 
2026-04-12 23:52:55,002 [ERROR] LogOutputStream:75 - [STDERR_REDIRECT] [Fatal Error] :1:1: Premature end of file.
2026-04-12 23:52:55,002 [ERROR] LogOutputStream:75 - [STDERR_REDIRECT] 
2026-04-12 23:52:55,991 [ERROR] LogOutputStream:75 - [STDERR_REDIRECT] [Fatal Error] :1:1: Premature end of file.
2026-04-12 23:52:55,991 [ERROR] LogOutputStream:75 - [STDERR_REDIRECT] 
2026-04-12 23:52:56,997 [ERROR] LogOutputStream:75 - [STDERR_REDIRECT] [Fatal Error] :1:1: Premature end of file.
2026-04-12 23:52:56,997 [ERROR] LogOutputStream:75 - [STDERR_REDIRECT] 
2026-04-12 23:52:58,000 [ERROR] LogOutputStream:75 - [STDERR_REDIRECT] [Fatal Error] :1:1: Premature end of file.
2026-04-12 23:52:58,000 [ERROR] LogOutputStream:75 - [STDERR_REDIRECT] 
2026-04-12 23:52:59,004 [ERROR] LogOutputStream:75 - [STDERR_REDIRECT] [Fatal Error] :1:1: Premature end of file.
2026-04-12 23:52:59,004 [ERROR] LogOutputStream:75 - [STDERR_REDIRECT] 
2026-04-12 23:53:00,000 [ERROR] LogOutputStream:75 - [STDERR_REDIRECT] [Fatal Error] :1:1: Premature end of file.
2026-04-12 23:53:00,001 [ERROR] LogOutputStream:75 - [STDERR_REDIRECT] 
2026-04-12 23:53:01,007 [ERROR] LogOutputStream:75 - [STDERR_REDIRECT] [Fatal Error] :1:1: Premature end of file.
2026-04-12 23:53:01,007 [ERROR] LogOutputStream:75 - [STDERR_REDIRECT] 
2026-04-12 23:53:01,992 [ERROR] LogOutputStream:75 - [STDERR_REDIRECT] [Fatal Error] :1:1: Premature end of file.
2026-04-12 23:53:01,993 [ERROR] LogOutputStream:75 - [STDERR_REDIRECT] 
2026-04-12 23:53:03,003 [ERROR] LogOutputStream:75 - [STDERR_REDIRECT] [Fatal Error] :1:1: Premature end of file.
2026-04-12 23:53:03,003 [ERROR] LogOutputStream:75 - [STDERR_REDIRECT] 
2026-04-12 23:53:03,992 [ERROR] LogOutputStream:75 - [STDERR_REDIRECT] [Fatal Error] :1:1: Premature end of file.
2026-04-12 23:53:03,992 [ERROR] LogOutputStream:75 - [STDERR_REDIRECT] 
2026-04-12 23:53:04,998 [ERROR] LogOutputStream:75 - [STDERR_REDIRECT] [Fatal Error] :1:1: Premature end of file.
2026-04-12 23:53:04,998 [ERROR] LogOutputStream:75 - [STDERR_REDIRECT] 
2026-04-12 23:53:05,988 [ERROR] LogOutputStream:75 - [STDERR_REDIRECT] [Fatal Error] :1:1: Premature end of file.
2026-04-12 23:53:05,988 [ERROR] LogOutputStream:75 - [STDERR_REDIRECT] 
2026-04-12 23:53:06,997 [ERROR] LogOutputStream:75 - [STDERR_REDIRECT] [Fatal Error] :1:1: Premature end of file.
2026-04-12 23:53:06,997 [ERROR] LogOutputStream:75 - [STDERR_REDIRECT] 
2026-04-12 23:53:08,000 [ERROR] LogOutputStream:75 - [STDERR_REDIRECT] [Fatal Error] :1:1: Premature end of file.
2026-04-12 23:53:08,000 [ERROR] LogOutputStream:75 - [STDERR_REDIRECT] 
2026-04-12 23:53:09,016 [ERROR] LogOutputStream:75 - [STDERR_REDIRECT] [Fatal Error] :1:1: Premature end of file.
2026-04-12 23:53:09,016 [ERROR] LogOutputStream:75 - [STDERR_REDIRECT] 
2026-04-12 23:53:10,013 [ERROR] LogOutputStream:75 - [STDERR_REDIRECT] [Fatal Error] :1:1: Premature end of file.
2026-04-12 23:53:10,013 [ERROR] LogOutputStream:75 - [STDERR_REDIRECT] 
2026-04-12 23:53:11,000 [ERROR] LogOutputStream:75 - [STDERR_REDIRECT] [Fatal Error] :1:1: Premature end of file.
2026-04-12 23:53:11,000 [ERROR] LogOutputStream:75 - [STDERR_REDIRECT] 
2026-04-12 23:53:11,993 [ERROR] LogOutputStream:75 - [STDERR_REDIRECT] [Fatal Error] :1:1: Premature end of file.
2026-04-12 23:53:11,993 [ERROR] LogOutputStream:75 - [STDERR_REDIRECT] 
2026-04-12 23:53:12,999 [ERROR] LogOutputStream:75 - [STDERR_REDIRECT] [Fatal Error] :1:1: Premature end of file.
2026-04-12 23:53:12,999 [ERROR] LogOutputStream:75 - [STDERR_REDIRECT] 
2026-04-12 23:53:13,990 [ERROR] LogOutputStream:75 - [STDERR_REDIRECT] [Fatal Error] :1:1: Premature end of file.
2026-04-12 23:53:13,990 [ERROR] LogOutputStream:75 - [STDERR_REDIRECT] 
2026-04-12 23:53:14,996 [ERROR] LogOutputStream:75 - [STDERR_REDIRECT] [Fatal Error] :1:1: Premature end of file.
2026-04-12 23:53:14,996 [ERROR] LogOutputStream:75 - [STDERR_REDIRECT] 
2026-04-12 23:53:16,001 [ERROR] LogOutputStream:75 - [STDERR_REDIRECT] [Fatal Error] :1:1: Premature end of file.
2026-04-12 23:53:16,001 [ERROR] LogOutputStream:75 - [STDERR_REDIRECT] 
2026-04-12 23:53:16,992 [ERROR] LogOutputStream:75 - [STDERR_REDIRECT] [Fatal Error] :1:1: Premature end of file.
2026-04-12 23:53:16,992 [ERROR] LogOutputStream:75 - [STDERR_REDIRECT] 
2026-04-12 23:53:17,991 [ERROR] LogOutputStream:75 - [STDERR_REDIRECT] [Fatal Error] :1:1: Premature end of file.
2026-04-12 23:53:17,992 [ERROR] LogOutputStream:75 - [STDERR_REDIRECT] 
2026-04-12 23:53:18,995 [ERROR] LogOutputStream:75 - [STDERR_REDIRECT] [Fatal Error] :1:1: Premature end of file.
2026-04-12 23:53:18,996 [ERROR] LogOutputStream:75 - [STDERR_REDIRECT] 
2026-04-12 23:53:19,998 [ERROR] LogOutputStream:75 - [STDERR_REDIRECT] [Fatal Error] :1:1: Premature end of file.
2026-04-12 23:53:19,999 [ERROR] LogOutputStream:75 - [STDERR_REDIRECT] 
2026-04-12 23:53:21,012 [ERROR] LogOutputStream:75 - [STDERR_REDIRECT] [Fatal Error] :1:1: Premature end of file.
2026-04-12 23:53:21,012 [ERROR] LogOutputStream:75 - [STDERR_REDIRECT] 
2026-04-12 23:53:22,005 [ERROR] LogOutputStream:75 - [STDERR_REDIRECT] [Fatal Error] :1:1: Premature end of file.
2026-04-12 23:53:22,005 [ERROR] LogOutputStream:75 - [STDERR_REDIRECT] 
2026-04-12 23:53:23,000 [ERROR] LogOutputStream:75 - [STDERR_REDIRECT] [Fatal Error] :1:1: Premature end of file.
2026-04-12 23:53:23,000 [ERROR] LogOutputStream:75 - [STDERR_REDIRECT] 
2026-04-12 23:53:23,992 [ERROR] LogOutputStream:75 - [STDERR_REDIRECT] [Fatal Error] :1:1: Premature end of file.
2026-04-12 23:53:23,992 [ERROR] LogOutputStream:75 - [STDERR_REDIRECT] 
2026-04-12 23:53:25,002 [ERROR] LogOutputStream:75 - [STDERR_REDIRECT] [Fatal Error] :1:1: Premature end of file.
2026-04-12 23:53:25,002 [ERROR] LogOutputStream:75 - [STDERR_REDIRECT] 
2026-04-12 23:53:25,995 [ERROR] LogOutputStream:75 - [STDERR_REDIRECT] [Fatal Error] :1:1: Premature end of file.
2026-04-12 23:53:25,995 [ERROR] LogOutputStream:75 - [STDERR_REDIRECT] 
2026-04-12 23:53:26,991 [ERROR] LogOutputStream:75 - [STDERR_REDIRECT] [Fatal Error] :1:1: Premature end of file.
2026-04-12 23:53:26,991 [ERROR] LogOutputStream:75 - [STDERR_REDIRECT] 
2026-04-12 23:53:27,996 [ERROR] LogOutputStream:75 - [STDERR_REDIRECT] [Fatal Error] :1:1: Premature end of file.
2026-04-12 23:53:27,997 [ERROR] LogOutputStream:75 - [STDERR_REDIRECT] 
2026-04-12 23:53:29,000 [ERROR] LogOutputStream:75 - [STDERR_REDIRECT] [Fatal Error] :1:1: Premature end of file.
2026-04-12 23:53:29,000 [ERROR] LogOutputStream:75 - [STDERR_REDIRECT] 
2026-04-12 23:53:29,993 [ERROR] LogOutputStream:75 - [STDERR_REDIRECT] [Fatal Error] :1:1: Premature end of file.
2026-04-12 23:53:29,994 [ERROR] LogOutputStream:75 - [STDERR_REDIRECT] 
2026-04-12 23:53:30,997 [ERROR] LogOutputStream:75 - [STDERR_REDIRECT] [Fatal Error] :1:1: Premature end of file.
2026-04-12 23:53:30,998 [ERROR] LogOutputStream:75 - [STDERR_REDIRECT] 
2026-04-12 23:53:31,992 [ERROR] LogOutputStream:75 - [STDERR_REDIRECT] [Fatal Error] :1:1: Premature end of file.
2026-04-12 23:53:31,993 [ERROR] LogOutputStream:75 - [STDERR_REDIRECT] 
2026-04-12 23:53:33,001 [ERROR] LogOutputStream:75 - [STDERR_REDIRECT] [Fatal Error] :1:1: Premature end of file.
2026-04-12 23:53:33,001 [ERROR] LogOutputStream:75 - [STDERR_REDIRECT] 
2026-04-12 23:53:33,999 [ERROR] LogOutputStream:75 - [STDERR_REDIRECT] [Fatal Error] :1:1: Premature end of file.
2026-04-12 23:53:33,999 [ERROR] LogOutputStream:75 - [STDERR_REDIRECT] 
2026-04-12 23:53:34,992 [ERROR] LogOutputStream:75 - [STDERR_REDIRECT] [Fatal Error] :1:1: Premature end of file.
2026-04-12 23:53:34,993 [ERROR] LogOutputStream:75 - [STDERR_REDIRECT] 
2026-04-12 23:53:35,988 [ERROR] LogOutputStream:75 - [STDERR_REDIRECT] [Fatal Error] :1:1: Premature end of file.
2026-04-12 23:53:35,988 [ERROR] LogOutputStream:75 - [STDERR_REDIRECT] 
2026-04-12 23:53:36,997 [ERROR] LogOutputStream:75 - [STDERR_REDIRECT] [Fatal Error] :1:1: Premature end of file.
2026-04-12 23:53:36,998 [ERROR] LogOutputStream:75 - [STDERR_REDIRECT] 
2026-04-12 23:53:37,993 [ERROR] LogOutputStream:75 - [STDERR_REDIRECT] [Fatal Error] :1:1: Premature end of file.
2026-04-12 23:53:37,993 [ERROR] LogOutputStream:75 - [STDERR_REDIRECT] 
2026-04-12 23:53:39,002 [ERROR] LogOutputStream:75 - [STDERR_REDIRECT] [Fatal Error] :1:1: Premature end of file.
2026-04-12 23:53:39,003 [ERROR] LogOutputStream:75 - [STDERR_REDIRECT] 
2026-04-12 23:53:39,998 [ERROR] LogOutputStream:75 - [STDERR_REDIRECT] [Fatal Error] :1:1: Premature end of file.
2026-04-12 23:53:39,998 [ERROR] LogOutputStream:75 - [STDERR_REDIRECT] 
2026-04-12 23:53:40,993 [ERROR] LogOutputStream:75 - [STDERR_REDIRECT] [Fatal Error] :1:1: Premature end of file.
2026-04-12 23:53:40,993 [ERROR] LogOutputStream:75 - [STDERR_REDIRECT] 
2026-04-12 23:53:41,990 [ERROR] LogOutputStream:75 - [STDERR_REDIRECT] [Fatal Error] :1:1: Premature end of file.
2026-04-12 23:53:41,990 [ERROR] LogOutputStream:75 - [STDERR_REDIRECT] 
2026-04-12 23:53:42,992 [ERROR] LogOutputStream:75 - [STDERR_REDIRECT] [Fatal Error] :1:1: Premature end of file.
2026-04-12 23:53:42,992 [ERROR] LogOutputStream:75 - [STDERR_REDIRECT] 
2026-04-12 23:53:44,002 [ERROR] LogOutputStream:75 - [STDERR_REDIRECT] [Fatal Error] :1:1: Premature end of file.
2026-04-12 23:53:44,002 [ERROR] LogOutputStream:75 - [STDERR_REDIRECT] 
2026-04-12 23:53:44,994 [ERROR] LogOutputStream:75 - [STDERR_REDIRECT] [Fatal Error] :1:1: Premature end of file.
2026-04-12 23:53:44,995 [ERROR] LogOutputStream:75 - [STDERR_REDIRECT] 
2026-04-12 23:53:45,990 [ERROR] LogOutputStream:75 - [STDERR_REDIRECT] [Fatal Error] :1:1: Premature end of file.
2026-04-12 23:53:45,990 [ERROR] LogOutputStream:75 - [STDERR_REDIRECT] 
2026-04-12 23:53:46,999 [ERROR] LogOutputStream:75 - [STDERR_REDIRECT] [Fatal Error] :1:1: Premature end of file.
2026-04-12 23:53:46,999 [ERROR] LogOutputStream:75 - [STDERR_REDIRECT] 
2026-04-12 23:53:47,997 [ERROR] LogOutputStream:75 - [STDERR_REDIRECT] [Fatal Error] :1:1: Premature end of file.
2026-04-12 23:53:47,998 [ERROR] LogOutputStream:75 - [STDERR_REDIRECT] 
2026-04-12 23:53:48,986 [ERROR] LogOutputStream:75 - [STDERR_REDIRECT] [Fatal Error] :1:1: Premature end of file.
2026-04-12 23:53:48,986 [ERROR] LogOutputStream:75 - [STDERR_REDIRECT] 
2026-04-12 23:53:49,999 [ERROR] LogOutputStream:75 - [STDERR_REDIRECT] [Fatal Error] :1:1: Premature end of file.
2026-04-12 23:53:50,000 [ERROR] LogOutputStream:75 - [STDERR_REDIRECT] 
2026-04-12 23:53:50,995 [ERROR] LogOutputStream:75 - [STDERR_REDIRECT] [Fatal Error] :1:1: Premature end of file.
2026-04-12 23:53:50,995 [ERROR] LogOutputStream:75 - [STDERR_REDIRECT] 
2026-04-12 23:53:52,001 [ERROR] LogOutputStream:75 - [STDERR_REDIRECT] [Fatal Error] :1:1: Premature end of file.
2026-04-12 23:53:52,001 [ERROR] LogOutputStream:75 - [STDERR_REDIRECT] 
2026-04-12 23:53:52,994 [ERROR] LogOutputStream:75 - [STDERR_REDIRECT] [Fatal Error] :1:1: Premature end of file.
2026-04-12 23:53:52,994 [ERROR] LogOutputStream:75 - [STDERR_REDIRECT] 
2026-04-12 23:53:53,989 [ERROR] LogOutputStream:75 - [STDERR_REDIRECT] [Fatal Error] :1:1: Premature end of file.
2026-04-12 23:53:53,989 [ERROR] LogOutputStream:75 - [STDERR_REDIRECT] 
2026-04-12 23:53:55,000 [ERROR] LogOutputStream:75 - [STDERR_REDIRECT] [Fatal Error] :1:1: Premature end of file.
2026-04-12 23:53:55,000 [ERROR] LogOutputStream:75 - [STDERR_REDIRECT] 
2026-04-12 23:53:55,999 [ERROR] LogOutputStream:75 - [STDERR_REDIRECT] [Fatal Error] :1:1: Premature end of file.
2026-04-12 23:53:55,999 [ERROR] LogOutputStream:75 - [STDERR_REDIRECT] 
2026-04-12 23:53:56,994 [ERROR] LogOutputStream:75 - [STDERR_REDIRECT] [Fatal Error] :1:1: Premature end of file.
2026-04-12 23:53:56,994 [ERROR] LogOutputStream:75 - [STDERR_REDIRECT] 
2026-04-12 23:53:58,004 [ERROR] LogOutputStream:75 - [STDERR_REDIRECT] [Fatal Error] :1:1: Premature end of file.
2026-04-12 23:53:58,005 [ERROR] LogOutputStream:75 - [STDERR_REDIRECT] 
2026-04-12 23:53:58,990 [ERROR] LogOutputStream:75 - [STDERR_REDIRECT] [Fatal Error] :1:1: Premature end of file.
2026-04-12 23:53:58,990 [ERROR] LogOutputStream:75 - [STDERR_REDIRECT] 
2026-04-12 23:53:59,994 [ERROR] LogOutputStream:75 - [STDERR_REDIRECT] [Fatal Error] :1:1: Premature end of file.
2026-04-12 23:53:59,994 [ERROR] LogOutputStream:75 - [STDERR_REDIRECT] 
2026-04-12 23:54:01,006 [ERROR] LogOutputStream:75 - [STDERR_REDIRECT] [Fatal Error] :1:1: Premature end of file.
2026-04-12 23:54:01,006 [ERROR] LogOutputStream:75 - [STDERR_REDIRECT] 
2026-04-12 23:54:01,991 [ERROR] LogOutputStream:75 - [STDERR_REDIRECT] [Fatal Error] :1:1: Premature end of file.
2026-04-12 23:54:01,991 [ERROR] LogOutputStream:75 - [STDERR_REDIRECT] 
2026-04-12 23:54:03,002 [ERROR] LogOutputStream:75 - [STDERR_REDIRECT] [Fatal Error] :1:1: Premature end of file.
2026-04-12 23:54:03,002 [ERROR] LogOutputStream:75 - [STDERR_REDIRECT] 
2026-04-12 23:54:03,988 [ERROR] LogOutputStream:75 - [STDERR_REDIRECT] [Fatal Error] :1:1: Premature end of file.
2026-04-12 23:54:03,988 [ERROR] LogOutputStream:75 - [STDERR_REDIRECT] 
2026-04-12 23:54:04,999 [ERROR] LogOutputStream:75 - [STDERR_REDIRECT] [Fatal Error] :1:1: Premature end of file.
2026-04-12 23:54:04,999 [ERROR] LogOutputStream:75 - [STDERR_REDIRECT] 
2026-04-12 23:54:05,989 [ERROR] LogOutputStream:75 - [STDERR_REDIRECT] [Fatal Error] :1:1: Premature end of file.
2026-04-12 23:54:05,989 [ERROR] LogOutputStream:75 - [STDERR_REDIRECT] 
2026-04-12 23:54:07,001 [ERROR] LogOutputStream:75 - [STDERR_REDIRECT] [Fatal Error] :1:1: Premature end of file.
2026-04-12 23:54:07,002 [ERROR] LogOutputStream:75 - [STDERR_REDIRECT] 
2026-04-12 23:54:07,997 [ERROR] LogOutputStream:75 - [STDERR_REDIRECT] [Fatal Error] :1:1: Premature end of file.
2026-04-12 23:54:07,997 [ERROR] LogOutputStream:75 - [STDERR_REDIRECT] 
2026-04-12 23:54:08,999 [ERROR] LogOutputStream:75 - [STDERR_REDIRECT] [Fatal Error] :1:1: Premature end of file.
2026-04-12 23:54:08,999 [ERROR] LogOutputStream:75 - [STDERR_REDIRECT] 
2026-04-12 23:54:10,000 [ERROR] LogOutputStream:75 - [STDERR_REDIRECT] [Fatal Error] :1:1: Premature end of file.
2026-04-12 23:54:10,000 [ERROR] LogOutputStream:75 - [STDERR_REDIRECT] 
2026-04-12 23:54:10,988 [ERROR] LogOutputStream:75 - [STDERR_REDIRECT] [Fatal Error] :1:1: Premature end of file.
2026-04-12 23:54:10,988 [ERROR] LogOutputStream:75 - [STDERR_REDIRECT] 
2026-04-12 23:54:11,999 [ERROR] LogOutputStream:75 - [STDERR_REDIRECT] [Fatal Error] :1:1: Premature end of file.
2026-04-12 23:54:11,999 [ERROR] LogOutputStream:75 - [STDERR_REDIRECT] 
2026-04-12 23:54:13,003 [ERROR] LogOutputStream:75 - [STDERR_REDIRECT] [Fatal Error] :1:1: Premature end of file.
2026-04-12 23:54:13,004 [ERROR] LogOutputStream:75 - [STDERR_REDIRECT] 
2026-04-12 23:54:13,997 [ERROR] LogOutputStream:75 - [STDERR_REDIRECT] [Fatal Error] :1:1: Premature end of file.
2026-04-12 23:54:13,997 [ERROR] LogOutputStream:75 - [STDERR_REDIRECT] 
2026-04-12 23:54:14,990 [ERROR] LogOutputStream:75 - [STDERR_REDIRECT] [Fatal Error] :1:1: Premature end of file.
2026-04-12 23:54:14,991 [ERROR] LogOutputStream:75 - [STDERR_REDIRECT] 
2026-04-12 23:54:15,997 [ERROR] LogOutputStream:75 - [STDERR_REDIRECT] [Fatal Error] :1:1: Premature end of file.
2026-04-12 23:54:15,997 [ERROR] LogOutputStream:75 - [STDERR_REDIRECT] 
2026-04-12 23:54:16,993 [ERROR] LogOutputStream:75 - [STDERR_REDIRECT] [Fatal Error] :1:1: Premature end of file.
2026-04-12 23:54:16,993 [ERROR] LogOutputStream:75 - [STDERR_REDIRECT] 
2026-04-12 23:54:17,997 [ERROR] LogOutputStream:75 - [STDERR_REDIRECT] [Fatal Error] :1:1: Premature end of file.
2026-04-12 23:54:17,998 [ERROR] LogOutputStream:75 - [STDERR_REDIRECT] 
2026-04-12 23:54:18,990 [ERROR] LogOutputStream:75 - [STDERR_REDIRECT] [Fatal Error] :1:1: Premature end of file.
2026-04-12 23:54:18,990 [ERROR] LogOutputStream:75 - [STDERR_REDIRECT] 
2026-04-12 23:54:19,994 [ERROR] LogOutputStream:75 - [STDERR_REDIRECT] [Fatal Error] :1:1: Premature end of file.
2026-04-12 23:54:19,994 [ERROR] LogOutputStream:75 - [STDERR_REDIRECT] 
2026-04-12 23:54:20,998 [ERROR] LogOutputStream:75 - [STDERR_REDIRECT] [Fatal Error] :1:1: Premature end of file.
2026-04-12 23:54:20,998 [ERROR] LogOutputStream:75 - [STDERR_REDIRECT] 
2026-04-12 23:54:22,014 [ERROR] LogOutputStream:75 - [STDERR_REDIRECT] [Fatal Error] :1:1: Premature end of file.
2026-04-12 23:54:22,015 [ERROR] LogOutputStream:75 - [STDERR_REDIRECT] 
2026-04-12 23:54:22,988 [ERROR] LogOutputStream:75 - [STDERR_REDIRECT] [Fatal Error] :1:1: Premature end of file.
2026-04-12 23:54:22,988 [ERROR] LogOutputStream:75 - [STDERR_REDIRECT] 
2026-04-12 23:54:23,996 [ERROR] LogOutputStream:75 - [STDERR_REDIRECT] [Fatal Error] :1:1: Premature end of file.
2026-04-12 23:54:23,996 [ERROR] LogOutputStream:75 - [STDERR_REDIRECT] 
2026-04-12 23:54:24,988 [ERROR] LogOutputStream:75 - [STDERR_REDIRECT] [Fatal Error] :1:1: Premature end of file.
2026-04-12 23:54:24,988 [ERROR] LogOutputStream:75 - [STDERR_REDIRECT] 
2026-04-12 23:54:25,999 [ERROR] LogOutputStream:75 - [STDERR_REDIRECT] [Fatal Error] :1:1: Premature end of file.
2026-04-12 23:54:25,999 [ERROR] LogOutputStream:75 - [STDERR_REDIRECT] 
2026-04-12 23:54:26,993 [ERROR] LogOutputStream:75 - [STDERR_REDIRECT] [Fatal Error] :1:1: Premature end of file.
2026-04-12 23:54:26,993 [ERROR] LogOutputStream:75 - [STDERR_REDIRECT] 
2026-04-12 23:54:27,997 [ERROR] LogOutputStream:75 - [STDERR_REDIRECT] [Fatal Error] :1:1: Premature end of file.
2026-04-12 23:54:27,997 [ERROR] LogOutputStream:75 - [STDERR_REDIRECT] 
2026-04-12 23:54:28,993 [ERROR] LogOutputStream:75 - [STDERR_REDIRECT] [Fatal Error] :1:1: Premature end of file.
2026-04-12 23:54:28,994 [ERROR] LogOutputStream:75 - [STDERR_REDIRECT] 
2026-04-12 23:54:30,000 [ERROR] LogOutputStream:75 - [STDERR_REDIRECT] [Fatal Error] :1:1: Premature end of file.
2026-04-12 23:54:30,000 [ERROR] LogOutputStream:75 - [STDERR_REDIRECT] 
2026-04-12 23:54:30,995 [ERROR] LogOutputStream:75 - [STDERR_REDIRECT] [Fatal Error] :1:1: Premature end of file.
2026-04-12 23:54:30,995 [ERROR] LogOutputStream:75 - [STDERR_REDIRECT] 
2026-04-12 23:54:31,988 [ERROR] LogOutputStream:75 - [STDERR_REDIRECT] [Fatal Error] :1:1: Premature end of file.
2026-04-12 23:54:31,989 [ERROR] LogOutputStream:75 - [STDERR_REDIRECT] 
2026-04-12 23:54:33,000 [ERROR] LogOutputStream:75 - [STDERR_REDIRECT] [Fatal Error] :1:1: Premature end of file.
2026-04-12 23:54:33,000 [ERROR] LogOutputStream:75 - [STDERR_REDIRECT] 
2026-04-12 23:54:34,003 [ERROR] LogOutputStream:75 - [STDERR_REDIRECT] [Fatal Error] :1:1: Premature end of file.
2026-04-12 23:54:34,003 [ERROR] LogOutputStream:75 - [STDERR_REDIRECT] 
2026-04-12 23:54:34,991 [ERROR] LogOutputStream:75 - [STDERR_REDIRECT] [Fatal Error] :1:1: Premature end of file.
2026-04-12 23:54:34,991 [ERROR] LogOutputStream:75 - [STDERR_REDIRECT] 
2026-04-12 23:54:36,011 [ERROR] LogOutputStream:75 - [STDERR_REDIRECT] [Fatal Error] :1:1: Premature end of file.
2026-04-12 23:54:36,011 [ERROR] LogOutputStream:75 - [STDERR_REDIRECT] 
2026-04-12 23:54:37,009 [ERROR] LogOutputStream:75 - [STDERR_REDIRECT] [Fatal Error] :1:1: Premature end of file.
2026-04-12 23:54:37,010 [ERROR] LogOutputStream:75 - [STDERR_REDIRECT] 
2026-04-12 23:54:37,991 [ERROR] LogOutputStream:75 - [STDERR_REDIRECT] [Fatal Error] :1:1: Premature end of file.
2026-04-12 23:54:37,991 [ERROR] LogOutputStream:75 - [STDERR_REDIRECT] 
2026-04-12 23:54:38,998 [ERROR] LogOutputStream:75 - [STDERR_REDIRECT] [Fatal Error] :1:1: Premature end of file.
2026-04-12 23:54:38,998 [ERROR] LogOutputStream:75 - [STDERR_REDIRECT] 
2026-04-12 23:54:39,988 [ERROR] LogOutputStream:75 - [STDERR_REDIRECT] [Fatal Error] :1:1: Premature end of file.
2026-04-12 23:54:39,988 [ERROR] LogOutputStream:75 - [STDERR_REDIRECT] 
2026-04-12 23:54:40,993 [ERROR] LogOutputStream:75 - [STDERR_REDIRECT] [Fatal Error] :1:1: Premature end of file.
2026-04-12 23:54:40,994 [ERROR] LogOutputStream:75 - [STDERR_REDIRECT] 
2026-04-12 23:54:42,002 [ERROR] LogOutputStream:75 - [STDERR_REDIRECT] [Fatal Error] :1:1: Premature end of file.
2026-04-12 23:54:42,002 [ERROR] LogOutputStream:75 - [STDERR_REDIRECT] 
2026-04-12 23:54:42,994 [ERROR] LogOutputStream:75 - [STDERR_REDIRECT] [Fatal Error] :1:1: Premature end of file.
2026-04-12 23:54:42,995 [ERROR] LogOutputStream:75 - [STDERR_REDIRECT] 
2026-04-12 23:54:43,995 [ERROR] LogOutputStream:75 - [STDERR_REDIRECT] [Fatal Error] :1:1: Premature end of file.
2026-04-12 23:54:43,995 [ERROR] LogOutputStream:75 - [STDERR_REDIRECT] 
2026-04-12 23:54:45,003 [ERROR] LogOutputStream:75 - [STDERR_REDIRECT] [Fatal Error] :1:1: Premature end of file.
2026-04-12 23:54:45,003 [ERROR] LogOutputStream:75 - [STDERR_REDIRECT] 
2026-04-12 23:54:46,001 [ERROR] LogOutputStream:75 - [STDERR_REDIRECT] [Fatal Error] :1:1: Premature end of file.
2026-04-12 23:54:46,001 [ERROR] LogOutputStream:75 - [STDERR_REDIRECT] 
2026-04-12 23:54:46,987 [ERROR] LogOutputStream:75 - [STDERR_REDIRECT] [Fatal Error] :1:1: Premature end of file.
2026-04-12 23:54:46,988 [ERROR] LogOutputStream:75 - [STDERR_REDIRECT] 
2026-04-12 23:54:47,995 [ERROR] LogOutputStream:75 - [STDERR_REDIRECT] [Fatal Error] :1:1: Premature end of file.
2026-04-12 23:54:47,995 [ERROR] LogOutputStream:75 - [STDERR_REDIRECT] 
2026-04-12 23:54:49,001 [ERROR] LogOutputStream:75 - [STDERR_REDIRECT] [Fatal Error] :1:1: Premature end of file.
2026-04-12 23:54:49,001 [ERROR] LogOutputStream:75 - [STDERR_REDIRECT] 
2026-04-12 23:54:50,003 [ERROR] LogOutputStream:75 - [STDERR_REDIRECT] [Fatal Error] :1:1: Premature end of file.
2026-04-12 23:54:50,003 [ERROR] LogOutputStream:75 - [STDERR_REDIRECT] 
2026-04-12 23:54:50,993 [ERROR] LogOutputStream:75 - [STDERR_REDIRECT] [Fatal Error] :1:1: Premature end of file.
2026-04-12 23:54:50,994 [ERROR] LogOutputStream:75 - [STDERR_REDIRECT] 
2026-04-12 23:54:51,989 [ERROR] LogOutputStream:75 - [STDERR_REDIRECT] [Fatal Error] :1:1: Premature end of file.
2026-04-12 23:54:51,989 [ERROR] LogOutputStream:75 - [STDERR_REDIRECT] 
2026-04-12 23:54:52,995 [ERROR] LogOutputStream:75 - [STDERR_REDIRECT] [Fatal Error] :1:1: Premature end of file.
2026-04-12 23:54:52,995 [ERROR] LogOutputStream:75 - [STDERR_REDIRECT] 
2026-04-12 23:54:53,990 [ERROR] LogOutputStream:75 - [STDERR_REDIRECT] [Fatal Error] :1:1: Premature end of file.
2026-04-12 23:54:53,991 [ERROR] LogOutputStream:75 - [STDERR_REDIRECT] 
2026-04-12 23:54:55,000 [ERROR] LogOutputStream:75 - [STDERR_REDIRECT] [Fatal Error] :1:1: Premature end of file.
2026-04-12 23:54:55,000 [ERROR] LogOutputStream:75 - [STDERR_REDIRECT] 
2026-04-12 23:54:56,002 [ERROR] LogOutputStream:75 - [STDERR_REDIRECT] [Fatal Error] :1:1: Premature end of file.
2026-04-12 23:54:56,002 [ERROR] LogOutputStream:75 - [STDERR_REDIRECT] 
2026-04-12 23:54:56,997 [ERROR] LogOutputStream:75 - [STDERR_REDIRECT] [Fatal Error] :1:1: Premature end of file.
2026-04-12 23:54:56,997 [ERROR] LogOutputStream:75 - [STDERR_REDIRECT] 
2026-04-12 23:54:57,988 [ERROR] LogOutputStream:75 - [STDERR_REDIRECT] [Fatal Error] :1:1: Premature end of file.
2026-04-12 23:54:57,988 [ERROR] LogOutputStream:75 - [STDERR_REDIRECT] 
2026-04-12 23:54:58,999 [ERROR] LogOutputStream:75 - [STDERR_REDIRECT] [Fatal Error] :1:1: Premature end of file.
2026-04-12 23:54:58,999 [ERROR] LogOutputStream:75 - [STDERR_REDIRECT] 
2026-04-12 23:54:59,994 [ERROR] LogOutputStream:75 - [STDERR_REDIRECT] [Fatal Error] :1:1: Premature end of file.
2026-04-12 23:54:59,996 [ERROR] LogOutputStream:75 - [STDERR_REDIRECT] 
2026-04-12 23:55:01,008 [ERROR] LogOutputStream:75 - [STDERR_REDIRECT] [Fatal Error] :1:1: Premature end of file.
2026-04-12 23:55:01,009 [ERROR] LogOutputStream:75 - [STDERR_REDIRECT] 
2026-04-12 23:55:01,996 [ERROR] LogOutputStream:75 - [STDERR_REDIRECT] [Fatal Error] :1:1: Premature end of file.
2026-04-12 23:55:01,996 [ERROR] LogOutputStream:75 - [STDERR_REDIRECT] 
2026-04-12 23:55:02,999 [ERROR] LogOutputStream:75 - [STDERR_REDIRECT] [Fatal Error] :1:1: Premature end of file.
2026-04-12 23:55:02,999 [ERROR] LogOutputStream:75 - [STDERR_REDIRECT] 
2026-04-12 23:55:03,989 [ERROR] LogOutputStream:75 - [STDERR_REDIRECT] [Fatal Error] :1:1: Premature end of file.
2026-04-12 23:55:03,989 [ERROR] LogOutputStream:75 - [STDERR_REDIRECT] 
2026-04-12 23:55:05,001 [ERROR] LogOutputStream:75 - [STDERR_REDIRECT] [Fatal Error] :1:1: Premature end of file.
2026-04-12 23:55:05,001 [ERROR] LogOutputStream:75 - [STDERR_REDIRECT] 
2026-04-12 23:55:05,992 [ERROR] LogOutputStream:75 - [STDERR_REDIRECT] [Fatal Error] :1:1: Premature end of file.
2026-04-12 23:55:05,992 [ERROR] LogOutputStream:75 - [STDERR_REDIRECT] 
2026-04-12 23:55:07,003 [ERROR] LogOutputStream:75 - [STDERR_REDIRECT] [Fatal Error] :1:1: Premature end of file.
2026-04-12 23:55:07,003 [ERROR] LogOutputStream:75 - [STDERR_REDIRECT] 
2026-04-12 23:55:07,994 [ERROR] LogOutputStream:75 - [STDERR_REDIRECT] [Fatal Error] :1:1: Premature end of file.
2026-04-12 23:55:07,994 [ERROR] LogOutputStream:75 - [STDERR_REDIRECT] 
2026-04-12 23:55:08,988 [ERROR] LogOutputStream:75 - [STDERR_REDIRECT] [Fatal Error] :1:1: Premature end of file.
2026-04-12 23:55:08,989 [ERROR] LogOutputStream:75 - [STDERR_REDIRECT] 
2026-04-12 23:55:09,992 [ERROR] LogOutputStream:75 - [STDERR_REDIRECT] [Fatal Error] :1:1: Premature end of file.
2026-04-12 23:55:09,992 [ERROR] LogOutputStream:75 - [STDERR_REDIRECT] 
2026-04-12 23:55:11,004 [ERROR] LogOutputStream:75 - [STDERR_REDIRECT] [Fatal Error] :1:1: Premature end of file.
2026-04-12 23:55:11,004 [ERROR] LogOutputStream:75 - [STDERR_REDIRECT] 
2026-04-12 23:55:11,990 [ERROR] LogOutputStream:75 - [STDERR_REDIRECT] [Fatal Error] :1:1: Premature end of file.
2026-04-12 23:55:11,990 [ERROR] LogOutputStream:75 - [STDERR_REDIRECT] 
2026-04-12 23:55:12,996 [ERROR] LogOutputStream:75 - [STDERR_REDIRECT] [Fatal Error] :1:1: Premature end of file.
2026-04-12 23:55:12,996 [ERROR] LogOutputStream:75 - [STDERR_REDIRECT] 
2026-04-12 23:55:14,002 [ERROR] LogOutputStream:75 - [STDERR_REDIRECT] [Fatal Error] :1:1: Premature end of file.
2026-04-12 23:55:14,002 [ERROR] LogOutputStream:75 - [STDERR_REDIRECT] 
2026-04-12 23:55:14,999 [ERROR] LogOutputStream:75 - [STDERR_REDIRECT] [Fatal Error] :1:1: Premature end of file.
2026-04-12 23:55:15,000 [ERROR] LogOutputStream:75 - [STDERR_REDIRECT] 
2026-04-12 23:55:16,003 [ERROR] LogOutputStream:75 - [STDERR_REDIRECT] [Fatal Error] :1:1: Premature end of file.
2026-04-12 23:55:16,003 [ERROR] LogOutputStream:75 - [STDERR_REDIRECT] 
2026-04-12 23:55:16,995 [ERROR] LogOutputStream:75 - [STDERR_REDIRECT] [Fatal Error] :1:1: Premature end of file.
2026-04-12 23:55:16,995 [ERROR] LogOutputStream:75 - [STDERR_REDIRECT] 
2026-04-12 23:55:17,995 [ERROR] LogOutputStream:75 - [STDERR_REDIRECT] [Fatal Error] :1:1: Premature end of file.
2026-04-12 23:55:17,995 [ERROR] LogOutputStream:75 - [STDERR_REDIRECT] 
2026-04-12 23:55:19,002 [ERROR] LogOutputStream:75 - [STDERR_REDIRECT] [Fatal Error] :1:1: Premature end of file.
2026-04-12 23:55:19,002 [ERROR] LogOutputStream:75 - [STDERR_REDIRECT] 
2026-04-12 23:55:19,993 [ERROR] LogOutputStream:75 - [STDERR_REDIRECT] [Fatal Error] :1:1: Premature end of file.
2026-04-12 23:55:19,993 [ERROR] LogOutputStream:75 - [STDERR_REDIRECT] 
2026-04-12 23:55:21,003 [ERROR] LogOutputStream:75 - [STDERR_REDIRECT] [Fatal Error] :1:1: Premature end of file.
2026-04-12 23:55:21,003 [ERROR] LogOutputStream:75 - [STDERR_REDIRECT] 
2026-04-12 23:55:21,987 [ERROR] LogOutputStream:75 - [STDERR_REDIRECT] [Fatal Error] :1:1: Premature end of file.
2026-04-12 23:55:21,987 [ERROR] LogOutputStream:75 - [STDERR_REDIRECT] 
2026-04-12 23:55:22,990 [ERROR] LogOutputStream:75 - [STDERR_REDIRECT] [Fatal Error] :1:1: Premature end of file.
2026-04-12 23:55:22,990 [ERROR] LogOutputStream:75 - [STDERR_REDIRECT] 
2026-04-12 23:55:23,997 [ERROR] LogOutputStream:75 - [STDERR_REDIRECT] [Fatal Error] :1:1: Premature end of file.
2026-04-12 23:55:23,997 [ERROR] LogOutputStream:75 - [STDERR_REDIRECT] 
2026-04-12 23:55:24,999 [ERROR] LogOutputStream:75 - [STDERR_REDIRECT] [Fatal Error] :1:1: Premature end of file.
2026-04-12 23:55:24,999 [ERROR] LogOutputStream:75 - [STDERR_REDIRECT] 
2026-04-12 23:55:26,002 [ERROR] LogOutputStream:75 - [STDERR_REDIRECT] [Fatal Error] :1:1: Premature end of file.
2026-04-12 23:55:26,002 [ERROR] LogOutputStream:75 - [STDERR_REDIRECT] 
2026-04-12 23:55:26,992 [ERROR] LogOutputStream:75 - [STDERR_REDIRECT] [Fatal Error] :1:1: Premature end of file.
2026-04-12 23:55:26,992 [ERROR] LogOutputStream:75 - [STDERR_REDIRECT] 
2026-04-12 23:55:27,993 [ERROR] LogOutputStream:75 - [STDERR_REDIRECT] [Fatal Error] :1:1: Premature end of file.
2026-04-12 23:55:27,994 [ERROR] LogOutputStream:75 - [STDERR_REDIRECT] 
2026-04-12 23:55:28,993 [ERROR] LogOutputStream:75 - [STDERR_REDIRECT] [Fatal Error] :1:1: Premature end of file.
2026-04-12 23:55:28,993 [ERROR] LogOutputStream:75 - [STDERR_REDIRECT] 
2026-04-12 23:55:29,994 [ERROR] LogOutputStream:75 - [STDERR_REDIRECT] [Fatal Error] :1:1: Premature end of file.
2026-04-12 23:55:29,995 [ERROR] LogOutputStream:75 - [STDERR_REDIRECT] 
2026-04-12 23:55:31,004 [ERROR] LogOutputStream:75 - [STDERR_REDIRECT] [Fatal Error] :1:1: Premature end of file.
2026-04-12 23:55:31,004 [ERROR] LogOutputStream:75 - [STDERR_REDIRECT] 
2026-04-12 23:55:31,993 [ERROR] LogOutputStream:75 - [STDERR_REDIRECT] [Fatal Error] :1:1: Premature end of file.
2026-04-12 23:55:31,993 [ERROR] LogOutputStream:75 - [STDERR_REDIRECT] 
2026-04-12 23:55:32,998 [ERROR] LogOutputStream:75 - [STDERR_REDIRECT] [Fatal Error] :1:1: Premature end of file.
2026-04-12 23:55:32,998 [ERROR] LogOutputStream:75 - [STDERR_REDIRECT] 
2026-04-12 23:55:33,989 [ERROR] LogOutputStream:75 - [STDERR_REDIRECT] [Fatal Error] :1:1: Premature end of file.
2026-04-12 23:55:33,989 [ERROR] LogOutputStream:75 - [STDERR_REDIRECT] 
2026-04-12 23:55:35,001 [ERROR] LogOutputStream:75 - [STDERR_REDIRECT] [Fatal Error] :1:1: Premature end of file.
2026-04-12 23:55:35,002 [ERROR] LogOutputStream:75 - [STDERR_REDIRECT] 
2026-04-12 23:55:35,992 [ERROR] LogOutputStream:75 - [STDERR_REDIRECT] [Fatal Error] :1:1: Premature end of file.
2026-04-12 23:55:35,992 [ERROR] LogOutputStream:75 - [STDERR_REDIRECT] 
2026-04-12 23:55:36,989 [ERROR] LogOutputStream:75 - [STDERR_REDIRECT] [Fatal Error] :1:1: Premature end of file.
2026-04-12 23:55:36,989 [ERROR] LogOutputStream:75 - [STDERR_REDIRECT] 
2026-04-12 23:55:37,998 [ERROR] LogOutputStream:75 - [STDERR_REDIRECT] [Fatal Error] :1:1: Premature end of file.
2026-04-12 23:55:37,998 [ERROR] LogOutputStream:75 - [STDERR_REDIRECT] 
2026-04-12 23:55:38,988 [ERROR] LogOutputStream:75 - [STDERR_REDIRECT] [Fatal Error] :1:1: Premature end of file.
2026-04-12 23:55:38,988 [ERROR] LogOutputStream:75 - [STDERR_REDIRECT] 
2026-04-12 23:55:39,992 [ERROR] LogOutputStream:75 - [STDERR_REDIRECT] [Fatal Error] :1:1: Premature end of file.
2026-04-12 23:55:39,992 [ERROR] LogOutputStream:75 - [STDERR_REDIRECT] 
2026-04-12 23:55:41,002 [ERROR] LogOutputStream:75 - [STDERR_REDIRECT] [Fatal Error] :1:1: Premature end of file.
2026-04-12 23:55:41,002 [ERROR] LogOutputStream:75 - [STDERR_REDIRECT] 
2026-04-12 23:55:41,994 [ERROR] LogOutputStream:75 - [STDERR_REDIRECT] [Fatal Error] :1:1: Premature end of file.
2026-04-12 23:55:41,994 [ERROR] LogOutputStream:75 - [STDERR_REDIRECT] 
2026-04-12 23:55:42,996 [ERROR] LogOutputStream:75 - [STDERR_REDIRECT] [Fatal Error] :1:1: Premature end of file.
2026-04-12 23:55:42,996 [ERROR] LogOutputStream:75 - [STDERR_REDIRECT] 
2026-04-12 23:55:44,001 [ERROR] LogOutputStream:75 - [STDERR_REDIRECT] [Fatal Error] :1:1: Premature end of file.
2026-04-12 23:55:44,002 [ERROR] LogOutputStream:75 - [STDERR_REDIRECT] 
2026-04-12 23:55:44,992 [ERROR] LogOutputStream:75 - [STDERR_REDIRECT] [Fatal Error] :1:1: Premature end of file.
2026-04-12 23:55:44,992 [ERROR] LogOutputStream:75 - [STDERR_REDIRECT] 
2026-04-12 23:55:45,987 [ERROR] LogOutputStream:75 - [STDERR_REDIRECT] [Fatal Error] :1:1: Premature end of file.
2026-04-12 23:55:45,987 [ERROR] LogOutputStream:75 - [STDERR_REDIRECT] 
2026-04-12 23:55:47,002 [ERROR] LogOutputStream:75 - [STDERR_REDIRECT] [Fatal Error] :1:1: Premature end of file.
2026-04-12 23:55:47,002 [ERROR] LogOutputStream:75 - [STDERR_REDIRECT] 
2026-04-12 23:55:48,002 [ERROR] LogOutputStream:75 - [STDERR_REDIRECT] [Fatal Error] :1:1: Premature end of file.
2026-04-12 23:55:48,002 [ERROR] LogOutputStream:75 - [STDERR_REDIRECT] 
2026-04-12 23:55:48,992 [ERROR] LogOutputStream:75 - [STDERR_REDIRECT] [Fatal Error] :1:1: Premature end of file.
2026-04-12 23:55:48,992 [ERROR] LogOutputStream:75 - [STDERR_REDIRECT] 
2026-04-12 23:55:49,995 [ERROR] LogOutputStream:75 - [STDERR_REDIRECT] [Fatal Error] :1:1: Premature end of file.
2026-04-12 23:55:49,996 [ERROR] LogOutputStream:75 - [STDERR_REDIRECT] 
2026-04-12 23:55:50,999 [ERROR] LogOutputStream:75 - [STDERR_REDIRECT] [Fatal Error] :1:1: Premature end of file.
2026-04-12 23:55:51,015 [ERROR] LogOutputStream:75 - [STDERR_REDIRECT] 
2026-04-12 23:55:51,991 [ERROR] LogOutputStream:75 - [STDERR_REDIRECT] [Fatal Error] :1:1: Premature end of file.
2026-04-12 23:55:51,991 [ERROR] LogOutputStream:75 - [STDERR_REDIRECT] 
2026-04-12 23:55:53,001 [ERROR] LogOutputStream:75 - [STDERR_REDIRECT] [Fatal Error] :1:1: Premature end of file.
2026-04-12 23:55:53,002 [ERROR] LogOutputStream:75 - [STDERR_REDIRECT] 
2026-04-12 23:55:54,000 [ERROR] LogOutputStream:75 - [STDERR_REDIRECT] [Fatal Error] :1:1: Premature end of file.
2026-04-12 23:55:54,000 [ERROR] LogOutputStream:75 - [STDERR_REDIRECT] 
2026-04-12 23:55:54,996 [ERROR] LogOutputStream:75 - [STDERR_REDIRECT] [Fatal Error] :1:1: Premature end of file.
2026-04-12 23:55:54,996 [ERROR] LogOutputStream:75 - [STDERR_REDIRECT] 
2026-04-12 23:55:55,997 [ERROR] LogOutputStream:75 - [STDERR_REDIRECT] [Fatal Error] :1:1: Premature end of file.
2026-04-12 23:55:55,998 [ERROR] LogOutputStream:75 - [STDERR_REDIRECT] 
2026-04-12 23:55:57,000 [ERROR] LogOutputStream:75 - [STDERR_REDIRECT] [Fatal Error] :1:1: Premature end of file.
2026-04-12 23:55:57,002 [ERROR] LogOutputStream:75 - [STDERR_REDIRECT] 
2026-04-12 23:55:57,987 [ERROR] LogOutputStream:75 - [STDERR_REDIRECT] [Fatal Error] :1:1: Premature end of file.
2026-04-12 23:55:57,987 [ERROR] LogOutputStream:75 - [STDERR_REDIRECT] 
2026-04-12 23:55:58,989 [ERROR] LogOutputStream:75 - [STDERR_REDIRECT] [Fatal Error] :1:1: Premature end of file.
2026-04-12 23:55:58,989 [ERROR] LogOutputStream:75 - [STDERR_REDIRECT] 
2026-04-12 23:55:59,992 [ERROR] LogOutputStream:75 - [STDERR_REDIRECT] [Fatal Error] :1:1: Premature end of file.
2026-04-12 23:55:59,993 [ERROR] LogOutputStream:75 - [STDERR_REDIRECT] 
2026-04-12 23:56:00,994 [ERROR] LogOutputStream:75 - [STDERR_REDIRECT] [Fatal Error] :1:1: Premature end of file.
2026-04-12 23:56:00,995 [ERROR] LogOutputStream:75 - [STDERR_REDIRECT] 
2026-04-12 23:56:01,998 [ERROR] LogOutputStream:75 - [STDERR_REDIRECT] [Fatal Error] :1:1: Premature end of file.
2026-04-12 23:56:02,000 [ERROR] LogOutputStream:75 - [STDERR_REDIRECT] 
2026-04-12 23:56:03,001 [ERROR] LogOutputStream:75 - [STDERR_REDIRECT] [Fatal Error] :1:1: Premature end of file.
2026-04-12 23:56:03,001 [ERROR] LogOutputStream:75 - [STDERR_REDIRECT] 
2026-04-12 23:56:03,996 [ERROR] LogOutputStream:75 - [STDERR_REDIRECT] [Fatal Error] :1:1: Premature end of file.
2026-04-12 23:56:03,996 [ERROR] LogOutputStream:75 - [STDERR_REDIRECT] 
2026-04-12 23:56:05,004 [ERROR] LogOutputStream:75 - [STDERR_REDIRECT] [Fatal Error] :1:1: Premature end of file.
2026-04-12 23:56:05,004 [ERROR] LogOutputStream:75 - [STDERR_REDIRECT] 
2026-04-12 23:56:05,994 [ERROR] LogOutputStream:75 - [STDERR_REDIRECT] [Fatal Error] :1:1: Premature end of file.
2026-04-12 23:56:05,995 [ERROR] LogOutputStream:75 - [STDERR_REDIRECT] 
2026-04-12 23:56:06,996 [ERROR] LogOutputStream:75 - [STDERR_REDIRECT] [Fatal Error] :1:1: Premature end of file.
2026-04-12 23:56:06,996 [ERROR] LogOutputStream:75 - [STDERR_REDIRECT] 
2026-04-12 23:56:07,992 [ERROR] LogOutputStream:75 - [STDERR_REDIRECT] [Fatal Error] :1:1: Premature end of file.
2026-04-12 23:56:07,992 [ERROR] LogOutputStream:75 - [STDERR_REDIRECT] 
2026-04-12 23:56:09,000 [ERROR] LogOutputStream:75 - [STDERR_REDIRECT] [Fatal Error] :1:1: Premature end of file.
2026-04-12 23:56:09,000 [ERROR] LogOutputStream:75 - [STDERR_REDIRECT] 
2026-04-12 23:56:09,990 [ERROR] LogOutputStream:75 - [STDERR_REDIRECT] [Fatal Error] :1:1: Premature end of file.
2026-04-12 23:56:09,990 [ERROR] LogOutputStream:75 - [STDERR_REDIRECT] 
2026-04-12 23:56:10,999 [ERROR] LogOutputStream:75 - [STDERR_REDIRECT] [Fatal Error] :1:1: Premature end of file.
2026-04-12 23:56:10,999 [ERROR] LogOutputStream:75 - [STDERR_REDIRECT] 
2026-04-12 23:56:12,001 [ERROR] LogOutputStream:75 - [STDERR_REDIRECT] [Fatal Error] :1:1: Premature end of file.
2026-04-12 23:56:12,002 [ERROR] LogOutputStream:75 - [STDERR_REDIRECT] 
2026-04-12 23:56:12,990 [ERROR] LogOutputStream:75 - [STDERR_REDIRECT] [Fatal Error] :1:1: Premature end of file.
2026-04-12 23:56:12,990 [ERROR] LogOutputStream:75 - [STDERR_REDIRECT] 
2026-04-12 23:56:13,993 [ERROR] LogOutputStream:75 - [STDERR_REDIRECT] [Fatal Error] :1:1: Premature end of file.
2026-04-12 23:56:13,993 [ERROR] LogOutputStream:75 - [STDERR_REDIRECT] 
2026-04-12 23:56:15,000 [ERROR] LogOutputStream:75 - [STDERR_REDIRECT] [Fatal Error] :1:1: Premature end of file.
2026-04-12 23:56:15,000 [ERROR] LogOutputStream:75 - [STDERR_REDIRECT] 
2026-04-12 23:56:15,988 [ERROR] LogOutputStream:75 - [STDERR_REDIRECT] [Fatal Error] :1:1: Premature end of file.
2026-04-12 23:56:15,988 [ERROR] LogOutputStream:75 - [STDERR_REDIRECT] 
2026-04-12 23:56:16,990 [ERROR] LogOutputStream:75 - [STDERR_REDIRECT] [Fatal Error] :1:1: Premature end of file.
2026-04-12 23:56:16,990 [ERROR] LogOutputStream:75 - [STDERR_REDIRECT] 
2026-04-12 23:56:17,988 [ERROR] LogOutputStream:75 - [STDERR_REDIRECT] [Fatal Error] :1:1: Premature end of file.
2026-04-12 23:56:17,988 [ERROR] LogOutputStream:75 - [STDERR_REDIRECT] 
2026-04-12 23:56:18,996 [ERROR] LogOutputStream:75 - [STDERR_REDIRECT] [Fatal Error] :1:1: Premature end of file.
2026-04-12 23:56:18,996 [ERROR] LogOutputStream:75 - [STDERR_REDIRECT] 
2026-04-12 23:56:20,002 [ERROR] LogOutputStream:75 - [STDERR_REDIRECT] [Fatal Error] :1:1: Premature end of file.
2026-04-12 23:56:20,002 [ERROR] LogOutputStream:75 - [STDERR_REDIRECT] 
2026-04-12 23:56:20,990 [ERROR] LogOutputStream:75 - [STDERR_REDIRECT] [Fatal Error] :1:1: Premature end of file.
2026-04-12 23:56:20,991 [ERROR] LogOutputStream:75 - [STDERR_REDIRECT] 
2026-04-12 23:56:22,001 [ERROR] LogOutputStream:75 - [STDERR_REDIRECT] [Fatal Error] :1:1: Premature end of file.
2026-04-12 23:56:22,001 [ERROR] LogOutputStream:75 - [STDERR_REDIRECT] 
2026-04-12 23:56:23,004 [ERROR] LogOutputStream:75 - [STDERR_REDIRECT] [Fatal Error] :1:1: Premature end of file.
2026-04-12 23:56:23,004 [ERROR] LogOutputStream:75 - [STDERR_REDIRECT] 
2026-04-12 23:56:23,995 [ERROR] LogOutputStream:75 - [STDERR_REDIRECT] [Fatal Error] :1:1: Premature end of file.
2026-04-12 23:56:23,996 [ERROR] LogOutputStream:75 - [STDERR_REDIRECT] 
2026-04-12 23:56:25,003 [ERROR] LogOutputStream:75 - [STDERR_REDIRECT] [Fatal Error] :1:1: Premature end of file.
2026-04-12 23:56:25,003 [ERROR] LogOutputStream:75 - [STDERR_REDIRECT] 
2026-04-12 23:56:25,994 [ERROR] LogOutputStream:75 - [STDERR_REDIRECT] [Fatal Error] :1:1: Premature end of file.
2026-04-12 23:56:25,994 [ERROR] LogOutputStream:75 - [STDERR_REDIRECT] 
2026-04-12 23:56:27,001 [ERROR] LogOutputStream:75 - [STDERR_REDIRECT] [Fatal Error] :1:1: Premature end of file.
2026-04-12 23:56:27,002 [ERROR] LogOutputStream:75 - [STDERR_REDIRECT] 
2026-04-12 23:56:27,992 [ERROR] LogOutputStream:75 - [STDERR_REDIRECT] [Fatal Error] :1:1: Premature end of file.
2026-04-12 23:56:27,992 [ERROR] LogOutputStream:75 - [STDERR_REDIRECT] 
2026-04-12 23:56:28,998 [ERROR] LogOutputStream:75 - [STDERR_REDIRECT] [Fatal Error] :1:1: Premature end of file.
2026-04-12 23:56:28,998 [ERROR] LogOutputStream:75 - [STDERR_REDIRECT] 
2026-04-12 23:56:30,003 [ERROR] LogOutputStream:75 - [STDERR_REDIRECT] [Fatal Error] :1:1: Premature end of file.
2026-04-12 23:56:30,003 [ERROR] LogOutputStream:75 - [STDERR_REDIRECT] 
2026-04-12 23:56:30,990 [ERROR] LogOutputStream:75 - [STDERR_REDIRECT] [Fatal Error] :1:1: Premature end of file.
2026-04-12 23:56:30,991 [ERROR] LogOutputStream:75 - [STDERR_REDIRECT] 
2026-04-12 23:56:31,991 [ERROR] LogOutputStream:75 - [STDERR_REDIRECT] [Fatal Error] :1:1: Premature end of file.
2026-04-12 23:56:31,991 [ERROR] LogOutputStream:75 - [STDERR_REDIRECT] 
2026-04-12 23:56:32,997 [ERROR] LogOutputStream:75 - [STDERR_REDIRECT] [Fatal Error] :1:1: Premature end of file.
2026-04-12 23:56:32,998 [ERROR] LogOutputStream:75 - [STDERR_REDIRECT] 
2026-04-12 23:56:34,004 [ERROR] LogOutputStream:75 - [STDERR_REDIRECT] [Fatal Error] :1:1: Premature end of file.
2026-04-12 23:56:34,004 [ERROR] LogOutputStream:75 - [STDERR_REDIRECT] 
2026-04-12 23:56:34,988 [ERROR] LogOutputStream:75 - [STDERR_REDIRECT] [Fatal Error] :1:1: Premature end of file.
2026-04-12 23:56:34,988 [ERROR] LogOutputStream:75 - [STDERR_REDIRECT] 
2026-04-12 23:56:35,996 [ERROR] LogOutputStream:75 - [STDERR_REDIRECT] [Fatal Error] :1:1: Premature end of file.
2026-04-12 23:56:35,996 [ERROR] LogOutputStream:75 - [STDERR_REDIRECT] 
2026-04-12 23:56:36,997 [ERROR] LogOutputStream:75 - [STDERR_REDIRECT] [Fatal Error] :1:1: Premature end of file.
2026-04-12 23:56:36,997 [ERROR] LogOutputStream:75 - [STDERR_REDIRECT] 
2026-04-12 23:56:37,999 [ERROR] LogOutputStream:75 - [STDERR_REDIRECT] [Fatal Error] :1:1: Premature end of file.
2026-04-12 23:56:37,999 [ERROR] LogOutputStream:75 - [STDERR_REDIRECT] 
2026-04-12 23:56:38,989 [ERROR] LogOutputStream:75 - [STDERR_REDIRECT] [Fatal Error] :1:1: Premature end of file.
2026-04-12 23:56:38,989 [ERROR] LogOutputStream:75 - [STDERR_REDIRECT] 
2026-04-12 23:56:39,993 [ERROR] LogOutputStream:75 - [STDERR_REDIRECT] [Fatal Error] :1:1: Premature end of file.
2026-04-12 23:56:39,993 [ERROR] LogOutputStream:75 - [STDERR_REDIRECT] 
2026-04-12 23:56:40,997 [ERROR] LogOutputStream:75 - [STDERR_REDIRECT] [Fatal Error] :1:1: Premature end of file.
2026-04-12 23:56:40,997 [ERROR] LogOutputStream:75 - [STDERR_REDIRECT] 
2026-04-12 23:56:41,988 [ERROR] LogOutputStream:75 - [STDERR_REDIRECT] [Fatal Error] :1:1: Premature end of file.
2026-04-12 23:56:41,988 [ERROR] LogOutputStream:75 - [STDERR_REDIRECT] 
2026-04-12 23:56:42,997 [ERROR] LogOutputStream:75 - [STDERR_REDIRECT] [Fatal Error] :1:1: Premature end of file.
2026-04-12 23:56:42,998 [ERROR] LogOutputStream:75 - [STDERR_REDIRECT] 
2026-04-12 23:56:44,002 [ERROR] LogOutputStream:75 - [STDERR_REDIRECT] [Fatal Error] :1:1: Premature end of file.
2026-04-12 23:56:44,002 [ERROR] LogOutputStream:75 - [STDERR_REDIRECT] 
2026-04-12 23:56:44,992 [ERROR] LogOutputStream:75 - [STDERR_REDIRECT] [Fatal Error] :1:1: Premature end of file.
2026-04-12 23:56:44,993 [ERROR] LogOutputStream:75 - [STDERR_REDIRECT] 
2026-04-12 23:56:45,995 [ERROR] LogOutputStream:75 - [STDERR_REDIRECT] [Fatal Error] :1:1: Premature end of file.
2026-04-12 23:56:45,995 [ERROR] LogOutputStream:75 - [STDERR_REDIRECT] 
2026-04-12 23:56:46,999 [ERROR] LogOutputStream:75 - [STDERR_REDIRECT] [Fatal Error] :1:1: Premature end of file.
2026-04-12 23:56:47,000 [ERROR] LogOutputStream:75 - [STDERR_REDIRECT] 
2026-04-12 23:56:47,992 [ERROR] LogOutputStream:75 - [STDERR_REDIRECT] [Fatal Error] :1:1: Premature end of file.
2026-04-12 23:56:47,992 [ERROR] LogOutputStream:75 - [STDERR_REDIRECT] 
2026-04-12 23:56:48,998 [ERROR] LogOutputStream:75 - [STDERR_REDIRECT] [Fatal Error] :1:1: Premature end of file.
2026-04-12 23:56:48,998 [ERROR] LogOutputStream:75 - [STDERR_REDIRECT] 
2026-04-12 23:56:49,992 [ERROR] LogOutputStream:75 - [STDERR_REDIRECT] [Fatal Error] :1:1: Premature end of file.
2026-04-12 23:56:49,992 [ERROR] LogOutputStream:75 - [STDERR_REDIRECT] 
2026-04-12 23:56:50,995 [ERROR] LogOutputStream:75 - [STDERR_REDIRECT] [Fatal Error] :1:1: Premature end of file.
2026-04-12 23:56:50,996 [ERROR] LogOutputStream:75 - [STDERR_REDIRECT] 
2026-04-12 23:56:52,002 [ERROR] LogOutputStream:75 - [STDERR_REDIRECT] [Fatal Error] :1:1: Premature end of file.
2026-04-12 23:56:52,002 [ERROR] LogOutputStream:75 - [STDERR_REDIRECT] 
2026-04-12 23:56:52,994 [ERROR] LogOutputStream:75 - [STDERR_REDIRECT] [Fatal Error] :1:1: Premature end of file.
2026-04-12 23:56:52,994 [ERROR] LogOutputStream:75 - [STDERR_REDIRECT] 
2026-04-12 23:56:54,002 [ERROR] LogOutputStream:75 - [STDERR_REDIRECT] [Fatal Error] :1:1: Premature end of file.
2026-04-12 23:56:54,002 [ERROR] LogOutputStream:75 - [STDERR_REDIRECT] 
2026-04-12 23:56:54,992 [ERROR] LogOutputStream:75 - [STDERR_REDIRECT] [Fatal Error] :1:1: Premature end of file.
2026-04-12 23:56:54,992 [ERROR] LogOutputStream:75 - [STDERR_REDIRECT] 
2026-04-12 23:56:56,003 [ERROR] LogOutputStream:75 - [STDERR_REDIRECT] [Fatal Error] :1:1: Premature end of file.
2026-04-12 23:56:56,003 [ERROR] LogOutputStream:75 - [STDERR_REDIRECT] 
2026-04-12 23:56:57,003 [ERROR] LogOutputStream:75 - [STDERR_REDIRECT] [Fatal Error] :1:1: Premature end of file.
2026-04-12 23:56:57,003 [ERROR] LogOutputStream:75 - [STDERR_REDIRECT] 
2026-04-12 23:56:57,987 [ERROR] LogOutputStream:75 - [STDERR_REDIRECT] [Fatal Error] :1:1: Premature end of file.
2026-04-12 23:56:57,987 [ERROR] LogOutputStream:75 - [STDERR_REDIRECT] 
2026-04-12 23:56:58,990 [ERROR] LogOutputStream:75 - [STDERR_REDIRECT] [Fatal Error] :1:1: Premature end of file.
2026-04-12 23:56:58,990 [ERROR] LogOutputStream:75 - [STDERR_REDIRECT] 
2026-04-12 23:56:59,993 [ERROR] LogOutputStream:75 - [STDERR_REDIRECT] [Fatal Error] :1:1: Premature end of file.
2026-04-12 23:56:59,993 [ERROR] LogOutputStream:75 - [STDERR_REDIRECT] 
2026-04-12 23:57:01,008 [ERROR] LogOutputStream:75 - [STDERR_REDIRECT] [Fatal Error] :1:1: Premature end of file.
2026-04-12 23:57:01,008 [ERROR] LogOutputStream:75 - [STDERR_REDIRECT] 
2026-04-12 23:57:01,989 [ERROR] LogOutputStream:75 - [STDERR_REDIRECT] [Fatal Error] :1:1: Premature end of file.
2026-04-12 23:57:01,989 [ERROR] LogOutputStream:75 - [STDERR_REDIRECT] 
2026-04-12 23:57:02,998 [ERROR] LogOutputStream:75 - [STDERR_REDIRECT] [Fatal Error] :1:1: Premature end of file.
2026-04-12 23:57:02,998 [ERROR] LogOutputStream:75 - [STDERR_REDIRECT] 
2026-04-12 23:57:04,002 [ERROR] LogOutputStream:75 - [STDERR_REDIRECT] [Fatal Error] :1:1: Premature end of file.
2026-04-12 23:57:04,002 [ERROR] LogOutputStream:75 - [STDERR_REDIRECT] 
2026-04-12 23:57:04,992 [ERROR] LogOutputStream:75 - [STDERR_REDIRECT] [Fatal Error] :1:1: Premature end of file.
2026-04-12 23:57:04,992 [ERROR] LogOutputStream:75 - [STDERR_REDIRECT] 
2026-04-12 23:57:05,997 [ERROR] LogOutputStream:75 - [STDERR_REDIRECT] [Fatal Error] :1:1: Premature end of file.
2026-04-12 23:57:05,997 [ERROR] LogOutputStream:75 - [STDERR_REDIRECT] 
2026-04-12 23:57:06,999 [ERROR] LogOutputStream:75 - [STDERR_REDIRECT] [Fatal Error] :1:1: Premature end of file.
2026-04-12 23:57:06,999 [ERROR] LogOutputStream:75 - [STDERR_REDIRECT] 
2026-04-12 23:57:07,997 [ERROR] LogOutputStream:75 - [STDERR_REDIRECT] [Fatal Error] :1:1: Premature end of file.
2026-04-12 23:57:07,997 [ERROR] LogOutputStream:75 - [STDERR_REDIRECT] 
2026-04-12 23:57:09,003 [ERROR] LogOutputStream:75 - [STDERR_REDIRECT] [Fatal Error] :1:1: Premature end of file.
2026-04-12 23:57:09,003 [ERROR] LogOutputStream:75 - [STDERR_REDIRECT] 
2026-04-12 23:57:09,997 [ERROR] LogOutputStream:75 - [STDERR_REDIRECT] [Fatal Error] :1:1: Premature end of file.
2026-04-12 23:57:09,997 [ERROR] LogOutputStream:75 - [STDERR_REDIRECT] 
2026-04-12 23:57:11,000 [ERROR] LogOutputStream:75 - [STDERR_REDIRECT] [Fatal Error] :1:1: Premature end of file.
2026-04-12 23:57:11,000 [ERROR] LogOutputStream:75 - [STDERR_REDIRECT] 
2026-04-12 23:57:11,995 [ERROR] LogOutputStream:75 - [STDERR_REDIRECT] [Fatal Error] :1:1: Premature end of file.
2026-04-12 23:57:11,995 [ERROR] LogOutputStream:75 - [STDERR_REDIRECT] 
2026-04-12 23:57:12,998 [ERROR] LogOutputStream:75 - [STDERR_REDIRECT] [Fatal Error] :1:1: Premature end of file.
2026-04-12 23:57:12,999 [ERROR] LogOutputStream:75 - [STDERR_REDIRECT] 
2026-04-12 23:57:13,992 [ERROR] LogOutputStream:75 - [STDERR_REDIRECT] [Fatal Error] :1:1: Premature end of file.
2026-04-12 23:57:13,992 [ERROR] LogOutputStream:75 - [STDERR_REDIRECT] 
2026-04-12 23:57:14,990 [ERROR] LogOutputStream:75 - [STDERR_REDIRECT] [Fatal Error] :1:1: Premature end of file.
2026-04-12 23:57:14,990 [ERROR] LogOutputStream:75 - [STDERR_REDIRECT] 
2026-04-12 23:57:15,994 [ERROR] LogOutputStream:75 - [STDERR_REDIRECT] [Fatal Error] :1:1: Premature end of file.
2026-04-12 23:57:15,994 [ERROR] LogOutputStream:75 - [STDERR_REDIRECT] 
2026-04-12 23:57:17,001 [ERROR] LogOutputStream:75 - [STDERR_REDIRECT] [Fatal Error] :1:1: Premature end of file.
2026-04-12 23:57:17,001 [ERROR] LogOutputStream:75 - [STDERR_REDIRECT] 
2026-04-12 23:57:17,994 [ERROR] LogOutputStream:75 - [STDERR_REDIRECT] [Fatal Error] :1:1: Premature end of file.
2026-04-12 23:57:17,994 [ERROR] LogOutputStream:75 - [STDERR_REDIRECT] 
2026-04-12 23:57:18,996 [ERROR] LogOutputStream:75 - [STDERR_REDIRECT] [Fatal Error] :1:1: Premature end of file.
2026-04-12 23:57:18,996 [ERROR] LogOutputStream:75 - [STDERR_REDIRECT] 
2026-04-12 23:57:19,997 [ERROR] LogOutputStream:75 - [STDERR_REDIRECT] [Fatal Error] :1:1: Premature end of file.
2026-04-12 23:57:19,997 [ERROR] LogOutputStream:75 - [STDERR_REDIRECT] 
2026-04-12 23:57:21,001 [ERROR] LogOutputStream:75 - [STDERR_REDIRECT] [Fatal Error] :1:1: Premature end of file.
2026-04-12 23:57:21,001 [ERROR] LogOutputStream:75 - [STDERR_REDIRECT] 
2026-04-12 23:57:21,992 [ERROR] LogOutputStream:75 - [STDERR_REDIRECT] [Fatal Error] :1:1: Premature end of file.
2026-04-12 23:57:21,992 [ERROR] LogOutputStream:75 - [STDERR_REDIRECT] 
2026-04-12 23:57:22,994 [ERROR] LogOutputStream:75 - [STDERR_REDIRECT] [Fatal Error] :1:1: Premature end of file.
2026-04-12 23:57:22,994 [ERROR] LogOutputStream:75 - [STDERR_REDIRECT] 
2026-04-12 23:57:23,988 [ERROR] LogOutputStream:75 - [STDERR_REDIRECT] [Fatal Error] :1:1: Premature end of file.
2026-04-12 23:57:23,988 [ERROR] LogOutputStream:75 - [STDERR_REDIRECT] 
2026-04-12 23:57:24,992 [ERROR] LogOutputStream:75 - [STDERR_REDIRECT] [Fatal Error] :1:1: Premature end of file.
2026-04-12 23:57:24,992 [ERROR] LogOutputStream:75 - [STDERR_REDIRECT] 
2026-04-12 23:57:25,996 [ERROR] LogOutputStream:75 - [STDERR_REDIRECT] [Fatal Error] :1:1: Premature end of file.
2026-04-12 23:57:25,997 [ERROR] LogOutputStream:75 - [STDERR_REDIRECT] 
2026-04-12 23:57:26,998 [ERROR] LogOutputStream:75 - [STDERR_REDIRECT] [Fatal Error] :1:1: Premature end of file.
2026-04-12 23:57:26,998 [ERROR] LogOutputStream:75 - [STDERR_REDIRECT] 
2026-04-12 23:57:27,989 [ERROR] LogOutputStream:75 - [STDERR_REDIRECT] [Fatal Error] :1:1: Premature end of file.
2026-04-12 23:57:27,990 [ERROR] LogOutputStream:75 - [STDERR_REDIRECT] 
2026-04-12 23:57:28,997 [ERROR] LogOutputStream:75 - [STDERR_REDIRECT] [Fatal Error] :1:1: Premature end of file.
2026-04-12 23:57:28,997 [ERROR] LogOutputStream:75 - [STDERR_REDIRECT] 
2026-04-12 23:57:29,987 [ERROR] LogOutputStream:75 - [STDERR_REDIRECT] [Fatal Error] :1:1: Premature end of file.
2026-04-12 23:57:29,987 [ERROR] LogOutputStream:75 - [STDERR_REDIRECT] 
2026-04-12 23:57:30,995 [ERROR] LogOutputStream:75 - [STDERR_REDIRECT] [Fatal Error] :1:1: Premature end of file.
2026-04-12 23:57:31,001 [ERROR] LogOutputStream:75 - [STDERR_REDIRECT] 
2026-04-12 23:57:31,999 [ERROR] LogOutputStream:75 - [STDERR_REDIRECT] [Fatal Error] :1:1: Premature end of file.
2026-04-12 23:57:32,000 [ERROR] LogOutputStream:75 - [STDERR_REDIRECT] 
2026-04-12 23:57:32,989 [ERROR] LogOutputStream:75 - [STDERR_REDIRECT] [Fatal Error] :1:1: Premature end of file.
2026-04-12 23:57:32,989 [ERROR] LogOutputStream:75 - [STDERR_REDIRECT] 
2026-04-12 23:57:33,996 [ERROR] LogOutputStream:75 - [STDERR_REDIRECT] [Fatal Error] :1:1: Premature end of file.
2026-04-12 23:57:33,996 [ERROR] LogOutputStream:75 - [STDERR_REDIRECT] 
2026-04-12 23:57:35,001 [ERROR] LogOutputStream:75 - [STDERR_REDIRECT] [Fatal Error] :1:1: Premature end of file.
2026-04-12 23:57:35,001 [ERROR] LogOutputStream:75 - [STDERR_REDIRECT] 
2026-04-12 23:57:35,991 [ERROR] LogOutputStream:75 - [STDERR_REDIRECT] [Fatal Error] :1:1: Premature end of file.
2026-04-12 23:57:35,991 [ERROR] LogOutputStream:75 - [STDERR_REDIRECT] 
2026-04-12 23:57:36,997 [ERROR] LogOutputStream:75 - [STDERR_REDIRECT] [Fatal Error] :1:1: Premature end of file.
2026-04-12 23:57:36,997 [ERROR] LogOutputStream:75 - [STDERR_REDIRECT] 
2026-04-12 23:57:38,001 [ERROR] LogOutputStream:75 - [STDERR_REDIRECT] [Fatal Error] :1:1: Premature end of file.
2026-04-12 23:57:38,001 [ERROR] LogOutputStream:75 - [STDERR_REDIRECT] 
2026-04-12 23:57:38,988 [ERROR] LogOutputStream:75 - [STDERR_REDIRECT] [Fatal Error] :1:1: Premature end of file.
2026-04-12 23:57:38,988 [ERROR] LogOutputStream:75 - [STDERR_REDIRECT] 
2026-04-12 23:57:40,000 [ERROR] LogOutputStream:75 - [STDERR_REDIRECT] [Fatal Error] :1:1: Premature end of file.
2026-04-12 23:57:40,000 [ERROR] LogOutputStream:75 - [STDERR_REDIRECT] 
2026-04-12 23:57:40,992 [ERROR] LogOutputStream:75 - [STDERR_REDIRECT] [Fatal Error] :1:1: Premature end of file.
2026-04-12 23:57:40,992 [ERROR] LogOutputStream:75 - [STDERR_REDIRECT] 
2026-04-12 23:57:41,998 [ERROR] LogOutputStream:75 - [STDERR_REDIRECT] [Fatal Error] :1:1: Premature end of file.
2026-04-12 23:57:41,998 [ERROR] LogOutputStream:75 - [STDERR_REDIRECT] 
2026-04-12 23:57:42,993 [ERROR] LogOutputStream:75 - [STDERR_REDIRECT] [Fatal Error] :1:1: Premature end of file.
2026-04-12 23:57:42,994 [ERROR] LogOutputStream:75 - [STDERR_REDIRECT] 
2026-04-12 23:57:43,999 [ERROR] LogOutputStream:75 - [STDERR_REDIRECT] [Fatal Error] :1:1: Premature end of file.
2026-04-12 23:57:43,999 [ERROR] LogOutputStream:75 - [STDERR_REDIRECT] 
2026-04-12 23:57:44,989 [ERROR] LogOutputStream:75 - [STDERR_REDIRECT] [Fatal Error] :1:1: Premature end of file.
2026-04-12 23:57:44,989 [ERROR] LogOutputStream:75 - [STDERR_REDIRECT] 
2026-04-12 23:57:45,999 [ERROR] LogOutputStream:75 - [STDERR_REDIRECT] [Fatal Error] :1:1: Premature end of file.
2026-04-12 23:57:45,999 [ERROR] LogOutputStream:75 - [STDERR_REDIRECT] 
2026-04-12 23:57:47,004 [ERROR] LogOutputStream:75 - [STDERR_REDIRECT] [Fatal Error] :1:1: Premature end of file.
2026-04-12 23:57:47,004 [ERROR] LogOutputStream:75 - [STDERR_REDIRECT] 
2026-04-12 23:57:47,996 [ERROR] LogOutputStream:75 - [STDERR_REDIRECT] [Fatal Error] :1:1: Premature end of file.
2026-04-12 23:57:47,996 [ERROR] LogOutputStream:75 - [STDERR_REDIRECT] 
2026-04-12 23:57:48,998 [ERROR] LogOutputStream:75 - [STDERR_REDIRECT] [Fatal Error] :1:1: Premature end of file.
2026-04-12 23:57:48,998 [ERROR] LogOutputStream:75 - [STDERR_REDIRECT] 
2026-04-12 23:57:50,003 [ERROR] LogOutputStream:75 - [STDERR_REDIRECT] [Fatal Error] :1:1: Premature end of file.
2026-04-12 23:57:50,003 [ERROR] LogOutputStream:75 - [STDERR_REDIRECT] 
2026-04-12 23:57:50,993 [ERROR] LogOutputStream:75 - [STDERR_REDIRECT] [Fatal Error] :1:1: Premature end of file.
2026-04-12 23:57:50,993 [ERROR] LogOutputStream:75 - [STDERR_REDIRECT] 
2026-04-12 23:57:51,994 [ERROR] LogOutputStream:75 - [STDERR_REDIRECT] [Fatal Error] :1:1: Premature end of file.
2026-04-12 23:57:51,994 [ERROR] LogOutputStream:75 - [STDERR_REDIRECT] 
2026-04-12 23:57:52,988 [ERROR] LogOutputStream:75 - [STDERR_REDIRECT] [Fatal Error] :1:1: Premature end of file.
2026-04-12 23:57:52,988 [ERROR] LogOutputStream:75 - [STDERR_REDIRECT] 
2026-04-12 23:57:53,996 [ERROR] LogOutputStream:75 - [STDERR_REDIRECT] [Fatal Error] :1:1: Premature end of file.
2026-04-12 23:57:53,997 [ERROR] LogOutputStream:75 - [STDERR_REDIRECT] 
2026-04-12 23:57:55,002 [ERROR] LogOutputStream:75 - [STDERR_REDIRECT] [Fatal Error] :1:1: Premature end of file.
2026-04-12 23:57:55,002 [ERROR] LogOutputStream:75 - [STDERR_REDIRECT] 
2026-04-12 23:57:55,992 [ERROR] LogOutputStream:75 - [STDERR_REDIRECT] [Fatal Error] :1:1: Premature end of file.
2026-04-12 23:57:55,992 [ERROR] LogOutputStream:75 - [STDERR_REDIRECT] 
2026-04-12 23:57:56,996 [ERROR] LogOutputStream:75 - [STDERR_REDIRECT] [Fatal Error] :1:1: Premature end of file.
2026-04-12 23:57:56,996 [ERROR] LogOutputStream:75 - [STDERR_REDIRECT] 
2026-04-12 23:57:58,001 [ERROR] LogOutputStream:75 - [STDERR_REDIRECT] [Fatal Error] :1:1: Premature end of file.
2026-04-12 23:57:58,001 [ERROR] LogOutputStream:75 - [STDERR_REDIRECT] 
2026-04-12 23:57:58,992 [ERROR] LogOutputStream:75 - [STDERR_REDIRECT] [Fatal Error] :1:1: Premature end of file.
2026-04-12 23:57:58,992 [ERROR] LogOutputStream:75 - [STDERR_REDIRECT] 
2026-04-12 23:57:59,991 [ERROR] LogOutputStream:75 - [STDERR_REDIRECT] [Fatal Error] :1:1: Premature end of file.
2026-04-12 23:57:59,991 [ERROR] LogOutputStream:75 - [STDERR_REDIRECT] 
2026-04-12 23:58:01,010 [ERROR] LogOutputStream:75 - [STDERR_REDIRECT] [Fatal Error] :1:1: Premature end of file.
2026-04-12 23:58:01,010 [ERROR] LogOutputStream:75 - [STDERR_REDIRECT] 
2026-04-12 23:58:02,000 [ERROR] LogOutputStream:75 - [STDERR_REDIRECT] [Fatal Error] :1:1: Premature end of file.
2026-04-12 23:58:02,000 [ERROR] LogOutputStream:75 - [STDERR_REDIRECT] 
2026-04-12 23:58:02,989 [ERROR] LogOutputStream:75 - [STDERR_REDIRECT] [Fatal Error] :1:1: Premature end of file.
2026-04-12 23:58:02,989 [ERROR] LogOutputStream:75 - [STDERR_REDIRECT] 
2026-04-12 23:58:03,996 [ERROR] LogOutputStream:75 - [STDERR_REDIRECT] [Fatal Error] :1:1: Premature end of file.
2026-04-12 23:58:03,996 [ERROR] LogOutputStream:75 - [STDERR_REDIRECT] 
2026-04-12 23:58:05,002 [ERROR] LogOutputStream:75 - [STDERR_REDIRECT] [Fatal Error] :1:1: Premature end of file.
2026-04-12 23:58:05,002 [ERROR] LogOutputStream:75 - [STDERR_REDIRECT] 
2026-04-12 23:58:05,994 [ERROR] LogOutputStream:75 - [STDERR_REDIRECT] [Fatal Error] :1:1: Premature end of file.
2026-04-12 23:58:05,994 [ERROR] LogOutputStream:75 - [STDERR_REDIRECT] 
2026-04-12 23:58:06,997 [ERROR] LogOutputStream:75 - [STDERR_REDIRECT] [Fatal Error] :1:1: Premature end of file.
2026-04-12 23:58:06,997 [ERROR] LogOutputStream:75 - [STDERR_REDIRECT] 
2026-04-12 23:58:08,004 [ERROR] LogOutputStream:75 - [STDERR_REDIRECT] [Fatal Error] :1:1: Premature end of file.
2026-04-12 23:58:08,004 [ERROR] LogOutputStream:75 - [STDERR_REDIRECT] 
2026-04-12 23:58:08,995 [ERROR] LogOutputStream:75 - [STDERR_REDIRECT] [Fatal Error] :1:1: Premature end of file.
2026-04-12 23:58:08,995 [ERROR] LogOutputStream:75 - [STDERR_REDIRECT] 
2026-04-12 23:58:09,988 [ERROR] LogOutputStream:75 - [STDERR_REDIRECT] [Fatal Error] :1:1: Premature end of file.
2026-04-12 23:58:09,988 [ERROR] LogOutputStream:75 - [STDERR_REDIRECT] 
2026-04-12 23:58:10,997 [ERROR] LogOutputStream:75 - [STDERR_REDIRECT] [Fatal Error] :1:1: Premature end of file.
2026-04-12 23:58:10,997 [ERROR] LogOutputStream:75 - [STDERR_REDIRECT] 
2026-04-12 23:58:11,988 [ERROR] LogOutputStream:75 - [STDERR_REDIRECT] [Fatal Error] :1:1: Premature end of file.
2026-04-12 23:58:11,989 [ERROR] LogOutputStream:75 - [STDERR_REDIRECT] 
2026-04-12 23:58:12,991 [ERROR] LogOutputStream:75 - [STDERR_REDIRECT] [Fatal Error] :1:1: Premature end of file.
2026-04-12 23:58:12,991 [ERROR] LogOutputStream:75 - [STDERR_REDIRECT] 
2026-04-12 23:58:14,000 [ERROR] LogOutputStream:75 - [STDERR_REDIRECT] [Fatal Error] :1:1: Premature end of file.
2026-04-12 23:58:14,000 [ERROR] LogOutputStream:75 - [STDERR_REDIRECT] 
2026-04-12 23:58:14,991 [ERROR] LogOutputStream:75 - [STDERR_REDIRECT] [Fatal Error] :1:1: Premature end of file.
2026-04-12 23:58:14,992 [ERROR] LogOutputStream:75 - [STDERR_REDIRECT] 
2026-04-12 23:58:15,997 [ERROR] LogOutputStream:75 - [STDERR_REDIRECT] [Fatal Error] :1:1: Premature end of file.
2026-04-12 23:58:15,997 [ERROR] LogOutputStream:75 - [STDERR_REDIRECT] 
2026-04-12 23:58:17,004 [ERROR] LogOutputStream:75 - [STDERR_REDIRECT] [Fatal Error] :1:1: Premature end of file.
2026-04-12 23:58:17,004 [ERROR] LogOutputStream:75 - [STDERR_REDIRECT] 
2026-04-12 23:58:17,994 [ERROR] LogOutputStream:75 - [STDERR_REDIRECT] [Fatal Error] :1:1: Premature end of file.
2026-04-12 23:58:17,994 [ERROR] LogOutputStream:75 - [STDERR_REDIRECT] 
2026-04-12 23:58:18,999 [ERROR] LogOutputStream:75 - [STDERR_REDIRECT] [Fatal Error] :1:1: Premature end of file.
2026-04-12 23:58:19,000 [ERROR] LogOutputStream:75 - [STDERR_REDIRECT] 
2026-04-12 23:58:19,989 [ERROR] LogOutputStream:75 - [STDERR_REDIRECT] [Fatal Error] :1:1: Premature end of file.
2026-04-12 23:58:19,990 [ERROR] LogOutputStream:75 - [STDERR_REDIRECT] 
2026-04-12 23:58:20,994 [ERROR] LogOutputStream:75 - [STDERR_REDIRECT] [Fatal Error] :1:1: Premature end of file.
2026-04-12 23:58:20,994 [ERROR] LogOutputStream:75 - [STDERR_REDIRECT] 
2026-04-12 23:58:22,004 [ERROR] LogOutputStream:75 - [STDERR_REDIRECT] [Fatal Error] :1:1: Premature end of file.
2026-04-12 23:58:22,004 [ERROR] LogOutputStream:75 - [STDERR_REDIRECT] 
2026-04-12 23:58:22,994 [ERROR] LogOutputStream:75 - [STDERR_REDIRECT] [Fatal Error] :1:1: Premature end of file.
2026-04-12 23:58:22,994 [ERROR] LogOutputStream:75 - [STDERR_REDIRECT] 
2026-04-12 23:58:24,009 [ERROR] LogOutputStream:75 - [STDERR_REDIRECT] [Fatal Error] :1:1: Premature end of file.
2026-04-12 23:58:24,010 [ERROR] LogOutputStream:75 - [STDERR_REDIRECT] 
2026-04-12 23:58:25,004 [ERROR] LogOutputStream:75 - [STDERR_REDIRECT] [Fatal Error] :1:1: Premature end of file.
2026-04-12 23:58:25,004 [ERROR] LogOutputStream:75 - [STDERR_REDIRECT] 
2026-04-12 23:58:25,990 [ERROR] LogOutputStream:75 - [STDERR_REDIRECT] [Fatal Error] :1:1: Premature end of file.
2026-04-12 23:58:25,990 [ERROR] LogOutputStream:75 - [STDERR_REDIRECT] 
2026-04-12 23:58:27,014 [ERROR] LogOutputStream:75 - [STDERR_REDIRECT] [Fatal Error] :1:1: Premature end of file.
2026-04-12 23:58:27,017 [ERROR] LogOutputStream:75 - [STDERR_REDIRECT] 
2026-04-12 23:58:27,988 [ERROR] LogOutputStream:75 - [STDERR_REDIRECT] [Fatal Error] :1:1: Premature end of file.
2026-04-12 23:58:27,988 [ERROR] LogOutputStream:75 - [STDERR_REDIRECT] 
2026-04-12 23:58:29,004 [ERROR] LogOutputStream:75 - [STDERR_REDIRECT] [Fatal Error] :1:1: Premature end of file.
2026-04-12 23:58:29,004 [ERROR] LogOutputStream:75 - [STDERR_REDIRECT] 
2026-04-12 23:58:30,009 [ERROR] LogOutputStream:75 - [STDERR_REDIRECT] [Fatal Error] :1:1: Premature end of file.
2026-04-12 23:58:30,009 [ERROR] LogOutputStream:75 - [STDERR_REDIRECT] 
2026-04-12 23:58:30,997 [ERROR] LogOutputStream:75 - [STDERR_REDIRECT] [Fatal Error] :1:1: Premature end of file.
2026-04-12 23:58:30,997 [ERROR] LogOutputStream:75 - [STDERR_REDIRECT] 
2026-04-12 23:58:32,000 [ERROR] LogOutputStream:75 - [STDERR_REDIRECT] [Fatal Error] :1:1: Premature end of file.
2026-04-12 23:58:32,000 [ERROR] LogOutputStream:75 - [STDERR_REDIRECT] 
2026-04-12 23:58:33,000 [ERROR] LogOutputStream:75 - [STDERR_REDIRECT] [Fatal Error] :1:1: Premature end of file.
2026-04-12 23:58:33,000 [ERROR] LogOutputStream:75 - [STDERR_REDIRECT] 
2026-04-12 23:58:33,998 [ERROR] LogOutputStream:75 - [STDERR_REDIRECT] [Fatal Error] :1:1: Premature end of file.
2026-04-12 23:58:33,999 [ERROR] LogOutputStream:75 - [STDERR_REDIRECT] 
2026-04-12 23:58:34,995 [ERROR] LogOutputStream:75 - [STDERR_REDIRECT] [Fatal Error] :1:1: Premature end of file.
2026-04-12 23:58:34,995 [ERROR] LogOutputStream:75 - [STDERR_REDIRECT] 
2026-04-12 23:58:36,007 [ERROR] LogOutputStream:75 - [STDERR_REDIRECT] [Fatal Error] :1:1: Premature end of file.
2026-04-12 23:58:36,007 [ERROR] LogOutputStream:75 - [STDERR_REDIRECT] 
2026-04-12 23:58:36,997 [ERROR] LogOutputStream:75 - [STDERR_REDIRECT] [Fatal Error] :1:1: Premature end of file.
2026-04-12 23:58:36,997 [ERROR] LogOutputStream:75 - [STDERR_REDIRECT] 
2026-04-12 23:58:38,001 [ERROR] LogOutputStream:75 - [STDERR_REDIRECT] [Fatal Error] :1:1: Premature end of file.
2026-04-12 23:58:38,001 [ERROR] LogOutputStream:75 - [STDERR_REDIRECT] 
2026-04-12 23:58:38,999 [ERROR] LogOutputStream:75 - [STDERR_REDIRECT] [Fatal Error] :1:1: Premature end of file.
2026-04-12 23:58:38,999 [ERROR] LogOutputStream:75 - [STDERR_REDIRECT] 
2026-04-12 23:58:40,000 [ERROR] LogOutputStream:75 - [STDERR_REDIRECT] [Fatal Error] :1:1: Premature end of file.
2026-04-12 23:58:40,048 [ERROR] LogOutputStream:75 - [STDERR_REDIRECT] 
2026-04-12 23:58:40,993 [ERROR] LogOutputStream:75 - [STDERR_REDIRECT] [Fatal Error] :1:1: Premature end of file.
2026-04-12 23:58:40,993 [ERROR] LogOutputStream:75 - [STDERR_REDIRECT] 
2026-04-12 23:58:41,989 [ERROR] LogOutputStream:75 - [STDERR_REDIRECT] [Fatal Error] :1:1: Premature end of file.
2026-04-12 23:58:41,989 [ERROR] LogOutputStream:75 - [STDERR_REDIRECT] 
2026-04-12 23:58:43,006 [ERROR] LogOutputStream:75 - [STDERR_REDIRECT] [Fatal Error] :1:1: Premature end of file.
2026-04-12 23:58:43,006 [ERROR] LogOutputStream:75 - [STDERR_REDIRECT] 
2026-04-12 23:58:43,995 [ERROR] LogOutputStream:75 - [STDERR_REDIRECT] [Fatal Error] :1:1: Premature end of file.
2026-04-12 23:58:43,996 [ERROR] LogOutputStream:75 - [STDERR_REDIRECT] 
2026-04-12 23:58:44,990 [ERROR] LogOutputStream:75 - [STDERR_REDIRECT] [Fatal Error] :1:1: Premature end of file.
2026-04-12 23:58:44,990 [ERROR] LogOutputStream:75 - [STDERR_REDIRECT] 
2026-04-12 23:58:45,992 [ERROR] LogOutputStream:75 - [STDERR_REDIRECT] [Fatal Error] :1:1: Premature end of file.
2026-04-12 23:58:45,993 [ERROR] LogOutputStream:75 - [STDERR_REDIRECT] 
2026-04-12 23:58:47,003 [ERROR] LogOutputStream:75 - [STDERR_REDIRECT] [Fatal Error] :1:1: Premature end of file.
2026-04-12 23:58:47,004 [ERROR] LogOutputStream:75 - [STDERR_REDIRECT] 
2026-04-12 23:58:47,999 [ERROR] LogOutputStream:75 - [STDERR_REDIRECT] [Fatal Error] :1:1: Premature end of file.
2026-04-12 23:58:47,999 [ERROR] LogOutputStream:75 - [STDERR_REDIRECT] 
2026-04-12 23:58:49,004 [ERROR] LogOutputStream:75 - [STDERR_REDIRECT] [Fatal Error] :1:1: Premature end of file.
2026-04-12 23:58:49,004 [ERROR] LogOutputStream:75 - [STDERR_REDIRECT] 
2026-04-12 23:58:50,000 [ERROR] LogOutputStream:75 - [STDERR_REDIRECT] [Fatal Error] :1:1: Premature end of file.
2026-04-12 23:58:50,000 [ERROR] LogOutputStream:75 - [STDERR_REDIRECT] 
2026-04-12 23:58:50,987 [ERROR] LogOutputStream:75 - [STDERR_REDIRECT] [Fatal Error] :1:1: Premature end of file.
2026-04-12 23:58:50,987 [ERROR] LogOutputStream:75 - [STDERR_REDIRECT] 
2026-04-12 23:58:51,994 [ERROR] LogOutputStream:75 - [STDERR_REDIRECT] [Fatal Error] :1:1: Premature end of file.
2026-04-12 23:58:51,994 [ERROR] LogOutputStream:75 - [STDERR_REDIRECT] 
2026-04-12 23:58:52,992 [ERROR] LogOutputStream:75 - [STDERR_REDIRECT] [Fatal Error] :1:1: Premature end of file.
2026-04-12 23:58:52,993 [ERROR] LogOutputStream:75 - [STDERR_REDIRECT] 
2026-04-12 23:58:53,994 [ERROR] LogOutputStream:75 - [STDERR_REDIRECT] [Fatal Error] :1:1: Premature end of file.
2026-04-12 23:58:53,994 [ERROR] LogOutputStream:75 - [STDERR_REDIRECT] 
2026-04-12 23:58:54,998 [ERROR] LogOutputStream:75 - [STDERR_REDIRECT] [Fatal Error] :1:1: Premature end of file.
2026-04-12 23:58:54,998 [ERROR] LogOutputStream:75 - [STDERR_REDIRECT] 
2026-04-12 23:58:55,986 [ERROR] LogOutputStream:75 - [STDERR_REDIRECT] [Fatal Error] :1:1: Premature end of file.
2026-04-12 23:58:55,987 [ERROR] LogOutputStream:75 - [STDERR_REDIRECT] 
2026-04-12 23:58:56,994 [ERROR] LogOutputStream:75 - [STDERR_REDIRECT] [Fatal Error] :1:1: Premature end of file.
2026-04-12 23:58:56,994 [ERROR] LogOutputStream:75 - [STDERR_REDIRECT] 
2026-04-12 23:58:58,001 [ERROR] LogOutputStream:75 - [STDERR_REDIRECT] [Fatal Error] :1:1: Premature end of file.
2026-04-12 23:58:58,001 [ERROR] LogOutputStream:75 - [STDERR_REDIRECT] 
2026-04-12 23:58:58,996 [ERROR] LogOutputStream:75 - [STDERR_REDIRECT] [Fatal Error] :1:1: Premature end of file.
2026-04-12 23:58:58,997 [ERROR] LogOutputStream:75 - [STDERR_REDIRECT] 
2026-04-12 23:58:59,994 [ERROR] LogOutputStream:75 - [STDERR_REDIRECT] [Fatal Error] :1:1: Premature end of file.
2026-04-12 23:58:59,994 [ERROR] LogOutputStream:75 - [STDERR_REDIRECT] 
2026-04-12 23:59:00,996 [ERROR] LogOutputStream:75 - [STDERR_REDIRECT] [Fatal Error] :1:1: Premature end of file.
2026-04-12 23:59:00,996 [ERROR] LogOutputStream:75 - [STDERR_REDIRECT] 
2026-04-12 23:59:01,998 [ERROR] LogOutputStream:75 - [STDERR_REDIRECT] [Fatal Error] :1:1: Premature end of file.
2026-04-12 23:59:01,998 [ERROR] LogOutputStream:75 - [STDERR_REDIRECT] 
2026-04-12 23:59:02,994 [ERROR] LogOutputStream:75 - [STDERR_REDIRECT] [Fatal Error] :1:1: Premature end of file.
2026-04-12 23:59:02,994 [ERROR] LogOutputStream:75 - [STDERR_REDIRECT] 
2026-04-12 23:59:03,990 [ERROR] LogOutputStream:75 - [STDERR_REDIRECT] [Fatal Error] :1:1: Premature end of file.
2026-04-12 23:59:03,990 [ERROR] LogOutputStream:75 - [STDERR_REDIRECT] 
2026-04-12 23:59:04,999 [ERROR] LogOutputStream:75 - [STDERR_REDIRECT] [Fatal Error] :1:1: Premature end of file.
2026-04-12 23:59:04,999 [ERROR] LogOutputStream:75 - [STDERR_REDIRECT] 
2026-04-12 23:59:06,004 [ERROR] LogOutputStream:75 - [STDERR_REDIRECT] [Fatal Error] :1:1: Premature end of file.
2026-04-12 23:59:06,004 [ERROR] LogOutputStream:75 - [STDERR_REDIRECT] 
2026-04-12 23:59:06,993 [ERROR] LogOutputStream:75 - [STDERR_REDIRECT] [Fatal Error] :1:1: Premature end of file.
2026-04-12 23:59:06,993 [ERROR] LogOutputStream:75 - [STDERR_REDIRECT] 
2026-04-12 23:59:08,003 [ERROR] LogOutputStream:75 - [STDERR_REDIRECT] [Fatal Error] :1:1: Premature end of file.
2026-04-12 23:59:08,003 [ERROR] LogOutputStream:75 - [STDERR_REDIRECT] 
2026-04-12 23:59:08,997 [ERROR] LogOutputStream:75 - [STDERR_REDIRECT] [Fatal Error] :1:1: Premature end of file.
2026-04-12 23:59:08,997 [ERROR] LogOutputStream:75 - [STDERR_REDIRECT] 
2026-04-12 23:59:09,991 [ERROR] LogOutputStream:75 - [STDERR_REDIRECT] [Fatal Error] :1:1: Premature end of file.
2026-04-12 23:59:09,991 [ERROR] LogOutputStream:75 - [STDERR_REDIRECT] 
2026-04-12 23:59:10,990 [ERROR] LogOutputStream:75 - [STDERR_REDIRECT] [Fatal Error] :1:1: Premature end of file.
2026-04-12 23:59:10,990 [ERROR] LogOutputStream:75 - [STDERR_REDIRECT] 
2026-04-12 23:59:11,989 [ERROR] LogOutputStream:75 - [STDERR_REDIRECT] [Fatal Error] :1:1: Premature end of file.
2026-04-12 23:59:11,990 [ERROR] LogOutputStream:75 - [STDERR_REDIRECT] 
2026-04-12 23:59:12,989 [ERROR] LogOutputStream:75 - [STDERR_REDIRECT] [Fatal Error] :1:1: Premature end of file.
2026-04-12 23:59:12,989 [ERROR] LogOutputStream:75 - [STDERR_REDIRECT] 
2026-04-12 23:59:13,994 [ERROR] LogOutputStream:75 - [STDERR_REDIRECT] [Fatal Error] :1:1: Premature end of file.
2026-04-12 23:59:13,994 [ERROR] LogOutputStream:75 - [STDERR_REDIRECT] 
2026-04-12 23:59:14,987 [ERROR] LogOutputStream:75 - [STDERR_REDIRECT] [Fatal Error] :1:1: Premature end of file.
2026-04-12 23:59:14,987 [ERROR] LogOutputStream:75 - [STDERR_REDIRECT] 
2026-04-12 23:59:15,996 [ERROR] LogOutputStream:75 - [STDERR_REDIRECT] [Fatal Error] :1:1: Premature end of file.
2026-04-12 23:59:15,996 [ERROR] LogOutputStream:75 - [STDERR_REDIRECT] 
2026-04-12 23:59:16,993 [ERROR] LogOutputStream:75 - [STDERR_REDIRECT] [Fatal Error] :1:1: Premature end of file.
2026-04-12 23:59:16,993 [ERROR] LogOutputStream:75 - [STDERR_REDIRECT] 
2026-04-12 23:59:17,988 [ERROR] LogOutputStream:75 - [STDERR_REDIRECT] [Fatal Error] :1:1: Premature end of file.
2026-04-12 23:59:17,988 [ERROR] LogOutputStream:75 - [STDERR_REDIRECT] 
2026-04-12 23:59:18,991 [ERROR] LogOutputStream:75 - [STDERR_REDIRECT] [Fatal Error] :1:1: Premature end of file.
2026-04-12 23:59:18,991 [ERROR] LogOutputStream:75 - [STDERR_REDIRECT] 
2026-04-12 23:59:19,995 [ERROR] LogOutputStream:75 - [STDERR_REDIRECT] [Fatal Error] :1:1: Premature end of file.
2026-04-12 23:59:19,995 [ERROR] LogOutputStream:75 - [STDERR_REDIRECT] 
2026-04-12 23:59:20,999 [ERROR] LogOutputStream:75 - [STDERR_REDIRECT] [Fatal Error] :1:1: Premature end of file.
2026-04-12 23:59:20,999 [ERROR] LogOutputStream:75 - [STDERR_REDIRECT] 
2026-04-12 23:59:22,007 [ERROR] LogOutputStream:75 - [STDERR_REDIRECT] [Fatal Error] :1:1: Premature end of file.
2026-04-12 23:59:22,007 [ERROR] LogOutputStream:75 - [STDERR_REDIRECT] 
2026-04-12 23:59:22,996 [ERROR] LogOutputStream:75 - [STDERR_REDIRECT] [Fatal Error] :1:1: Premature end of file.
2026-04-12 23:59:22,996 [ERROR] LogOutputStream:75 - [STDERR_REDIRECT] 
2026-04-12 23:59:23,991 [ERROR] LogOutputStream:75 - [STDERR_REDIRECT] [Fatal Error] :1:1: Premature end of file.
2026-04-12 23:59:23,991 [ERROR] LogOutputStream:75 - [STDERR_REDIRECT] 
2026-04-12 23:59:24,999 [ERROR] LogOutputStream:75 - [STDERR_REDIRECT] [Fatal Error] :1:1: Premature end of file.
2026-04-12 23:59:24,999 [ERROR] LogOutputStream:75 - [STDERR_REDIRECT] 
2026-04-12 23:59:25,995 [ERROR] LogOutputStream:75 - [STDERR_REDIRECT] [Fatal Error] :1:1: Premature end of file.
2026-04-12 23:59:25,995 [ERROR] LogOutputStream:75 - [STDERR_REDIRECT] 
2026-04-12 23:59:27,002 [ERROR] LogOutputStream:75 - [STDERR_REDIRECT] [Fatal Error] :1:1: Premature end of file.
2026-04-12 23:59:27,002 [ERROR] LogOutputStream:75 - [STDERR_REDIRECT] 
2026-04-12 23:59:28,006 [ERROR] LogOutputStream:75 - [STDERR_REDIRECT] [Fatal Error] :1:1: Premature end of file.
2026-04-12 23:59:28,006 [ERROR] LogOutputStream:75 - [STDERR_REDIRECT] 
2026-04-12 23:59:28,996 [ERROR] LogOutputStream:75 - [STDERR_REDIRECT] [Fatal Error] :1:1: Premature end of file.
2026-04-12 23:59:28,996 [ERROR] LogOutputStream:75 - [STDERR_REDIRECT] 
2026-04-12 23:59:30,009 [ERROR] LogOutputStream:75 - [STDERR_REDIRECT] [Fatal Error] :1:1: Premature end of file.
2026-04-12 23:59:30,009 [ERROR] LogOutputStream:75 - [STDERR_REDIRECT] 
2026-04-12 23:59:30,998 [ERROR] LogOutputStream:75 - [STDERR_REDIRECT] [Fatal Error] :1:1: Premature end of file.
2026-04-12 23:59:30,999 [ERROR] LogOutputStream:75 - [STDERR_REDIRECT] 
2026-04-12 23:59:31,988 [ERROR] LogOutputStream:75 - [STDERR_REDIRECT] [Fatal Error] :1:1: Premature end of file.
2026-04-12 23:59:31,988 [ERROR] LogOutputStream:75 - [STDERR_REDIRECT] 
2026-04-12 23:59:32,995 [ERROR] LogOutputStream:75 - [STDERR_REDIRECT] [Fatal Error] :1:1: Premature end of file.
2026-04-12 23:59:32,995 [ERROR] LogOutputStream:75 - [STDERR_REDIRECT] 
2026-04-12 23:59:33,999 [ERROR] LogOutputStream:75 - [STDERR_REDIRECT] [Fatal Error] :1:1: Premature end of file.
2026-04-12 23:59:33,999 [ERROR] LogOutputStream:75 - [STDERR_REDIRECT] 
2026-04-12 23:59:34,989 [ERROR] LogOutputStream:75 - [STDERR_REDIRECT] [Fatal Error] :1:1: Premature end of file.
2026-04-12 23:59:34,990 [ERROR] LogOutputStream:75 - [STDERR_REDIRECT] 
2026-04-12 23:59:36,000 [ERROR] LogOutputStream:75 - [STDERR_REDIRECT] [Fatal Error] :1:1: Premature end of file.
2026-04-12 23:59:36,000 [ERROR] LogOutputStream:75 - [STDERR_REDIRECT] 
2026-04-12 23:59:36,994 [ERROR] LogOutputStream:75 - [STDERR_REDIRECT] [Fatal Error] :1:1: Premature end of file.
2026-04-12 23:59:36,994 [ERROR] LogOutputStream:75 - [STDERR_REDIRECT] 
2026-04-12 23:59:37,999 [ERROR] LogOutputStream:75 - [STDERR_REDIRECT] [Fatal Error] :1:1: Premature end of file.
2026-04-12 23:59:37,999 [ERROR] LogOutputStream:75 - [STDERR_REDIRECT] 
2026-04-12 23:59:38,999 [ERROR] LogOutputStream:75 - [STDERR_REDIRECT] [Fatal Error] :1:1: Premature end of file.
2026-04-12 23:59:38,999 [ERROR] LogOutputStream:75 - [STDERR_REDIRECT] 
2026-04-12 23:59:39,993 [ERROR] LogOutputStream:75 - [STDERR_REDIRECT] [Fatal Error] :1:1: Premature end of file.
2026-04-12 23:59:39,994 [ERROR] LogOutputStream:75 - [STDERR_REDIRECT] 
2026-04-12 23:59:40,994 [ERROR] LogOutputStream:75 - [STDERR_REDIRECT] [Fatal Error] :1:1: Premature end of file.
2026-04-12 23:59:40,994 [ERROR] LogOutputStream:75 - [STDERR_REDIRECT] 
2026-04-12 23:59:42,002 [ERROR] LogOutputStream:75 - [STDERR_REDIRECT] [Fatal Error] :1:1: Premature end of file.
2026-04-12 23:59:42,002 [ERROR] LogOutputStream:75 - [STDERR_REDIRECT] 
2026-04-12 23:59:42,993 [ERROR] LogOutputStream:75 - [STDERR_REDIRECT] [Fatal Error] :1:1: Premature end of file.
2026-04-12 23:59:42,993 [ERROR] LogOutputStream:75 - [STDERR_REDIRECT] 
2026-04-12 23:59:44,005 [ERROR] LogOutputStream:75 - [STDERR_REDIRECT] [Fatal Error] :1:1: Premature end of file.
2026-04-12 23:59:44,005 [ERROR] LogOutputStream:75 - [STDERR_REDIRECT] 
2026-04-12 23:59:44,990 [ERROR] LogOutputStream:75 - [STDERR_REDIRECT] [Fatal Error] :1:1: Premature end of file.
2026-04-12 23:59:44,990 [ERROR] LogOutputStream:75 - [STDERR_REDIRECT] 
2026-04-12 23:59:45,999 [ERROR] LogOutputStream:75 - [STDERR_REDIRECT] [Fatal Error] :1:1: Premature end of file.
2026-04-12 23:59:45,999 [ERROR] LogOutputStream:75 - [STDERR_REDIRECT] 
2026-04-12 23:59:46,996 [ERROR] LogOutputStream:75 - [STDERR_REDIRECT] [Fatal Error] :1:1: Premature end of file.
2026-04-12 23:59:46,996 [ERROR] LogOutputStream:75 - [STDERR_REDIRECT] 
2026-04-12 23:59:47,991 [ERROR] LogOutputStream:75 - [STDERR_REDIRECT] [Fatal Error] :1:1: Premature end of file.
2026-04-12 23:59:47,992 [ERROR] LogOutputStream:75 - [STDERR_REDIRECT] 
2026-04-12 23:59:49,001 [ERROR] LogOutputStream:75 - [STDERR_REDIRECT] [Fatal Error] :1:1: Premature end of file.
2026-04-12 23:59:49,001 [ERROR] LogOutputStream:75 - [STDERR_REDIRECT] 
2026-04-12 23:59:50,001 [ERROR] LogOutputStream:75 - [STDERR_REDIRECT] [Fatal Error] :1:1: Premature end of file.
2026-04-12 23:59:50,001 [ERROR] LogOutputStream:75 - [STDERR_REDIRECT] 
2026-04-12 23:59:51,003 [ERROR] LogOutputStream:75 - [STDERR_REDIRECT] [Fatal Error] :1:1: Premature end of file.
2026-04-12 23:59:51,003 [ERROR] LogOutputStream:75 - [STDERR_REDIRECT] 
2026-04-12 23:59:51,991 [ERROR] LogOutputStream:75 - [STDERR_REDIRECT] [Fatal Error] :1:1: Premature end of file.
2026-04-12 23:59:51,991 [ERROR] LogOutputStream:75 - [STDERR_REDIRECT] 
2026-04-12 23:59:52,997 [ERROR] LogOutputStream:75 - [STDERR_REDIRECT] [Fatal Error] :1:1: Premature end of file.
2026-04-12 23:59:52,997 [ERROR] LogOutputStream:75 - [STDERR_REDIRECT] 
2026-04-12 23:59:53,995 [ERROR] LogOutputStream:75 - [STDERR_REDIRECT] [Fatal Error] :1:1: Premature end of file.
2026-04-12 23:59:53,995 [ERROR] LogOutputStream:75 - [STDERR_REDIRECT] 
2026-04-12 23:59:55,002 [ERROR] LogOutputStream:75 - [STDERR_REDIRECT] [Fatal Error] :1:1: Premature end of file.
2026-04-12 23:59:55,002 [ERROR] LogOutputStream:75 - [STDERR_REDIRECT] 
2026-04-12 23:59:55,995 [ERROR] LogOutputStream:75 - [STDERR_REDIRECT] [Fatal Error] :1:1: Premature end of file.
2026-04-12 23:59:55,995 [ERROR] LogOutputStream:75 - [STDERR_REDIRECT] 
2026-04-12 23:59:57,000 [ERROR] LogOutputStream:75 - [STDERR_REDIRECT] [Fatal Error] :1:1: Premature end of file.
2026-04-12 23:59:57,000 [ERROR] LogOutputStream:75 - [STDERR_REDIRECT] 
2026-04-12 23:59:57,990 [ERROR] LogOutputStream:75 - [STDERR_REDIRECT] [Fatal Error] :1:1: Premature end of file.
2026-04-12 23:59:57,991 [ERROR] LogOutputStream:75 - [STDERR_REDIRECT] 
2026-04-12 23:59:58,999 [ERROR] LogOutputStream:75 - [STDERR_REDIRECT] [Fatal Error] :1:1: Premature end of file.
2026-04-12 23:59:58,999 [ERROR] LogOutputStream:75 - [STDERR_REDIRECT] 
2026-04-12 23:59:59,997 [ERROR] LogOutputStream:75 - [STDERR_REDIRECT] [Fatal Error] :1:1: Premature end of file.
2026-04-12 23:59:59,997 [ERROR] LogOutputStream:75 - [STDERR_REDIRECT] 
