2026-04-14 22:24:31,747 [INFO] Activator:176 - 


2026-04-14 22:24:31,774 [INFO] Activator:177 - !SESSION log4j initialized
2026-04-14 22:24:42,906 [INFO] LogOutputStream:77 - [STDOUT_REDIRECT] 
2026-04-14 22:24:49,902 [INFO] ApplicationProperties:184 - Using Application install path: C:\ST\STM32CubeIDE_1.18.1\STM32CubeIDE\plugins\com.st.stm32cube.common.mx_6.14.1.202504091515
2026-04-14 22:24:49,941 [INFO] DbMcusXml:78 - Set database path to: C:\ST\STM32CubeIDE_1.18.1\STM32CubeIDE\plugins\com.st.stm32cube.common.mx_6.14.1.202504091515\\db\/mcu/
2026-04-14 22:24:49,942 [INFO] ApiDb:274 - Set plugin database path to: C:\ST\STM32CubeIDE_1.18.1\STM32CubeIDE\plugins\com.st.stm32cube.common.mx_6.14.1.202504091515\\db\/plugins/boardmanager/
2026-04-14 22:24:49,958 [WARN] ApiDb:259 - Overriding images path with different value:  => C:\ST\STM32CubeIDE_1.18.1\STM32CubeIDE\plugins\com.st.stm32cube.common.mx_6.14.1.202504091515\\db\/plugins/mcufinder/images/
2026-04-14 22:24:49,976 [INFO] ApiDb:250 - Set database path to: C:\Users\Aditya\.stmcufinder\plugins\mcufinder//mcu/
2026-04-14 22:24:49,978 [INFO] DbMcusAds:125 - Set database path to: C:\Users\Aditya\.stmcufinder\plugins\mcufinder//mcu/
2026-04-14 22:24:49,982 [INFO] CrossReferenceDbSqlite:203 - Set database path to: C:\Users\Aditya\.stmcufinder\plugins\mcufinder//mcu/cs/
2026-04-14 22:24:50,244 [INFO] RulesReader:64 - Compatibility file has been processed (302 Rules)
2026-04-14 22:24:50,491 [INFO] DbMcusXml:78 - Set database path to: C:\ST\STM32CubeIDE_1.18.1\STM32CubeIDE\plugins\com.st.stm32cube.common.mx_6.14.1.202504091515\\db\/mcu/
2026-04-14 22:24:50,491 [INFO] ApiDb:274 - Set plugin database path to: C:\ST\STM32CubeIDE_1.18.1\STM32CubeIDE\plugins\com.st.stm32cube.common.mx_6.14.1.202504091515\\db\/plugins/boardmanager/
2026-04-14 22:24:50,491 [INFO] ApiDb:261 - Set plugin images path to: C:\ST\STM32CubeIDE_1.18.1\STM32CubeIDE\plugins\com.st.stm32cube.common.mx_6.14.1.202504091515\\db\/plugins/mcufinder/images/
2026-04-14 22:24:50,491 [WARN] DbFile:41 - Overriding database path with different value: C:\Users\Aditya\.stmcufinder\plugins\mcufinder/ => C:\Users\Aditya\.stmcufinder\plugins\mcufinder
2026-04-14 22:24:50,491 [INFO] ApiDb:250 - Set database path to: C:\Users\Aditya\.stmcufinder\plugins\mcufinder//mcu/
2026-04-14 22:24:50,491 [WARN] DbFile:41 - Overriding database path with different value: C:\Users\Aditya\.stmcufinder\plugins\mcufinder/ => C:\Users\Aditya\.stmcufinder\plugins\mcufinder
2026-04-14 22:24:50,491 [INFO] DbMcusAds:125 - Set database path to: C:\Users\Aditya\.stmcufinder\plugins\mcufinder//mcu/
2026-04-14 22:24:50,491 [WARN] DbFile:41 - Overriding database path with different value: C:\Users\Aditya\.stmcufinder\plugins\mcufinder/ => C:\Users\Aditya\.stmcufinder\plugins\mcufinder
2026-04-14 22:24:50,491 [WARN] DbFile:41 - Overriding database path with different value: C:\Users\Aditya\.stmcufinder\plugins\mcufinder/ => C:\Users\Aditya\.stmcufinder\plugins\mcufinder
2026-04-14 22:24:50,491 [INFO] CrossReferenceDbSqlite:203 - Set database path to: C:\Users\Aditya\.stmcufinder\plugins\mcufinder//mcu/cs/
2026-04-14 22:24:50,656 [INFO] MainPanel:272 - HeapMemory: 268435456
2026-04-14 22:24:50,915 [INFO] DbMcusXml:78 - Set database path to: C:\ST\STM32CubeIDE_1.18.1\STM32CubeIDE\plugins\com.st.stm32cube.common.mx_6.14.1.202504091515\\db\/mcu/
2026-04-14 22:24:50,915 [INFO] ApiDb:274 - Set plugin database path to: C:\ST\STM32CubeIDE_1.18.1\STM32CubeIDE\plugins\com.st.stm32cube.common.mx_6.14.1.202504091515\\db\/plugins/boardmanager/
2026-04-14 22:24:50,916 [INFO] ApiDb:261 - Set plugin images path to: C:\ST\STM32CubeIDE_1.18.1\STM32CubeIDE\plugins\com.st.stm32cube.common.mx_6.14.1.202504091515\\db\/plugins/mcufinder/images/
2026-04-14 22:24:50,917 [WARN] DbFile:41 - Overriding database path with different value: C:\Users\Aditya\.stmcufinder\plugins\mcufinder/ => C:\Users\Aditya\.stmcufinder\plugins\mcufinder
2026-04-14 22:24:50,917 [INFO] ApiDb:250 - Set database path to: C:\Users\Aditya\.stmcufinder\plugins\mcufinder//mcu/
2026-04-14 22:24:50,917 [WARN] DbFile:41 - Overriding database path with different value: C:\Users\Aditya\.stmcufinder\plugins\mcufinder/ => C:\Users\Aditya\.stmcufinder\plugins\mcufinder
2026-04-14 22:24:50,932 [INFO] DbMcusAds:125 - Set database path to: C:\Users\Aditya\.stmcufinder\plugins\mcufinder//mcu/
2026-04-14 22:24:50,933 [WARN] DbFile:41 - Overriding database path with different value: C:\Users\Aditya\.stmcufinder\plugins\mcufinder/ => C:\Users\Aditya\.stmcufinder\plugins\mcufinder
2026-04-14 22:24:50,933 [WARN] DbFile:41 - Overriding database path with different value: C:\Users\Aditya\.stmcufinder\plugins\mcufinder/ => C:\Users\Aditya\.stmcufinder\plugins\mcufinder
2026-04-14 22:24:50,933 [INFO] CrossReferenceDbSqlite:203 - Set database path to: C:\Users\Aditya\.stmcufinder\plugins\mcufinder//mcu/cs/
2026-04-14 22:24:50,969 [INFO] ApplicationProperties:184 - Using Application install path: C:\ST\STM32CubeIDE_1.18.1\STM32CubeIDE\plugins\com.st.stm32cube.common.mx_6.14.1.202504091515
2026-04-14 22:24:50,971 [INFO] PluginManage:196 - Search for loadable plugins [exclusion list=, ]
2026-04-14 22:24:50,973 [INFO] PluginManage:310 - Check plugin analytics
2026-04-14 22:24:56,355 [INFO] AnalyticsPlugin:253 - Accepted Software Licenses: 
2026-04-14 22:24:56,355 [INFO] AnalyticsPlugin:255 - Accepted CMSIS Pack Licenses: 
2026-04-14 22:24:56,355 [INFO] AnalyticsPlugin:257 - Accepted Firmware Licenses: FW.F4.1.28.0
2026-04-14 22:24:56,361 [INFO] PluginManage:359 - Loaded plugin analytics (category:tool,tabindex:-1)
2026-04-14 22:24:56,361 [INFO] PluginManage:310 - Check plugin cadmodel
2026-04-14 22:24:56,382 [INFO] CADModel:105 - Init CAD model plugin
2026-04-14 22:24:56,382 [INFO] PluginManage:359 - Loaded plugin cadmodel (category:power,tabindex:5)
2026-04-14 22:24:56,382 [INFO] PluginManage:310 - Check plugin clock
2026-04-14 22:24:56,406 [INFO] PluginManage:359 - Loaded plugin clock (category:base,tabindex:2)
2026-04-14 22:24:56,407 [INFO] PluginManage:310 - Check plugin ddr
2026-04-14 22:24:56,416 [INFO] PluginManage:359 - Loaded plugin ddr (category:tool,tabindex:6)
2026-04-14 22:24:56,417 [INFO] PluginManage:310 - Check plugin filemanager
2026-04-14 22:24:56,854 [INFO] PluginManage:359 - Loaded plugin filemanager (category:base,tabindex:10)
2026-04-14 22:24:56,854 [INFO] PluginManage:310 - Check plugin ipmanager
2026-04-14 22:24:56,865 [INFO] PluginManage:359 - Loaded plugin ipmanager (category:base,tabindex:5)
2026-04-14 22:24:56,865 [INFO] PluginManage:310 - Check plugin lpbam
2026-04-14 22:24:56,880 [INFO] PluginManage:359 - Loaded plugin lpbam (category:base,tabindex:0)
2026-04-14 22:24:56,880 [INFO] PluginManage:310 - Check plugin memorymap
2026-04-14 22:24:56,911 [INFO] PluginManage:359 - Loaded plugin memorymap (category:base,tabindex:4)
2026-04-14 22:24:56,911 [INFO] PluginManage:310 - Check plugin pinoutandconfiguration
2026-04-14 22:24:56,931 [INFO] PluginManage:359 - Loaded plugin pinoutandconfiguration (category:base,tabindex:1)
2026-04-14 22:24:56,931 [INFO] PluginManage:310 - Check plugin pinoutconfig
2026-04-14 22:24:57,088 [WARN] SupportedApi:132 - Cannot load RTOS API schema: s4s-elt-must-match.1: The content of 'definitions' must match (annotation?, (simpleType | complexType)?, (unique | key | keyref)*)). A problem was found starting at: attribute.
2026-04-14 22:24:57,341 [INFO] PluginManage:359 - Loaded plugin pinoutconfig (category:base,tabindex:0)
2026-04-14 22:24:57,342 [INFO] PluginManage:310 - Check plugin power
2026-04-14 22:24:57,367 [INFO] PluginManage:359 - Loaded plugin power (category:power,tabindex:4)
2026-04-14 22:24:57,367 [INFO] PluginManage:310 - Check plugin projectmanager
2026-04-14 22:24:57,391 [INFO] PluginManage:359 - Loaded plugin projectmanager (category:projectmanager,tabindex:4)
2026-04-14 22:24:57,391 [INFO] PluginManage:310 - Check plugin rif
2026-04-14 22:24:57,409 [INFO] PluginManage:359 - Loaded plugin rif (category:base,tabindex:3)
2026-04-14 22:24:57,409 [INFO] PluginManage:310 - Check plugin thirdparty
2026-04-14 22:24:57,701 [INFO] PluginManage:359 - Loaded plugin thirdparty (category:base,tabindex:-1)
2026-04-14 22:24:57,701 [WARN] IntegrityCheckThread:84 - waiting for thirdparty lock release [integrity check]
2026-04-14 22:24:57,831 [INFO] PluginManage:310 - Check plugin tools
2026-04-14 22:24:57,831 [INFO] IntegrityCheckThread:86 - entering critical section [integrity check]
2026-04-14 22:24:57,832 [INFO] ThirdPartyUpdaterWithRetryManager:70 - Updater plugin not ready yet. [1/15]
2026-04-14 22:24:57,836 [INFO] PluginManage:359 - Loaded plugin tools (category:base,tabindex:7)
2026-04-14 22:24:57,836 [INFO] PluginManage:310 - Check plugin tutovideos
2026-04-14 22:24:58,185 [INFO] PluginManage:359 - Loaded plugin tutovideos (category:base,tabindex:-1)
2026-04-14 22:24:58,185 [INFO] PluginManage:310 - Check plugin updater
2026-04-14 22:24:58,233 [INFO] PluginManage:359 - Loaded plugin updater (category:base,tabindex:12)
2026-04-14 22:24:58,233 [INFO] PluginManage:310 - Check plugin userauth
2026-04-14 22:24:58,241 [INFO] UserAuth:118 - Init User Auth plugin
2026-04-14 22:24:58,243 [INFO] PluginManage:359 - Loaded plugin userauth (category:base,tabindex:14)
2026-04-14 22:24:58,243 [INFO] PluginManage:283 - PluginManage : Loaded plugins [18]
2026-04-14 22:24:58,717 [INFO] PinOutPanel:1589 - setPackage(No Configuration,No Configuration)
2026-04-14 22:24:58,857 [INFO] CADModel:165 - CPN selected for project level
2026-04-14 22:24:58,857 [INFO] CADModel:114 - Register for checkConnection events
2026-04-14 22:24:58,886 [INFO] IPUIPlugin:80 - create IPUIPlugin
2026-04-14 22:24:58,886 [INFO] PluginManager:220 - loadIPPluginJar : add adc
2026-04-14 22:24:58,891 [INFO] IPUIPlugin:80 - create IPUIPlugin
2026-04-14 22:24:58,891 [INFO] PluginManager:220 - loadIPPluginJar : add aes
2026-04-14 22:24:58,896 [INFO] IPUIPlugin:80 - create IPUIPlugin
2026-04-14 22:24:58,897 [INFO] PluginManager:220 - loadIPPluginJar : add can
2026-04-14 22:24:58,900 [INFO] IPUIPlugin:80 - create IPUIPlugin
2026-04-14 22:24:58,900 [INFO] PluginManager:220 - loadIPPluginJar : add comp
2026-04-14 22:24:58,906 [INFO] IPUIPlugin:80 - create IPUIPlugin
2026-04-14 22:24:58,906 [INFO] PluginManager:220 - loadIPPluginJar : add cryp
2026-04-14 22:24:58,913 [INFO] IPUIPlugin:80 - create IPUIPlugin
2026-04-14 22:24:58,913 [INFO] PluginManager:220 - loadIPPluginJar : add ddr_ctrl_phy
2026-04-14 22:24:58,918 [INFO] IPUIPlugin:80 - create IPUIPlugin
2026-04-14 22:24:58,918 [INFO] PluginManager:220 - loadIPPluginJar : add dfsdm
2026-04-14 22:24:58,927 [INFO] IPUIPlugin:80 - create IPUIPlugin
2026-04-14 22:24:58,928 [INFO] PluginManager:220 - loadIPPluginJar : add dma
2026-04-14 22:24:58,934 [INFO] IPUIPlugin:80 - create IPUIPlugin
2026-04-14 22:24:58,935 [INFO] PluginManager:220 - loadIPPluginJar : add dma3
2026-04-14 22:24:58,941 [INFO] IPUIPlugin:80 - create IPUIPlugin
2026-04-14 22:24:58,941 [INFO] PluginManager:220 - loadIPPluginJar : add extmemmanager
2026-04-14 22:24:58,945 [INFO] IPUIPlugin:80 - create IPUIPlugin
2026-04-14 22:24:58,945 [INFO] PluginManager:220 - loadIPPluginJar : add fatfs
2026-04-14 22:24:58,953 [INFO] IPUIPlugin:80 - create IPUIPlugin
2026-04-14 22:24:58,953 [INFO] PluginManager:220 - loadIPPluginJar : add fmc
2026-04-14 22:24:58,968 [INFO] IPUIPlugin:80 - create IPUIPlugin
2026-04-14 22:24:58,968 [INFO] PluginManager:220 - loadIPPluginJar : add freertos
2026-04-14 22:24:58,972 [INFO] IPUIPlugin:80 - create IPUIPlugin
2026-04-14 22:24:58,972 [INFO] PluginManager:220 - loadIPPluginJar : add genericplugin
2026-04-14 22:24:58,978 [INFO] IPUIPlugin:80 - create IPUIPlugin
2026-04-14 22:24:58,978 [INFO] PluginManager:220 - loadIPPluginJar : add gfxmmu
2026-04-14 22:24:58,987 [INFO] IPUIPlugin:80 - create IPUIPlugin
2026-04-14 22:24:58,988 [INFO] PluginManager:220 - loadIPPluginJar : add gic
2026-04-14 22:24:58,998 [INFO] IPUIPlugin:80 - create IPUIPlugin
2026-04-14 22:24:58,998 [INFO] PluginManager:220 - loadIPPluginJar : add gpio
2026-04-14 22:24:59,004 [INFO] IPUIPlugin:80 - create IPUIPlugin
2026-04-14 22:24:59,004 [INFO] PluginManager:220 - loadIPPluginJar : add gtzc
2026-04-14 22:24:59,010 [INFO] IPUIPlugin:80 - create IPUIPlugin
2026-04-14 22:24:59,010 [INFO] PluginManager:220 - loadIPPluginJar : add hash
2026-04-14 22:24:59,016 [INFO] IPUIPlugin:80 - create IPUIPlugin
2026-04-14 22:24:59,017 [INFO] PluginManager:220 - loadIPPluginJar : add i2c
2026-04-14 22:24:59,022 [INFO] IPUIPlugin:80 - create IPUIPlugin
2026-04-14 22:24:59,022 [INFO] PluginManager:220 - loadIPPluginJar : add i2s
2026-04-14 22:24:59,028 [INFO] IPUIPlugin:80 - create IPUIPlugin
2026-04-14 22:24:59,028 [INFO] PluginManager:220 - loadIPPluginJar : add i3c
2026-04-14 22:24:59,040 [INFO] IPUIPlugin:80 - create IPUIPlugin
2026-04-14 22:24:59,040 [INFO] PluginManager:220 - loadIPPluginJar : add ipddr
2026-04-14 22:24:59,056 [INFO] IPUIPlugin:80 - create IPUIPlugin
2026-04-14 22:24:59,056 [INFO] PluginManager:220 - loadIPPluginJar : add linkedlist
2026-04-14 22:24:59,062 [INFO] IPUIPlugin:80 - create IPUIPlugin
2026-04-14 22:24:59,063 [INFO] PluginManager:220 - loadIPPluginJar : add lorawan
2026-04-14 22:24:59,066 [INFO] IPUIPlugin:80 - create IPUIPlugin
2026-04-14 22:24:59,067 [INFO] PluginManager:220 - loadIPPluginJar : add ltdc
2026-04-14 22:24:59,078 [INFO] IPUIPlugin:80 - create IPUIPlugin
2026-04-14 22:24:59,079 [INFO] PluginManager:220 - loadIPPluginJar : add mdma
2026-04-14 22:24:59,085 [INFO] IPUIPlugin:80 - create IPUIPlugin
2026-04-14 22:24:59,086 [INFO] PluginManager:220 - loadIPPluginJar : add nvic
2026-04-14 22:24:59,092 [INFO] IPUIPlugin:80 - create IPUIPlugin
2026-04-14 22:24:59,092 [INFO] PluginManager:220 - loadIPPluginJar : add opamp
2026-04-14 22:24:59,098 [INFO] IPUIPlugin:80 - create IPUIPlugin
2026-04-14 22:24:59,099 [INFO] PluginManager:220 - loadIPPluginJar : add openamp
2026-04-14 22:24:59,106 [INFO] IPUIPlugin:80 - create IPUIPlugin
2026-04-14 22:24:59,106 [INFO] PluginManager:220 - loadIPPluginJar : add pdm2pcm
2026-04-14 22:24:59,118 [INFO] IPUIPlugin:80 - create IPUIPlugin
2026-04-14 22:24:59,123 [INFO] PluginManager:220 - loadIPPluginJar : add plateformsettings
2026-04-14 22:24:59,127 [INFO] IPUIPlugin:80 - create IPUIPlugin
2026-04-14 22:24:59,127 [INFO] PluginManager:220 - loadIPPluginJar : add quadspi
2026-04-14 22:24:59,131 [INFO] IPUIPlugin:80 - create IPUIPlugin
2026-04-14 22:24:59,132 [INFO] PluginManager:220 - loadIPPluginJar : add radio
2026-04-14 22:24:59,141 [INFO] IPUIPlugin:80 - create IPUIPlugin
2026-04-14 22:24:59,141 [INFO] PluginManager:220 - loadIPPluginJar : add resmgrutility
2026-04-14 22:24:59,147 [INFO] IPUIPlugin:80 - create IPUIPlugin
2026-04-14 22:24:59,148 [INFO] PluginManager:220 - loadIPPluginJar : add sai
2026-04-14 22:24:59,153 [INFO] IPUIPlugin:80 - create IPUIPlugin
2026-04-14 22:24:59,153 [INFO] PluginManager:220 - loadIPPluginJar : add spi
2026-04-14 22:24:59,166 [INFO] IPUIPlugin:80 - create IPUIPlugin
2026-04-14 22:24:59,166 [INFO] PluginManager:220 - loadIPPluginJar : add stm32_wpan
2026-04-14 22:24:59,171 [INFO] IPUIPlugin:80 - create IPUIPlugin
2026-04-14 22:24:59,171 [INFO] PluginManager:220 - loadIPPluginJar : add tim
2026-04-14 22:24:59,177 [INFO] IPUIPlugin:80 - create IPUIPlugin
2026-04-14 22:24:59,177 [INFO] PluginManager:220 - loadIPPluginJar : add touchsensing
2026-04-14 22:24:59,182 [INFO] IPUIPlugin:80 - create IPUIPlugin
2026-04-14 22:24:59,182 [INFO] PluginManager:220 - loadIPPluginJar : add tracer_emb
2026-04-14 22:24:59,186 [INFO] IPUIPlugin:80 - create IPUIPlugin
2026-04-14 22:24:59,186 [INFO] PluginManager:220 - loadIPPluginJar : add ts
2026-04-14 22:24:59,190 [INFO] IPUIPlugin:80 - create IPUIPlugin
2026-04-14 22:24:59,191 [INFO] PluginManager:220 - loadIPPluginJar : add tsc
2026-04-14 22:24:59,196 [INFO] IPUIPlugin:80 - create IPUIPlugin
2026-04-14 22:24:59,196 [INFO] PluginManager:220 - loadIPPluginJar : add ucpd
2026-04-14 22:24:59,201 [INFO] IPUIPlugin:80 - create IPUIPlugin
2026-04-14 22:24:59,202 [INFO] PluginManager:220 - loadIPPluginJar : add usart
2026-04-14 22:24:59,209 [INFO] IPUIPlugin:80 - create IPUIPlugin
2026-04-14 22:24:59,209 [INFO] PluginManager:220 - loadIPPluginJar : add usbx
2026-04-14 22:24:59,401 [FATAL] Updater:351 - Updater called before beeing initialized
2026-04-14 22:24:59,452 [INFO] RulesReader:64 - Compatibility file has been processed (302 Rules)
2026-04-14 22:24:59,474 [INFO] RulesReader:64 - Compatibility file has been processed (302 Rules)
2026-04-14 22:24:59,488 [INFO] CADModel:165 - CPN selected for project level
2026-04-14 22:24:59,489 [INFO] CADModel:114 - Register for checkConnection events
2026-04-14 22:24:59,489 [FATAL] Updater:351 - Updater called before beeing initialized
2026-04-14 22:24:59,489 [ERROR] CADModel:125 - Updater not yet initialized, retry later 
2026-04-14 22:24:59,793 [FATAL] Updater:351 - Updater called before beeing initialized
2026-04-14 22:24:59,798 [INFO] CADModel:165 - CPN selected for project level
2026-04-14 22:24:59,798 [INFO] CADModel:114 - Register for checkConnection events
2026-04-14 22:24:59,799 [FATAL] Updater:351 - Updater called before beeing initialized
2026-04-14 22:24:59,799 [ERROR] CADModel:125 - Updater not yet initialized, retry later 
2026-04-14 22:24:59,807 [FATAL] Updater:351 - Updater called before beeing initialized
2026-04-14 22:25:00,019 [FATAL] Updater:351 - Updater called before beeing initialized
2026-04-14 22:25:00,030 [INFO] DbMcusAds:53 - JSON generation date=Thu Mar 05 15:32:52 CET 2026 (1772721172610)
2026-04-14 22:25:00,030 [FATAL] Updater:351 - Updater called before beeing initialized
2026-04-14 22:25:00,098 [WARN] DetailPanel:346 - Failed to get advertising image, set to default
2026-04-14 22:25:00,508 [FATAL] Updater:351 - Updater called before beeing initialized
2026-04-14 22:25:00,537 [FATAL] Updater:351 - Updater called before beeing initialized
2026-04-14 22:25:00,537 [FATAL] Updater:351 - Updater called before beeing initialized
2026-04-14 22:25:00,537 [WARN] DetailPanel:346 - Failed to get advertising image, set to default
2026-04-14 22:25:00,539 [FATAL] Updater:351 - Updater called before beeing initialized
2026-04-14 22:25:00,645 [ERROR] Updater:1198 - MainUpdater not yet initialized. External WinMGr cannot be set.
2026-04-14 22:25:00,649 [INFO] Updater:1134 - Updater Version found : 6.14.1
2026-04-14 22:25:00,699 [INFO] ApplicationProperties:184 - Using Application install path: C:\ST\STM32CubeIDE_1.18.1\STM32CubeIDE\plugins\com.st.stm32cube.common.mx_6.14.1.202504091515
2026-04-14 22:25:00,833 [INFO] ThirdPartyUpdaterWithRetryManager:70 - Updater plugin not ready yet. [2/15]
2026-04-14 22:25:02,290 [ERROR] LogOutputStream:75 - [STDERR_REDIRECT] Apr 14, 2026 10:25:02 PM java.util.prefs.WindowsPreferences <init>
2026-04-14 22:25:02,294 [ERROR] LogOutputStream:75 - [STDERR_REDIRECT] WARNING: Could not open/create prefs root node Software\JavaSoft\Prefs at root 0xffffffff80000002. Windows RegCreateKeyEx(...) returned error code 5.
2026-04-14 22:25:02,295 [ERROR] LogOutputStream:75 - [STDERR_REDIRECT] 
2026-04-14 22:25:03,054 [INFO] MainUpdater:2872 - connection check result : 10
2026-04-14 22:25:03,056 [INFO] MainUpdater:289 - Updater Check For Update Now.
2026-04-14 22:25:03,056 [INFO] MicroXplorer:498 - Change Database Version : DB.6.0.141
2026-04-14 22:25:03,069 [INFO] McuFinderGlobals:63 - Set McuFinder mode to 2 (CubeIDE integrated)
2026-04-14 22:25:03,071 [INFO] UserAuth:484 - Internet connection configuration mode: 1
2026-04-14 22:25:03,135 [INFO] JxBrowserEngine:152 - Initiate JxBrowser Engine with user profile folder
2026-04-14 22:25:03,363 [INFO] CheckServerUpdateThread:120 - End of CheckServer Thread
2026-04-14 22:25:05,390 [WARN] PackLoader:240 - Cannot read IP mode file for STMicroelectronics.X-CUBE-AZRTOS-H7.3.5.0
2026-04-14 22:25:05,413 [WARN] PackLoader:240 - Cannot read IP mode file for STMicroelectronics.FP-SNS-MOTENVWB1.1.4.0
2026-04-14 22:25:05,431 [WARN] PackLoader:240 - Cannot read IP mode file for STMicroelectronics.FP-ATR-ASTRA1.2.0.2
2026-04-14 22:25:05,451 [WARN] PackLoader:240 - Cannot read IP mode file for STMicroelectronics.X-CUBE-SMBUS.2.1.0
2026-04-14 22:25:05,460 [WARN] PackLoader:240 - Cannot read IP mode file for STMicroelectronics.X-CUBE-ST60.1.0.0
2026-04-14 22:25:05,501 [WARN] PackLoader:240 - Cannot read IP mode file for STMicroelectronics.X-CUBE-AZRTOS-F7.1.1.0
2026-04-14 22:25:05,515 [ERROR] Engine:466 - C:\Users\Aditya\.stm32cubemx\thirdparties\pdsc\STMicroelectronics.FP-SNS-MOTENV1.5.1.0.pdsc: PDSC version is not supported
2026-04-14 22:25:05,561 [WARN] PackLoader:240 - Cannot read IP mode file for Infineon.AIROC-Wi-Fi-Bluetooth-STM32.1.7.0
2026-04-14 22:25:05,629 [WARN] PackLoader:240 - Cannot read IP mode file for STMicroelectronics.X-CUBE-AZRTOS-H7.3.4.0
2026-04-14 22:25:05,653 [WARN] PackLoader:240 - Cannot read IP mode file for STMicroelectronics.X-CUBE-DISPLAY.3.0.0
2026-04-14 22:25:05,667 [ERROR] Engine:466 - C:\Users\Aditya\.stm32cubemx\thirdparties\pdsc\STMicroelectronics.FP-SNS-MOTENVWB1.1.5.0.pdsc: PDSC version is not supported
2026-04-14 22:25:05,681 [WARN] PackLoader:240 - Cannot read IP mode file for STMicroelectronics.X-CUBE-NFC10.1.0.0
2026-04-14 22:25:05,713 [WARN] PackLoader:240 - Cannot read IP mode file for STMicroelectronics.X-CUBE-BLEMGR.4.0.0
2026-04-14 22:25:05,730 [WARN] PackLoader:240 - Cannot read IP mode file for STMicroelectronics.X-CUBE-ST60.1.1.0
2026-04-14 22:25:05,748 [WARN] PackLoader:240 - Cannot read IP mode file for emotas.I-CUBE-CANOPEN.1.3.0
2026-04-14 22:25:05,760 [WARN] PackLoader:240 - Cannot read IP mode file for STMicroelectronics.X-CUBE-GNSS1.7.1.0
2026-04-14 22:25:05,785 [WARN] ConditionMgr:438 - getConditionDescription Invalid condition id : Cortex-A Device cause : null
2026-04-14 22:25:05,807 [WARN] ConditionMgr:1044 - genDependencies : Invalid condition id : Cortex-A Device cause : null
2026-04-14 22:25:05,807 [WARN] ConditionMgr:1044 - genDependencies : Invalid condition id : Cortex-A Device cause : null
2026-04-14 22:25:05,807 [WARN] ConditionMgr:1044 - genDependencies : Invalid condition id : Cortex-A Device cause : null
2026-04-14 22:25:05,814 [ERROR] Engine:466 - C:\Users\Aditya\.stm32cubemx\thirdparties\pdsc\STMicroelectronics.FP-SNS-STBOX1.2.1.0.pdsc: PDSC version is not supported
2026-04-14 22:25:05,822 [WARN] PackLoader:240 - Cannot read IP mode file for STMicroelectronics.FP-SNS-SMARTAG2.1.2.0
2026-04-14 22:25:05,830 [WARN] PackLoader:240 - Cannot read IP mode file for STMicroelectronics.FP-SNS-FLIGHT1.5.1.0
2026-04-14 22:25:05,847 [INFO] LogOutputStream:77 - [STDOUT_REDIRECT] 1 : Invalid condition id : UX_CORESTACK_Condition cause : null
2026-04-14 22:25:05,848 [INFO] LogOutputStream:77 - [STDOUT_REDIRECT] 1 : Invalid condition id : UX_CORESTACK_Condition cause : null
2026-04-14 22:25:05,851 [INFO] LogOutputStream:77 - [STDOUT_REDIRECT] 1 : Invalid condition id : UX_CORESTACK_Condition cause : null
2026-04-14 22:25:05,853 [INFO] LogOutputStream:77 - [STDOUT_REDIRECT] 1 : Invalid condition id : UX_CORESTACK_Condition cause : null
2026-04-14 22:25:05,855 [INFO] LogOutputStream:77 - [STDOUT_REDIRECT] 1 : Invalid condition id : UX_CORESTACK_Condition cause : null
2026-04-14 22:25:05,861 [WARN] PackLoader:240 - Cannot read IP mode file for STMicroelectronics.X-CUBE-AZRTOS-WL.2.0.0
2026-04-14 22:25:05,893 [WARN] PackLoader:240 - Cannot read IP mode file for STMicroelectronics.FP-SNS-MOTENV1.5.0.0
2026-04-14 22:25:06,006 [WARN] PackLoader:240 - Cannot read IP mode file for STMicroelectronics.X-CUBE-AZRTOS-H7RS.1.2.0
2026-04-14 22:25:06,038 [WARN] PackLoader:240 - Cannot read IP mode file for WES.I-CUBE-Cesium.1.3.0
2026-04-14 22:25:06,054 [WARN] PackLoader:240 - Cannot read IP mode file for STMicroelectronics.X-CUBE-BLE2.3.3.0
2026-04-14 22:25:06,109 [WARN] PackLoader:240 - Cannot read IP mode file for STMicroelectronics.X-CUBE-NFC9.1.0.0
2026-04-14 22:25:06,124 [WARN] PackLoader:240 - Cannot read IP mode file for wolfSSL.I-CUBE-wolfSSL.5.8.0
2026-04-14 22:25:06,134 [WARN] PackLoader:240 - Cannot read IP mode file for STMicroelectronics.X-CUBE-BLE1.7.1.0
2026-04-14 22:25:06,143 [WARN] PackLoader:240 - Cannot read IP mode file for wolfSSL.I-CUBE-wolfMQTT.1.19.2
2026-04-14 22:25:06,147 [ERROR] Engine:466 - C:\Users\Aditya\.stm32cubemx\thirdparties\pdsc\STMicroelectronics.X-CUBE-FREERTOS.1.4.0.pdsc: PDSC version is not supported
2026-04-14 22:25:06,160 [WARN] PackLoader:240 - Cannot read IP mode file for STMicroelectronics.X-CUBE-EEPRMA1.5.2.0
2026-04-14 22:25:06,171 [WARN] PackLoader:240 - Cannot read IP mode file for STMicroelectronics.X-CUBE-AI.10.1.0
2026-04-14 22:25:06,440 [WARN] PackLoader:240 - Cannot read IP mode file for STMicroelectronics.X-CUBE-MEMS1.12.0.0
2026-04-14 22:25:06,705 [WARN] PackLoader:240 - Cannot read IP mode file for STMicroelectronics.X-CUBE-AZRTOS-G0.1.1.0
2026-04-14 22:25:06,729 [WARN] PackLoader:240 - Cannot read IP mode file for STMicroelectronics.X-CUBE-SAFEA1.1.2.2
2026-04-14 22:25:06,739 [WARN] PackLoader:240 - Cannot read IP mode file for STMicroelectronics.X-CUBE-NFC4.3.0.0
2026-04-14 22:25:06,768 [WARN] PackLoader:240 - Cannot read IP mode file for EmbeddedOffice.I-CUBE-FS-RTOS.1.0.1
2026-04-14 22:25:06,783 [WARN] PackLoader:240 - Cannot read IP mode file for STMicroelectronics.X-CUBE-WB05N.2.0.0
2026-04-14 22:25:06,789 [WARN] PackLoader:240 - Cannot read IP mode file for wolfSSL.I-CUBE-wolfTPM.3.8.0
2026-04-14 22:25:06,799 [WARN] PackLoader:240 - Cannot read IP mode file for STMicroelectronics.X-CUBE-TCPP.4.2.0
2026-04-14 22:25:06,808 [WARN] PackLoader:240 - Cannot read IP mode file for RealThread.X-CUBE-RT-Thread_Nano.4.1.1
2026-04-14 22:25:06,821 [WARN] PackLoader:240 - Cannot read IP mode file for STMicroelectronics.FP-ATR-SIGFOX1.3.2.0
2026-04-14 22:25:06,840 [WARN] PackLoader:240 - Cannot read IP mode file for STMicroelectronics.X-CUBE-EEPRMA1.5.1.0
2026-04-14 22:25:06,848 [ERROR] Engine:466 - C:\Users\Aditya\.stm32cubemx\thirdparties\pdsc\STMicroelectronics.X-CUBE-FREERTOS.1.5.0.pdsc: PDSC version is not supported
2026-04-14 22:25:06,859 [WARN] PackLoader:240 - Cannot read IP mode file for ITTIA_DB.I-CUBE-ITTIADB.8.9.0
2026-04-14 22:25:06,870 [WARN] PackLoader:240 - Cannot read IP mode file for STMicroelectronics.X-CUBE-NFC6.3.2.0
2026-04-14 22:25:06,885 [WARN] PackLoader:240 - Cannot read IP mode file for STMicroelectronics.X-CUBE-ST67W61.1.0.0
2026-04-14 22:25:06,892 [WARN] PackLoader:240 - Cannot read IP mode file for STMicroelectronics.X-CUBE-AI.10.2.0
2026-04-14 22:25:06,961 [WARN] PackLoader:240 - Cannot read IP mode file for SEGGER.I-CUBE-embOS.1.3.1
2026-04-14 22:25:07,047 [WARN] PackLoader:240 - Cannot read IP mode file for STMicroelectronics.X-CUBE-ALGOBUILD.1.4.0
2026-04-14 22:25:07,068 [INFO] WebApp:169 - Instantiating new browser for Auth
2026-04-14 22:25:07,141 [WARN] PackLoader:240 - Cannot read IP mode file for STMicroelectronics.X-CUBE-MEMS1.11.3.0
2026-04-14 22:25:07,411 [WARN] PackLoader:240 - Cannot read IP mode file for STMicroelectronics.X-CUBE-PM33A1.1.0.0
2026-04-14 22:25:07,471 [WARN] PackLoader:240 - Cannot read IP mode file for STMicroelectronics.X-CUBE-AZRTOS-F4.1.1.0
2026-04-14 22:25:07,484 [WARN] PackLoader:240 - Cannot read IP mode file for Avnet-IotConnect.X-CUBE-IoTC-DA16k-PMOD.1.0.0
2026-04-14 22:25:07,493 [WARN] PackLoader:240 - Cannot read IP mode file for STMicroelectronics.X-CUBE-ISPU.2.1.0
2026-04-14 22:25:07,501 [ERROR] Engine:466 - C:\Users\Aditya\.stm32cubemx\thirdparties\pdsc\STMicroelectronics.X-CUBE-IPS.3.2.0.pdsc: PDSC version is not supported
2026-04-14 22:25:07,508 [WARN] PackLoader:240 - Cannot read IP mode file for STMicroelectronics.eDS-WB_DPC_TT-BIDIR.2.1.1
2026-04-14 22:25:07,518 [WARN] PackLoader:240 - Cannot read IP mode file for STMicroelectronics.X-CUBE-NFC12.1.0.0
2026-04-14 22:25:07,551 [WARN] PackLoader:240 - Cannot read IP mode file for STMicroelectronics.X-CUBE-AZRTOS-L5.2.0.0
2026-04-14 22:25:07,564 [WARN] PackLoader:240 - Cannot read IP mode file for STMicroelectronics.X-CUBE-NFC6.3.1.0
2026-04-14 22:25:07,576 [WARN] PackLoader:240 - Cannot read IP mode file for STMicroelectronics.eDS-WB_DPC_VIENNA.1.2.0
2026-04-14 22:25:07,581 [WARN] PackLoader:240 - Cannot read IP mode file for STMicroelectronics.eDS-WB_DPC_3PH2L-BIDIR.1.1.1
2026-04-14 22:25:07,590 [WARN] PackLoader:240 - Cannot read IP mode file for STMicroelectronics.X-CUBE-FREERTOS.1.3.1
2026-04-14 22:25:07,600 [WARN] PackLoader:240 - Cannot read IP mode file for STMicroelectronics.X-CUBE-TOUCHGFX.4.26.0
2026-04-14 22:25:07,610 [WARN] PackLoader:240 - Cannot read IP mode file for STMicroelectronics.X-CUBE-TOUCHGFX.4.26.1
2026-04-14 22:25:07,622 [WARN] PackLoader:240 - Cannot read IP mode file for STMicroelectronics.FP-SNS-STAIOTCFT.1.0.0
2026-04-14 22:25:07,634 [WARN] PackLoader:240 - Cannot read IP mode file for STMicroelectronics.X-CUBE-DPower.1.3.0
2026-04-14 22:25:07,823 [WARN] ConditionMgr:438 - getConditionDescription Invalid condition id : LAN8742 Phy interface Condition cause : null
2026-04-14 22:25:07,826 [WARN] PackLoader:240 - Cannot read IP mode file for STMicroelectronics.X-CUBE-AZRTOS-L4.2.0.0
2026-04-14 22:25:07,829 [WARN] ConditionMgr:1044 - genDependencies : Invalid condition id : LAN8742 Phy interface Condition cause : null
2026-04-14 22:25:07,830 [WARN] ConditionMgr:1044 - genDependencies : Invalid condition id : LAN8742 Phy interface Condition cause : null
2026-04-14 22:25:07,830 [WARN] ConditionMgr:1044 - genDependencies : Invalid condition id : LAN8742 Phy interface Condition cause : null
2026-04-14 22:25:07,859 [WARN] PackLoader:240 - Cannot read IP mode file for STMicroelectronics.X-CUBE-SFXS2LP1.4.0.0
2026-04-14 22:25:07,880 [WARN] PackLoader:240 - Cannot read IP mode file for STMicroelectronics.X-CUBE-WB05N.2.1.0
2026-04-14 22:25:07,905 [ERROR] Engine:466 - C:\Users\Aditya\.stm32cubemx\thirdparties\pdsc\STMicroelectronics.X-CUBE-ST67W61.1.2.0.pdsc: PDSC version is not supported
2026-04-14 22:25:08,042 [WARN] PackLoader:240 - Cannot read IP mode file for STMicroelectronics.X-CUBE-AZRTOS-H7.3.3.0
2026-04-14 22:25:08,071 [WARN] PackLoader:240 - Cannot read IP mode file for STMicroelectronics.X-CUBE-BLEMGR.4.1.0
2026-04-14 22:25:08,098 [WARN] ConditionMgr:438 - getConditionDescription Invalid condition id : UX DEVICE CLASS RTOS Condition cause : null
2026-04-14 22:25:08,100 [WARN] ConditionMgr:438 - getConditionDescription Invalid condition id : UX DEVICE CLASS RTOS Condition cause : null
2026-04-14 22:25:08,110 [WARN] PackLoader:240 - Cannot read IP mode file for STMicroelectronics.X-CUBE-AZRTOS-WB.2.0.0
2026-04-14 22:25:08,115 [WARN] ConditionMgr:1044 - genDependencies : Invalid condition id : UX DEVICE CLASS RTOS Condition cause : null
2026-04-14 22:25:08,116 [WARN] ConditionMgr:1044 - genDependencies : Invalid condition id : UX DEVICE CLASS RTOS Condition cause : null
2026-04-14 22:25:08,118 [WARN] ConditionMgr:1044 - genDependencies : Invalid condition id : UX DEVICE CLASS RTOS Condition cause : null
2026-04-14 22:25:08,119 [WARN] ConditionMgr:1044 - genDependencies : Invalid condition id : UX DEVICE CLASS RTOS Condition cause : null
2026-04-14 22:25:08,119 [WARN] ConditionMgr:1044 - genDependencies : Invalid condition id : UX DEVICE CLASS RTOS Condition cause : null
2026-04-14 22:25:08,128 [WARN] PackLoader:240 - Cannot read IP mode file for STMicroelectronics.X-CUBE-GNSS1.7.0.1
2026-04-14 22:25:08,134 [WARN] PackLoader:240 - Cannot read IP mode file for STMicroelectronics.X-CUBE-TOUCHGFX.4.25.0
2026-04-14 22:25:08,142 [WARN] PackLoader:240 - Cannot read IP mode file for STMicroelectronics.FP-SNS-STBOX1.2.0.0
2026-04-14 22:25:08,157 [WARN] PackLoader:240 - Cannot read IP mode file for STMicroelectronics.X-CUBE-STSE01.2.0.0
2026-04-14 22:25:08,173 [WARN] PackLoader:240 - Cannot read IP mode file for STMicroelectronics.X-CUBE-SUBG2.5.0.0
2026-04-14 22:25:08,210 [WARN] PackLoader:240 - Cannot read IP mode file for STMicroelectronics.X-CUBE-AZRTOS-H7RS.1.1.0
2026-04-14 22:25:08,224 [WARN] PackLoader:240 - Cannot read IP mode file for Cesanta.I-CUBE-Mongoose.7.13.0
2026-04-14 22:25:08,249 [WARN] PackLoader:240 - Cannot read IP mode file for STMicroelectronics.X-CUBE-AZRTOS-G4.2.0.0
2026-04-14 22:25:08,258 [WARN] PackLoader:240 - Cannot read IP mode file for wolfSSL.I-CUBE-wolfSSH.1.4.20
2026-04-14 22:25:08,265 [WARN] PackLoader:240 - Cannot read IP mode file for STMicroelectronics.X-CUBE-NFC7.2.0.0
2026-04-14 22:25:08,283 [WARN] PackLoader:240 - Cannot read IP mode file for STMicroelectronics.X-CUBE-IPS.3.1.0
2026-04-14 22:25:08,297 [WARN] PackLoader:240 - Cannot read IP mode file for STMicroelectronics.X-CUBE-ALS.1.0.2
2026-04-14 22:25:08,310 [WARN] PackLoader:240 - Cannot read IP mode file for portGmbH.I-Cube-SoM-uGOAL.1.1.0
2026-04-14 22:25:08,326 [WARN] PackLoader:240 - Cannot read IP mode file for STMicroelectronics.X-CUBE-TOF1.3.4.3
2026-04-14 22:25:08,345 [INFO] ThirdParty:978 - Integrity check success = true
2026-04-14 22:25:08,345 [INFO] IntegrityCheckThread:100 - exiting critical section [integrity check]
2026-04-14 22:25:08,345 [INFO] IntegrityCheckThread:103 - End integrity checks thread
2026-04-14 22:25:09,463 [INFO] WebApp:463 - Apply proxy settings
2026-04-14 22:25:09,464 [INFO] WebApp:548 - Chromium requires no authentication
2026-04-14 22:25:09,479 [INFO] WebApp:491 - Direct internet connection detected
2026-04-14 22:25:09,527 [INFO] WebApp:894 - Register for checkConnection events
2026-04-14 22:25:09,528 [INFO] WebApp:463 - Apply proxy settings
2026-04-14 22:25:09,528 [INFO] WebApp:548 - Chromium requires no authentication
2026-04-14 22:25:09,529 [INFO] WebApp:491 - Direct internet connection detected
2026-04-14 22:25:09,975 [INFO] WebApp:225 - Starting web application
2026-04-14 22:25:09,975 [INFO] WebApp:593 - Web application path used C:\ST\STM32CubeIDE_1.18.1\STM32CubeIDE\plugins\com.st.stm32cube.common.mx_6.14.1.202504091515\db\plugins\mcufinder\reactClient1\index.html
2026-04-14 22:25:10,189 [INFO] WebApp:191 - Connection restablished
2026-04-14 22:25:10,527 [INFO] UserAuth:484 - Internet connection configuration mode: 1
2026-04-14 22:25:11,341 [ERROR] LogOutputStream:75 - [STDERR_REDIRECT] [Fatal Error] :1:1: Premature end of file.
2026-04-14 22:25:11,341 [ERROR] LogOutputStream:75 - [STDERR_REDIRECT] 
2026-04-14 22:25:11,711 [ERROR] LogOutputStream:75 - [STDERR_REDIRECT] [Fatal Error] :1:1: Premature end of file.
2026-04-14 22:25:11,711 [ERROR] LogOutputStream:75 - [STDERR_REDIRECT] 
2026-04-14 22:25:12,660 [ERROR] LogOutputStream:75 - [STDERR_REDIRECT] [Fatal Error] :1:1: Premature end of file.
2026-04-14 22:25:12,661 [ERROR] LogOutputStream:75 - [STDERR_REDIRECT] 
2026-04-14 22:25:13,666 [ERROR] LogOutputStream:75 - [STDERR_REDIRECT] [Fatal Error] :1:1: Premature end of file.
2026-04-14 22:25:13,666 [ERROR] LogOutputStream:75 - [STDERR_REDIRECT] 
2026-04-14 22:25:14,668 [ERROR] LogOutputStream:75 - [STDERR_REDIRECT] [Fatal Error] :1:1: Premature end of file.
2026-04-14 22:25:14,668 [ERROR] LogOutputStream:75 - [STDERR_REDIRECT] 
2026-04-14 22:25:15,654 [ERROR] LogOutputStream:75 - [STDERR_REDIRECT] [Fatal Error] :1:1: Premature end of file.
2026-04-14 22:25:15,654 [ERROR] LogOutputStream:75 - [STDERR_REDIRECT] 
2026-04-14 22:25:16,658 [ERROR] LogOutputStream:75 - [STDERR_REDIRECT] [Fatal Error] :1:1: Premature end of file.
2026-04-14 22:25:16,658 [ERROR] LogOutputStream:75 - [STDERR_REDIRECT] 
2026-04-14 22:25:17,654 [ERROR] LogOutputStream:75 - [STDERR_REDIRECT] [Fatal Error] :1:1: Premature end of file.
2026-04-14 22:25:17,654 [ERROR] LogOutputStream:75 - [STDERR_REDIRECT] 
2026-04-14 22:25:18,653 [ERROR] LogOutputStream:75 - [STDERR_REDIRECT] [Fatal Error] :1:1: Premature end of file.
2026-04-14 22:25:18,654 [ERROR] LogOutputStream:75 - [STDERR_REDIRECT] 
2026-04-14 22:25:19,654 [ERROR] LogOutputStream:75 - [STDERR_REDIRECT] [Fatal Error] :1:1: Premature end of file.
2026-04-14 22:25:19,655 [ERROR] LogOutputStream:75 - [STDERR_REDIRECT] 
2026-04-14 22:25:20,657 [ERROR] LogOutputStream:75 - [STDERR_REDIRECT] [Fatal Error] :1:1: Premature end of file.
2026-04-14 22:25:20,658 [ERROR] LogOutputStream:75 - [STDERR_REDIRECT] 
2026-04-14 22:25:21,654 [ERROR] LogOutputStream:75 - [STDERR_REDIRECT] [Fatal Error] :1:1: Premature end of file.
2026-04-14 22:25:21,655 [ERROR] LogOutputStream:75 - [STDERR_REDIRECT] 
2026-04-14 22:25:22,654 [ERROR] LogOutputStream:75 - [STDERR_REDIRECT] [Fatal Error] :1:1: Premature end of file.
2026-04-14 22:25:22,655 [ERROR] LogOutputStream:75 - [STDERR_REDIRECT] 
2026-04-14 22:25:23,653 [ERROR] LogOutputStream:75 - [STDERR_REDIRECT] [Fatal Error] :1:1: Premature end of file.
2026-04-14 22:25:23,653 [ERROR] LogOutputStream:75 - [STDERR_REDIRECT] 
2026-04-14 22:25:24,652 [ERROR] LogOutputStream:75 - [STDERR_REDIRECT] [Fatal Error] :1:1: Premature end of file.
2026-04-14 22:25:24,652 [ERROR] LogOutputStream:75 - [STDERR_REDIRECT] 
2026-04-14 22:25:25,657 [ERROR] LogOutputStream:75 - [STDERR_REDIRECT] [Fatal Error] :1:1: Premature end of file.
2026-04-14 22:25:25,657 [ERROR] LogOutputStream:75 - [STDERR_REDIRECT] 
2026-04-14 22:25:26,653 [ERROR] LogOutputStream:75 - [STDERR_REDIRECT] [Fatal Error] :1:1: Premature end of file.
2026-04-14 22:25:26,653 [ERROR] LogOutputStream:75 - [STDERR_REDIRECT] 
2026-04-14 22:25:27,665 [ERROR] LogOutputStream:75 - [STDERR_REDIRECT] [Fatal Error] :1:1: Premature end of file.
2026-04-14 22:25:27,665 [ERROR] LogOutputStream:75 - [STDERR_REDIRECT] 
2026-04-14 22:25:28,653 [ERROR] LogOutputStream:75 - [STDERR_REDIRECT] [Fatal Error] :1:1: Premature end of file.
2026-04-14 22:25:28,654 [ERROR] LogOutputStream:75 - [STDERR_REDIRECT] 
2026-04-14 22:25:29,657 [ERROR] LogOutputStream:75 - [STDERR_REDIRECT] [Fatal Error] :1:1: Premature end of file.
2026-04-14 22:25:29,657 [ERROR] LogOutputStream:75 - [STDERR_REDIRECT] 
2026-04-14 22:25:30,658 [ERROR] LogOutputStream:75 - [STDERR_REDIRECT] [Fatal Error] :1:1: Premature end of file.
2026-04-14 22:25:30,659 [ERROR] LogOutputStream:75 - [STDERR_REDIRECT] 
2026-04-14 22:25:31,935 [ERROR] LogOutputStream:75 - [STDERR_REDIRECT] [Fatal Error] :1:1: Premature end of file.
2026-04-14 22:25:31,936 [ERROR] LogOutputStream:75 - [STDERR_REDIRECT] 
2026-04-14 22:25:32,672 [ERROR] LogOutputStream:75 - [STDERR_REDIRECT] [Fatal Error] :1:1: Premature end of file.
2026-04-14 22:25:32,672 [ERROR] LogOutputStream:75 - [STDERR_REDIRECT] 
2026-04-14 22:25:33,664 [ERROR] LogOutputStream:75 - [STDERR_REDIRECT] [Fatal Error] :1:1: Premature end of file.
2026-04-14 22:25:33,664 [ERROR] LogOutputStream:75 - [STDERR_REDIRECT] 
2026-04-14 22:25:34,783 [ERROR] LogOutputStream:75 - [STDERR_REDIRECT] [Fatal Error] :1:1: Premature end of file.
2026-04-14 22:25:34,784 [ERROR] LogOutputStream:75 - [STDERR_REDIRECT] 
2026-04-14 22:25:35,681 [ERROR] LogOutputStream:75 - [STDERR_REDIRECT] [Fatal Error] :1:1: Premature end of file.
2026-04-14 22:25:35,682 [ERROR] LogOutputStream:75 - [STDERR_REDIRECT] 
2026-04-14 22:25:36,681 [ERROR] LogOutputStream:75 - [STDERR_REDIRECT] [Fatal Error] :1:1: Premature end of file.
2026-04-14 22:25:36,681 [ERROR] LogOutputStream:75 - [STDERR_REDIRECT] 
2026-04-14 22:25:37,700 [ERROR] LogOutputStream:75 - [STDERR_REDIRECT] [Fatal Error] :1:1: Premature end of file.
2026-04-14 22:25:37,701 [ERROR] LogOutputStream:75 - [STDERR_REDIRECT] 
2026-04-14 22:25:38,673 [ERROR] LogOutputStream:75 - [STDERR_REDIRECT] [Fatal Error] :1:1: Premature end of file.
2026-04-14 22:25:38,673 [ERROR] LogOutputStream:75 - [STDERR_REDIRECT] 
2026-04-14 22:25:39,856 [ERROR] LogOutputStream:75 - [STDERR_REDIRECT] [Fatal Error] :1:1: Premature end of file.
2026-04-14 22:25:39,856 [ERROR] LogOutputStream:75 - [STDERR_REDIRECT] 
2026-04-14 22:25:40,665 [ERROR] LogOutputStream:75 - [STDERR_REDIRECT] [Fatal Error] :1:1: Premature end of file.
2026-04-14 22:25:40,666 [ERROR] LogOutputStream:75 - [STDERR_REDIRECT] 
2026-04-14 22:25:41,656 [ERROR] LogOutputStream:75 - [STDERR_REDIRECT] [Fatal Error] :1:1: Premature end of file.
2026-04-14 22:25:41,657 [ERROR] LogOutputStream:75 - [STDERR_REDIRECT] 
2026-04-14 22:25:42,670 [ERROR] LogOutputStream:75 - [STDERR_REDIRECT] [Fatal Error] :1:1: Premature end of file.
2026-04-14 22:25:42,670 [ERROR] LogOutputStream:75 - [STDERR_REDIRECT] 
2026-04-14 22:25:43,669 [ERROR] LogOutputStream:75 - [STDERR_REDIRECT] [Fatal Error] :1:1: Premature end of file.
2026-04-14 22:25:43,669 [ERROR] LogOutputStream:75 - [STDERR_REDIRECT] 
2026-04-14 22:25:44,679 [ERROR] LogOutputStream:75 - [STDERR_REDIRECT] [Fatal Error] :1:1: Premature end of file.
2026-04-14 22:25:44,680 [ERROR] LogOutputStream:75 - [STDERR_REDIRECT] 
2026-04-14 22:25:45,656 [ERROR] LogOutputStream:75 - [STDERR_REDIRECT] [Fatal Error] :1:1: Premature end of file.
2026-04-14 22:25:45,657 [ERROR] LogOutputStream:75 - [STDERR_REDIRECT] 
2026-04-14 22:25:46,683 [ERROR] LogOutputStream:75 - [STDERR_REDIRECT] [Fatal Error] :1:1: Premature end of file.
2026-04-14 22:25:46,684 [ERROR] LogOutputStream:75 - [STDERR_REDIRECT] 
2026-04-14 22:25:47,649 [ERROR] LogOutputStream:75 - [STDERR_REDIRECT] [Fatal Error] :1:1: Premature end of file.
2026-04-14 22:25:47,650 [ERROR] LogOutputStream:75 - [STDERR_REDIRECT] 
2026-04-14 22:25:48,655 [ERROR] LogOutputStream:75 - [STDERR_REDIRECT] [Fatal Error] :1:1: Premature end of file.
2026-04-14 22:25:48,655 [ERROR] LogOutputStream:75 - [STDERR_REDIRECT] 
2026-04-14 22:25:49,738 [ERROR] LogOutputStream:75 - [STDERR_REDIRECT] [Fatal Error] :1:1: Premature end of file.
2026-04-14 22:25:49,739 [ERROR] LogOutputStream:75 - [STDERR_REDIRECT] 
2026-04-14 22:25:50,660 [ERROR] LogOutputStream:75 - [STDERR_REDIRECT] [Fatal Error] :1:1: Premature end of file.
2026-04-14 22:25:50,661 [ERROR] LogOutputStream:75 - [STDERR_REDIRECT] 
2026-04-14 22:25:51,664 [ERROR] LogOutputStream:75 - [STDERR_REDIRECT] [Fatal Error] :1:1: Premature end of file.
2026-04-14 22:25:51,665 [ERROR] LogOutputStream:75 - [STDERR_REDIRECT] 
2026-04-14 22:25:52,681 [ERROR] LogOutputStream:75 - [STDERR_REDIRECT] [Fatal Error] :1:1: Premature end of file.
2026-04-14 22:25:52,681 [ERROR] LogOutputStream:75 - [STDERR_REDIRECT] 
2026-04-14 22:25:53,659 [ERROR] LogOutputStream:75 - [STDERR_REDIRECT] [Fatal Error] :1:1: Premature end of file.
2026-04-14 22:25:53,659 [ERROR] LogOutputStream:75 - [STDERR_REDIRECT] 
2026-04-14 22:25:54,669 [ERROR] LogOutputStream:75 - [STDERR_REDIRECT] [Fatal Error] :1:1: Premature end of file.
2026-04-14 22:25:54,669 [ERROR] LogOutputStream:75 - [STDERR_REDIRECT] 
2026-04-14 22:25:55,666 [ERROR] LogOutputStream:75 - [STDERR_REDIRECT] [Fatal Error] :1:1: Premature end of file.
2026-04-14 22:25:55,666 [ERROR] LogOutputStream:75 - [STDERR_REDIRECT] 
2026-04-14 22:25:56,673 [ERROR] LogOutputStream:75 - [STDERR_REDIRECT] [Fatal Error] :1:1: Premature end of file.
2026-04-14 22:25:56,673 [ERROR] LogOutputStream:75 - [STDERR_REDIRECT] 
2026-04-14 22:25:57,695 [ERROR] LogOutputStream:75 - [STDERR_REDIRECT] [Fatal Error] :1:1: Premature end of file.
2026-04-14 22:25:57,696 [ERROR] LogOutputStream:75 - [STDERR_REDIRECT] 
2026-04-14 22:25:58,707 [ERROR] LogOutputStream:75 - [STDERR_REDIRECT] [Fatal Error] :1:1: Premature end of file.
2026-04-14 22:25:58,708 [ERROR] LogOutputStream:75 - [STDERR_REDIRECT] 
2026-04-14 22:25:59,684 [ERROR] LogOutputStream:75 - [STDERR_REDIRECT] [Fatal Error] :1:1: Premature end of file.
2026-04-14 22:25:59,685 [ERROR] LogOutputStream:75 - [STDERR_REDIRECT] 
2026-04-14 22:26:00,690 [ERROR] LogOutputStream:75 - [STDERR_REDIRECT] [Fatal Error] :1:1: Premature end of file.
2026-04-14 22:26:00,690 [ERROR] LogOutputStream:75 - [STDERR_REDIRECT] 
2026-04-14 22:26:01,677 [ERROR] LogOutputStream:75 - [STDERR_REDIRECT] [Fatal Error] :1:1: Premature end of file.
2026-04-14 22:26:01,677 [ERROR] LogOutputStream:75 - [STDERR_REDIRECT] 
2026-04-14 22:26:02,771 [ERROR] LogOutputStream:75 - [STDERR_REDIRECT] [Fatal Error] :1:1: Premature end of file.
2026-04-14 22:26:02,771 [ERROR] LogOutputStream:75 - [STDERR_REDIRECT] 
2026-04-14 22:26:03,672 [ERROR] LogOutputStream:75 - [STDERR_REDIRECT] [Fatal Error] :1:1: Premature end of file.
2026-04-14 22:26:03,673 [ERROR] LogOutputStream:75 - [STDERR_REDIRECT] 
2026-04-14 22:26:04,679 [ERROR] LogOutputStream:75 - [STDERR_REDIRECT] [Fatal Error] :1:1: Premature end of file.
2026-04-14 22:26:04,680 [ERROR] LogOutputStream:75 - [STDERR_REDIRECT] 
2026-04-14 22:26:05,709 [ERROR] LogOutputStream:75 - [STDERR_REDIRECT] [Fatal Error] :1:1: Premature end of file.
2026-04-14 22:26:05,710 [ERROR] LogOutputStream:75 - [STDERR_REDIRECT] 
2026-04-14 22:26:06,706 [ERROR] LogOutputStream:75 - [STDERR_REDIRECT] [Fatal Error] :1:1: Premature end of file.
2026-04-14 22:26:06,707 [ERROR] LogOutputStream:75 - [STDERR_REDIRECT] 
2026-04-14 22:26:07,684 [ERROR] LogOutputStream:75 - [STDERR_REDIRECT] [Fatal Error] :1:1: Premature end of file.
2026-04-14 22:26:07,685 [ERROR] LogOutputStream:75 - [STDERR_REDIRECT] 
2026-04-14 22:26:08,681 [ERROR] LogOutputStream:75 - [STDERR_REDIRECT] [Fatal Error] :1:1: Premature end of file.
2026-04-14 22:26:08,682 [ERROR] LogOutputStream:75 - [STDERR_REDIRECT] 
2026-04-14 22:26:09,649 [ERROR] LogOutputStream:75 - [STDERR_REDIRECT] [Fatal Error] :1:1: Premature end of file.
2026-04-14 22:26:09,649 [ERROR] LogOutputStream:75 - [STDERR_REDIRECT] 
2026-04-14 22:26:10,661 [ERROR] LogOutputStream:75 - [STDERR_REDIRECT] [Fatal Error] :1:1: Premature end of file.
2026-04-14 22:26:10,662 [ERROR] LogOutputStream:75 - [STDERR_REDIRECT] 
2026-04-14 22:26:11,679 [ERROR] LogOutputStream:75 - [STDERR_REDIRECT] [Fatal Error] :1:1: Premature end of file.
2026-04-14 22:26:11,680 [ERROR] LogOutputStream:75 - [STDERR_REDIRECT] 
2026-04-14 22:26:12,661 [ERROR] LogOutputStream:75 - [STDERR_REDIRECT] [Fatal Error] :1:1: Premature end of file.
2026-04-14 22:26:12,662 [ERROR] LogOutputStream:75 - [STDERR_REDIRECT] 
2026-04-14 22:26:13,686 [ERROR] LogOutputStream:75 - [STDERR_REDIRECT] [Fatal Error] :1:1: Premature end of file.
2026-04-14 22:26:13,686 [ERROR] LogOutputStream:75 - [STDERR_REDIRECT] 
2026-04-14 22:26:14,687 [ERROR] LogOutputStream:75 - [STDERR_REDIRECT] [Fatal Error] :1:1: Premature end of file.
2026-04-14 22:26:14,687 [ERROR] LogOutputStream:75 - [STDERR_REDIRECT] 
2026-04-14 22:26:15,694 [ERROR] LogOutputStream:75 - [STDERR_REDIRECT] [Fatal Error] :1:1: Premature end of file.
2026-04-14 22:26:15,694 [ERROR] LogOutputStream:75 - [STDERR_REDIRECT] 
2026-04-14 22:26:16,672 [ERROR] LogOutputStream:75 - [STDERR_REDIRECT] [Fatal Error] :1:1: Premature end of file.
2026-04-14 22:26:16,672 [ERROR] LogOutputStream:75 - [STDERR_REDIRECT] 
2026-04-14 22:26:17,671 [ERROR] LogOutputStream:75 - [STDERR_REDIRECT] [Fatal Error] :1:1: Premature end of file.
2026-04-14 22:26:17,671 [ERROR] LogOutputStream:75 - [STDERR_REDIRECT] 
2026-04-14 22:26:18,654 [ERROR] LogOutputStream:75 - [STDERR_REDIRECT] [Fatal Error] :1:1: Premature end of file.
2026-04-14 22:26:18,654 [ERROR] LogOutputStream:75 - [STDERR_REDIRECT] 
2026-04-14 22:26:19,751 [ERROR] LogOutputStream:75 - [STDERR_REDIRECT] [Fatal Error] :1:1: Premature end of file.
2026-04-14 22:26:19,752 [ERROR] LogOutputStream:75 - [STDERR_REDIRECT] 
2026-04-14 22:26:20,688 [ERROR] LogOutputStream:75 - [STDERR_REDIRECT] [Fatal Error] :1:1: Premature end of file.
2026-04-14 22:26:20,688 [ERROR] LogOutputStream:75 - [STDERR_REDIRECT] 
2026-04-14 22:26:21,693 [ERROR] LogOutputStream:75 - [STDERR_REDIRECT] [Fatal Error] :1:1: Premature end of file.
2026-04-14 22:26:21,693 [ERROR] LogOutputStream:75 - [STDERR_REDIRECT] 
2026-04-14 22:26:22,686 [ERROR] LogOutputStream:75 - [STDERR_REDIRECT] [Fatal Error] :1:1: Premature end of file.
2026-04-14 22:26:22,686 [ERROR] LogOutputStream:75 - [STDERR_REDIRECT] 
2026-04-14 22:26:23,657 [ERROR] LogOutputStream:75 - [STDERR_REDIRECT] [Fatal Error] :1:1: Premature end of file.
2026-04-14 22:26:23,657 [ERROR] LogOutputStream:75 - [STDERR_REDIRECT] 
2026-04-14 22:26:24,659 [ERROR] LogOutputStream:75 - [STDERR_REDIRECT] [Fatal Error] :1:1: Premature end of file.
2026-04-14 22:26:24,659 [ERROR] LogOutputStream:75 - [STDERR_REDIRECT] 
2026-04-14 22:26:25,699 [ERROR] LogOutputStream:75 - [STDERR_REDIRECT] [Fatal Error] :1:1: Premature end of file.
2026-04-14 22:26:25,699 [ERROR] LogOutputStream:75 - [STDERR_REDIRECT] 
2026-04-14 22:26:26,674 [ERROR] LogOutputStream:75 - [STDERR_REDIRECT] [Fatal Error] :1:1: Premature end of file.
2026-04-14 22:26:26,674 [ERROR] LogOutputStream:75 - [STDERR_REDIRECT] 
2026-04-14 22:26:27,675 [ERROR] LogOutputStream:75 - [STDERR_REDIRECT] [Fatal Error] :1:1: Premature end of file.
2026-04-14 22:26:27,675 [ERROR] LogOutputStream:75 - [STDERR_REDIRECT] 
2026-04-14 22:26:28,681 [ERROR] LogOutputStream:75 - [STDERR_REDIRECT] [Fatal Error] :1:1: Premature end of file.
2026-04-14 22:26:28,682 [ERROR] LogOutputStream:75 - [STDERR_REDIRECT] 
2026-04-14 22:26:29,652 [ERROR] LogOutputStream:75 - [STDERR_REDIRECT] [Fatal Error] :1:1: Premature end of file.
2026-04-14 22:26:29,652 [ERROR] LogOutputStream:75 - [STDERR_REDIRECT] 
2026-04-14 22:26:30,659 [ERROR] LogOutputStream:75 - [STDERR_REDIRECT] [Fatal Error] :1:1: Premature end of file.
2026-04-14 22:26:30,660 [ERROR] LogOutputStream:75 - [STDERR_REDIRECT] 
2026-04-14 22:26:31,653 [ERROR] LogOutputStream:75 - [STDERR_REDIRECT] [Fatal Error] :1:1: Premature end of file.
2026-04-14 22:26:31,654 [ERROR] LogOutputStream:75 - [STDERR_REDIRECT] 
2026-04-14 22:26:32,642 [ERROR] LogOutputStream:75 - [STDERR_REDIRECT] [Fatal Error] :1:1: Premature end of file.
2026-04-14 22:26:32,642 [ERROR] LogOutputStream:75 - [STDERR_REDIRECT] 
2026-04-14 22:26:33,644 [ERROR] LogOutputStream:75 - [STDERR_REDIRECT] [Fatal Error] :1:1: Premature end of file.
2026-04-14 22:26:33,644 [ERROR] LogOutputStream:75 - [STDERR_REDIRECT] 
2026-04-14 22:26:34,643 [ERROR] LogOutputStream:75 - [STDERR_REDIRECT] [Fatal Error] :1:1: Premature end of file.
2026-04-14 22:26:34,643 [ERROR] LogOutputStream:75 - [STDERR_REDIRECT] 
2026-04-14 22:26:35,643 [ERROR] LogOutputStream:75 - [STDERR_REDIRECT] [Fatal Error] :1:1: Premature end of file.
2026-04-14 22:26:35,643 [ERROR] LogOutputStream:75 - [STDERR_REDIRECT] 
2026-04-14 22:26:36,642 [ERROR] LogOutputStream:75 - [STDERR_REDIRECT] [Fatal Error] :1:1: Premature end of file.
2026-04-14 22:26:36,642 [ERROR] LogOutputStream:75 - [STDERR_REDIRECT] 
2026-04-14 22:26:37,642 [ERROR] LogOutputStream:75 - [STDERR_REDIRECT] [Fatal Error] :1:1: Premature end of file.
2026-04-14 22:26:37,642 [ERROR] LogOutputStream:75 - [STDERR_REDIRECT] 
2026-04-14 22:26:53,516 [ERROR] LogOutputStream:75 - [STDERR_REDIRECT] [Fatal Error] :1:1: Premature end of file.
2026-04-14 22:26:53,517 [ERROR] LogOutputStream:75 - [STDERR_REDIRECT] 
2026-04-14 22:26:56,996 [ERROR] LogOutputStream:75 - [STDERR_REDIRECT] [Fatal Error] :1:1: Premature end of file.
2026-04-14 22:26:56,996 [ERROR] LogOutputStream:75 - [STDERR_REDIRECT] 
2026-04-14 22:26:57,050 [ERROR] LogOutputStream:75 - [STDERR_REDIRECT] [Fatal Error] :1:1: Premature end of file.
2026-04-14 22:26:57,050 [ERROR] LogOutputStream:75 - [STDERR_REDIRECT] 
2026-04-14 22:26:57,116 [ERROR] LogOutputStream:75 - [STDERR_REDIRECT] [Fatal Error] :1:1: Premature end of file.
2026-04-14 22:26:57,116 [ERROR] LogOutputStream:75 - [STDERR_REDIRECT] 
2026-04-14 22:26:57,655 [ERROR] LogOutputStream:75 - [STDERR_REDIRECT] [Fatal Error] :1:1: Premature end of file.
2026-04-14 22:26:57,656 [ERROR] LogOutputStream:75 - [STDERR_REDIRECT] 
2026-04-14 22:26:57,709 [ERROR] LogOutputStream:75 - [STDERR_REDIRECT] [Fatal Error] :1:1: Premature end of file.
2026-04-14 22:26:57,710 [ERROR] LogOutputStream:75 - [STDERR_REDIRECT] 
2026-04-14 22:26:57,756 [ERROR] LogOutputStream:75 - [STDERR_REDIRECT] [Fatal Error] :1:1: Premature end of file.
2026-04-14 22:26:57,756 [ERROR] LogOutputStream:75 - [STDERR_REDIRECT] 
2026-04-14 22:26:57,810 [ERROR] LogOutputStream:75 - [STDERR_REDIRECT] [Fatal Error] :1:1: Premature end of file.
2026-04-14 22:26:57,811 [ERROR] LogOutputStream:75 - [STDERR_REDIRECT] 
2026-04-14 22:26:57,869 [ERROR] LogOutputStream:75 - [STDERR_REDIRECT] [Fatal Error] :1:1: Premature end of file.
2026-04-14 22:26:57,870 [ERROR] LogOutputStream:75 - [STDERR_REDIRECT] 
2026-04-14 22:26:57,928 [ERROR] LogOutputStream:75 - [STDERR_REDIRECT] [Fatal Error] :1:1: Premature end of file.
2026-04-14 22:26:57,928 [ERROR] LogOutputStream:75 - [STDERR_REDIRECT] 
2026-04-14 22:26:57,979 [ERROR] LogOutputStream:75 - [STDERR_REDIRECT] [Fatal Error] :1:1: Premature end of file.
2026-04-14 22:26:57,979 [ERROR] LogOutputStream:75 - [STDERR_REDIRECT] 
2026-04-14 22:26:58,040 [ERROR] LogOutputStream:75 - [STDERR_REDIRECT] [Fatal Error] :1:1: Premature end of file.
2026-04-14 22:26:58,070 [ERROR] LogOutputStream:75 - [STDERR_REDIRECT] 
2026-04-14 22:26:59,650 [ERROR] LogOutputStream:75 - [STDERR_REDIRECT] [Fatal Error] :1:1: Premature end of file.
2026-04-14 22:26:59,652 [ERROR] LogOutputStream:75 - [STDERR_REDIRECT] 
2026-04-14 22:27:00,060 [ERROR] LogOutputStream:75 - [STDERR_REDIRECT] [Fatal Error] :1:1: Premature end of file.
2026-04-14 22:27:00,061 [ERROR] LogOutputStream:75 - [STDERR_REDIRECT] 
2026-04-14 22:27:00,222 [ERROR] LogOutputStream:75 - [STDERR_REDIRECT] [Fatal Error] :1:1: Premature end of file.
2026-04-14 22:27:00,222 [ERROR] LogOutputStream:75 - [STDERR_REDIRECT] 
2026-04-14 22:27:00,264 [ERROR] LogOutputStream:75 - [STDERR_REDIRECT] [Fatal Error] :1:1: Premature end of file.
2026-04-14 22:27:00,264 [ERROR] LogOutputStream:75 - [STDERR_REDIRECT] 
2026-04-14 22:27:00,302 [ERROR] LogOutputStream:75 - [STDERR_REDIRECT] [Fatal Error] :1:1: Premature end of file.
2026-04-14 22:27:00,303 [ERROR] LogOutputStream:75 - [STDERR_REDIRECT] 
2026-04-14 22:27:00,367 [ERROR] LogOutputStream:75 - [STDERR_REDIRECT] [Fatal Error] :1:1: Premature end of file.
2026-04-14 22:27:00,367 [ERROR] LogOutputStream:75 - [STDERR_REDIRECT] 
2026-04-14 22:27:00,414 [ERROR] LogOutputStream:75 - [STDERR_REDIRECT] [Fatal Error] :1:1: Premature end of file.
2026-04-14 22:27:00,414 [ERROR] LogOutputStream:75 - [STDERR_REDIRECT] 
2026-04-14 22:27:00,454 [ERROR] LogOutputStream:75 - [STDERR_REDIRECT] [Fatal Error] :1:1: Premature end of file.
2026-04-14 22:27:00,454 [ERROR] LogOutputStream:75 - [STDERR_REDIRECT] 
2026-04-14 22:27:00,788 [ERROR] LogOutputStream:75 - [STDERR_REDIRECT] [Fatal Error] :1:1: Premature end of file.
2026-04-14 22:27:00,788 [ERROR] LogOutputStream:75 - [STDERR_REDIRECT] 
2026-04-14 22:27:00,833 [ERROR] LogOutputStream:75 - [STDERR_REDIRECT] [Fatal Error] :1:1: Premature end of file.
2026-04-14 22:27:00,833 [ERROR] LogOutputStream:75 - [STDERR_REDIRECT] 
2026-04-14 22:27:00,871 [ERROR] LogOutputStream:75 - [STDERR_REDIRECT] [Fatal Error] :1:1: Premature end of file.
2026-04-14 22:27:00,872 [ERROR] LogOutputStream:75 - [STDERR_REDIRECT] 
2026-04-14 22:27:01,948 [ERROR] LogOutputStream:75 - [STDERR_REDIRECT] [Fatal Error] :1:1: Premature end of file.
2026-04-14 22:27:01,948 [ERROR] LogOutputStream:75 - [STDERR_REDIRECT] 
2026-04-14 22:27:03,051 [ERROR] LogOutputStream:75 - [STDERR_REDIRECT] [Fatal Error] :1:1: Premature end of file.
2026-04-14 22:27:03,052 [ERROR] LogOutputStream:75 - [STDERR_REDIRECT] 
2026-04-14 22:27:03,647 [ERROR] LogOutputStream:75 - [STDERR_REDIRECT] [Fatal Error] :1:1: Premature end of file.
2026-04-14 22:27:03,647 [ERROR] LogOutputStream:75 - [STDERR_REDIRECT] 
2026-04-14 22:27:04,658 [ERROR] LogOutputStream:75 - [STDERR_REDIRECT] [Fatal Error] :1:1: Premature end of file.
2026-04-14 22:27:04,658 [ERROR] LogOutputStream:75 - [STDERR_REDIRECT] 
2026-04-14 22:27:05,647 [ERROR] LogOutputStream:75 - [STDERR_REDIRECT] [Fatal Error] :1:1: Premature end of file.
2026-04-14 22:27:05,648 [ERROR] LogOutputStream:75 - [STDERR_REDIRECT] 
2026-04-14 22:27:06,654 [ERROR] LogOutputStream:75 - [STDERR_REDIRECT] [Fatal Error] :1:1: Premature end of file.
2026-04-14 22:27:06,655 [ERROR] LogOutputStream:75 - [STDERR_REDIRECT] 
2026-04-14 22:27:07,768 [ERROR] LogOutputStream:75 - [STDERR_REDIRECT] [Fatal Error] :1:1: Premature end of file.
2026-04-14 22:27:07,769 [ERROR] LogOutputStream:75 - [STDERR_REDIRECT] 
2026-04-14 22:27:08,655 [ERROR] LogOutputStream:75 - [STDERR_REDIRECT] [Fatal Error] :1:1: Premature end of file.
2026-04-14 22:27:08,655 [ERROR] LogOutputStream:75 - [STDERR_REDIRECT] 
2026-04-14 22:27:09,651 [ERROR] LogOutputStream:75 - [STDERR_REDIRECT] [Fatal Error] :1:1: Premature end of file.
2026-04-14 22:27:09,652 [ERROR] LogOutputStream:75 - [STDERR_REDIRECT] 
2026-04-14 22:27:10,661 [ERROR] LogOutputStream:75 - [STDERR_REDIRECT] [Fatal Error] :1:1: Premature end of file.
2026-04-14 22:27:10,661 [ERROR] LogOutputStream:75 - [STDERR_REDIRECT] 
2026-04-14 22:27:11,693 [ERROR] LogOutputStream:75 - [STDERR_REDIRECT] [Fatal Error] :1:1: Premature end of file.
2026-04-14 22:27:11,696 [ERROR] LogOutputStream:75 - [STDERR_REDIRECT] 
2026-04-14 22:27:12,792 [ERROR] LogOutputStream:75 - [STDERR_REDIRECT] [Fatal Error] :1:1: Premature end of file.
2026-04-14 22:27:12,793 [ERROR] LogOutputStream:75 - [STDERR_REDIRECT] 
2026-04-14 22:27:13,787 [ERROR] LogOutputStream:75 - [STDERR_REDIRECT] [Fatal Error] :1:1: Premature end of file.
2026-04-14 22:27:13,788 [ERROR] LogOutputStream:75 - [STDERR_REDIRECT] 
2026-04-14 22:27:14,715 [ERROR] LogOutputStream:75 - [STDERR_REDIRECT] [Fatal Error] :1:1: Premature end of file.
2026-04-14 22:27:14,716 [ERROR] LogOutputStream:75 - [STDERR_REDIRECT] 
2026-04-14 22:27:15,685 [ERROR] LogOutputStream:75 - [STDERR_REDIRECT] [Fatal Error] :1:1: Premature end of file.
2026-04-14 22:27:15,685 [ERROR] LogOutputStream:75 - [STDERR_REDIRECT] 
2026-04-14 22:27:17,781 [ERROR] LogOutputStream:75 - [STDERR_REDIRECT] [Fatal Error] :1:1: Premature end of file.
2026-04-14 22:27:17,805 [ERROR] LogOutputStream:75 - [STDERR_REDIRECT] 
2026-04-14 22:27:17,972 [ERROR] LogOutputStream:75 - [STDERR_REDIRECT] [Fatal Error] :1:1: Premature end of file.
2026-04-14 22:27:17,972 [ERROR] LogOutputStream:75 - [STDERR_REDIRECT] 
2026-04-14 22:27:18,787 [ERROR] LogOutputStream:75 - [STDERR_REDIRECT] [Fatal Error] :1:1: Premature end of file.
2026-04-14 22:27:18,788 [ERROR] LogOutputStream:75 - [STDERR_REDIRECT] 
2026-04-14 22:27:19,769 [ERROR] LogOutputStream:75 - [STDERR_REDIRECT] [Fatal Error] :1:1: Premature end of file.
2026-04-14 22:27:19,770 [ERROR] LogOutputStream:75 - [STDERR_REDIRECT] 
2026-04-14 22:27:20,681 [ERROR] LogOutputStream:75 - [STDERR_REDIRECT] [Fatal Error] :1:1: Premature end of file.
2026-04-14 22:27:20,681 [ERROR] LogOutputStream:75 - [STDERR_REDIRECT] 
2026-04-14 22:27:21,670 [ERROR] LogOutputStream:75 - [STDERR_REDIRECT] [Fatal Error] :1:1: Premature end of file.
2026-04-14 22:27:21,671 [ERROR] LogOutputStream:75 - [STDERR_REDIRECT] 
2026-04-14 22:27:22,649 [ERROR] LogOutputStream:75 - [STDERR_REDIRECT] [Fatal Error] :1:1: Premature end of file.
2026-04-14 22:27:22,649 [ERROR] LogOutputStream:75 - [STDERR_REDIRECT] 
2026-04-14 22:27:23,820 [ERROR] LogOutputStream:75 - [STDERR_REDIRECT] [Fatal Error] :1:1: Premature end of file.
2026-04-14 22:27:23,822 [ERROR] LogOutputStream:75 - [STDERR_REDIRECT] 
2026-04-14 22:27:24,735 [ERROR] LogOutputStream:75 - [STDERR_REDIRECT] [Fatal Error] :1:1: Premature end of file.
2026-04-14 22:27:24,745 [ERROR] LogOutputStream:75 - [STDERR_REDIRECT] 
2026-04-14 22:27:25,933 [ERROR] LogOutputStream:75 - [STDERR_REDIRECT] [Fatal Error] :1:1: Premature end of file.
2026-04-14 22:27:25,933 [ERROR] LogOutputStream:75 - [STDERR_REDIRECT] 
2026-04-14 22:27:26,755 [ERROR] LogOutputStream:75 - [STDERR_REDIRECT] [Fatal Error] :1:1: Premature end of file.
2026-04-14 22:27:26,759 [ERROR] LogOutputStream:75 - [STDERR_REDIRECT] 
2026-04-14 22:27:27,678 [ERROR] LogOutputStream:75 - [STDERR_REDIRECT] [Fatal Error] :1:1: Premature end of file.
2026-04-14 22:27:27,678 [ERROR] LogOutputStream:75 - [STDERR_REDIRECT] 
2026-04-14 22:27:28,664 [ERROR] LogOutputStream:75 - [STDERR_REDIRECT] [Fatal Error] :1:1: Premature end of file.
2026-04-14 22:27:28,665 [ERROR] LogOutputStream:75 - [STDERR_REDIRECT] 
2026-04-14 22:27:29,696 [ERROR] LogOutputStream:75 - [STDERR_REDIRECT] [Fatal Error] :1:1: Premature end of file.
2026-04-14 22:27:29,697 [ERROR] LogOutputStream:75 - [STDERR_REDIRECT] 
2026-04-14 22:27:30,713 [ERROR] LogOutputStream:75 - [STDERR_REDIRECT] [Fatal Error] :1:1: Premature end of file.
2026-04-14 22:27:30,713 [ERROR] LogOutputStream:75 - [STDERR_REDIRECT] 
2026-04-14 22:27:31,673 [ERROR] LogOutputStream:75 - [STDERR_REDIRECT] [Fatal Error] :1:1: Premature end of file.
2026-04-14 22:27:31,675 [ERROR] LogOutputStream:75 - [STDERR_REDIRECT] 
2026-04-14 22:27:32,682 [ERROR] LogOutputStream:75 - [STDERR_REDIRECT] [Fatal Error] :1:1: Premature end of file.
2026-04-14 22:27:32,682 [ERROR] LogOutputStream:75 - [STDERR_REDIRECT] 
2026-04-14 22:27:33,666 [ERROR] LogOutputStream:75 - [STDERR_REDIRECT] [Fatal Error] :1:1: Premature end of file.
2026-04-14 22:27:33,666 [ERROR] LogOutputStream:75 - [STDERR_REDIRECT] 
2026-04-14 22:27:34,672 [ERROR] LogOutputStream:75 - [STDERR_REDIRECT] [Fatal Error] :1:1: Premature end of file.
2026-04-14 22:27:34,672 [ERROR] LogOutputStream:75 - [STDERR_REDIRECT] 
2026-04-14 22:27:35,673 [ERROR] LogOutputStream:75 - [STDERR_REDIRECT] [Fatal Error] :1:1: Premature end of file.
2026-04-14 22:27:35,674 [ERROR] LogOutputStream:75 - [STDERR_REDIRECT] 
2026-04-14 22:27:36,896 [ERROR] LogOutputStream:75 - [STDERR_REDIRECT] [Fatal Error] :1:1: Premature end of file.
2026-04-14 22:27:36,896 [ERROR] LogOutputStream:75 - [STDERR_REDIRECT] 
2026-04-14 22:27:37,668 [ERROR] LogOutputStream:75 - [STDERR_REDIRECT] [Fatal Error] :1:1: Premature end of file.
2026-04-14 22:27:37,668 [ERROR] LogOutputStream:75 - [STDERR_REDIRECT] 
2026-04-14 22:27:38,682 [ERROR] LogOutputStream:75 - [STDERR_REDIRECT] [Fatal Error] :1:1: Premature end of file.
2026-04-14 22:27:38,682 [ERROR] LogOutputStream:75 - [STDERR_REDIRECT] 
2026-04-14 22:27:39,663 [ERROR] LogOutputStream:75 - [STDERR_REDIRECT] [Fatal Error] :1:1: Premature end of file.
2026-04-14 22:27:39,663 [ERROR] LogOutputStream:75 - [STDERR_REDIRECT] 
2026-04-14 22:27:40,701 [ERROR] LogOutputStream:75 - [STDERR_REDIRECT] [Fatal Error] :1:1: Premature end of file.
2026-04-14 22:27:40,702 [ERROR] LogOutputStream:75 - [STDERR_REDIRECT] 
2026-04-14 22:27:41,674 [ERROR] LogOutputStream:75 - [STDERR_REDIRECT] [Fatal Error] :1:1: Premature end of file.
2026-04-14 22:27:41,674 [ERROR] LogOutputStream:75 - [STDERR_REDIRECT] 
2026-04-14 22:27:42,748 [ERROR] LogOutputStream:75 - [STDERR_REDIRECT] [Fatal Error] :1:1: Premature end of file.
2026-04-14 22:27:42,762 [ERROR] LogOutputStream:75 - [STDERR_REDIRECT] 
2026-04-14 22:27:43,677 [ERROR] LogOutputStream:75 - [STDERR_REDIRECT] [Fatal Error] :1:1: Premature end of file.
2026-04-14 22:27:43,678 [ERROR] LogOutputStream:75 - [STDERR_REDIRECT] 
2026-04-14 22:27:44,784 [ERROR] LogOutputStream:75 - [STDERR_REDIRECT] [Fatal Error] :1:1: Premature end of file.
2026-04-14 22:27:44,785 [ERROR] LogOutputStream:75 - [STDERR_REDIRECT] 
2026-04-14 22:27:45,785 [ERROR] LogOutputStream:75 - [STDERR_REDIRECT] [Fatal Error] :1:1: Premature end of file.
2026-04-14 22:27:45,786 [ERROR] LogOutputStream:75 - [STDERR_REDIRECT] 
2026-04-14 22:27:46,685 [ERROR] LogOutputStream:75 - [STDERR_REDIRECT] [Fatal Error] :1:1: Premature end of file.
2026-04-14 22:27:46,686 [ERROR] LogOutputStream:75 - [STDERR_REDIRECT] 
2026-04-14 22:27:47,664 [ERROR] LogOutputStream:75 - [STDERR_REDIRECT] [Fatal Error] :1:1: Premature end of file.
2026-04-14 22:27:47,664 [ERROR] LogOutputStream:75 - [STDERR_REDIRECT] 
2026-04-14 22:27:48,730 [ERROR] LogOutputStream:75 - [STDERR_REDIRECT] [Fatal Error] :1:1: Premature end of file.
2026-04-14 22:27:48,730 [ERROR] LogOutputStream:75 - [STDERR_REDIRECT] 
2026-04-14 22:27:49,752 [ERROR] LogOutputStream:75 - [STDERR_REDIRECT] [Fatal Error] :1:1: Premature end of file.
2026-04-14 22:27:49,752 [ERROR] LogOutputStream:75 - [STDERR_REDIRECT] 
2026-04-14 22:27:52,898 [ERROR] LogOutputStream:75 - [STDERR_REDIRECT] [Fatal Error] :1:1: Premature end of file.
2026-04-14 22:27:52,899 [ERROR] LogOutputStream:75 - [STDERR_REDIRECT] 
2026-04-14 22:27:53,015 [ERROR] LogOutputStream:75 - [STDERR_REDIRECT] [Fatal Error] :1:1: Premature end of file.
2026-04-14 22:27:53,016 [ERROR] LogOutputStream:75 - [STDERR_REDIRECT] 
2026-04-14 22:27:53,217 [ERROR] LogOutputStream:75 - [STDERR_REDIRECT] [Fatal Error] :1:1: Premature end of file.
2026-04-14 22:27:53,217 [ERROR] LogOutputStream:75 - [STDERR_REDIRECT] 
2026-04-14 22:27:53,666 [ERROR] LogOutputStream:75 - [STDERR_REDIRECT] [Fatal Error] :1:1: Premature end of file.
2026-04-14 22:27:53,666 [ERROR] LogOutputStream:75 - [STDERR_REDIRECT] 
2026-04-14 22:27:54,651 [ERROR] LogOutputStream:75 - [STDERR_REDIRECT] [Fatal Error] :1:1: Premature end of file.
2026-04-14 22:27:54,651 [ERROR] LogOutputStream:75 - [STDERR_REDIRECT] 
2026-04-14 22:27:55,654 [ERROR] LogOutputStream:75 - [STDERR_REDIRECT] [Fatal Error] :1:1: Premature end of file.
2026-04-14 22:27:55,654 [ERROR] LogOutputStream:75 - [STDERR_REDIRECT] 
2026-04-14 22:27:56,743 [ERROR] LogOutputStream:75 - [STDERR_REDIRECT] [Fatal Error] :1:1: Premature end of file.
2026-04-14 22:27:56,744 [ERROR] LogOutputStream:75 - [STDERR_REDIRECT] 
2026-04-14 22:27:57,687 [ERROR] LogOutputStream:75 - [STDERR_REDIRECT] [Fatal Error] :1:1: Premature end of file.
2026-04-14 22:27:57,687 [ERROR] LogOutputStream:75 - [STDERR_REDIRECT] 
2026-04-14 22:27:58,709 [ERROR] LogOutputStream:75 - [STDERR_REDIRECT] [Fatal Error] :1:1: Premature end of file.
2026-04-14 22:27:58,713 [ERROR] LogOutputStream:75 - [STDERR_REDIRECT] 
2026-04-14 22:27:59,683 [ERROR] LogOutputStream:75 - [STDERR_REDIRECT] [Fatal Error] :1:1: Premature end of file.
2026-04-14 22:27:59,684 [ERROR] LogOutputStream:75 - [STDERR_REDIRECT] 
2026-04-14 22:28:00,734 [ERROR] LogOutputStream:75 - [STDERR_REDIRECT] [Fatal Error] :1:1: Premature end of file.
2026-04-14 22:28:00,735 [ERROR] LogOutputStream:75 - [STDERR_REDIRECT] 
2026-04-14 22:28:01,823 [ERROR] LogOutputStream:75 - [STDERR_REDIRECT] [Fatal Error] :1:1: Premature end of file.
2026-04-14 22:28:01,823 [ERROR] LogOutputStream:75 - [STDERR_REDIRECT] 
2026-04-14 22:28:02,999 [ERROR] LogOutputStream:75 - [STDERR_REDIRECT] [Fatal Error] :1:1: Premature end of file.
2026-04-14 22:28:03,000 [ERROR] LogOutputStream:75 - [STDERR_REDIRECT] 
2026-04-14 22:28:03,690 [ERROR] LogOutputStream:75 - [STDERR_REDIRECT] [Fatal Error] :1:1: Premature end of file.
2026-04-14 22:28:03,691 [ERROR] LogOutputStream:75 - [STDERR_REDIRECT] 
2026-04-14 22:28:04,830 [ERROR] LogOutputStream:75 - [STDERR_REDIRECT] [Fatal Error] :1:1: Premature end of file.
2026-04-14 22:28:04,831 [ERROR] LogOutputStream:75 - [STDERR_REDIRECT] 
2026-04-14 22:28:05,682 [ERROR] LogOutputStream:75 - [STDERR_REDIRECT] [Fatal Error] :1:1: Premature end of file.
2026-04-14 22:28:05,682 [ERROR] LogOutputStream:75 - [STDERR_REDIRECT] 
2026-04-14 22:28:06,802 [ERROR] LogOutputStream:75 - [STDERR_REDIRECT] [Fatal Error] :1:1: Premature end of file.
2026-04-14 22:28:06,803 [ERROR] LogOutputStream:75 - [STDERR_REDIRECT] 
2026-04-14 22:28:07,700 [ERROR] LogOutputStream:75 - [STDERR_REDIRECT] [Fatal Error] :1:1: Premature end of file.
2026-04-14 22:28:07,700 [ERROR] LogOutputStream:75 - [STDERR_REDIRECT] 
2026-04-14 22:28:08,678 [ERROR] LogOutputStream:75 - [STDERR_REDIRECT] [Fatal Error] :1:1: Premature end of file.
2026-04-14 22:28:08,678 [ERROR] LogOutputStream:75 - [STDERR_REDIRECT] 
2026-04-14 22:28:09,688 [ERROR] LogOutputStream:75 - [STDERR_REDIRECT] [Fatal Error] :1:1: Premature end of file.
2026-04-14 22:28:09,688 [ERROR] LogOutputStream:75 - [STDERR_REDIRECT] 
2026-04-14 22:28:10,690 [ERROR] LogOutputStream:75 - [STDERR_REDIRECT] [Fatal Error] :1:1: Premature end of file.
2026-04-14 22:28:10,690 [ERROR] LogOutputStream:75 - [STDERR_REDIRECT] 
2026-04-14 22:28:11,891 [ERROR] LogOutputStream:75 - [STDERR_REDIRECT] [Fatal Error] :1:1: Premature end of file.
2026-04-14 22:28:11,892 [ERROR] LogOutputStream:75 - [STDERR_REDIRECT] 
2026-04-14 22:28:12,710 [ERROR] LogOutputStream:75 - [STDERR_REDIRECT] [Fatal Error] :1:1: Premature end of file.
2026-04-14 22:28:12,710 [ERROR] LogOutputStream:75 - [STDERR_REDIRECT] 
2026-04-14 22:28:14,849 [ERROR] LogOutputStream:75 - [STDERR_REDIRECT] [Fatal Error] :1:1: Premature end of file.
2026-04-14 22:28:14,880 [ERROR] LogOutputStream:75 - [STDERR_REDIRECT] 
2026-04-14 22:28:15,121 [ERROR] LogOutputStream:75 - [STDERR_REDIRECT] [Fatal Error] :1:1: Premature end of file.
2026-04-14 22:28:15,122 [ERROR] LogOutputStream:75 - [STDERR_REDIRECT] 
2026-04-14 22:28:16,032 [ERROR] LogOutputStream:75 - [STDERR_REDIRECT] [Fatal Error] :1:1: Premature end of file.
2026-04-14 22:28:16,033 [ERROR] LogOutputStream:75 - [STDERR_REDIRECT] 
2026-04-14 22:28:16,862 [ERROR] LogOutputStream:75 - [STDERR_REDIRECT] [Fatal Error] :1:1: Premature end of file.
2026-04-14 22:28:16,869 [ERROR] LogOutputStream:75 - [STDERR_REDIRECT] 
2026-04-14 22:28:19,792 [ERROR] LogOutputStream:75 - [STDERR_REDIRECT] [Fatal Error] :1:1: Premature end of file.
2026-04-14 22:28:19,792 [ERROR] LogOutputStream:75 - [STDERR_REDIRECT] 
2026-04-14 22:28:19,961 [ERROR] LogOutputStream:75 - [STDERR_REDIRECT] [Fatal Error] :1:1: Premature end of file.
2026-04-14 22:28:19,961 [ERROR] LogOutputStream:75 - [STDERR_REDIRECT] 
2026-04-14 22:28:20,087 [ERROR] LogOutputStream:75 - [STDERR_REDIRECT] [Fatal Error] :1:1: Premature end of file.
2026-04-14 22:28:20,091 [ERROR] LogOutputStream:75 - [STDERR_REDIRECT] 
2026-04-14 22:28:20,688 [ERROR] LogOutputStream:75 - [STDERR_REDIRECT] [Fatal Error] :1:1: Premature end of file.
2026-04-14 22:28:20,689 [ERROR] LogOutputStream:75 - [STDERR_REDIRECT] 
2026-04-14 22:28:21,773 [ERROR] LogOutputStream:75 - [STDERR_REDIRECT] [Fatal Error] :1:1: Premature end of file.
2026-04-14 22:28:21,774 [ERROR] LogOutputStream:75 - [STDERR_REDIRECT] 
2026-04-14 22:28:22,858 [ERROR] LogOutputStream:75 - [STDERR_REDIRECT] [Fatal Error] :1:1: Premature end of file.
2026-04-14 22:28:22,860 [ERROR] LogOutputStream:75 - [STDERR_REDIRECT] 
2026-04-14 22:28:24,272 [ERROR] LogOutputStream:75 - [STDERR_REDIRECT] [Fatal Error] :1:1: Premature end of file.
2026-04-14 22:28:24,273 [ERROR] LogOutputStream:75 - [STDERR_REDIRECT] 
2026-04-14 22:28:24,948 [ERROR] LogOutputStream:75 - [STDERR_REDIRECT] [Fatal Error] :1:1: Premature end of file.
2026-04-14 22:28:24,948 [ERROR] LogOutputStream:75 - [STDERR_REDIRECT] 
2026-04-14 22:28:26,000 [ERROR] LogOutputStream:75 - [STDERR_REDIRECT] [Fatal Error] :1:1: Premature end of file.
2026-04-14 22:28:26,000 [ERROR] LogOutputStream:75 - [STDERR_REDIRECT] 
2026-04-14 22:28:26,963 [ERROR] LogOutputStream:75 - [STDERR_REDIRECT] [Fatal Error] :1:1: Premature end of file.
2026-04-14 22:28:26,963 [ERROR] LogOutputStream:75 - [STDERR_REDIRECT] 
2026-04-14 22:28:28,731 [ERROR] LogOutputStream:75 - [STDERR_REDIRECT] [Fatal Error] :1:1: Premature end of file.
2026-04-14 22:28:28,732 [ERROR] LogOutputStream:75 - [STDERR_REDIRECT] 
2026-04-14 22:28:28,859 [ERROR] LogOutputStream:75 - [STDERR_REDIRECT] [Fatal Error] :1:1: Premature end of file.
2026-04-14 22:28:28,860 [ERROR] LogOutputStream:75 - [STDERR_REDIRECT] 
2026-04-14 22:28:29,928 [ERROR] LogOutputStream:75 - [STDERR_REDIRECT] [Fatal Error] :1:1: Premature end of file.
2026-04-14 22:28:29,929 [ERROR] LogOutputStream:75 - [STDERR_REDIRECT] 
2026-04-14 22:28:32,358 [ERROR] LogOutputStream:75 - [STDERR_REDIRECT] [Fatal Error] :1:1: Premature end of file.
2026-04-14 22:28:32,358 [ERROR] LogOutputStream:75 - [STDERR_REDIRECT] 
2026-04-14 22:28:32,460 [ERROR] LogOutputStream:75 - [STDERR_REDIRECT] [Fatal Error] :1:1: Premature end of file.
2026-04-14 22:28:32,460 [ERROR] LogOutputStream:75 - [STDERR_REDIRECT] 
2026-04-14 22:28:32,689 [ERROR] LogOutputStream:75 - [STDERR_REDIRECT] [Fatal Error] :1:1: Premature end of file.
2026-04-14 22:28:32,690 [ERROR] LogOutputStream:75 - [STDERR_REDIRECT] 
2026-04-14 22:28:33,654 [ERROR] LogOutputStream:75 - [STDERR_REDIRECT] [Fatal Error] :1:1: Premature end of file.
2026-04-14 22:28:33,654 [ERROR] LogOutputStream:75 - [STDERR_REDIRECT] 
2026-04-14 22:28:34,892 [ERROR] LogOutputStream:75 - [STDERR_REDIRECT] [Fatal Error] :1:1: Premature end of file.
2026-04-14 22:28:34,893 [ERROR] LogOutputStream:75 - [STDERR_REDIRECT] 
2026-04-14 22:28:35,658 [ERROR] LogOutputStream:75 - [STDERR_REDIRECT] [Fatal Error] :1:1: Premature end of file.
2026-04-14 22:28:35,659 [ERROR] LogOutputStream:75 - [STDERR_REDIRECT] 
2026-04-14 22:28:36,960 [ERROR] LogOutputStream:75 - [STDERR_REDIRECT] [Fatal Error] :1:1: Premature end of file.
2026-04-14 22:28:36,961 [ERROR] LogOutputStream:75 - [STDERR_REDIRECT] 
2026-04-14 22:28:37,724 [ERROR] LogOutputStream:75 - [STDERR_REDIRECT] [Fatal Error] :1:1: Premature end of file.
2026-04-14 22:28:37,724 [ERROR] LogOutputStream:75 - [STDERR_REDIRECT] 
2026-04-14 22:28:38,701 [ERROR] LogOutputStream:75 - [STDERR_REDIRECT] [Fatal Error] :1:1: Premature end of file.
2026-04-14 22:28:38,701 [ERROR] LogOutputStream:75 - [STDERR_REDIRECT] 
2026-04-14 22:28:39,668 [ERROR] LogOutputStream:75 - [STDERR_REDIRECT] [Fatal Error] :1:1: Premature end of file.
2026-04-14 22:28:39,669 [ERROR] LogOutputStream:75 - [STDERR_REDIRECT] 
2026-04-14 22:28:40,759 [ERROR] LogOutputStream:75 - [STDERR_REDIRECT] [Fatal Error] :1:1: Premature end of file.
2026-04-14 22:28:40,760 [ERROR] LogOutputStream:75 - [STDERR_REDIRECT] 
2026-04-14 22:28:41,684 [ERROR] LogOutputStream:75 - [STDERR_REDIRECT] [Fatal Error] :1:1: Premature end of file.
2026-04-14 22:28:41,684 [ERROR] LogOutputStream:75 - [STDERR_REDIRECT] 
2026-04-14 22:28:42,825 [ERROR] LogOutputStream:75 - [STDERR_REDIRECT] [Fatal Error] :1:1: Premature end of file.
2026-04-14 22:28:42,826 [ERROR] LogOutputStream:75 - [STDERR_REDIRECT] 
2026-04-14 22:28:43,739 [ERROR] LogOutputStream:75 - [STDERR_REDIRECT] [Fatal Error] :1:1: Premature end of file.
2026-04-14 22:28:43,739 [ERROR] LogOutputStream:75 - [STDERR_REDIRECT] 
2026-04-14 22:28:44,668 [ERROR] LogOutputStream:75 - [STDERR_REDIRECT] [Fatal Error] :1:1: Premature end of file.
2026-04-14 22:28:44,668 [ERROR] LogOutputStream:75 - [STDERR_REDIRECT] 
2026-04-14 22:28:45,661 [ERROR] LogOutputStream:75 - [STDERR_REDIRECT] [Fatal Error] :1:1: Premature end of file.
2026-04-14 22:28:45,661 [ERROR] LogOutputStream:75 - [STDERR_REDIRECT] 
2026-04-14 22:28:46,656 [ERROR] LogOutputStream:75 - [STDERR_REDIRECT] [Fatal Error] :1:1: Premature end of file.
2026-04-14 22:28:46,657 [ERROR] LogOutputStream:75 - [STDERR_REDIRECT] 
2026-04-14 22:28:47,676 [ERROR] LogOutputStream:75 - [STDERR_REDIRECT] [Fatal Error] :1:1: Premature end of file.
2026-04-14 22:28:47,677 [ERROR] LogOutputStream:75 - [STDERR_REDIRECT] 
2026-04-14 22:28:48,650 [ERROR] LogOutputStream:75 - [STDERR_REDIRECT] [Fatal Error] :1:1: Premature end of file.
2026-04-14 22:28:48,651 [ERROR] LogOutputStream:75 - [STDERR_REDIRECT] 
2026-04-14 22:28:49,651 [ERROR] LogOutputStream:75 - [STDERR_REDIRECT] [Fatal Error] :1:1: Premature end of file.
2026-04-14 22:28:49,651 [ERROR] LogOutputStream:75 - [STDERR_REDIRECT] 
2026-04-14 22:28:50,651 [ERROR] LogOutputStream:75 - [STDERR_REDIRECT] [Fatal Error] :1:1: Premature end of file.
2026-04-14 22:28:50,651 [ERROR] LogOutputStream:75 - [STDERR_REDIRECT] 
2026-04-14 22:28:51,655 [ERROR] LogOutputStream:75 - [STDERR_REDIRECT] [Fatal Error] :1:1: Premature end of file.
2026-04-14 22:28:51,656 [ERROR] LogOutputStream:75 - [STDERR_REDIRECT] 
2026-04-14 22:28:52,653 [ERROR] LogOutputStream:75 - [STDERR_REDIRECT] [Fatal Error] :1:1: Premature end of file.
2026-04-14 22:28:52,654 [ERROR] LogOutputStream:75 - [STDERR_REDIRECT] 
2026-04-14 22:28:53,674 [ERROR] LogOutputStream:75 - [STDERR_REDIRECT] [Fatal Error] :1:1: Premature end of file.
2026-04-14 22:28:53,674 [ERROR] LogOutputStream:75 - [STDERR_REDIRECT] 
2026-04-14 22:28:54,718 [ERROR] LogOutputStream:75 - [STDERR_REDIRECT] [Fatal Error] :1:1: Premature end of file.
2026-04-14 22:28:54,718 [ERROR] LogOutputStream:75 - [STDERR_REDIRECT] 
2026-04-14 22:28:55,652 [ERROR] LogOutputStream:75 - [STDERR_REDIRECT] [Fatal Error] :1:1: Premature end of file.
2026-04-14 22:28:55,652 [ERROR] LogOutputStream:75 - [STDERR_REDIRECT] 
2026-04-14 22:28:56,666 [ERROR] LogOutputStream:75 - [STDERR_REDIRECT] [Fatal Error] :1:1: Premature end of file.
2026-04-14 22:28:56,667 [ERROR] LogOutputStream:75 - [STDERR_REDIRECT] 
2026-04-14 22:28:57,710 [ERROR] LogOutputStream:75 - [STDERR_REDIRECT] [Fatal Error] :1:1: Premature end of file.
2026-04-14 22:28:57,711 [ERROR] LogOutputStream:75 - [STDERR_REDIRECT] 
2026-04-14 22:28:58,642 [ERROR] LogOutputStream:75 - [STDERR_REDIRECT] [Fatal Error] :1:1: Premature end of file.
2026-04-14 22:28:58,642 [ERROR] LogOutputStream:75 - [STDERR_REDIRECT] 
2026-04-14 22:28:59,649 [ERROR] LogOutputStream:75 - [STDERR_REDIRECT] [Fatal Error] :1:1: Premature end of file.
2026-04-14 22:28:59,650 [ERROR] LogOutputStream:75 - [STDERR_REDIRECT] 
2026-04-14 22:29:00,644 [ERROR] LogOutputStream:75 - [STDERR_REDIRECT] [Fatal Error] :1:1: Premature end of file.
2026-04-14 22:29:00,645 [ERROR] LogOutputStream:75 - [STDERR_REDIRECT] 
2026-04-14 22:29:01,646 [ERROR] LogOutputStream:75 - [STDERR_REDIRECT] [Fatal Error] :1:1: Premature end of file.
2026-04-14 22:29:01,646 [ERROR] LogOutputStream:75 - [STDERR_REDIRECT] 
2026-04-14 22:29:02,651 [ERROR] LogOutputStream:75 - [STDERR_REDIRECT] [Fatal Error] :1:1: Premature end of file.
2026-04-14 22:29:02,651 [ERROR] LogOutputStream:75 - [STDERR_REDIRECT] 
2026-04-14 22:29:03,643 [ERROR] LogOutputStream:75 - [STDERR_REDIRECT] [Fatal Error] :1:1: Premature end of file.
2026-04-14 22:29:03,643 [ERROR] LogOutputStream:75 - [STDERR_REDIRECT] 
2026-04-14 22:29:04,645 [ERROR] LogOutputStream:75 - [STDERR_REDIRECT] [Fatal Error] :1:1: Premature end of file.
2026-04-14 22:29:04,645 [ERROR] LogOutputStream:75 - [STDERR_REDIRECT] 
2026-04-14 22:29:05,645 [ERROR] LogOutputStream:75 - [STDERR_REDIRECT] [Fatal Error] :1:1: Premature end of file.
2026-04-14 22:29:05,646 [ERROR] LogOutputStream:75 - [STDERR_REDIRECT] 
2026-04-14 22:29:06,641 [ERROR] LogOutputStream:75 - [STDERR_REDIRECT] [Fatal Error] :1:1: Premature end of file.
2026-04-14 22:29:06,641 [ERROR] LogOutputStream:75 - [STDERR_REDIRECT] 
2026-04-14 22:29:07,653 [ERROR] LogOutputStream:75 - [STDERR_REDIRECT] [Fatal Error] :1:1: Premature end of file.
2026-04-14 22:29:07,653 [ERROR] LogOutputStream:75 - [STDERR_REDIRECT] 
2026-04-14 22:29:08,646 [ERROR] LogOutputStream:75 - [STDERR_REDIRECT] [Fatal Error] :1:1: Premature end of file.
2026-04-14 22:29:08,647 [ERROR] LogOutputStream:75 - [STDERR_REDIRECT] 
2026-04-14 22:29:09,654 [ERROR] LogOutputStream:75 - [STDERR_REDIRECT] [Fatal Error] :1:1: Premature end of file.
2026-04-14 22:29:09,654 [ERROR] LogOutputStream:75 - [STDERR_REDIRECT] 
2026-04-14 22:29:10,659 [ERROR] LogOutputStream:75 - [STDERR_REDIRECT] [Fatal Error] :1:1: Premature end of file.
2026-04-14 22:29:10,659 [ERROR] LogOutputStream:75 - [STDERR_REDIRECT] 
2026-04-14 22:29:11,657 [ERROR] LogOutputStream:75 - [STDERR_REDIRECT] [Fatal Error] :1:1: Premature end of file.
2026-04-14 22:29:11,657 [ERROR] LogOutputStream:75 - [STDERR_REDIRECT] 
2026-04-14 22:29:12,659 [ERROR] LogOutputStream:75 - [STDERR_REDIRECT] [Fatal Error] :1:1: Premature end of file.
2026-04-14 22:29:12,659 [ERROR] LogOutputStream:75 - [STDERR_REDIRECT] 
2026-04-14 22:29:13,647 [ERROR] LogOutputStream:75 - [STDERR_REDIRECT] [Fatal Error] :1:1: Premature end of file.
2026-04-14 22:29:13,647 [ERROR] LogOutputStream:75 - [STDERR_REDIRECT] 
2026-04-14 22:29:14,650 [ERROR] LogOutputStream:75 - [STDERR_REDIRECT] [Fatal Error] :1:1: Premature end of file.
2026-04-14 22:29:14,651 [ERROR] LogOutputStream:75 - [STDERR_REDIRECT] 
2026-04-14 22:29:15,643 [ERROR] LogOutputStream:75 - [STDERR_REDIRECT] [Fatal Error] :1:1: Premature end of file.
2026-04-14 22:29:15,643 [ERROR] LogOutputStream:75 - [STDERR_REDIRECT] 
2026-04-14 22:29:16,643 [ERROR] LogOutputStream:75 - [STDERR_REDIRECT] [Fatal Error] :1:1: Premature end of file.
2026-04-14 22:29:16,643 [ERROR] LogOutputStream:75 - [STDERR_REDIRECT] 
2026-04-14 22:29:17,643 [ERROR] LogOutputStream:75 - [STDERR_REDIRECT] [Fatal Error] :1:1: Premature end of file.
2026-04-14 22:29:17,643 [ERROR] LogOutputStream:75 - [STDERR_REDIRECT] 
2026-04-14 22:29:18,759 [ERROR] LogOutputStream:75 - [STDERR_REDIRECT] [Fatal Error] :1:1: Premature end of file.
2026-04-14 22:29:18,759 [ERROR] LogOutputStream:75 - [STDERR_REDIRECT] 
2026-04-14 22:29:19,681 [ERROR] LogOutputStream:75 - [STDERR_REDIRECT] [Fatal Error] :1:1: Premature end of file.
2026-04-14 22:29:19,682 [ERROR] LogOutputStream:75 - [STDERR_REDIRECT] 
2026-04-14 22:29:20,694 [ERROR] LogOutputStream:75 - [STDERR_REDIRECT] [Fatal Error] :1:1: Premature end of file.
2026-04-14 22:29:20,695 [ERROR] LogOutputStream:75 - [STDERR_REDIRECT] 
2026-04-14 22:29:21,645 [ERROR] LogOutputStream:75 - [STDERR_REDIRECT] [Fatal Error] :1:1: Premature end of file.
2026-04-14 22:29:21,646 [ERROR] LogOutputStream:75 - [STDERR_REDIRECT] 
2026-04-14 22:29:22,650 [ERROR] LogOutputStream:75 - [STDERR_REDIRECT] [Fatal Error] :1:1: Premature end of file.
2026-04-14 22:29:22,651 [ERROR] LogOutputStream:75 - [STDERR_REDIRECT] 
2026-04-14 22:29:23,665 [ERROR] LogOutputStream:75 - [STDERR_REDIRECT] [Fatal Error] :1:1: Premature end of file.
2026-04-14 22:29:23,666 [ERROR] LogOutputStream:75 - [STDERR_REDIRECT] 
2026-04-14 22:29:24,652 [ERROR] LogOutputStream:75 - [STDERR_REDIRECT] [Fatal Error] :1:1: Premature end of file.
2026-04-14 22:29:24,653 [ERROR] LogOutputStream:75 - [STDERR_REDIRECT] 
2026-04-14 22:29:33,503 [ERROR] LogOutputStream:75 - [STDERR_REDIRECT] [Fatal Error] :1:1: Premature end of file.
2026-04-14 22:29:33,503 [ERROR] LogOutputStream:75 - [STDERR_REDIRECT] 
2026-04-14 22:29:33,556 [ERROR] LogOutputStream:75 - [STDERR_REDIRECT] [Fatal Error] :1:1: Premature end of file.
2026-04-14 22:29:33,557 [ERROR] LogOutputStream:75 - [STDERR_REDIRECT] 
2026-04-14 22:29:33,603 [ERROR] LogOutputStream:75 - [STDERR_REDIRECT] [Fatal Error] :1:1: Premature end of file.
2026-04-14 22:29:33,604 [ERROR] LogOutputStream:75 - [STDERR_REDIRECT] 
2026-04-14 22:29:33,652 [ERROR] LogOutputStream:75 - [STDERR_REDIRECT] [Fatal Error] :1:1: Premature end of file.
2026-04-14 22:29:33,652 [ERROR] LogOutputStream:75 - [STDERR_REDIRECT] 
2026-04-14 22:29:33,700 [ERROR] LogOutputStream:75 - [STDERR_REDIRECT] [Fatal Error] :1:1: Premature end of file.
2026-04-14 22:29:33,701 [ERROR] LogOutputStream:75 - [STDERR_REDIRECT] 
2026-04-14 22:29:33,746 [ERROR] LogOutputStream:75 - [STDERR_REDIRECT] [Fatal Error] :1:1: Premature end of file.
2026-04-14 22:29:33,746 [ERROR] LogOutputStream:75 - [STDERR_REDIRECT] 
2026-04-14 22:29:33,791 [ERROR] LogOutputStream:75 - [STDERR_REDIRECT] [Fatal Error] :1:1: Premature end of file.
2026-04-14 22:29:33,792 [ERROR] LogOutputStream:75 - [STDERR_REDIRECT] 
2026-04-14 22:29:33,836 [ERROR] LogOutputStream:75 - [STDERR_REDIRECT] [Fatal Error] :1:1: Premature end of file.
2026-04-14 22:29:33,836 [ERROR] LogOutputStream:75 - [STDERR_REDIRECT] 
2026-04-14 22:29:33,883 [ERROR] LogOutputStream:75 - [STDERR_REDIRECT] [Fatal Error] :1:1: Premature end of file.
2026-04-14 22:29:33,884 [ERROR] LogOutputStream:75 - [STDERR_REDIRECT] 
2026-04-14 22:29:34,694 [ERROR] LogOutputStream:75 - [STDERR_REDIRECT] [Fatal Error] :1:1: Premature end of file.
2026-04-14 22:29:34,695 [ERROR] LogOutputStream:75 - [STDERR_REDIRECT] 
2026-04-14 22:29:35,646 [ERROR] LogOutputStream:75 - [STDERR_REDIRECT] [Fatal Error] :1:1: Premature end of file.
2026-04-14 22:29:35,647 [ERROR] LogOutputStream:75 - [STDERR_REDIRECT] 
2026-04-14 22:29:36,652 [ERROR] LogOutputStream:75 - [STDERR_REDIRECT] [Fatal Error] :1:1: Premature end of file.
2026-04-14 22:29:36,652 [ERROR] LogOutputStream:75 - [STDERR_REDIRECT] 
2026-04-14 22:29:37,648 [ERROR] LogOutputStream:75 - [STDERR_REDIRECT] [Fatal Error] :1:1: Premature end of file.
2026-04-14 22:29:37,648 [ERROR] LogOutputStream:75 - [STDERR_REDIRECT] 
2026-04-14 22:29:38,645 [ERROR] LogOutputStream:75 - [STDERR_REDIRECT] [Fatal Error] :1:1: Premature end of file.
2026-04-14 22:29:38,646 [ERROR] LogOutputStream:75 - [STDERR_REDIRECT] 
2026-04-14 22:29:39,684 [ERROR] LogOutputStream:75 - [STDERR_REDIRECT] [Fatal Error] :1:1: Premature end of file.
2026-04-14 22:29:39,684 [ERROR] LogOutputStream:75 - [STDERR_REDIRECT] 
2026-04-14 22:29:40,650 [ERROR] LogOutputStream:75 - [STDERR_REDIRECT] [Fatal Error] :1:1: Premature end of file.
2026-04-14 22:29:40,651 [ERROR] LogOutputStream:75 - [STDERR_REDIRECT] 
2026-04-14 22:29:41,644 [ERROR] LogOutputStream:75 - [STDERR_REDIRECT] [Fatal Error] :1:1: Premature end of file.
2026-04-14 22:29:41,644 [ERROR] LogOutputStream:75 - [STDERR_REDIRECT] 
2026-04-14 22:29:42,643 [ERROR] LogOutputStream:75 - [STDERR_REDIRECT] [Fatal Error] :1:1: Premature end of file.
2026-04-14 22:29:42,643 [ERROR] LogOutputStream:75 - [STDERR_REDIRECT] 
2026-04-14 22:29:43,663 [ERROR] LogOutputStream:75 - [STDERR_REDIRECT] [Fatal Error] :1:1: Premature end of file.
2026-04-14 22:29:43,663 [ERROR] LogOutputStream:75 - [STDERR_REDIRECT] 
2026-04-14 22:29:44,645 [ERROR] LogOutputStream:75 - [STDERR_REDIRECT] [Fatal Error] :1:1: Premature end of file.
2026-04-14 22:29:44,645 [ERROR] LogOutputStream:75 - [STDERR_REDIRECT] 
2026-04-14 22:29:45,643 [ERROR] LogOutputStream:75 - [STDERR_REDIRECT] [Fatal Error] :1:1: Premature end of file.
2026-04-14 22:29:45,644 [ERROR] LogOutputStream:75 - [STDERR_REDIRECT] 
2026-04-14 22:29:46,644 [ERROR] LogOutputStream:75 - [STDERR_REDIRECT] [Fatal Error] :1:1: Premature end of file.
2026-04-14 22:29:46,645 [ERROR] LogOutputStream:75 - [STDERR_REDIRECT] 
2026-04-14 22:29:47,643 [ERROR] LogOutputStream:75 - [STDERR_REDIRECT] [Fatal Error] :1:1: Premature end of file.
2026-04-14 22:29:47,643 [ERROR] LogOutputStream:75 - [STDERR_REDIRECT] 
2026-04-14 22:29:48,647 [ERROR] LogOutputStream:75 - [STDERR_REDIRECT] [Fatal Error] :1:1: Premature end of file.
2026-04-14 22:29:48,647 [ERROR] LogOutputStream:75 - [STDERR_REDIRECT] 
2026-04-14 22:29:49,643 [ERROR] LogOutputStream:75 - [STDERR_REDIRECT] [Fatal Error] :1:1: Premature end of file.
2026-04-14 22:29:49,644 [ERROR] LogOutputStream:75 - [STDERR_REDIRECT] 
2026-04-14 22:29:50,642 [ERROR] LogOutputStream:75 - [STDERR_REDIRECT] [Fatal Error] :1:1: Premature end of file.
2026-04-14 22:29:50,643 [ERROR] LogOutputStream:75 - [STDERR_REDIRECT] 
2026-04-14 22:29:51,644 [ERROR] LogOutputStream:75 - [STDERR_REDIRECT] [Fatal Error] :1:1: Premature end of file.
2026-04-14 22:29:51,645 [ERROR] LogOutputStream:75 - [STDERR_REDIRECT] 
2026-04-14 22:29:52,643 [ERROR] LogOutputStream:75 - [STDERR_REDIRECT] [Fatal Error] :1:1: Premature end of file.
2026-04-14 22:29:52,644 [ERROR] LogOutputStream:75 - [STDERR_REDIRECT] 
2026-04-14 22:29:53,739 [ERROR] LogOutputStream:75 - [STDERR_REDIRECT] [Fatal Error] :1:1: Premature end of file.
2026-04-14 22:29:53,740 [ERROR] LogOutputStream:75 - [STDERR_REDIRECT] 
2026-04-14 22:29:54,773 [ERROR] LogOutputStream:75 - [STDERR_REDIRECT] [Fatal Error] :1:1: Premature end of file.
2026-04-14 22:29:54,773 [ERROR] LogOutputStream:75 - [STDERR_REDIRECT] 
2026-04-14 22:29:55,658 [ERROR] LogOutputStream:75 - [STDERR_REDIRECT] [Fatal Error] :1:1: Premature end of file.
2026-04-14 22:29:55,659 [ERROR] LogOutputStream:75 - [STDERR_REDIRECT] 
2026-04-14 22:29:56,688 [ERROR] LogOutputStream:75 - [STDERR_REDIRECT] [Fatal Error] :1:1: Premature end of file.
2026-04-14 22:29:56,689 [ERROR] LogOutputStream:75 - [STDERR_REDIRECT] 
2026-04-14 22:29:57,716 [ERROR] LogOutputStream:75 - [STDERR_REDIRECT] [Fatal Error] :1:1: Premature end of file.
2026-04-14 22:29:57,717 [ERROR] LogOutputStream:75 - [STDERR_REDIRECT] 
2026-04-14 22:29:58,746 [ERROR] LogOutputStream:75 - [STDERR_REDIRECT] [Fatal Error] :1:1: Premature end of file.
2026-04-14 22:29:58,747 [ERROR] LogOutputStream:75 - [STDERR_REDIRECT] 
2026-04-14 22:29:59,676 [ERROR] LogOutputStream:75 - [STDERR_REDIRECT] [Fatal Error] :1:1: Premature end of file.
2026-04-14 22:29:59,677 [ERROR] LogOutputStream:75 - [STDERR_REDIRECT] 
2026-04-14 22:30:00,749 [ERROR] LogOutputStream:75 - [STDERR_REDIRECT] [Fatal Error] :1:1: Premature end of file.
2026-04-14 22:30:00,750 [ERROR] LogOutputStream:75 - [STDERR_REDIRECT] 
2026-04-14 22:30:01,651 [ERROR] LogOutputStream:75 - [STDERR_REDIRECT] [Fatal Error] :1:1: Premature end of file.
2026-04-14 22:30:01,652 [ERROR] LogOutputStream:75 - [STDERR_REDIRECT] 
2026-04-14 22:30:02,665 [ERROR] LogOutputStream:75 - [STDERR_REDIRECT] [Fatal Error] :1:1: Premature end of file.
2026-04-14 22:30:02,666 [ERROR] LogOutputStream:75 - [STDERR_REDIRECT] 
2026-04-14 22:30:03,727 [ERROR] LogOutputStream:75 - [STDERR_REDIRECT] [Fatal Error] :1:1: Premature end of file.
2026-04-14 22:30:03,727 [ERROR] LogOutputStream:75 - [STDERR_REDIRECT] 
2026-04-14 22:30:04,773 [ERROR] LogOutputStream:75 - [STDERR_REDIRECT] [Fatal Error] :1:1: Premature end of file.
2026-04-14 22:30:04,773 [ERROR] LogOutputStream:75 - [STDERR_REDIRECT] 
2026-04-14 22:30:05,664 [ERROR] LogOutputStream:75 - [STDERR_REDIRECT] [Fatal Error] :1:1: Premature end of file.
2026-04-14 22:30:05,664 [ERROR] LogOutputStream:75 - [STDERR_REDIRECT] 
2026-04-14 22:30:06,654 [ERROR] LogOutputStream:75 - [STDERR_REDIRECT] [Fatal Error] :1:1: Premature end of file.
2026-04-14 22:30:06,654 [ERROR] LogOutputStream:75 - [STDERR_REDIRECT] 
2026-04-14 22:30:07,675 [ERROR] LogOutputStream:75 - [STDERR_REDIRECT] [Fatal Error] :1:1: Premature end of file.
2026-04-14 22:30:07,676 [ERROR] LogOutputStream:75 - [STDERR_REDIRECT] 
2026-04-14 22:30:08,658 [ERROR] LogOutputStream:75 - [STDERR_REDIRECT] [Fatal Error] :1:1: Premature end of file.
2026-04-14 22:30:08,659 [ERROR] LogOutputStream:75 - [STDERR_REDIRECT] 
2026-04-14 22:30:09,713 [ERROR] LogOutputStream:75 - [STDERR_REDIRECT] [Fatal Error] :1:1: Premature end of file.
2026-04-14 22:30:09,713 [ERROR] LogOutputStream:75 - [STDERR_REDIRECT] 
2026-04-14 22:30:10,656 [ERROR] LogOutputStream:75 - [STDERR_REDIRECT] [Fatal Error] :1:1: Premature end of file.
2026-04-14 22:30:10,656 [ERROR] LogOutputStream:75 - [STDERR_REDIRECT] 
2026-04-14 22:30:11,653 [ERROR] LogOutputStream:75 - [STDERR_REDIRECT] [Fatal Error] :1:1: Premature end of file.
2026-04-14 22:30:11,653 [ERROR] LogOutputStream:75 - [STDERR_REDIRECT] 
2026-04-14 22:30:12,651 [ERROR] LogOutputStream:75 - [STDERR_REDIRECT] [Fatal Error] :1:1: Premature end of file.
2026-04-14 22:30:12,652 [ERROR] LogOutputStream:75 - [STDERR_REDIRECT] 
2026-04-14 22:30:13,651 [ERROR] LogOutputStream:75 - [STDERR_REDIRECT] [Fatal Error] :1:1: Premature end of file.
2026-04-14 22:30:13,651 [ERROR] LogOutputStream:75 - [STDERR_REDIRECT] 
2026-04-14 22:30:14,964 [ERROR] LogOutputStream:75 - [STDERR_REDIRECT] [Fatal Error] :1:1: Premature end of file.
2026-04-14 22:30:14,964 [ERROR] LogOutputStream:75 - [STDERR_REDIRECT] 
2026-04-14 22:30:15,657 [ERROR] LogOutputStream:75 - [STDERR_REDIRECT] [Fatal Error] :1:1: Premature end of file.
2026-04-14 22:30:15,657 [ERROR] LogOutputStream:75 - [STDERR_REDIRECT] 
2026-04-14 22:30:16,652 [ERROR] LogOutputStream:75 - [STDERR_REDIRECT] [Fatal Error] :1:1: Premature end of file.
2026-04-14 22:30:16,652 [ERROR] LogOutputStream:75 - [STDERR_REDIRECT] 
2026-04-14 22:30:17,652 [ERROR] LogOutputStream:75 - [STDERR_REDIRECT] [Fatal Error] :1:1: Premature end of file.
2026-04-14 22:30:17,653 [ERROR] LogOutputStream:75 - [STDERR_REDIRECT] 
2026-04-14 22:30:18,796 [ERROR] LogOutputStream:75 - [STDERR_REDIRECT] [Fatal Error] :1:1: Premature end of file.
2026-04-14 22:30:18,796 [ERROR] LogOutputStream:75 - [STDERR_REDIRECT] 
2026-04-14 22:30:19,675 [ERROR] LogOutputStream:75 - [STDERR_REDIRECT] [Fatal Error] :1:1: Premature end of file.
2026-04-14 22:30:19,675 [ERROR] LogOutputStream:75 - [STDERR_REDIRECT] 
2026-04-14 22:30:20,655 [ERROR] LogOutputStream:75 - [STDERR_REDIRECT] [Fatal Error] :1:1: Premature end of file.
2026-04-14 22:30:20,656 [ERROR] LogOutputStream:75 - [STDERR_REDIRECT] 
2026-04-14 22:30:21,678 [ERROR] LogOutputStream:75 - [STDERR_REDIRECT] [Fatal Error] :1:1: Premature end of file.
2026-04-14 22:30:21,678 [ERROR] LogOutputStream:75 - [STDERR_REDIRECT] 
2026-04-14 22:30:22,723 [ERROR] LogOutputStream:75 - [STDERR_REDIRECT] [Fatal Error] :1:1: Premature end of file.
2026-04-14 22:30:22,723 [ERROR] LogOutputStream:75 - [STDERR_REDIRECT] 
2026-04-14 22:30:23,691 [ERROR] LogOutputStream:75 - [STDERR_REDIRECT] [Fatal Error] :1:1: Premature end of file.
2026-04-14 22:30:23,691 [ERROR] LogOutputStream:75 - [STDERR_REDIRECT] 
2026-04-14 22:30:24,656 [ERROR] LogOutputStream:75 - [STDERR_REDIRECT] [Fatal Error] :1:1: Premature end of file.
2026-04-14 22:30:24,657 [ERROR] LogOutputStream:75 - [STDERR_REDIRECT] 
2026-04-14 22:30:25,652 [ERROR] LogOutputStream:75 - [STDERR_REDIRECT] [Fatal Error] :1:1: Premature end of file.
2026-04-14 22:30:25,653 [ERROR] LogOutputStream:75 - [STDERR_REDIRECT] 
2026-04-14 22:30:26,642 [ERROR] LogOutputStream:75 - [STDERR_REDIRECT] [Fatal Error] :1:1: Premature end of file.
2026-04-14 22:30:26,643 [ERROR] LogOutputStream:75 - [STDERR_REDIRECT] 
2026-04-14 22:30:27,648 [ERROR] LogOutputStream:75 - [STDERR_REDIRECT] [Fatal Error] :1:1: Premature end of file.
2026-04-14 22:30:27,648 [ERROR] LogOutputStream:75 - [STDERR_REDIRECT] 
2026-04-14 22:30:28,646 [ERROR] LogOutputStream:75 - [STDERR_REDIRECT] [Fatal Error] :1:1: Premature end of file.
2026-04-14 22:30:28,646 [ERROR] LogOutputStream:75 - [STDERR_REDIRECT] 
2026-04-14 22:30:29,677 [ERROR] LogOutputStream:75 - [STDERR_REDIRECT] [Fatal Error] :1:1: Premature end of file.
2026-04-14 22:30:29,677 [ERROR] LogOutputStream:75 - [STDERR_REDIRECT] 
2026-04-14 22:30:30,745 [ERROR] LogOutputStream:75 - [STDERR_REDIRECT] [Fatal Error] :1:1: Premature end of file.
2026-04-14 22:30:30,746 [ERROR] LogOutputStream:75 - [STDERR_REDIRECT] 
2026-04-14 22:30:31,786 [ERROR] LogOutputStream:75 - [STDERR_REDIRECT] [Fatal Error] :1:1: Premature end of file.
2026-04-14 22:30:31,786 [ERROR] LogOutputStream:75 - [STDERR_REDIRECT] 
2026-04-14 22:30:32,751 [ERROR] LogOutputStream:75 - [STDERR_REDIRECT] [Fatal Error] :1:1: Premature end of file.
2026-04-14 22:30:32,751 [ERROR] LogOutputStream:75 - [STDERR_REDIRECT] 
2026-04-14 22:30:33,660 [ERROR] LogOutputStream:75 - [STDERR_REDIRECT] [Fatal Error] :1:1: Premature end of file.
2026-04-14 22:30:33,662 [ERROR] LogOutputStream:75 - [STDERR_REDIRECT] 
2026-04-14 22:30:34,704 [ERROR] LogOutputStream:75 - [STDERR_REDIRECT] [Fatal Error] :1:1: Premature end of file.
2026-04-14 22:30:34,704 [ERROR] LogOutputStream:75 - [STDERR_REDIRECT] 
2026-04-14 22:30:35,657 [ERROR] LogOutputStream:75 - [STDERR_REDIRECT] [Fatal Error] :1:1: Premature end of file.
2026-04-14 22:30:35,657 [ERROR] LogOutputStream:75 - [STDERR_REDIRECT] 
2026-04-14 22:30:36,647 [ERROR] LogOutputStream:75 - [STDERR_REDIRECT] [Fatal Error] :1:1: Premature end of file.
2026-04-14 22:30:36,648 [ERROR] LogOutputStream:75 - [STDERR_REDIRECT] 
2026-04-14 22:30:37,707 [ERROR] LogOutputStream:75 - [STDERR_REDIRECT] [Fatal Error] :1:1: Premature end of file.
2026-04-14 22:30:37,708 [ERROR] LogOutputStream:75 - [STDERR_REDIRECT] 
2026-04-14 22:30:38,641 [ERROR] LogOutputStream:75 - [STDERR_REDIRECT] [Fatal Error] :1:1: Premature end of file.
2026-04-14 22:30:38,642 [ERROR] LogOutputStream:75 - [STDERR_REDIRECT] 
2026-04-14 22:30:39,651 [ERROR] LogOutputStream:75 - [STDERR_REDIRECT] [Fatal Error] :1:1: Premature end of file.
2026-04-14 22:30:39,652 [ERROR] LogOutputStream:75 - [STDERR_REDIRECT] 
2026-04-14 22:30:40,646 [ERROR] LogOutputStream:75 - [STDERR_REDIRECT] [Fatal Error] :1:1: Premature end of file.
2026-04-14 22:30:40,646 [ERROR] LogOutputStream:75 - [STDERR_REDIRECT] 
2026-04-14 22:30:41,643 [ERROR] LogOutputStream:75 - [STDERR_REDIRECT] [Fatal Error] :1:1: Premature end of file.
2026-04-14 22:30:41,643 [ERROR] LogOutputStream:75 - [STDERR_REDIRECT] 
2026-04-14 22:30:42,643 [ERROR] LogOutputStream:75 - [STDERR_REDIRECT] [Fatal Error] :1:1: Premature end of file.
2026-04-14 22:30:42,643 [ERROR] LogOutputStream:75 - [STDERR_REDIRECT] 
2026-04-14 22:30:43,644 [ERROR] LogOutputStream:75 - [STDERR_REDIRECT] [Fatal Error] :1:1: Premature end of file.
2026-04-14 22:30:43,644 [ERROR] LogOutputStream:75 - [STDERR_REDIRECT] 
2026-04-14 22:30:44,643 [ERROR] LogOutputStream:75 - [STDERR_REDIRECT] [Fatal Error] :1:1: Premature end of file.
2026-04-14 22:30:44,643 [ERROR] LogOutputStream:75 - [STDERR_REDIRECT] 
2026-04-14 22:30:45,645 [ERROR] LogOutputStream:75 - [STDERR_REDIRECT] [Fatal Error] :1:1: Premature end of file.
2026-04-14 22:30:45,646 [ERROR] LogOutputStream:75 - [STDERR_REDIRECT] 
2026-04-14 22:30:46,645 [ERROR] LogOutputStream:75 - [STDERR_REDIRECT] [Fatal Error] :1:1: Premature end of file.
2026-04-14 22:30:46,645 [ERROR] LogOutputStream:75 - [STDERR_REDIRECT] 
2026-04-14 22:30:47,643 [ERROR] LogOutputStream:75 - [STDERR_REDIRECT] [Fatal Error] :1:1: Premature end of file.
2026-04-14 22:30:47,644 [ERROR] LogOutputStream:75 - [STDERR_REDIRECT] 
2026-04-14 22:30:48,647 [ERROR] LogOutputStream:75 - [STDERR_REDIRECT] [Fatal Error] :1:1: Premature end of file.
2026-04-14 22:30:48,648 [ERROR] LogOutputStream:75 - [STDERR_REDIRECT] 
2026-04-14 22:30:50,179 [ERROR] LogOutputStream:75 - [STDERR_REDIRECT] [Fatal Error] :1:1: Premature end of file.
2026-04-14 22:30:50,180 [ERROR] LogOutputStream:75 - [STDERR_REDIRECT] 
2026-04-14 22:30:51,926 [ERROR] LogOutputStream:75 - [STDERR_REDIRECT] [Fatal Error] :1:1: Premature end of file.
2026-04-14 22:30:51,926 [ERROR] LogOutputStream:75 - [STDERR_REDIRECT] 
2026-04-14 22:30:51,969 [ERROR] LogOutputStream:75 - [STDERR_REDIRECT] [Fatal Error] :1:1: Premature end of file.
2026-04-14 22:30:51,969 [ERROR] LogOutputStream:75 - [STDERR_REDIRECT] 
2026-04-14 22:30:52,645 [ERROR] LogOutputStream:75 - [STDERR_REDIRECT] [Fatal Error] :1:1: Premature end of file.
2026-04-14 22:30:52,645 [ERROR] LogOutputStream:75 - [STDERR_REDIRECT] 
2026-04-14 22:30:53,644 [ERROR] LogOutputStream:75 - [STDERR_REDIRECT] [Fatal Error] :1:1: Premature end of file.
2026-04-14 22:30:53,644 [ERROR] LogOutputStream:75 - [STDERR_REDIRECT] 
2026-04-14 22:30:54,695 [ERROR] LogOutputStream:75 - [STDERR_REDIRECT] [Fatal Error] :1:1: Premature end of file.
2026-04-14 22:30:54,696 [ERROR] LogOutputStream:75 - [STDERR_REDIRECT] 
2026-04-14 22:30:55,645 [ERROR] LogOutputStream:75 - [STDERR_REDIRECT] [Fatal Error] :1:1: Premature end of file.
2026-04-14 22:30:55,645 [ERROR] LogOutputStream:75 - [STDERR_REDIRECT] 
2026-04-14 22:31:00,177 [ERROR] LogOutputStream:75 - [STDERR_REDIRECT] [Fatal Error] :1:1: Premature end of file.
2026-04-14 22:31:00,177 [ERROR] LogOutputStream:75 - [STDERR_REDIRECT] 
2026-04-14 22:31:00,287 [ERROR] LogOutputStream:75 - [STDERR_REDIRECT] [Fatal Error] :1:1: Premature end of file.
2026-04-14 22:31:00,288 [ERROR] LogOutputStream:75 - [STDERR_REDIRECT] 
2026-04-14 22:31:00,330 [ERROR] LogOutputStream:75 - [STDERR_REDIRECT] [Fatal Error] :1:1: Premature end of file.
2026-04-14 22:31:00,330 [ERROR] LogOutputStream:75 - [STDERR_REDIRECT] 
2026-04-14 22:31:00,375 [ERROR] LogOutputStream:75 - [STDERR_REDIRECT] [Fatal Error] :1:1: Premature end of file.
2026-04-14 22:31:00,376 [ERROR] LogOutputStream:75 - [STDERR_REDIRECT] 
2026-04-14 22:31:00,643 [ERROR] LogOutputStream:75 - [STDERR_REDIRECT] [Fatal Error] :1:1: Premature end of file.
2026-04-14 22:31:00,644 [ERROR] LogOutputStream:75 - [STDERR_REDIRECT] 
2026-04-14 22:31:01,651 [ERROR] LogOutputStream:75 - [STDERR_REDIRECT] [Fatal Error] :1:1: Premature end of file.
2026-04-14 22:31:01,652 [ERROR] LogOutputStream:75 - [STDERR_REDIRECT] 
2026-04-14 22:31:02,644 [ERROR] LogOutputStream:75 - [STDERR_REDIRECT] [Fatal Error] :1:1: Premature end of file.
2026-04-14 22:31:02,644 [ERROR] LogOutputStream:75 - [STDERR_REDIRECT] 
2026-04-14 22:31:04,119 [ERROR] LogOutputStream:75 - [STDERR_REDIRECT] [Fatal Error] :1:1: Premature end of file.
2026-04-14 22:31:04,120 [ERROR] LogOutputStream:75 - [STDERR_REDIRECT] 
2026-04-14 22:31:04,719 [ERROR] LogOutputStream:75 - [STDERR_REDIRECT] [Fatal Error] :1:1: Premature end of file.
2026-04-14 22:31:04,721 [ERROR] LogOutputStream:75 - [STDERR_REDIRECT] 
2026-04-14 22:31:07,155 [ERROR] LogOutputStream:75 - [STDERR_REDIRECT] [Fatal Error] :1:1: Premature end of file.
2026-04-14 22:31:07,156 [ERROR] LogOutputStream:75 - [STDERR_REDIRECT] 
2026-04-14 22:31:07,212 [ERROR] LogOutputStream:75 - [STDERR_REDIRECT] [Fatal Error] :1:1: Premature end of file.
2026-04-14 22:31:07,212 [ERROR] LogOutputStream:75 - [STDERR_REDIRECT] 
2026-04-14 22:31:07,637 [ERROR] LogOutputStream:75 - [STDERR_REDIRECT] [Fatal Error] :1:1: Premature end of file.
2026-04-14 22:31:07,637 [ERROR] LogOutputStream:75 - [STDERR_REDIRECT] 
2026-04-14 22:31:08,639 [ERROR] LogOutputStream:75 - [STDERR_REDIRECT] [Fatal Error] :1:1: Premature end of file.
2026-04-14 22:31:08,640 [ERROR] LogOutputStream:75 - [STDERR_REDIRECT] 
2026-04-14 22:31:09,640 [ERROR] LogOutputStream:75 - [STDERR_REDIRECT] [Fatal Error] :1:1: Premature end of file.
2026-04-14 22:31:09,640 [ERROR] LogOutputStream:75 - [STDERR_REDIRECT] 
2026-04-14 22:31:10,637 [ERROR] LogOutputStream:75 - [STDERR_REDIRECT] [Fatal Error] :1:1: Premature end of file.
2026-04-14 22:31:10,638 [ERROR] LogOutputStream:75 - [STDERR_REDIRECT] 
2026-04-14 22:31:11,641 [ERROR] LogOutputStream:75 - [STDERR_REDIRECT] [Fatal Error] :1:1: Premature end of file.
2026-04-14 22:31:11,641 [ERROR] LogOutputStream:75 - [STDERR_REDIRECT] 
2026-04-14 22:31:12,641 [ERROR] LogOutputStream:75 - [STDERR_REDIRECT] [Fatal Error] :1:1: Premature end of file.
2026-04-14 22:31:12,641 [ERROR] LogOutputStream:75 - [STDERR_REDIRECT] 
2026-04-14 22:31:13,640 [ERROR] LogOutputStream:75 - [STDERR_REDIRECT] [Fatal Error] :1:1: Premature end of file.
2026-04-14 22:31:13,640 [ERROR] LogOutputStream:75 - [STDERR_REDIRECT] 
2026-04-14 22:31:14,640 [ERROR] LogOutputStream:75 - [STDERR_REDIRECT] [Fatal Error] :1:1: Premature end of file.
2026-04-14 22:31:14,640 [ERROR] LogOutputStream:75 - [STDERR_REDIRECT] 
2026-04-14 22:31:15,637 [ERROR] LogOutputStream:75 - [STDERR_REDIRECT] [Fatal Error] :1:1: Premature end of file.
2026-04-14 22:31:15,637 [ERROR] LogOutputStream:75 - [STDERR_REDIRECT] 
2026-04-14 22:31:16,637 [ERROR] LogOutputStream:75 - [STDERR_REDIRECT] [Fatal Error] :1:1: Premature end of file.
2026-04-14 22:31:16,637 [ERROR] LogOutputStream:75 - [STDERR_REDIRECT] 
2026-04-14 22:31:18,699 [ERROR] LogOutputStream:75 - [STDERR_REDIRECT] [Fatal Error] :1:1: Premature end of file.
2026-04-14 22:31:18,699 [ERROR] LogOutputStream:75 - [STDERR_REDIRECT] 
2026-04-14 22:31:18,735 [ERROR] LogOutputStream:75 - [STDERR_REDIRECT] [Fatal Error] :1:1: Premature end of file.
2026-04-14 22:31:18,735 [ERROR] LogOutputStream:75 - [STDERR_REDIRECT] 
2026-04-14 22:31:19,638 [ERROR] LogOutputStream:75 - [STDERR_REDIRECT] [Fatal Error] :1:1: Premature end of file.
2026-04-14 22:31:19,638 [ERROR] LogOutputStream:75 - [STDERR_REDIRECT] 
2026-04-14 22:31:22,161 [ERROR] LogOutputStream:75 - [STDERR_REDIRECT] [Fatal Error] :1:1: Premature end of file.
2026-04-14 22:31:22,161 [ERROR] LogOutputStream:75 - [STDERR_REDIRECT] 
2026-04-14 22:31:22,195 [ERROR] LogOutputStream:75 - [STDERR_REDIRECT] [Fatal Error] :1:1: Premature end of file.
2026-04-14 22:31:22,196 [ERROR] LogOutputStream:75 - [STDERR_REDIRECT] 
2026-04-14 22:31:22,641 [ERROR] LogOutputStream:75 - [STDERR_REDIRECT] [Fatal Error] :1:1: Premature end of file.
2026-04-14 22:31:22,642 [ERROR] LogOutputStream:75 - [STDERR_REDIRECT] 
2026-04-14 22:31:25,845 [ERROR] LogOutputStream:75 - [STDERR_REDIRECT] [Fatal Error] :1:1: Premature end of file.
2026-04-14 22:31:25,845 [ERROR] LogOutputStream:75 - [STDERR_REDIRECT] 
2026-04-14 22:31:25,880 [ERROR] LogOutputStream:75 - [STDERR_REDIRECT] [Fatal Error] :1:1: Premature end of file.
2026-04-14 22:31:25,880 [ERROR] LogOutputStream:75 - [STDERR_REDIRECT] 
2026-04-14 22:31:25,915 [ERROR] LogOutputStream:75 - [STDERR_REDIRECT] [Fatal Error] :1:1: Premature end of file.
2026-04-14 22:31:25,916 [ERROR] LogOutputStream:75 - [STDERR_REDIRECT] 
2026-04-14 22:31:26,639 [ERROR] LogOutputStream:75 - [STDERR_REDIRECT] [Fatal Error] :1:1: Premature end of file.
2026-04-14 22:31:26,639 [ERROR] LogOutputStream:75 - [STDERR_REDIRECT] 
2026-04-14 22:31:27,649 [ERROR] LogOutputStream:75 - [STDERR_REDIRECT] [Fatal Error] :1:1: Premature end of file.
2026-04-14 22:31:27,650 [ERROR] LogOutputStream:75 - [STDERR_REDIRECT] 
2026-04-14 22:31:28,643 [ERROR] LogOutputStream:75 - [STDERR_REDIRECT] [Fatal Error] :1:1: Premature end of file.
2026-04-14 22:31:28,644 [ERROR] LogOutputStream:75 - [STDERR_REDIRECT] 
2026-04-14 22:31:29,640 [ERROR] LogOutputStream:75 - [STDERR_REDIRECT] [Fatal Error] :1:1: Premature end of file.
2026-04-14 22:31:29,641 [ERROR] LogOutputStream:75 - [STDERR_REDIRECT] 
2026-04-14 22:31:31,112 [ERROR] LogOutputStream:75 - [STDERR_REDIRECT] [Fatal Error] :1:1: Premature end of file.
2026-04-14 22:31:31,113 [ERROR] LogOutputStream:75 - [STDERR_REDIRECT] 
2026-04-14 22:31:31,635 [ERROR] LogOutputStream:75 - [STDERR_REDIRECT] [Fatal Error] :1:1: Premature end of file.
2026-04-14 22:31:31,635 [ERROR] LogOutputStream:75 - [STDERR_REDIRECT] 
2026-04-14 22:31:32,642 [ERROR] LogOutputStream:75 - [STDERR_REDIRECT] [Fatal Error] :1:1: Premature end of file.
2026-04-14 22:31:32,643 [ERROR] LogOutputStream:75 - [STDERR_REDIRECT] 
2026-04-14 22:31:33,649 [ERROR] LogOutputStream:75 - [STDERR_REDIRECT] [Fatal Error] :1:1: Premature end of file.
2026-04-14 22:31:33,649 [ERROR] LogOutputStream:75 - [STDERR_REDIRECT] 
2026-04-14 22:31:34,639 [ERROR] LogOutputStream:75 - [STDERR_REDIRECT] [Fatal Error] :1:1: Premature end of file.
2026-04-14 22:31:34,640 [ERROR] LogOutputStream:75 - [STDERR_REDIRECT] 
2026-04-14 22:31:39,240 [ERROR] LogOutputStream:75 - [STDERR_REDIRECT] [Fatal Error] :1:1: Premature end of file.
2026-04-14 22:31:39,240 [ERROR] LogOutputStream:75 - [STDERR_REDIRECT] 
2026-04-14 22:31:39,282 [ERROR] LogOutputStream:75 - [STDERR_REDIRECT] [Fatal Error] :1:1: Premature end of file.
2026-04-14 22:31:39,282 [ERROR] LogOutputStream:75 - [STDERR_REDIRECT] 
2026-04-14 22:31:39,678 [ERROR] LogOutputStream:75 - [STDERR_REDIRECT] [Fatal Error] :1:1: Premature end of file.
2026-04-14 22:31:39,678 [ERROR] LogOutputStream:75 - [STDERR_REDIRECT] 
2026-04-14 22:31:39,720 [ERROR] LogOutputStream:75 - [STDERR_REDIRECT] [Fatal Error] :1:1: Premature end of file.
2026-04-14 22:31:39,720 [ERROR] LogOutputStream:75 - [STDERR_REDIRECT] 
2026-04-14 22:31:39,759 [ERROR] LogOutputStream:75 - [STDERR_REDIRECT] [Fatal Error] :1:1: Premature end of file.
2026-04-14 22:31:39,759 [ERROR] LogOutputStream:75 - [STDERR_REDIRECT] 
2026-04-14 22:31:41,534 [ERROR] LogOutputStream:75 - [STDERR_REDIRECT] [Fatal Error] :1:1: Premature end of file.
2026-04-14 22:31:41,535 [ERROR] LogOutputStream:75 - [STDERR_REDIRECT] 
2026-04-14 22:31:41,636 [ERROR] LogOutputStream:75 - [STDERR_REDIRECT] [Fatal Error] :1:1: Premature end of file.
2026-04-14 22:31:41,636 [ERROR] LogOutputStream:75 - [STDERR_REDIRECT] 
2026-04-14 22:31:42,706 [ERROR] LogOutputStream:75 - [STDERR_REDIRECT] [Fatal Error] :1:1: Premature end of file.
2026-04-14 22:31:42,706 [ERROR] LogOutputStream:75 - [STDERR_REDIRECT] 
2026-04-14 22:31:43,650 [ERROR] LogOutputStream:75 - [STDERR_REDIRECT] [Fatal Error] :1:1: Premature end of file.
2026-04-14 22:31:43,650 [ERROR] LogOutputStream:75 - [STDERR_REDIRECT] 
2026-04-14 22:31:44,641 [ERROR] LogOutputStream:75 - [STDERR_REDIRECT] [Fatal Error] :1:1: Premature end of file.
2026-04-14 22:31:44,641 [ERROR] LogOutputStream:75 - [STDERR_REDIRECT] 
2026-04-14 22:31:45,954 [ERROR] LogOutputStream:75 - [STDERR_REDIRECT] [Fatal Error] :1:1: Premature end of file.
2026-04-14 22:31:45,955 [ERROR] LogOutputStream:75 - [STDERR_REDIRECT] 
2026-04-14 22:31:46,920 [ERROR] LogOutputStream:75 - [STDERR_REDIRECT] [Fatal Error] :1:1: Premature end of file.
2026-04-14 22:31:46,921 [ERROR] LogOutputStream:75 - [STDERR_REDIRECT] 
2026-04-14 22:31:47,764 [ERROR] LogOutputStream:75 - [STDERR_REDIRECT] [Fatal Error] :1:1: Premature end of file.
2026-04-14 22:31:47,764 [ERROR] LogOutputStream:75 - [STDERR_REDIRECT] 
2026-04-14 22:31:48,659 [ERROR] LogOutputStream:75 - [STDERR_REDIRECT] [Fatal Error] :1:1: Premature end of file.
2026-04-14 22:31:48,660 [ERROR] LogOutputStream:75 - [STDERR_REDIRECT] 
2026-04-14 22:31:49,670 [ERROR] LogOutputStream:75 - [STDERR_REDIRECT] [Fatal Error] :1:1: Premature end of file.
2026-04-14 22:31:49,672 [ERROR] LogOutputStream:75 - [STDERR_REDIRECT] 
2026-04-14 22:31:50,665 [ERROR] LogOutputStream:75 - [STDERR_REDIRECT] [Fatal Error] :1:1: Premature end of file.
2026-04-14 22:31:50,666 [ERROR] LogOutputStream:75 - [STDERR_REDIRECT] 
2026-04-14 22:31:51,697 [ERROR] LogOutputStream:75 - [STDERR_REDIRECT] [Fatal Error] :1:1: Premature end of file.
2026-04-14 22:31:51,697 [ERROR] LogOutputStream:75 - [STDERR_REDIRECT] 
2026-04-14 22:31:52,667 [ERROR] LogOutputStream:75 - [STDERR_REDIRECT] [Fatal Error] :1:1: Premature end of file.
2026-04-14 22:31:52,667 [ERROR] LogOutputStream:75 - [STDERR_REDIRECT] 
2026-04-14 22:31:53,729 [ERROR] LogOutputStream:75 - [STDERR_REDIRECT] [Fatal Error] :1:1: Premature end of file.
2026-04-14 22:31:53,729 [ERROR] LogOutputStream:75 - [STDERR_REDIRECT] 
2026-04-14 22:31:54,656 [ERROR] LogOutputStream:75 - [STDERR_REDIRECT] [Fatal Error] :1:1: Premature end of file.
2026-04-14 22:31:54,657 [ERROR] LogOutputStream:75 - [STDERR_REDIRECT] 
2026-04-14 22:31:55,653 [ERROR] LogOutputStream:75 - [STDERR_REDIRECT] [Fatal Error] :1:1: Premature end of file.
2026-04-14 22:31:55,654 [ERROR] LogOutputStream:75 - [STDERR_REDIRECT] 
2026-04-14 22:31:56,667 [ERROR] LogOutputStream:75 - [STDERR_REDIRECT] [Fatal Error] :1:1: Premature end of file.
2026-04-14 22:31:56,668 [ERROR] LogOutputStream:75 - [STDERR_REDIRECT] 
2026-04-14 22:31:57,663 [ERROR] LogOutputStream:75 - [STDERR_REDIRECT] [Fatal Error] :1:1: Premature end of file.
2026-04-14 22:31:57,664 [ERROR] LogOutputStream:75 - [STDERR_REDIRECT] 
2026-04-14 22:31:58,689 [ERROR] LogOutputStream:75 - [STDERR_REDIRECT] [Fatal Error] :1:1: Premature end of file.
2026-04-14 22:31:58,689 [ERROR] LogOutputStream:75 - [STDERR_REDIRECT] 
2026-04-14 22:31:59,670 [ERROR] LogOutputStream:75 - [STDERR_REDIRECT] [Fatal Error] :1:1: Premature end of file.
2026-04-14 22:31:59,671 [ERROR] LogOutputStream:75 - [STDERR_REDIRECT] 
2026-04-14 22:32:03,138 [ERROR] LogOutputStream:75 - [STDERR_REDIRECT] [Fatal Error] :1:1: Premature end of file.
2026-04-14 22:32:03,138 [ERROR] LogOutputStream:75 - [STDERR_REDIRECT] 
2026-04-14 22:32:03,225 [ERROR] LogOutputStream:75 - [STDERR_REDIRECT] [Fatal Error] :1:1: Premature end of file.
2026-04-14 22:32:03,225 [ERROR] LogOutputStream:75 - [STDERR_REDIRECT] 
2026-04-14 22:32:03,288 [ERROR] LogOutputStream:75 - [STDERR_REDIRECT] [Fatal Error] :1:1: Premature end of file.
2026-04-14 22:32:03,289 [ERROR] LogOutputStream:75 - [STDERR_REDIRECT] 
2026-04-14 22:32:03,681 [ERROR] LogOutputStream:75 - [STDERR_REDIRECT] [Fatal Error] :1:1: Premature end of file.
2026-04-14 22:32:03,681 [ERROR] LogOutputStream:75 - [STDERR_REDIRECT] 
2026-04-14 22:32:04,657 [ERROR] LogOutputStream:75 - [STDERR_REDIRECT] [Fatal Error] :1:1: Premature end of file.
2026-04-14 22:32:04,657 [ERROR] LogOutputStream:75 - [STDERR_REDIRECT] 
2026-04-14 22:32:05,664 [ERROR] LogOutputStream:75 - [STDERR_REDIRECT] [Fatal Error] :1:1: Premature end of file.
2026-04-14 22:32:05,664 [ERROR] LogOutputStream:75 - [STDERR_REDIRECT] 
2026-04-14 22:32:06,655 [ERROR] LogOutputStream:75 - [STDERR_REDIRECT] [Fatal Error] :1:1: Premature end of file.
2026-04-14 22:32:06,655 [ERROR] LogOutputStream:75 - [STDERR_REDIRECT] 
2026-04-14 22:32:07,665 [ERROR] LogOutputStream:75 - [STDERR_REDIRECT] [Fatal Error] :1:1: Premature end of file.
2026-04-14 22:32:07,665 [ERROR] LogOutputStream:75 - [STDERR_REDIRECT] 
2026-04-14 22:32:08,645 [ERROR] LogOutputStream:75 - [STDERR_REDIRECT] [Fatal Error] :1:1: Premature end of file.
2026-04-14 22:32:08,645 [ERROR] LogOutputStream:75 - [STDERR_REDIRECT] 
2026-04-14 22:32:09,647 [ERROR] LogOutputStream:75 - [STDERR_REDIRECT] [Fatal Error] :1:1: Premature end of file.
2026-04-14 22:32:09,647 [ERROR] LogOutputStream:75 - [STDERR_REDIRECT] 
2026-04-14 22:32:10,658 [ERROR] LogOutputStream:75 - [STDERR_REDIRECT] [Fatal Error] :1:1: Premature end of file.
2026-04-14 22:32:10,659 [ERROR] LogOutputStream:75 - [STDERR_REDIRECT] 
2026-04-14 22:32:11,671 [ERROR] LogOutputStream:75 - [STDERR_REDIRECT] [Fatal Error] :1:1: Premature end of file.
2026-04-14 22:32:11,671 [ERROR] LogOutputStream:75 - [STDERR_REDIRECT] 
2026-04-14 22:32:12,650 [ERROR] LogOutputStream:75 - [STDERR_REDIRECT] [Fatal Error] :1:1: Premature end of file.
2026-04-14 22:32:12,651 [ERROR] LogOutputStream:75 - [STDERR_REDIRECT] 
2026-04-14 22:32:13,660 [ERROR] LogOutputStream:75 - [STDERR_REDIRECT] [Fatal Error] :1:1: Premature end of file.
2026-04-14 22:32:13,660 [ERROR] LogOutputStream:75 - [STDERR_REDIRECT] 
2026-04-14 22:32:14,670 [ERROR] LogOutputStream:75 - [STDERR_REDIRECT] [Fatal Error] :1:1: Premature end of file.
2026-04-14 22:32:14,670 [ERROR] LogOutputStream:75 - [STDERR_REDIRECT] 
2026-04-14 22:32:15,651 [ERROR] LogOutputStream:75 - [STDERR_REDIRECT] [Fatal Error] :1:1: Premature end of file.
2026-04-14 22:32:15,652 [ERROR] LogOutputStream:75 - [STDERR_REDIRECT] 
2026-04-14 22:32:16,652 [ERROR] LogOutputStream:75 - [STDERR_REDIRECT] [Fatal Error] :1:1: Premature end of file.
2026-04-14 22:32:16,653 [ERROR] LogOutputStream:75 - [STDERR_REDIRECT] 
2026-04-14 22:32:17,663 [ERROR] LogOutputStream:75 - [STDERR_REDIRECT] [Fatal Error] :1:1: Premature end of file.
2026-04-14 22:32:17,663 [ERROR] LogOutputStream:75 - [STDERR_REDIRECT] 
2026-04-14 22:32:19,046 [ERROR] LogOutputStream:75 - [STDERR_REDIRECT] [Fatal Error] :1:1: Premature end of file.
2026-04-14 22:32:19,049 [ERROR] LogOutputStream:75 - [STDERR_REDIRECT] 
2026-04-14 22:32:19,656 [ERROR] LogOutputStream:75 - [STDERR_REDIRECT] [Fatal Error] :1:1: Premature end of file.
2026-04-14 22:32:19,657 [ERROR] LogOutputStream:75 - [STDERR_REDIRECT] 
2026-04-14 22:32:20,652 [ERROR] LogOutputStream:75 - [STDERR_REDIRECT] [Fatal Error] :1:1: Premature end of file.
2026-04-14 22:32:20,652 [ERROR] LogOutputStream:75 - [STDERR_REDIRECT] 
2026-04-14 22:32:21,696 [ERROR] LogOutputStream:75 - [STDERR_REDIRECT] [Fatal Error] :1:1: Premature end of file.
2026-04-14 22:32:21,696 [ERROR] LogOutputStream:75 - [STDERR_REDIRECT] 
2026-04-14 22:32:22,775 [ERROR] LogOutputStream:75 - [STDERR_REDIRECT] [Fatal Error] :1:1: Premature end of file.
2026-04-14 22:32:22,775 [ERROR] LogOutputStream:75 - [STDERR_REDIRECT] 
2026-04-14 22:32:23,724 [ERROR] LogOutputStream:75 - [STDERR_REDIRECT] [Fatal Error] :1:1: Premature end of file.
2026-04-14 22:32:23,724 [ERROR] LogOutputStream:75 - [STDERR_REDIRECT] 
2026-04-14 22:32:24,664 [ERROR] LogOutputStream:75 - [STDERR_REDIRECT] [Fatal Error] :1:1: Premature end of file.
2026-04-14 22:32:24,664 [ERROR] LogOutputStream:75 - [STDERR_REDIRECT] 
2026-04-14 22:32:25,715 [ERROR] LogOutputStream:75 - [STDERR_REDIRECT] [Fatal Error] :1:1: Premature end of file.
2026-04-14 22:32:25,715 [ERROR] LogOutputStream:75 - [STDERR_REDIRECT] 
2026-04-14 22:32:26,703 [ERROR] LogOutputStream:75 - [STDERR_REDIRECT] [Fatal Error] :1:1: Premature end of file.
2026-04-14 22:32:26,704 [ERROR] LogOutputStream:75 - [STDERR_REDIRECT] 
2026-04-14 22:32:27,737 [ERROR] LogOutputStream:75 - [STDERR_REDIRECT] [Fatal Error] :1:1: Premature end of file.
2026-04-14 22:32:27,739 [ERROR] LogOutputStream:75 - [STDERR_REDIRECT] 
2026-04-14 22:32:28,741 [ERROR] LogOutputStream:75 - [STDERR_REDIRECT] [Fatal Error] :1:1: Premature end of file.
2026-04-14 22:32:28,742 [ERROR] LogOutputStream:75 - [STDERR_REDIRECT] 
2026-04-14 22:32:29,801 [ERROR] LogOutputStream:75 - [STDERR_REDIRECT] [Fatal Error] :1:1: Premature end of file.
2026-04-14 22:32:29,801 [ERROR] LogOutputStream:75 - [STDERR_REDIRECT] 
2026-04-14 22:32:30,692 [ERROR] LogOutputStream:75 - [STDERR_REDIRECT] [Fatal Error] :1:1: Premature end of file.
2026-04-14 22:32:30,692 [ERROR] LogOutputStream:75 - [STDERR_REDIRECT] 
2026-04-14 22:32:31,898 [ERROR] LogOutputStream:75 - [STDERR_REDIRECT] [Fatal Error] :1:1: Premature end of file.
2026-04-14 22:32:31,898 [ERROR] LogOutputStream:75 - [STDERR_REDIRECT] 
2026-04-14 22:32:32,681 [ERROR] LogOutputStream:75 - [STDERR_REDIRECT] [Fatal Error] :1:1: Premature end of file.
2026-04-14 22:32:32,682 [ERROR] LogOutputStream:75 - [STDERR_REDIRECT] 
2026-04-14 22:32:33,716 [ERROR] LogOutputStream:75 - [STDERR_REDIRECT] [Fatal Error] :1:1: Premature end of file.
2026-04-14 22:32:33,716 [ERROR] LogOutputStream:75 - [STDERR_REDIRECT] 
2026-04-14 22:32:34,764 [ERROR] LogOutputStream:75 - [STDERR_REDIRECT] [Fatal Error] :1:1: Premature end of file.
2026-04-14 22:32:34,764 [ERROR] LogOutputStream:75 - [STDERR_REDIRECT] 
2026-04-14 22:32:35,669 [ERROR] LogOutputStream:75 - [STDERR_REDIRECT] [Fatal Error] :1:1: Premature end of file.
2026-04-14 22:32:35,670 [ERROR] LogOutputStream:75 - [STDERR_REDIRECT] 
2026-04-14 22:32:38,310 [ERROR] LogOutputStream:75 - [STDERR_REDIRECT] [Fatal Error] :1:1: Premature end of file.
2026-04-14 22:32:38,310 [ERROR] LogOutputStream:75 - [STDERR_REDIRECT] 
2026-04-14 22:32:38,402 [ERROR] LogOutputStream:75 - [STDERR_REDIRECT] [Fatal Error] :1:1: Premature end of file.
2026-04-14 22:32:38,402 [ERROR] LogOutputStream:75 - [STDERR_REDIRECT] 
2026-04-14 22:32:38,719 [ERROR] LogOutputStream:75 - [STDERR_REDIRECT] [Fatal Error] :1:1: Premature end of file.
2026-04-14 22:32:38,719 [ERROR] LogOutputStream:75 - [STDERR_REDIRECT] 
2026-04-14 22:32:39,680 [ERROR] LogOutputStream:75 - [STDERR_REDIRECT] [Fatal Error] :1:1: Premature end of file.
2026-04-14 22:32:39,680 [ERROR] LogOutputStream:75 - [STDERR_REDIRECT] 
2026-04-14 22:32:40,676 [ERROR] LogOutputStream:75 - [STDERR_REDIRECT] [Fatal Error] :1:1: Premature end of file.
2026-04-14 22:32:40,676 [ERROR] LogOutputStream:75 - [STDERR_REDIRECT] 
2026-04-14 22:32:41,670 [ERROR] LogOutputStream:75 - [STDERR_REDIRECT] [Fatal Error] :1:1: Premature end of file.
2026-04-14 22:32:41,670 [ERROR] LogOutputStream:75 - [STDERR_REDIRECT] 
2026-04-14 22:32:42,670 [ERROR] LogOutputStream:75 - [STDERR_REDIRECT] [Fatal Error] :1:1: Premature end of file.
2026-04-14 22:32:42,670 [ERROR] LogOutputStream:75 - [STDERR_REDIRECT] 
2026-04-14 22:32:43,751 [ERROR] LogOutputStream:75 - [STDERR_REDIRECT] [Fatal Error] :1:1: Premature end of file.
2026-04-14 22:32:43,751 [ERROR] LogOutputStream:75 - [STDERR_REDIRECT] 
2026-04-14 22:32:44,784 [ERROR] LogOutputStream:75 - [STDERR_REDIRECT] [Fatal Error] :1:1: Premature end of file.
2026-04-14 22:32:44,785 [ERROR] LogOutputStream:75 - [STDERR_REDIRECT] 
2026-04-14 22:32:45,699 [ERROR] LogOutputStream:75 - [STDERR_REDIRECT] [Fatal Error] :1:1: Premature end of file.
2026-04-14 22:32:45,700 [ERROR] LogOutputStream:75 - [STDERR_REDIRECT] 
2026-04-14 22:32:46,690 [ERROR] LogOutputStream:75 - [STDERR_REDIRECT] [Fatal Error] :1:1: Premature end of file.
2026-04-14 22:32:46,690 [ERROR] LogOutputStream:75 - [STDERR_REDIRECT] 
2026-04-14 22:32:47,729 [ERROR] LogOutputStream:75 - [STDERR_REDIRECT] [Fatal Error] :1:1: Premature end of file.
2026-04-14 22:32:47,730 [ERROR] LogOutputStream:75 - [STDERR_REDIRECT] 
2026-04-14 22:32:48,676 [ERROR] LogOutputStream:75 - [STDERR_REDIRECT] [Fatal Error] :1:1: Premature end of file.
2026-04-14 22:32:48,676 [ERROR] LogOutputStream:75 - [STDERR_REDIRECT] 
2026-04-14 22:32:49,688 [ERROR] LogOutputStream:75 - [STDERR_REDIRECT] [Fatal Error] :1:1: Premature end of file.
2026-04-14 22:32:49,689 [ERROR] LogOutputStream:75 - [STDERR_REDIRECT] 
2026-04-14 22:32:50,707 [ERROR] LogOutputStream:75 - [STDERR_REDIRECT] [Fatal Error] :1:1: Premature end of file.
2026-04-14 22:32:50,707 [ERROR] LogOutputStream:75 - [STDERR_REDIRECT] 
2026-04-14 22:32:51,707 [ERROR] LogOutputStream:75 - [STDERR_REDIRECT] [Fatal Error] :1:1: Premature end of file.
2026-04-14 22:32:51,707 [ERROR] LogOutputStream:75 - [STDERR_REDIRECT] 
2026-04-14 22:32:52,669 [ERROR] LogOutputStream:75 - [STDERR_REDIRECT] [Fatal Error] :1:1: Premature end of file.
2026-04-14 22:32:52,669 [ERROR] LogOutputStream:75 - [STDERR_REDIRECT] 
2026-04-14 22:32:53,683 [ERROR] LogOutputStream:75 - [STDERR_REDIRECT] [Fatal Error] :1:1: Premature end of file.
2026-04-14 22:32:53,683 [ERROR] LogOutputStream:75 - [STDERR_REDIRECT] 
2026-04-14 22:32:54,653 [ERROR] LogOutputStream:75 - [STDERR_REDIRECT] [Fatal Error] :1:1: Premature end of file.
2026-04-14 22:32:54,653 [ERROR] LogOutputStream:75 - [STDERR_REDIRECT] 
2026-04-14 22:32:55,663 [ERROR] LogOutputStream:75 - [STDERR_REDIRECT] [Fatal Error] :1:1: Premature end of file.
2026-04-14 22:32:55,663 [ERROR] LogOutputStream:75 - [STDERR_REDIRECT] 
2026-04-14 22:32:56,667 [ERROR] LogOutputStream:75 - [STDERR_REDIRECT] [Fatal Error] :1:1: Premature end of file.
2026-04-14 22:32:56,667 [ERROR] LogOutputStream:75 - [STDERR_REDIRECT] 
2026-04-14 22:32:57,667 [ERROR] LogOutputStream:75 - [STDERR_REDIRECT] [Fatal Error] :1:1: Premature end of file.
2026-04-14 22:32:57,667 [ERROR] LogOutputStream:75 - [STDERR_REDIRECT] 
2026-04-14 22:32:58,655 [ERROR] LogOutputStream:75 - [STDERR_REDIRECT] [Fatal Error] :1:1: Premature end of file.
2026-04-14 22:32:58,656 [ERROR] LogOutputStream:75 - [STDERR_REDIRECT] 
2026-04-14 22:32:59,711 [ERROR] LogOutputStream:75 - [STDERR_REDIRECT] [Fatal Error] :1:1: Premature end of file.
2026-04-14 22:32:59,712 [ERROR] LogOutputStream:75 - [STDERR_REDIRECT] 
2026-04-14 22:33:00,667 [ERROR] LogOutputStream:75 - [STDERR_REDIRECT] [Fatal Error] :1:1: Premature end of file.
2026-04-14 22:33:00,667 [ERROR] LogOutputStream:75 - [STDERR_REDIRECT] 
2026-04-14 22:33:01,662 [ERROR] LogOutputStream:75 - [STDERR_REDIRECT] [Fatal Error] :1:1: Premature end of file.
2026-04-14 22:33:01,662 [ERROR] LogOutputStream:75 - [STDERR_REDIRECT] 
2026-04-14 22:33:02,669 [ERROR] LogOutputStream:75 - [STDERR_REDIRECT] [Fatal Error] :1:1: Premature end of file.
2026-04-14 22:33:02,670 [ERROR] LogOutputStream:75 - [STDERR_REDIRECT] 
2026-04-14 22:33:03,660 [ERROR] LogOutputStream:75 - [STDERR_REDIRECT] [Fatal Error] :1:1: Premature end of file.
2026-04-14 22:33:03,660 [ERROR] LogOutputStream:75 - [STDERR_REDIRECT] 
2026-04-14 22:33:04,668 [ERROR] LogOutputStream:75 - [STDERR_REDIRECT] [Fatal Error] :1:1: Premature end of file.
2026-04-14 22:33:04,668 [ERROR] LogOutputStream:75 - [STDERR_REDIRECT] 
2026-04-14 22:33:05,665 [ERROR] LogOutputStream:75 - [STDERR_REDIRECT] [Fatal Error] :1:1: Premature end of file.
2026-04-14 22:33:05,666 [ERROR] LogOutputStream:75 - [STDERR_REDIRECT] 
2026-04-14 22:33:06,666 [ERROR] LogOutputStream:75 - [STDERR_REDIRECT] [Fatal Error] :1:1: Premature end of file.
2026-04-14 22:33:06,666 [ERROR] LogOutputStream:75 - [STDERR_REDIRECT] 
2026-04-14 22:33:07,661 [ERROR] LogOutputStream:75 - [STDERR_REDIRECT] [Fatal Error] :1:1: Premature end of file.
2026-04-14 22:33:07,661 [ERROR] LogOutputStream:75 - [STDERR_REDIRECT] 
2026-04-14 22:33:08,664 [ERROR] LogOutputStream:75 - [STDERR_REDIRECT] [Fatal Error] :1:1: Premature end of file.
2026-04-14 22:33:08,664 [ERROR] LogOutputStream:75 - [STDERR_REDIRECT] 
2026-04-14 22:33:09,681 [ERROR] LogOutputStream:75 - [STDERR_REDIRECT] [Fatal Error] :1:1: Premature end of file.
2026-04-14 22:33:09,682 [ERROR] LogOutputStream:75 - [STDERR_REDIRECT] 
2026-04-14 22:33:10,749 [ERROR] LogOutputStream:75 - [STDERR_REDIRECT] [Fatal Error] :1:1: Premature end of file.
2026-04-14 22:33:10,749 [ERROR] LogOutputStream:75 - [STDERR_REDIRECT] 
2026-04-14 22:33:11,756 [ERROR] LogOutputStream:75 - [STDERR_REDIRECT] [Fatal Error] :1:1: Premature end of file.
2026-04-14 22:33:11,758 [ERROR] LogOutputStream:75 - [STDERR_REDIRECT] 
2026-04-14 22:33:12,675 [ERROR] LogOutputStream:75 - [STDERR_REDIRECT] [Fatal Error] :1:1: Premature end of file.
2026-04-14 22:33:12,675 [ERROR] LogOutputStream:75 - [STDERR_REDIRECT] 
2026-04-14 22:33:13,666 [ERROR] LogOutputStream:75 - [STDERR_REDIRECT] [Fatal Error] :1:1: Premature end of file.
2026-04-14 22:33:13,666 [ERROR] LogOutputStream:75 - [STDERR_REDIRECT] 
2026-04-14 22:33:14,668 [ERROR] LogOutputStream:75 - [STDERR_REDIRECT] [Fatal Error] :1:1: Premature end of file.
2026-04-14 22:33:14,669 [ERROR] LogOutputStream:75 - [STDERR_REDIRECT] 
2026-04-14 22:33:15,676 [ERROR] LogOutputStream:75 - [STDERR_REDIRECT] [Fatal Error] :1:1: Premature end of file.
2026-04-14 22:33:15,676 [ERROR] LogOutputStream:75 - [STDERR_REDIRECT] 
2026-04-14 22:33:16,694 [ERROR] LogOutputStream:75 - [STDERR_REDIRECT] [Fatal Error] :1:1: Premature end of file.
2026-04-14 22:33:16,695 [ERROR] LogOutputStream:75 - [STDERR_REDIRECT] 
2026-04-14 22:33:17,693 [ERROR] LogOutputStream:75 - [STDERR_REDIRECT] [Fatal Error] :1:1: Premature end of file.
2026-04-14 22:33:17,693 [ERROR] LogOutputStream:75 - [STDERR_REDIRECT] 
2026-04-14 22:33:18,692 [ERROR] LogOutputStream:75 - [STDERR_REDIRECT] [Fatal Error] :1:1: Premature end of file.
2026-04-14 22:33:18,692 [ERROR] LogOutputStream:75 - [STDERR_REDIRECT] 
2026-04-14 22:33:19,658 [ERROR] LogOutputStream:75 - [STDERR_REDIRECT] [Fatal Error] :1:1: Premature end of file.
2026-04-14 22:33:19,658 [ERROR] LogOutputStream:75 - [STDERR_REDIRECT] 
2026-04-14 22:33:20,668 [ERROR] LogOutputStream:75 - [STDERR_REDIRECT] [Fatal Error] :1:1: Premature end of file.
2026-04-14 22:33:20,668 [ERROR] LogOutputStream:75 - [STDERR_REDIRECT] 
2026-04-14 22:33:21,659 [ERROR] LogOutputStream:75 - [STDERR_REDIRECT] [Fatal Error] :1:1: Premature end of file.
2026-04-14 22:33:21,659 [ERROR] LogOutputStream:75 - [STDERR_REDIRECT] 
2026-04-14 22:33:22,690 [ERROR] LogOutputStream:75 - [STDERR_REDIRECT] [Fatal Error] :1:1: Premature end of file.
2026-04-14 22:33:22,690 [ERROR] LogOutputStream:75 - [STDERR_REDIRECT] 
2026-04-14 22:33:23,682 [ERROR] LogOutputStream:75 - [STDERR_REDIRECT] [Fatal Error] :1:1: Premature end of file.
2026-04-14 22:33:23,683 [ERROR] LogOutputStream:75 - [STDERR_REDIRECT] 
2026-04-14 22:33:24,667 [ERROR] LogOutputStream:75 - [STDERR_REDIRECT] [Fatal Error] :1:1: Premature end of file.
2026-04-14 22:33:24,667 [ERROR] LogOutputStream:75 - [STDERR_REDIRECT] 
2026-04-14 22:33:25,662 [ERROR] LogOutputStream:75 - [STDERR_REDIRECT] [Fatal Error] :1:1: Premature end of file.
2026-04-14 22:33:25,663 [ERROR] LogOutputStream:75 - [STDERR_REDIRECT] 
2026-04-14 22:33:26,668 [ERROR] LogOutputStream:75 - [STDERR_REDIRECT] [Fatal Error] :1:1: Premature end of file.
2026-04-14 22:33:26,668 [ERROR] LogOutputStream:75 - [STDERR_REDIRECT] 
2026-04-14 22:33:27,668 [ERROR] LogOutputStream:75 - [STDERR_REDIRECT] [Fatal Error] :1:1: Premature end of file.
2026-04-14 22:33:27,668 [ERROR] LogOutputStream:75 - [STDERR_REDIRECT] 
2026-04-14 22:33:28,815 [ERROR] LogOutputStream:75 - [STDERR_REDIRECT] [Fatal Error] :1:1: Premature end of file.
2026-04-14 22:33:28,816 [ERROR] LogOutputStream:75 - [STDERR_REDIRECT] 
2026-04-14 22:33:29,716 [ERROR] LogOutputStream:75 - [STDERR_REDIRECT] [Fatal Error] :1:1: Premature end of file.
2026-04-14 22:33:29,716 [ERROR] LogOutputStream:75 - [STDERR_REDIRECT] 
2026-04-14 22:33:30,671 [ERROR] LogOutputStream:75 - [STDERR_REDIRECT] [Fatal Error] :1:1: Premature end of file.
2026-04-14 22:33:30,671 [ERROR] LogOutputStream:75 - [STDERR_REDIRECT] 
2026-04-14 22:33:31,681 [ERROR] LogOutputStream:75 - [STDERR_REDIRECT] [Fatal Error] :1:1: Premature end of file.
2026-04-14 22:33:31,681 [ERROR] LogOutputStream:75 - [STDERR_REDIRECT] 
2026-04-14 22:33:32,666 [ERROR] LogOutputStream:75 - [STDERR_REDIRECT] [Fatal Error] :1:1: Premature end of file.
2026-04-14 22:33:32,668 [ERROR] LogOutputStream:75 - [STDERR_REDIRECT] 
2026-04-14 22:33:33,659 [ERROR] LogOutputStream:75 - [STDERR_REDIRECT] [Fatal Error] :1:1: Premature end of file.
2026-04-14 22:33:33,659 [ERROR] LogOutputStream:75 - [STDERR_REDIRECT] 
2026-04-14 22:33:34,658 [ERROR] LogOutputStream:75 - [STDERR_REDIRECT] [Fatal Error] :1:1: Premature end of file.
2026-04-14 22:33:34,659 [ERROR] LogOutputStream:75 - [STDERR_REDIRECT] 
2026-04-14 22:33:35,679 [ERROR] LogOutputStream:75 - [STDERR_REDIRECT] [Fatal Error] :1:1: Premature end of file.
2026-04-14 22:33:35,680 [ERROR] LogOutputStream:75 - [STDERR_REDIRECT] 
2026-04-14 22:33:36,655 [ERROR] LogOutputStream:75 - [STDERR_REDIRECT] [Fatal Error] :1:1: Premature end of file.
2026-04-14 22:33:36,655 [ERROR] LogOutputStream:75 - [STDERR_REDIRECT] 
2026-04-14 22:33:37,674 [ERROR] LogOutputStream:75 - [STDERR_REDIRECT] [Fatal Error] :1:1: Premature end of file.
2026-04-14 22:33:37,675 [ERROR] LogOutputStream:75 - [STDERR_REDIRECT] 
2026-04-14 22:33:38,666 [ERROR] LogOutputStream:75 - [STDERR_REDIRECT] [Fatal Error] :1:1: Premature end of file.
2026-04-14 22:33:38,668 [ERROR] LogOutputStream:75 - [STDERR_REDIRECT] 
2026-04-14 22:33:39,650 [ERROR] LogOutputStream:75 - [STDERR_REDIRECT] [Fatal Error] :1:1: Premature end of file.
2026-04-14 22:33:39,650 [ERROR] LogOutputStream:75 - [STDERR_REDIRECT] 
2026-04-14 22:33:40,648 [ERROR] LogOutputStream:75 - [STDERR_REDIRECT] [Fatal Error] :1:1: Premature end of file.
2026-04-14 22:33:40,649 [ERROR] LogOutputStream:75 - [STDERR_REDIRECT] 
2026-04-14 22:33:41,650 [ERROR] LogOutputStream:75 - [STDERR_REDIRECT] [Fatal Error] :1:1: Premature end of file.
2026-04-14 22:33:41,651 [ERROR] LogOutputStream:75 - [STDERR_REDIRECT] 
2026-04-14 22:33:42,670 [ERROR] LogOutputStream:75 - [STDERR_REDIRECT] [Fatal Error] :1:1: Premature end of file.
2026-04-14 22:33:42,670 [ERROR] LogOutputStream:75 - [STDERR_REDIRECT] 
2026-04-14 22:33:43,656 [ERROR] LogOutputStream:75 - [STDERR_REDIRECT] [Fatal Error] :1:1: Premature end of file.
2026-04-14 22:33:43,656 [ERROR] LogOutputStream:75 - [STDERR_REDIRECT] 
2026-04-14 22:33:44,666 [ERROR] LogOutputStream:75 - [STDERR_REDIRECT] [Fatal Error] :1:1: Premature end of file.
2026-04-14 22:33:44,666 [ERROR] LogOutputStream:75 - [STDERR_REDIRECT] 
2026-04-14 22:33:45,683 [ERROR] LogOutputStream:75 - [STDERR_REDIRECT] [Fatal Error] :1:1: Premature end of file.
2026-04-14 22:33:45,684 [ERROR] LogOutputStream:75 - [STDERR_REDIRECT] 
2026-04-14 22:33:46,676 [ERROR] LogOutputStream:75 - [STDERR_REDIRECT] [Fatal Error] :1:1: Premature end of file.
2026-04-14 22:33:46,677 [ERROR] LogOutputStream:75 - [STDERR_REDIRECT] 
2026-04-14 22:33:47,681 [ERROR] LogOutputStream:75 - [STDERR_REDIRECT] [Fatal Error] :1:1: Premature end of file.
2026-04-14 22:33:47,681 [ERROR] LogOutputStream:75 - [STDERR_REDIRECT] 
2026-04-14 22:33:48,730 [ERROR] LogOutputStream:75 - [STDERR_REDIRECT] [Fatal Error] :1:1: Premature end of file.
2026-04-14 22:33:48,731 [ERROR] LogOutputStream:75 - [STDERR_REDIRECT] 
2026-04-14 22:33:49,664 [ERROR] LogOutputStream:75 - [STDERR_REDIRECT] [Fatal Error] :1:1: Premature end of file.
2026-04-14 22:33:49,664 [ERROR] LogOutputStream:75 - [STDERR_REDIRECT] 
2026-04-14 22:33:50,702 [ERROR] LogOutputStream:75 - [STDERR_REDIRECT] [Fatal Error] :1:1: Premature end of file.
2026-04-14 22:33:50,702 [ERROR] LogOutputStream:75 - [STDERR_REDIRECT] 
2026-04-14 22:33:51,646 [ERROR] LogOutputStream:75 - [STDERR_REDIRECT] [Fatal Error] :1:1: Premature end of file.
2026-04-14 22:33:51,646 [ERROR] LogOutputStream:75 - [STDERR_REDIRECT] 
2026-04-14 22:33:52,722 [ERROR] LogOutputStream:75 - [STDERR_REDIRECT] [Fatal Error] :1:1: Premature end of file.
2026-04-14 22:33:52,723 [ERROR] LogOutputStream:75 - [STDERR_REDIRECT] 
2026-04-14 22:33:53,664 [ERROR] LogOutputStream:75 - [STDERR_REDIRECT] [Fatal Error] :1:1: Premature end of file.
2026-04-14 22:33:53,726 [ERROR] LogOutputStream:75 - [STDERR_REDIRECT] 
2026-04-14 22:33:54,662 [ERROR] LogOutputStream:75 - [STDERR_REDIRECT] [Fatal Error] :1:1: Premature end of file.
2026-04-14 22:33:54,663 [ERROR] LogOutputStream:75 - [STDERR_REDIRECT] 
2026-04-14 22:33:55,671 [ERROR] LogOutputStream:75 - [STDERR_REDIRECT] [Fatal Error] :1:1: Premature end of file.
2026-04-14 22:33:55,671 [ERROR] LogOutputStream:75 - [STDERR_REDIRECT] 
2026-04-14 22:33:56,665 [ERROR] LogOutputStream:75 - [STDERR_REDIRECT] [Fatal Error] :1:1: Premature end of file.
2026-04-14 22:33:56,667 [ERROR] LogOutputStream:75 - [STDERR_REDIRECT] 
2026-04-14 22:33:57,721 [ERROR] LogOutputStream:75 - [STDERR_REDIRECT] [Fatal Error] :1:1: Premature end of file.
2026-04-14 22:33:57,722 [ERROR] LogOutputStream:75 - [STDERR_REDIRECT] 
2026-04-14 22:33:58,713 [ERROR] LogOutputStream:75 - [STDERR_REDIRECT] [Fatal Error] :1:1: Premature end of file.
2026-04-14 22:33:58,714 [ERROR] LogOutputStream:75 - [STDERR_REDIRECT] 
2026-04-14 22:33:59,658 [ERROR] LogOutputStream:75 - [STDERR_REDIRECT] [Fatal Error] :1:1: Premature end of file.
2026-04-14 22:33:59,659 [ERROR] LogOutputStream:75 - [STDERR_REDIRECT] 
2026-04-14 22:34:00,656 [ERROR] LogOutputStream:75 - [STDERR_REDIRECT] [Fatal Error] :1:1: Premature end of file.
2026-04-14 22:34:00,657 [ERROR] LogOutputStream:75 - [STDERR_REDIRECT] 
2026-04-14 22:34:01,661 [ERROR] LogOutputStream:75 - [STDERR_REDIRECT] [Fatal Error] :1:1: Premature end of file.
2026-04-14 22:34:01,661 [ERROR] LogOutputStream:75 - [STDERR_REDIRECT] 
2026-04-14 22:34:02,775 [ERROR] LogOutputStream:75 - [STDERR_REDIRECT] [Fatal Error] :1:1: Premature end of file.
2026-04-14 22:34:02,776 [ERROR] LogOutputStream:75 - [STDERR_REDIRECT] 
2026-04-14 22:34:03,703 [ERROR] LogOutputStream:75 - [STDERR_REDIRECT] [Fatal Error] :1:1: Premature end of file.
2026-04-14 22:34:03,704 [ERROR] LogOutputStream:75 - [STDERR_REDIRECT] 
2026-04-14 22:34:04,653 [ERROR] LogOutputStream:75 - [STDERR_REDIRECT] [Fatal Error] :1:1: Premature end of file.
2026-04-14 22:34:04,653 [ERROR] LogOutputStream:75 - [STDERR_REDIRECT] 
2026-04-14 22:34:05,648 [ERROR] LogOutputStream:75 - [STDERR_REDIRECT] [Fatal Error] :1:1: Premature end of file.
2026-04-14 22:34:05,649 [ERROR] LogOutputStream:75 - [STDERR_REDIRECT] 
2026-04-14 22:34:06,707 [ERROR] LogOutputStream:75 - [STDERR_REDIRECT] [Fatal Error] :1:1: Premature end of file.
2026-04-14 22:34:06,708 [ERROR] LogOutputStream:75 - [STDERR_REDIRECT] 
2026-04-14 22:34:08,153 [ERROR] LogOutputStream:75 - [STDERR_REDIRECT] [Fatal Error] :1:1: Premature end of file.
2026-04-14 22:34:08,153 [ERROR] LogOutputStream:75 - [STDERR_REDIRECT] 
2026-04-14 22:34:08,676 [ERROR] LogOutputStream:75 - [STDERR_REDIRECT] [Fatal Error] :1:1: Premature end of file.
2026-04-14 22:34:08,676 [ERROR] LogOutputStream:75 - [STDERR_REDIRECT] 
2026-04-14 22:34:09,686 [ERROR] LogOutputStream:75 - [STDERR_REDIRECT] [Fatal Error] :1:1: Premature end of file.
2026-04-14 22:34:09,686 [ERROR] LogOutputStream:75 - [STDERR_REDIRECT] 
2026-04-14 22:34:10,816 [ERROR] LogOutputStream:75 - [STDERR_REDIRECT] [Fatal Error] :1:1: Premature end of file.
2026-04-14 22:34:10,818 [ERROR] LogOutputStream:75 - [STDERR_REDIRECT] 
2026-04-14 22:34:11,680 [ERROR] LogOutputStream:75 - [STDERR_REDIRECT] [Fatal Error] :1:1: Premature end of file.
2026-04-14 22:34:11,680 [ERROR] LogOutputStream:75 - [STDERR_REDIRECT] 
2026-04-14 22:34:12,676 [ERROR] LogOutputStream:75 - [STDERR_REDIRECT] [Fatal Error] :1:1: Premature end of file.
2026-04-14 22:34:12,676 [ERROR] LogOutputStream:75 - [STDERR_REDIRECT] 
2026-04-14 22:34:13,703 [ERROR] LogOutputStream:75 - [STDERR_REDIRECT] [Fatal Error] :1:1: Premature end of file.
2026-04-14 22:34:13,704 [ERROR] LogOutputStream:75 - [STDERR_REDIRECT] 
2026-04-14 22:34:14,724 [ERROR] LogOutputStream:75 - [STDERR_REDIRECT] [Fatal Error] :1:1: Premature end of file.
2026-04-14 22:34:14,724 [ERROR] LogOutputStream:75 - [STDERR_REDIRECT] 
2026-04-14 22:34:15,673 [ERROR] LogOutputStream:75 - [STDERR_REDIRECT] [Fatal Error] :1:1: Premature end of file.
2026-04-14 22:34:15,674 [ERROR] LogOutputStream:75 - [STDERR_REDIRECT] 
2026-04-14 22:34:16,685 [ERROR] LogOutputStream:75 - [STDERR_REDIRECT] [Fatal Error] :1:1: Premature end of file.
2026-04-14 22:34:16,685 [ERROR] LogOutputStream:75 - [STDERR_REDIRECT] 
2026-04-14 22:34:17,969 [ERROR] LogOutputStream:75 - [STDERR_REDIRECT] [Fatal Error] :1:1: Premature end of file.
2026-04-14 22:34:17,970 [ERROR] LogOutputStream:75 - [STDERR_REDIRECT] 
2026-04-14 22:34:18,772 [ERROR] LogOutputStream:75 - [STDERR_REDIRECT] [Fatal Error] :1:1: Premature end of file.
2026-04-14 22:34:18,773 [ERROR] LogOutputStream:75 - [STDERR_REDIRECT] 
2026-04-14 22:34:19,702 [ERROR] LogOutputStream:75 - [STDERR_REDIRECT] [Fatal Error] :1:1: Premature end of file.
2026-04-14 22:34:19,702 [ERROR] LogOutputStream:75 - [STDERR_REDIRECT] 
2026-04-14 22:34:20,704 [ERROR] LogOutputStream:75 - [STDERR_REDIRECT] [Fatal Error] :1:1: Premature end of file.
2026-04-14 22:34:20,704 [ERROR] LogOutputStream:75 - [STDERR_REDIRECT] 
2026-04-14 22:34:21,720 [ERROR] LogOutputStream:75 - [STDERR_REDIRECT] [Fatal Error] :1:1: Premature end of file.
2026-04-14 22:34:21,720 [ERROR] LogOutputStream:75 - [STDERR_REDIRECT] 
2026-04-14 22:34:22,672 [ERROR] LogOutputStream:75 - [STDERR_REDIRECT] [Fatal Error] :1:1: Premature end of file.
2026-04-14 22:34:22,672 [ERROR] LogOutputStream:75 - [STDERR_REDIRECT] 
2026-04-14 22:34:23,698 [ERROR] LogOutputStream:75 - [STDERR_REDIRECT] [Fatal Error] :1:1: Premature end of file.
2026-04-14 22:34:23,699 [ERROR] LogOutputStream:75 - [STDERR_REDIRECT] 
2026-04-14 22:34:24,706 [ERROR] LogOutputStream:75 - [STDERR_REDIRECT] [Fatal Error] :1:1: Premature end of file.
2026-04-14 22:34:24,707 [ERROR] LogOutputStream:75 - [STDERR_REDIRECT] 
2026-04-14 22:34:25,658 [ERROR] LogOutputStream:75 - [STDERR_REDIRECT] [Fatal Error] :1:1: Premature end of file.
2026-04-14 22:34:25,659 [ERROR] LogOutputStream:75 - [STDERR_REDIRECT] 
2026-04-14 22:34:26,659 [ERROR] LogOutputStream:75 - [STDERR_REDIRECT] [Fatal Error] :1:1: Premature end of file.
2026-04-14 22:34:26,659 [ERROR] LogOutputStream:75 - [STDERR_REDIRECT] 
2026-04-14 22:34:27,661 [ERROR] LogOutputStream:75 - [STDERR_REDIRECT] [Fatal Error] :1:1: Premature end of file.
2026-04-14 22:34:27,662 [ERROR] LogOutputStream:75 - [STDERR_REDIRECT] 
2026-04-14 22:34:28,731 [ERROR] LogOutputStream:75 - [STDERR_REDIRECT] [Fatal Error] :1:1: Premature end of file.
2026-04-14 22:34:28,731 [ERROR] LogOutputStream:75 - [STDERR_REDIRECT] 
2026-04-14 22:34:29,674 [ERROR] LogOutputStream:75 - [STDERR_REDIRECT] [Fatal Error] :1:1: Premature end of file.
2026-04-14 22:34:29,674 [ERROR] LogOutputStream:75 - [STDERR_REDIRECT] 
2026-04-14 22:34:30,705 [ERROR] LogOutputStream:75 - [STDERR_REDIRECT] [Fatal Error] :1:1: Premature end of file.
2026-04-14 22:34:30,705 [ERROR] LogOutputStream:75 - [STDERR_REDIRECT] 
2026-04-14 22:34:31,795 [ERROR] LogOutputStream:75 - [STDERR_REDIRECT] [Fatal Error] :1:1: Premature end of file.
2026-04-14 22:34:31,796 [ERROR] LogOutputStream:75 - [STDERR_REDIRECT] 
2026-04-14 22:34:32,690 [ERROR] LogOutputStream:75 - [STDERR_REDIRECT] [Fatal Error] :1:1: Premature end of file.
2026-04-14 22:34:32,691 [ERROR] LogOutputStream:75 - [STDERR_REDIRECT] 
2026-04-14 22:34:33,694 [ERROR] LogOutputStream:75 - [STDERR_REDIRECT] [Fatal Error] :1:1: Premature end of file.
2026-04-14 22:34:33,694 [ERROR] LogOutputStream:75 - [STDERR_REDIRECT] 
2026-04-14 22:34:34,698 [ERROR] LogOutputStream:75 - [STDERR_REDIRECT] [Fatal Error] :1:1: Premature end of file.
2026-04-14 22:34:34,698 [ERROR] LogOutputStream:75 - [STDERR_REDIRECT] 
2026-04-14 22:34:37,127 [ERROR] LogOutputStream:75 - [STDERR_REDIRECT] [Fatal Error] :1:1: Premature end of file.
2026-04-14 22:34:37,128 [ERROR] LogOutputStream:75 - [STDERR_REDIRECT] 
2026-04-14 22:34:37,256 [ERROR] LogOutputStream:75 - [STDERR_REDIRECT] [Fatal Error] :1:1: Premature end of file.
2026-04-14 22:34:37,257 [ERROR] LogOutputStream:75 - [STDERR_REDIRECT] 
2026-04-14 22:34:37,676 [ERROR] LogOutputStream:75 - [STDERR_REDIRECT] [Fatal Error] :1:1: Premature end of file.
2026-04-14 22:34:37,677 [ERROR] LogOutputStream:75 - [STDERR_REDIRECT] 
2026-04-14 22:34:38,705 [ERROR] LogOutputStream:75 - [STDERR_REDIRECT] [Fatal Error] :1:1: Premature end of file.
2026-04-14 22:34:38,705 [ERROR] LogOutputStream:75 - [STDERR_REDIRECT] 
2026-04-14 22:34:39,682 [ERROR] LogOutputStream:75 - [STDERR_REDIRECT] [Fatal Error] :1:1: Premature end of file.
2026-04-14 22:34:39,682 [ERROR] LogOutputStream:75 - [STDERR_REDIRECT] 
2026-04-14 22:34:40,709 [ERROR] LogOutputStream:75 - [STDERR_REDIRECT] [Fatal Error] :1:1: Premature end of file.
2026-04-14 22:34:40,711 [ERROR] LogOutputStream:75 - [STDERR_REDIRECT] 
2026-04-14 22:34:41,711 [ERROR] LogOutputStream:75 - [STDERR_REDIRECT] [Fatal Error] :1:1: Premature end of file.
2026-04-14 22:34:41,712 [ERROR] LogOutputStream:75 - [STDERR_REDIRECT] 
2026-04-14 22:34:42,701 [ERROR] LogOutputStream:75 - [STDERR_REDIRECT] [Fatal Error] :1:1: Premature end of file.
2026-04-14 22:34:42,701 [ERROR] LogOutputStream:75 - [STDERR_REDIRECT] 
2026-04-14 22:34:43,693 [ERROR] LogOutputStream:75 - [STDERR_REDIRECT] [Fatal Error] :1:1: Premature end of file.
2026-04-14 22:34:43,694 [ERROR] LogOutputStream:75 - [STDERR_REDIRECT] 
2026-04-14 22:34:44,672 [ERROR] LogOutputStream:75 - [STDERR_REDIRECT] [Fatal Error] :1:1: Premature end of file.
2026-04-14 22:34:44,672 [ERROR] LogOutputStream:75 - [STDERR_REDIRECT] 
2026-04-14 22:34:45,661 [ERROR] LogOutputStream:75 - [STDERR_REDIRECT] [Fatal Error] :1:1: Premature end of file.
2026-04-14 22:34:45,662 [ERROR] LogOutputStream:75 - [STDERR_REDIRECT] 
2026-04-14 22:34:46,661 [ERROR] LogOutputStream:75 - [STDERR_REDIRECT] [Fatal Error] :1:1: Premature end of file.
2026-04-14 22:34:46,661 [ERROR] LogOutputStream:75 - [STDERR_REDIRECT] 
2026-04-14 22:34:47,662 [ERROR] LogOutputStream:75 - [STDERR_REDIRECT] [Fatal Error] :1:1: Premature end of file.
2026-04-14 22:34:47,663 [ERROR] LogOutputStream:75 - [STDERR_REDIRECT] 
2026-04-14 22:34:48,705 [ERROR] LogOutputStream:75 - [STDERR_REDIRECT] [Fatal Error] :1:1: Premature end of file.
2026-04-14 22:34:48,706 [ERROR] LogOutputStream:75 - [STDERR_REDIRECT] 
2026-04-14 22:34:49,695 [ERROR] LogOutputStream:75 - [STDERR_REDIRECT] [Fatal Error] :1:1: Premature end of file.
2026-04-14 22:34:49,696 [ERROR] LogOutputStream:75 - [STDERR_REDIRECT] 
2026-04-14 22:34:50,690 [ERROR] LogOutputStream:75 - [STDERR_REDIRECT] [Fatal Error] :1:1: Premature end of file.
2026-04-14 22:34:50,690 [ERROR] LogOutputStream:75 - [STDERR_REDIRECT] 
2026-04-14 22:34:51,685 [ERROR] LogOutputStream:75 - [STDERR_REDIRECT] [Fatal Error] :1:1: Premature end of file.
2026-04-14 22:34:51,685 [ERROR] LogOutputStream:75 - [STDERR_REDIRECT] 
2026-04-14 22:34:52,701 [ERROR] LogOutputStream:75 - [STDERR_REDIRECT] [Fatal Error] :1:1: Premature end of file.
2026-04-14 22:34:52,702 [ERROR] LogOutputStream:75 - [STDERR_REDIRECT] 
2026-04-14 22:34:53,672 [ERROR] LogOutputStream:75 - [STDERR_REDIRECT] [Fatal Error] :1:1: Premature end of file.
2026-04-14 22:34:53,673 [ERROR] LogOutputStream:75 - [STDERR_REDIRECT] 
2026-04-14 22:34:54,664 [ERROR] LogOutputStream:75 - [STDERR_REDIRECT] [Fatal Error] :1:1: Premature end of file.
2026-04-14 22:34:54,665 [ERROR] LogOutputStream:75 - [STDERR_REDIRECT] 
2026-04-14 22:34:55,678 [ERROR] LogOutputStream:75 - [STDERR_REDIRECT] [Fatal Error] :1:1: Premature end of file.
2026-04-14 22:34:55,679 [ERROR] LogOutputStream:75 - [STDERR_REDIRECT] 
2026-04-14 22:34:56,687 [ERROR] LogOutputStream:75 - [STDERR_REDIRECT] [Fatal Error] :1:1: Premature end of file.
2026-04-14 22:34:56,687 [ERROR] LogOutputStream:75 - [STDERR_REDIRECT] 
2026-04-14 22:34:57,694 [ERROR] LogOutputStream:75 - [STDERR_REDIRECT] [Fatal Error] :1:1: Premature end of file.
2026-04-14 22:34:57,694 [ERROR] LogOutputStream:75 - [STDERR_REDIRECT] 
2026-04-14 22:34:58,694 [ERROR] LogOutputStream:75 - [STDERR_REDIRECT] [Fatal Error] :1:1: Premature end of file.
2026-04-14 22:34:58,695 [ERROR] LogOutputStream:75 - [STDERR_REDIRECT] 
2026-04-14 22:34:59,718 [ERROR] LogOutputStream:75 - [STDERR_REDIRECT] [Fatal Error] :1:1: Premature end of file.
2026-04-14 22:34:59,719 [ERROR] LogOutputStream:75 - [STDERR_REDIRECT] 
2026-04-14 22:35:00,678 [ERROR] LogOutputStream:75 - [STDERR_REDIRECT] [Fatal Error] :1:1: Premature end of file.
2026-04-14 22:35:00,678 [ERROR] LogOutputStream:75 - [STDERR_REDIRECT] 
2026-04-14 22:35:01,676 [ERROR] LogOutputStream:75 - [STDERR_REDIRECT] [Fatal Error] :1:1: Premature end of file.
2026-04-14 22:35:01,676 [ERROR] LogOutputStream:75 - [STDERR_REDIRECT] 
2026-04-14 22:35:02,667 [ERROR] LogOutputStream:75 - [STDERR_REDIRECT] [Fatal Error] :1:1: Premature end of file.
2026-04-14 22:35:02,667 [ERROR] LogOutputStream:75 - [STDERR_REDIRECT] 
2026-04-14 22:35:03,663 [ERROR] LogOutputStream:75 - [STDERR_REDIRECT] [Fatal Error] :1:1: Premature end of file.
2026-04-14 22:35:03,663 [ERROR] LogOutputStream:75 - [STDERR_REDIRECT] 
2026-04-14 22:35:04,674 [ERROR] LogOutputStream:75 - [STDERR_REDIRECT] [Fatal Error] :1:1: Premature end of file.
2026-04-14 22:35:04,674 [ERROR] LogOutputStream:75 - [STDERR_REDIRECT] 
2026-04-14 22:35:05,656 [ERROR] LogOutputStream:75 - [STDERR_REDIRECT] [Fatal Error] :1:1: Premature end of file.
2026-04-14 22:35:05,656 [ERROR] LogOutputStream:75 - [STDERR_REDIRECT] 
2026-04-14 22:35:06,668 [ERROR] LogOutputStream:75 - [STDERR_REDIRECT] [Fatal Error] :1:1: Premature end of file.
2026-04-14 22:35:06,668 [ERROR] LogOutputStream:75 - [STDERR_REDIRECT] 
2026-04-14 22:35:07,667 [ERROR] LogOutputStream:75 - [STDERR_REDIRECT] [Fatal Error] :1:1: Premature end of file.
2026-04-14 22:35:07,667 [ERROR] LogOutputStream:75 - [STDERR_REDIRECT] 
2026-04-14 22:35:08,755 [ERROR] LogOutputStream:75 - [STDERR_REDIRECT] [Fatal Error] :1:1: Premature end of file.
2026-04-14 22:35:08,756 [ERROR] LogOutputStream:75 - [STDERR_REDIRECT] 
2026-04-14 22:35:09,670 [ERROR] LogOutputStream:75 - [STDERR_REDIRECT] [Fatal Error] :1:1: Premature end of file.
2026-04-14 22:35:09,671 [ERROR] LogOutputStream:75 - [STDERR_REDIRECT] 
2026-04-14 22:35:10,675 [ERROR] LogOutputStream:75 - [STDERR_REDIRECT] [Fatal Error] :1:1: Premature end of file.
2026-04-14 22:35:10,676 [ERROR] LogOutputStream:75 - [STDERR_REDIRECT] 
2026-04-14 22:35:11,677 [ERROR] LogOutputStream:75 - [STDERR_REDIRECT] [Fatal Error] :1:1: Premature end of file.
2026-04-14 22:35:11,677 [ERROR] LogOutputStream:75 - [STDERR_REDIRECT] 
2026-04-14 22:35:12,667 [ERROR] LogOutputStream:75 - [STDERR_REDIRECT] [Fatal Error] :1:1: Premature end of file.
2026-04-14 22:35:12,667 [ERROR] LogOutputStream:75 - [STDERR_REDIRECT] 
2026-04-14 22:35:13,657 [ERROR] LogOutputStream:75 - [STDERR_REDIRECT] [Fatal Error] :1:1: Premature end of file.
2026-04-14 22:35:13,657 [ERROR] LogOutputStream:75 - [STDERR_REDIRECT] 
2026-04-14 22:35:14,662 [ERROR] LogOutputStream:75 - [STDERR_REDIRECT] [Fatal Error] :1:1: Premature end of file.
2026-04-14 22:35:14,662 [ERROR] LogOutputStream:75 - [STDERR_REDIRECT] 
2026-04-14 22:35:15,665 [ERROR] LogOutputStream:75 - [STDERR_REDIRECT] [Fatal Error] :1:1: Premature end of file.
2026-04-14 22:35:15,665 [ERROR] LogOutputStream:75 - [STDERR_REDIRECT] 
2026-04-14 22:35:16,667 [ERROR] LogOutputStream:75 - [STDERR_REDIRECT] [Fatal Error] :1:1: Premature end of file.
2026-04-14 22:35:16,668 [ERROR] LogOutputStream:75 - [STDERR_REDIRECT] 
2026-04-14 22:35:17,665 [ERROR] LogOutputStream:75 - [STDERR_REDIRECT] [Fatal Error] :1:1: Premature end of file.
2026-04-14 22:35:17,666 [ERROR] LogOutputStream:75 - [STDERR_REDIRECT] 
2026-04-14 22:35:18,654 [ERROR] LogOutputStream:75 - [STDERR_REDIRECT] [Fatal Error] :1:1: Premature end of file.
2026-04-14 22:35:18,654 [ERROR] LogOutputStream:75 - [STDERR_REDIRECT] 
2026-04-14 22:35:19,670 [ERROR] LogOutputStream:75 - [STDERR_REDIRECT] [Fatal Error] :1:1: Premature end of file.
2026-04-14 22:35:19,670 [ERROR] LogOutputStream:75 - [STDERR_REDIRECT] 
2026-04-14 22:35:20,669 [ERROR] LogOutputStream:75 - [STDERR_REDIRECT] [Fatal Error] :1:1: Premature end of file.
2026-04-14 22:35:20,670 [ERROR] LogOutputStream:75 - [STDERR_REDIRECT] 
2026-04-14 22:35:21,672 [ERROR] LogOutputStream:75 - [STDERR_REDIRECT] [Fatal Error] :1:1: Premature end of file.
2026-04-14 22:35:21,673 [ERROR] LogOutputStream:75 - [STDERR_REDIRECT] 
2026-04-14 22:35:22,689 [ERROR] LogOutputStream:75 - [STDERR_REDIRECT] [Fatal Error] :1:1: Premature end of file.
2026-04-14 22:35:22,689 [ERROR] LogOutputStream:75 - [STDERR_REDIRECT] 
2026-04-14 22:35:23,675 [ERROR] LogOutputStream:75 - [STDERR_REDIRECT] [Fatal Error] :1:1: Premature end of file.
2026-04-14 22:35:23,675 [ERROR] LogOutputStream:75 - [STDERR_REDIRECT] 
2026-04-14 22:35:24,684 [ERROR] LogOutputStream:75 - [STDERR_REDIRECT] [Fatal Error] :1:1: Premature end of file.
2026-04-14 22:35:24,686 [ERROR] LogOutputStream:75 - [STDERR_REDIRECT] 
2026-04-14 22:35:25,666 [ERROR] LogOutputStream:75 - [STDERR_REDIRECT] [Fatal Error] :1:1: Premature end of file.
2026-04-14 22:35:25,668 [ERROR] LogOutputStream:75 - [STDERR_REDIRECT] 
2026-04-14 22:35:26,660 [ERROR] LogOutputStream:75 - [STDERR_REDIRECT] [Fatal Error] :1:1: Premature end of file.
2026-04-14 22:35:26,661 [ERROR] LogOutputStream:75 - [STDERR_REDIRECT] 
2026-04-14 22:35:27,667 [ERROR] LogOutputStream:75 - [STDERR_REDIRECT] [Fatal Error] :1:1: Premature end of file.
2026-04-14 22:35:27,668 [ERROR] LogOutputStream:75 - [STDERR_REDIRECT] 
2026-04-14 22:35:28,671 [ERROR] LogOutputStream:75 - [STDERR_REDIRECT] [Fatal Error] :1:1: Premature end of file.
2026-04-14 22:35:28,672 [ERROR] LogOutputStream:75 - [STDERR_REDIRECT] 
2026-04-14 22:35:29,670 [ERROR] LogOutputStream:75 - [STDERR_REDIRECT] [Fatal Error] :1:1: Premature end of file.
2026-04-14 22:35:29,670 [ERROR] LogOutputStream:75 - [STDERR_REDIRECT] 
2026-04-14 22:35:30,676 [ERROR] LogOutputStream:75 - [STDERR_REDIRECT] [Fatal Error] :1:1: Premature end of file.
2026-04-14 22:35:30,676 [ERROR] LogOutputStream:75 - [STDERR_REDIRECT] 
2026-04-14 22:35:31,672 [ERROR] LogOutputStream:75 - [STDERR_REDIRECT] [Fatal Error] :1:1: Premature end of file.
2026-04-14 22:35:31,673 [ERROR] LogOutputStream:75 - [STDERR_REDIRECT] 
2026-04-14 22:35:32,675 [ERROR] LogOutputStream:75 - [STDERR_REDIRECT] [Fatal Error] :1:1: Premature end of file.
2026-04-14 22:35:32,676 [ERROR] LogOutputStream:75 - [STDERR_REDIRECT] 
2026-04-14 22:35:33,658 [ERROR] LogOutputStream:75 - [STDERR_REDIRECT] [Fatal Error] :1:1: Premature end of file.
2026-04-14 22:35:33,659 [ERROR] LogOutputStream:75 - [STDERR_REDIRECT] 
2026-04-14 22:35:34,663 [ERROR] LogOutputStream:75 - [STDERR_REDIRECT] [Fatal Error] :1:1: Premature end of file.
2026-04-14 22:35:34,664 [ERROR] LogOutputStream:75 - [STDERR_REDIRECT] 
2026-04-14 22:35:35,662 [ERROR] LogOutputStream:75 - [STDERR_REDIRECT] [Fatal Error] :1:1: Premature end of file.
2026-04-14 22:35:35,662 [ERROR] LogOutputStream:75 - [STDERR_REDIRECT] 
2026-04-14 22:35:36,654 [ERROR] LogOutputStream:75 - [STDERR_REDIRECT] [Fatal Error] :1:1: Premature end of file.
2026-04-14 22:35:36,655 [ERROR] LogOutputStream:75 - [STDERR_REDIRECT] 
2026-04-14 22:35:37,677 [ERROR] LogOutputStream:75 - [STDERR_REDIRECT] [Fatal Error] :1:1: Premature end of file.
2026-04-14 22:35:37,677 [ERROR] LogOutputStream:75 - [STDERR_REDIRECT] 
2026-04-14 22:35:38,683 [ERROR] LogOutputStream:75 - [STDERR_REDIRECT] [Fatal Error] :1:1: Premature end of file.
2026-04-14 22:35:38,683 [ERROR] LogOutputStream:75 - [STDERR_REDIRECT] 
2026-04-14 22:35:39,676 [ERROR] LogOutputStream:75 - [STDERR_REDIRECT] [Fatal Error] :1:1: Premature end of file.
2026-04-14 22:35:39,676 [ERROR] LogOutputStream:75 - [STDERR_REDIRECT] 
2026-04-14 22:35:40,674 [ERROR] LogOutputStream:75 - [STDERR_REDIRECT] [Fatal Error] :1:1: Premature end of file.
2026-04-14 22:35:40,675 [ERROR] LogOutputStream:75 - [STDERR_REDIRECT] 
2026-04-14 22:35:41,667 [ERROR] LogOutputStream:75 - [STDERR_REDIRECT] [Fatal Error] :1:1: Premature end of file.
2026-04-14 22:35:41,667 [ERROR] LogOutputStream:75 - [STDERR_REDIRECT] 
2026-04-14 22:35:42,673 [ERROR] LogOutputStream:75 - [STDERR_REDIRECT] [Fatal Error] :1:1: Premature end of file.
2026-04-14 22:35:42,673 [ERROR] LogOutputStream:75 - [STDERR_REDIRECT] 
2026-04-14 22:35:43,690 [ERROR] LogOutputStream:75 - [STDERR_REDIRECT] [Fatal Error] :1:1: Premature end of file.
2026-04-14 22:35:43,690 [ERROR] LogOutputStream:75 - [STDERR_REDIRECT] 
2026-04-14 22:35:44,668 [ERROR] LogOutputStream:75 - [STDERR_REDIRECT] [Fatal Error] :1:1: Premature end of file.
2026-04-14 22:35:44,669 [ERROR] LogOutputStream:75 - [STDERR_REDIRECT] 
2026-04-14 22:35:45,651 [ERROR] LogOutputStream:75 - [STDERR_REDIRECT] [Fatal Error] :1:1: Premature end of file.
2026-04-14 22:35:45,652 [ERROR] LogOutputStream:75 - [STDERR_REDIRECT] 
2026-04-14 22:35:46,668 [ERROR] LogOutputStream:75 - [STDERR_REDIRECT] [Fatal Error] :1:1: Premature end of file.
2026-04-14 22:35:46,669 [ERROR] LogOutputStream:75 - [STDERR_REDIRECT] 
2026-04-14 22:35:47,657 [ERROR] LogOutputStream:75 - [STDERR_REDIRECT] [Fatal Error] :1:1: Premature end of file.
2026-04-14 22:35:47,657 [ERROR] LogOutputStream:75 - [STDERR_REDIRECT] 
2026-04-14 22:35:48,670 [ERROR] LogOutputStream:75 - [STDERR_REDIRECT] [Fatal Error] :1:1: Premature end of file.
2026-04-14 22:35:48,670 [ERROR] LogOutputStream:75 - [STDERR_REDIRECT] 
2026-04-14 22:35:49,692 [ERROR] LogOutputStream:75 - [STDERR_REDIRECT] [Fatal Error] :1:1: Premature end of file.
2026-04-14 22:35:49,692 [ERROR] LogOutputStream:75 - [STDERR_REDIRECT] 
2026-04-14 22:35:50,675 [ERROR] LogOutputStream:75 - [STDERR_REDIRECT] [Fatal Error] :1:1: Premature end of file.
2026-04-14 22:35:50,675 [ERROR] LogOutputStream:75 - [STDERR_REDIRECT] 
2026-04-14 22:35:51,667 [ERROR] LogOutputStream:75 - [STDERR_REDIRECT] [Fatal Error] :1:1: Premature end of file.
2026-04-14 22:35:51,667 [ERROR] LogOutputStream:75 - [STDERR_REDIRECT] 
2026-04-14 22:35:52,664 [ERROR] LogOutputStream:75 - [STDERR_REDIRECT] [Fatal Error] :1:1: Premature end of file.
2026-04-14 22:35:52,664 [ERROR] LogOutputStream:75 - [STDERR_REDIRECT] 
2026-04-14 22:35:53,664 [ERROR] LogOutputStream:75 - [STDERR_REDIRECT] [Fatal Error] :1:1: Premature end of file.
2026-04-14 22:35:53,665 [ERROR] LogOutputStream:75 - [STDERR_REDIRECT] 
2026-04-14 22:35:54,651 [ERROR] LogOutputStream:75 - [STDERR_REDIRECT] [Fatal Error] :1:1: Premature end of file.
2026-04-14 22:35:54,651 [ERROR] LogOutputStream:75 - [STDERR_REDIRECT] 
2026-04-14 22:35:55,649 [ERROR] LogOutputStream:75 - [STDERR_REDIRECT] [Fatal Error] :1:1: Premature end of file.
2026-04-14 22:35:55,650 [ERROR] LogOutputStream:75 - [STDERR_REDIRECT] 
2026-04-14 22:35:56,669 [ERROR] LogOutputStream:75 - [STDERR_REDIRECT] [Fatal Error] :1:1: Premature end of file.
2026-04-14 22:35:56,669 [ERROR] LogOutputStream:75 - [STDERR_REDIRECT] 
2026-04-14 22:35:57,668 [ERROR] LogOutputStream:75 - [STDERR_REDIRECT] [Fatal Error] :1:1: Premature end of file.
2026-04-14 22:35:57,668 [ERROR] LogOutputStream:75 - [STDERR_REDIRECT] 
2026-04-14 22:35:58,680 [ERROR] LogOutputStream:75 - [STDERR_REDIRECT] [Fatal Error] :1:1: Premature end of file.
2026-04-14 22:35:58,680 [ERROR] LogOutputStream:75 - [STDERR_REDIRECT] 
2026-04-14 22:35:59,665 [ERROR] LogOutputStream:75 - [STDERR_REDIRECT] [Fatal Error] :1:1: Premature end of file.
2026-04-14 22:35:59,665 [ERROR] LogOutputStream:75 - [STDERR_REDIRECT] 
2026-04-14 22:36:00,651 [ERROR] LogOutputStream:75 - [STDERR_REDIRECT] [Fatal Error] :1:1: Premature end of file.
2026-04-14 22:36:00,651 [ERROR] LogOutputStream:75 - [STDERR_REDIRECT] 
2026-04-14 22:36:01,651 [ERROR] LogOutputStream:75 - [STDERR_REDIRECT] [Fatal Error] :1:1: Premature end of file.
2026-04-14 22:36:01,651 [ERROR] LogOutputStream:75 - [STDERR_REDIRECT] 
2026-04-14 22:36:02,665 [ERROR] LogOutputStream:75 - [STDERR_REDIRECT] [Fatal Error] :1:1: Premature end of file.
2026-04-14 22:36:02,665 [ERROR] LogOutputStream:75 - [STDERR_REDIRECT] 
2026-04-14 22:36:03,670 [ERROR] LogOutputStream:75 - [STDERR_REDIRECT] [Fatal Error] :1:1: Premature end of file.
2026-04-14 22:36:03,670 [ERROR] LogOutputStream:75 - [STDERR_REDIRECT] 
2026-04-14 22:36:04,680 [ERROR] LogOutputStream:75 - [STDERR_REDIRECT] [Fatal Error] :1:1: Premature end of file.
2026-04-14 22:36:04,680 [ERROR] LogOutputStream:75 - [STDERR_REDIRECT] 
2026-04-14 22:36:05,671 [ERROR] LogOutputStream:75 - [STDERR_REDIRECT] [Fatal Error] :1:1: Premature end of file.
2026-04-14 22:36:05,672 [ERROR] LogOutputStream:75 - [STDERR_REDIRECT] 
2026-04-14 22:36:06,674 [ERROR] LogOutputStream:75 - [STDERR_REDIRECT] [Fatal Error] :1:1: Premature end of file.
2026-04-14 22:36:06,674 [ERROR] LogOutputStream:75 - [STDERR_REDIRECT] 
2026-04-14 22:36:07,688 [ERROR] LogOutputStream:75 - [STDERR_REDIRECT] [Fatal Error] :1:1: Premature end of file.
2026-04-14 22:36:07,688 [ERROR] LogOutputStream:75 - [STDERR_REDIRECT] 
2026-04-14 22:36:08,675 [ERROR] LogOutputStream:75 - [STDERR_REDIRECT] [Fatal Error] :1:1: Premature end of file.
2026-04-14 22:36:08,675 [ERROR] LogOutputStream:75 - [STDERR_REDIRECT] 
2026-04-14 22:36:09,673 [ERROR] LogOutputStream:75 - [STDERR_REDIRECT] [Fatal Error] :1:1: Premature end of file.
2026-04-14 22:36:09,674 [ERROR] LogOutputStream:75 - [STDERR_REDIRECT] 
2026-04-14 22:36:10,688 [ERROR] LogOutputStream:75 - [STDERR_REDIRECT] [Fatal Error] :1:1: Premature end of file.
2026-04-14 22:36:10,688 [ERROR] LogOutputStream:75 - [STDERR_REDIRECT] 
2026-04-14 22:36:11,667 [ERROR] LogOutputStream:75 - [STDERR_REDIRECT] [Fatal Error] :1:1: Premature end of file.
2026-04-14 22:36:11,668 [ERROR] LogOutputStream:75 - [STDERR_REDIRECT] 
2026-04-14 22:36:12,675 [ERROR] LogOutputStream:75 - [STDERR_REDIRECT] [Fatal Error] :1:1: Premature end of file.
2026-04-14 22:36:12,677 [ERROR] LogOutputStream:75 - [STDERR_REDIRECT] 
2026-04-14 22:36:13,662 [ERROR] LogOutputStream:75 - [STDERR_REDIRECT] [Fatal Error] :1:1: Premature end of file.
2026-04-14 22:36:13,663 [ERROR] LogOutputStream:75 - [STDERR_REDIRECT] 
2026-04-14 22:36:14,666 [ERROR] LogOutputStream:75 - [STDERR_REDIRECT] [Fatal Error] :1:1: Premature end of file.
2026-04-14 22:36:14,667 [ERROR] LogOutputStream:75 - [STDERR_REDIRECT] 
2026-04-14 22:36:15,813 [ERROR] LogOutputStream:75 - [STDERR_REDIRECT] [Fatal Error] :1:1: Premature end of file.
2026-04-14 22:36:15,814 [ERROR] LogOutputStream:75 - [STDERR_REDIRECT] 
2026-04-14 22:36:16,663 [ERROR] LogOutputStream:75 - [STDERR_REDIRECT] [Fatal Error] :1:1: Premature end of file.
2026-04-14 22:36:16,664 [ERROR] LogOutputStream:75 - [STDERR_REDIRECT] 
2026-04-14 22:36:17,678 [ERROR] LogOutputStream:75 - [STDERR_REDIRECT] [Fatal Error] :1:1: Premature end of file.
2026-04-14 22:36:17,678 [ERROR] LogOutputStream:75 - [STDERR_REDIRECT] 
2026-04-14 22:36:18,672 [ERROR] LogOutputStream:75 - [STDERR_REDIRECT] [Fatal Error] :1:1: Premature end of file.
2026-04-14 22:36:18,672 [ERROR] LogOutputStream:75 - [STDERR_REDIRECT] 
2026-04-14 22:36:19,680 [ERROR] LogOutputStream:75 - [STDERR_REDIRECT] [Fatal Error] :1:1: Premature end of file.
2026-04-14 22:36:19,680 [ERROR] LogOutputStream:75 - [STDERR_REDIRECT] 
2026-04-14 22:36:20,674 [ERROR] LogOutputStream:75 - [STDERR_REDIRECT] [Fatal Error] :1:1: Premature end of file.
2026-04-14 22:36:20,674 [ERROR] LogOutputStream:75 - [STDERR_REDIRECT] 
2026-04-14 22:36:21,682 [ERROR] LogOutputStream:75 - [STDERR_REDIRECT] [Fatal Error] :1:1: Premature end of file.
2026-04-14 22:36:21,682 [ERROR] LogOutputStream:75 - [STDERR_REDIRECT] 
2026-04-14 22:36:22,671 [ERROR] LogOutputStream:75 - [STDERR_REDIRECT] [Fatal Error] :1:1: Premature end of file.
2026-04-14 22:36:22,671 [ERROR] LogOutputStream:75 - [STDERR_REDIRECT] 
2026-04-14 22:36:23,675 [ERROR] LogOutputStream:75 - [STDERR_REDIRECT] [Fatal Error] :1:1: Premature end of file.
2026-04-14 22:36:23,676 [ERROR] LogOutputStream:75 - [STDERR_REDIRECT] 
2026-04-14 22:36:24,684 [ERROR] LogOutputStream:75 - [STDERR_REDIRECT] [Fatal Error] :1:1: Premature end of file.
2026-04-14 22:36:24,684 [ERROR] LogOutputStream:75 - [STDERR_REDIRECT] 
2026-04-14 22:36:25,668 [ERROR] LogOutputStream:75 - [STDERR_REDIRECT] [Fatal Error] :1:1: Premature end of file.
2026-04-14 22:36:25,668 [ERROR] LogOutputStream:75 - [STDERR_REDIRECT] 
2026-04-14 22:36:26,677 [ERROR] LogOutputStream:75 - [STDERR_REDIRECT] [Fatal Error] :1:1: Premature end of file.
2026-04-14 22:36:26,677 [ERROR] LogOutputStream:75 - [STDERR_REDIRECT] 
2026-04-14 22:36:27,687 [ERROR] LogOutputStream:75 - [STDERR_REDIRECT] [Fatal Error] :1:1: Premature end of file.
2026-04-14 22:36:27,688 [ERROR] LogOutputStream:75 - [STDERR_REDIRECT] 
2026-04-14 22:36:28,673 [ERROR] LogOutputStream:75 - [STDERR_REDIRECT] [Fatal Error] :1:1: Premature end of file.
2026-04-14 22:36:28,673 [ERROR] LogOutputStream:75 - [STDERR_REDIRECT] 
2026-04-14 22:36:29,693 [ERROR] LogOutputStream:75 - [STDERR_REDIRECT] [Fatal Error] :1:1: Premature end of file.
2026-04-14 22:36:29,695 [ERROR] LogOutputStream:75 - [STDERR_REDIRECT] 
2026-04-14 22:36:30,673 [ERROR] LogOutputStream:75 - [STDERR_REDIRECT] [Fatal Error] :1:1: Premature end of file.
2026-04-14 22:36:30,673 [ERROR] LogOutputStream:75 - [STDERR_REDIRECT] 
2026-04-14 22:36:31,670 [ERROR] LogOutputStream:75 - [STDERR_REDIRECT] [Fatal Error] :1:1: Premature end of file.
2026-04-14 22:36:31,670 [ERROR] LogOutputStream:75 - [STDERR_REDIRECT] 
2026-04-14 22:36:32,677 [ERROR] LogOutputStream:75 - [STDERR_REDIRECT] [Fatal Error] :1:1: Premature end of file.
2026-04-14 22:36:32,678 [ERROR] LogOutputStream:75 - [STDERR_REDIRECT] 
2026-04-14 22:36:33,671 [ERROR] LogOutputStream:75 - [STDERR_REDIRECT] [Fatal Error] :1:1: Premature end of file.
2026-04-14 22:36:33,671 [ERROR] LogOutputStream:75 - [STDERR_REDIRECT] 
2026-04-14 22:36:34,665 [ERROR] LogOutputStream:75 - [STDERR_REDIRECT] [Fatal Error] :1:1: Premature end of file.
2026-04-14 22:36:34,665 [ERROR] LogOutputStream:75 - [STDERR_REDIRECT] 
2026-04-14 22:36:35,655 [ERROR] LogOutputStream:75 - [STDERR_REDIRECT] [Fatal Error] :1:1: Premature end of file.
2026-04-14 22:36:35,655 [ERROR] LogOutputStream:75 - [STDERR_REDIRECT] 
2026-04-14 22:36:36,658 [ERROR] LogOutputStream:75 - [STDERR_REDIRECT] [Fatal Error] :1:1: Premature end of file.
2026-04-14 22:36:36,658 [ERROR] LogOutputStream:75 - [STDERR_REDIRECT] 
2026-04-14 22:36:37,648 [ERROR] LogOutputStream:75 - [STDERR_REDIRECT] [Fatal Error] :1:1: Premature end of file.
2026-04-14 22:36:37,648 [ERROR] LogOutputStream:75 - [STDERR_REDIRECT] 
2026-04-14 22:36:38,654 [ERROR] LogOutputStream:75 - [STDERR_REDIRECT] [Fatal Error] :1:1: Premature end of file.
2026-04-14 22:36:38,655 [ERROR] LogOutputStream:75 - [STDERR_REDIRECT] 
2026-04-14 22:36:39,656 [ERROR] LogOutputStream:75 - [STDERR_REDIRECT] [Fatal Error] :1:1: Premature end of file.
2026-04-14 22:36:39,657 [ERROR] LogOutputStream:75 - [STDERR_REDIRECT] 
2026-04-14 22:36:40,675 [ERROR] LogOutputStream:75 - [STDERR_REDIRECT] [Fatal Error] :1:1: Premature end of file.
2026-04-14 22:36:40,675 [ERROR] LogOutputStream:75 - [STDERR_REDIRECT] 
2026-04-14 22:36:41,675 [ERROR] LogOutputStream:75 - [STDERR_REDIRECT] [Fatal Error] :1:1: Premature end of file.
2026-04-14 22:36:41,675 [ERROR] LogOutputStream:75 - [STDERR_REDIRECT] 
2026-04-14 22:36:42,647 [ERROR] LogOutputStream:75 - [STDERR_REDIRECT] [Fatal Error] :1:1: Premature end of file.
2026-04-14 22:36:42,647 [ERROR] LogOutputStream:75 - [STDERR_REDIRECT] 
2026-04-14 22:36:43,671 [ERROR] LogOutputStream:75 - [STDERR_REDIRECT] [Fatal Error] :1:1: Premature end of file.
2026-04-14 22:36:43,671 [ERROR] LogOutputStream:75 - [STDERR_REDIRECT] 
2026-04-14 22:36:44,662 [ERROR] LogOutputStream:75 - [STDERR_REDIRECT] [Fatal Error] :1:1: Premature end of file.
2026-04-14 22:36:44,662 [ERROR] LogOutputStream:75 - [STDERR_REDIRECT] 
2026-04-14 22:36:45,653 [ERROR] LogOutputStream:75 - [STDERR_REDIRECT] [Fatal Error] :1:1: Premature end of file.
2026-04-14 22:36:45,653 [ERROR] LogOutputStream:75 - [STDERR_REDIRECT] 
2026-04-14 22:36:46,674 [ERROR] LogOutputStream:75 - [STDERR_REDIRECT] [Fatal Error] :1:1: Premature end of file.
2026-04-14 22:36:46,674 [ERROR] LogOutputStream:75 - [STDERR_REDIRECT] 
2026-04-14 22:36:47,660 [ERROR] LogOutputStream:75 - [STDERR_REDIRECT] [Fatal Error] :1:1: Premature end of file.
2026-04-14 22:36:47,660 [ERROR] LogOutputStream:75 - [STDERR_REDIRECT] 
2026-04-14 22:36:48,669 [ERROR] LogOutputStream:75 - [STDERR_REDIRECT] [Fatal Error] :1:1: Premature end of file.
2026-04-14 22:36:48,670 [ERROR] LogOutputStream:75 - [STDERR_REDIRECT] 
2026-04-14 22:36:49,647 [ERROR] LogOutputStream:75 - [STDERR_REDIRECT] [Fatal Error] :1:1: Premature end of file.
2026-04-14 22:36:49,648 [ERROR] LogOutputStream:75 - [STDERR_REDIRECT] 
2026-04-14 22:36:50,655 [ERROR] LogOutputStream:75 - [STDERR_REDIRECT] [Fatal Error] :1:1: Premature end of file.
2026-04-14 22:36:50,655 [ERROR] LogOutputStream:75 - [STDERR_REDIRECT] 
2026-04-14 22:36:51,657 [ERROR] LogOutputStream:75 - [STDERR_REDIRECT] [Fatal Error] :1:1: Premature end of file.
2026-04-14 22:36:51,657 [ERROR] LogOutputStream:75 - [STDERR_REDIRECT] 
2026-04-14 22:36:52,648 [ERROR] LogOutputStream:75 - [STDERR_REDIRECT] [Fatal Error] :1:1: Premature end of file.
2026-04-14 22:36:52,648 [ERROR] LogOutputStream:75 - [STDERR_REDIRECT] 
2026-04-14 22:36:53,663 [ERROR] LogOutputStream:75 - [STDERR_REDIRECT] [Fatal Error] :1:1: Premature end of file.
2026-04-14 22:36:53,663 [ERROR] LogOutputStream:75 - [STDERR_REDIRECT] 
2026-04-14 22:36:54,683 [ERROR] LogOutputStream:75 - [STDERR_REDIRECT] [Fatal Error] :1:1: Premature end of file.
2026-04-14 22:36:54,683 [ERROR] LogOutputStream:75 - [STDERR_REDIRECT] 
2026-04-14 22:36:55,751 [ERROR] LogOutputStream:75 - [STDERR_REDIRECT] [Fatal Error] :1:1: Premature end of file.
2026-04-14 22:36:55,751 [ERROR] LogOutputStream:75 - [STDERR_REDIRECT] 
2026-04-14 22:36:56,675 [ERROR] LogOutputStream:75 - [STDERR_REDIRECT] [Fatal Error] :1:1: Premature end of file.
2026-04-14 22:36:56,675 [ERROR] LogOutputStream:75 - [STDERR_REDIRECT] 
2026-04-14 22:36:57,666 [ERROR] LogOutputStream:75 - [STDERR_REDIRECT] [Fatal Error] :1:1: Premature end of file.
2026-04-14 22:36:57,666 [ERROR] LogOutputStream:75 - [STDERR_REDIRECT] 
2026-04-14 22:36:58,675 [ERROR] LogOutputStream:75 - [STDERR_REDIRECT] [Fatal Error] :1:1: Premature end of file.
2026-04-14 22:36:58,675 [ERROR] LogOutputStream:75 - [STDERR_REDIRECT] 
2026-04-14 22:36:59,650 [ERROR] LogOutputStream:75 - [STDERR_REDIRECT] [Fatal Error] :1:1: Premature end of file.
2026-04-14 22:36:59,651 [ERROR] LogOutputStream:75 - [STDERR_REDIRECT] 
2026-04-14 22:37:00,672 [ERROR] LogOutputStream:75 - [STDERR_REDIRECT] [Fatal Error] :1:1: Premature end of file.
2026-04-14 22:37:00,673 [ERROR] LogOutputStream:75 - [STDERR_REDIRECT] 
2026-04-14 22:37:01,665 [ERROR] LogOutputStream:75 - [STDERR_REDIRECT] [Fatal Error] :1:1: Premature end of file.
2026-04-14 22:37:01,666 [ERROR] LogOutputStream:75 - [STDERR_REDIRECT] 
2026-04-14 22:37:02,648 [ERROR] LogOutputStream:75 - [STDERR_REDIRECT] [Fatal Error] :1:1: Premature end of file.
2026-04-14 22:37:02,648 [ERROR] LogOutputStream:75 - [STDERR_REDIRECT] 
2026-04-14 22:37:03,653 [ERROR] LogOutputStream:75 - [STDERR_REDIRECT] [Fatal Error] :1:1: Premature end of file.
2026-04-14 22:37:03,653 [ERROR] LogOutputStream:75 - [STDERR_REDIRECT] 
2026-04-14 22:37:04,651 [ERROR] LogOutputStream:75 - [STDERR_REDIRECT] [Fatal Error] :1:1: Premature end of file.
2026-04-14 22:37:04,651 [ERROR] LogOutputStream:75 - [STDERR_REDIRECT] 
2026-04-14 22:37:05,660 [ERROR] LogOutputStream:75 - [STDERR_REDIRECT] [Fatal Error] :1:1: Premature end of file.
2026-04-14 22:37:05,661 [ERROR] LogOutputStream:75 - [STDERR_REDIRECT] 
2026-04-14 22:37:06,656 [ERROR] LogOutputStream:75 - [STDERR_REDIRECT] [Fatal Error] :1:1: Premature end of file.
2026-04-14 22:37:06,656 [ERROR] LogOutputStream:75 - [STDERR_REDIRECT] 
2026-04-14 22:37:07,659 [ERROR] LogOutputStream:75 - [STDERR_REDIRECT] [Fatal Error] :1:1: Premature end of file.
2026-04-14 22:37:07,659 [ERROR] LogOutputStream:75 - [STDERR_REDIRECT] 
2026-04-14 22:37:08,656 [ERROR] LogOutputStream:75 - [STDERR_REDIRECT] [Fatal Error] :1:1: Premature end of file.
2026-04-14 22:37:08,657 [ERROR] LogOutputStream:75 - [STDERR_REDIRECT] 
2026-04-14 22:37:09,655 [ERROR] LogOutputStream:75 - [STDERR_REDIRECT] [Fatal Error] :1:1: Premature end of file.
2026-04-14 22:37:09,655 [ERROR] LogOutputStream:75 - [STDERR_REDIRECT] 
2026-04-14 22:37:10,660 [ERROR] LogOutputStream:75 - [STDERR_REDIRECT] [Fatal Error] :1:1: Premature end of file.
2026-04-14 22:37:10,661 [ERROR] LogOutputStream:75 - [STDERR_REDIRECT] 
2026-04-14 22:37:11,659 [ERROR] LogOutputStream:75 - [STDERR_REDIRECT] [Fatal Error] :1:1: Premature end of file.
2026-04-14 22:37:11,660 [ERROR] LogOutputStream:75 - [STDERR_REDIRECT] 
2026-04-14 22:37:12,659 [ERROR] LogOutputStream:75 - [STDERR_REDIRECT] [Fatal Error] :1:1: Premature end of file.
2026-04-14 22:37:12,660 [ERROR] LogOutputStream:75 - [STDERR_REDIRECT] 
2026-04-14 22:37:13,665 [ERROR] LogOutputStream:75 - [STDERR_REDIRECT] [Fatal Error] :1:1: Premature end of file.
2026-04-14 22:37:13,665 [ERROR] LogOutputStream:75 - [STDERR_REDIRECT] 
2026-04-14 22:37:14,665 [ERROR] LogOutputStream:75 - [STDERR_REDIRECT] [Fatal Error] :1:1: Premature end of file.
2026-04-14 22:37:14,665 [ERROR] LogOutputStream:75 - [STDERR_REDIRECT] 
2026-04-14 22:37:15,662 [ERROR] LogOutputStream:75 - [STDERR_REDIRECT] [Fatal Error] :1:1: Premature end of file.
2026-04-14 22:37:15,663 [ERROR] LogOutputStream:75 - [STDERR_REDIRECT] 
2026-04-14 22:37:16,655 [ERROR] LogOutputStream:75 - [STDERR_REDIRECT] [Fatal Error] :1:1: Premature end of file.
2026-04-14 22:37:16,655 [ERROR] LogOutputStream:75 - [STDERR_REDIRECT] 
2026-04-14 22:37:17,663 [ERROR] LogOutputStream:75 - [STDERR_REDIRECT] [Fatal Error] :1:1: Premature end of file.
2026-04-14 22:37:17,663 [ERROR] LogOutputStream:75 - [STDERR_REDIRECT] 
2026-04-14 22:37:18,654 [ERROR] LogOutputStream:75 - [STDERR_REDIRECT] [Fatal Error] :1:1: Premature end of file.
2026-04-14 22:37:18,655 [ERROR] LogOutputStream:75 - [STDERR_REDIRECT] 
2026-04-14 22:37:19,661 [ERROR] LogOutputStream:75 - [STDERR_REDIRECT] [Fatal Error] :1:1: Premature end of file.
2026-04-14 22:37:19,661 [ERROR] LogOutputStream:75 - [STDERR_REDIRECT] 
2026-04-14 22:37:20,674 [ERROR] LogOutputStream:75 - [STDERR_REDIRECT] [Fatal Error] :1:1: Premature end of file.
2026-04-14 22:37:20,675 [ERROR] LogOutputStream:75 - [STDERR_REDIRECT] 
2026-04-14 22:37:21,664 [ERROR] LogOutputStream:75 - [STDERR_REDIRECT] [Fatal Error] :1:1: Premature end of file.
2026-04-14 22:37:21,664 [ERROR] LogOutputStream:75 - [STDERR_REDIRECT] 
2026-04-14 22:37:22,664 [ERROR] LogOutputStream:75 - [STDERR_REDIRECT] [Fatal Error] :1:1: Premature end of file.
2026-04-14 22:37:22,664 [ERROR] LogOutputStream:75 - [STDERR_REDIRECT] 
2026-04-14 22:37:23,668 [ERROR] LogOutputStream:75 - [STDERR_REDIRECT] [Fatal Error] :1:1: Premature end of file.
2026-04-14 22:37:23,669 [ERROR] LogOutputStream:75 - [STDERR_REDIRECT] 
2026-04-14 22:37:24,666 [ERROR] LogOutputStream:75 - [STDERR_REDIRECT] [Fatal Error] :1:1: Premature end of file.
2026-04-14 22:37:24,667 [ERROR] LogOutputStream:75 - [STDERR_REDIRECT] 
2026-04-14 22:37:25,672 [ERROR] LogOutputStream:75 - [STDERR_REDIRECT] [Fatal Error] :1:1: Premature end of file.
2026-04-14 22:37:25,672 [ERROR] LogOutputStream:75 - [STDERR_REDIRECT] 
2026-04-14 22:37:26,672 [ERROR] LogOutputStream:75 - [STDERR_REDIRECT] [Fatal Error] :1:1: Premature end of file.
2026-04-14 22:37:26,672 [ERROR] LogOutputStream:75 - [STDERR_REDIRECT] 
2026-04-14 22:37:27,659 [ERROR] LogOutputStream:75 - [STDERR_REDIRECT] [Fatal Error] :1:1: Premature end of file.
2026-04-14 22:37:27,659 [ERROR] LogOutputStream:75 - [STDERR_REDIRECT] 
2026-04-14 22:37:28,664 [ERROR] LogOutputStream:75 - [STDERR_REDIRECT] [Fatal Error] :1:1: Premature end of file.
2026-04-14 22:37:28,664 [ERROR] LogOutputStream:75 - [STDERR_REDIRECT] 
2026-04-14 22:37:29,669 [ERROR] LogOutputStream:75 - [STDERR_REDIRECT] [Fatal Error] :1:1: Premature end of file.
2026-04-14 22:37:29,670 [ERROR] LogOutputStream:75 - [STDERR_REDIRECT] 
2026-04-14 22:37:30,671 [ERROR] LogOutputStream:75 - [STDERR_REDIRECT] [Fatal Error] :1:1: Premature end of file.
2026-04-14 22:37:30,671 [ERROR] LogOutputStream:75 - [STDERR_REDIRECT] 
2026-04-14 22:37:31,663 [ERROR] LogOutputStream:75 - [STDERR_REDIRECT] [Fatal Error] :1:1: Premature end of file.
2026-04-14 22:37:31,663 [ERROR] LogOutputStream:75 - [STDERR_REDIRECT] 
2026-04-14 22:37:32,659 [ERROR] LogOutputStream:75 - [STDERR_REDIRECT] [Fatal Error] :1:1: Premature end of file.
2026-04-14 22:37:32,660 [ERROR] LogOutputStream:75 - [STDERR_REDIRECT] 
2026-04-14 22:37:33,668 [ERROR] LogOutputStream:75 - [STDERR_REDIRECT] [Fatal Error] :1:1: Premature end of file.
2026-04-14 22:37:33,669 [ERROR] LogOutputStream:75 - [STDERR_REDIRECT] 
2026-04-14 22:37:34,665 [ERROR] LogOutputStream:75 - [STDERR_REDIRECT] [Fatal Error] :1:1: Premature end of file.
2026-04-14 22:37:34,665 [ERROR] LogOutputStream:75 - [STDERR_REDIRECT] 
2026-04-14 22:37:35,663 [ERROR] LogOutputStream:75 - [STDERR_REDIRECT] [Fatal Error] :1:1: Premature end of file.
2026-04-14 22:37:35,663 [ERROR] LogOutputStream:75 - [STDERR_REDIRECT] 
2026-04-14 22:37:36,651 [ERROR] LogOutputStream:75 - [STDERR_REDIRECT] [Fatal Error] :1:1: Premature end of file.
2026-04-14 22:37:36,651 [ERROR] LogOutputStream:75 - [STDERR_REDIRECT] 
2026-04-14 22:37:37,663 [ERROR] LogOutputStream:75 - [STDERR_REDIRECT] [Fatal Error] :1:1: Premature end of file.
2026-04-14 22:37:37,663 [ERROR] LogOutputStream:75 - [STDERR_REDIRECT] 
2026-04-14 22:37:38,647 [ERROR] LogOutputStream:75 - [STDERR_REDIRECT] [Fatal Error] :1:1: Premature end of file.
2026-04-14 22:37:38,647 [ERROR] LogOutputStream:75 - [STDERR_REDIRECT] 
2026-04-14 22:37:39,664 [ERROR] LogOutputStream:75 - [STDERR_REDIRECT] [Fatal Error] :1:1: Premature end of file.
2026-04-14 22:37:39,664 [ERROR] LogOutputStream:75 - [STDERR_REDIRECT] 
2026-04-14 22:37:40,670 [ERROR] LogOutputStream:75 - [STDERR_REDIRECT] [Fatal Error] :1:1: Premature end of file.
2026-04-14 22:37:40,670 [ERROR] LogOutputStream:75 - [STDERR_REDIRECT] 
2026-04-14 22:37:41,673 [ERROR] LogOutputStream:75 - [STDERR_REDIRECT] [Fatal Error] :1:1: Premature end of file.
2026-04-14 22:37:41,674 [ERROR] LogOutputStream:75 - [STDERR_REDIRECT] 
2026-04-14 22:37:42,671 [ERROR] LogOutputStream:75 - [STDERR_REDIRECT] [Fatal Error] :1:1: Premature end of file.
2026-04-14 22:37:42,671 [ERROR] LogOutputStream:75 - [STDERR_REDIRECT] 
2026-04-14 22:37:43,661 [ERROR] LogOutputStream:75 - [STDERR_REDIRECT] [Fatal Error] :1:1: Premature end of file.
2026-04-14 22:37:43,662 [ERROR] LogOutputStream:75 - [STDERR_REDIRECT] 
2026-04-14 22:37:44,672 [ERROR] LogOutputStream:75 - [STDERR_REDIRECT] [Fatal Error] :1:1: Premature end of file.
2026-04-14 22:37:44,673 [ERROR] LogOutputStream:75 - [STDERR_REDIRECT] 
2026-04-14 22:37:45,662 [ERROR] LogOutputStream:75 - [STDERR_REDIRECT] [Fatal Error] :1:1: Premature end of file.
2026-04-14 22:37:45,663 [ERROR] LogOutputStream:75 - [STDERR_REDIRECT] 
2026-04-14 22:37:46,670 [ERROR] LogOutputStream:75 - [STDERR_REDIRECT] [Fatal Error] :1:1: Premature end of file.
2026-04-14 22:37:46,670 [ERROR] LogOutputStream:75 - [STDERR_REDIRECT] 
2026-04-14 22:37:47,666 [ERROR] LogOutputStream:75 - [STDERR_REDIRECT] [Fatal Error] :1:1: Premature end of file.
2026-04-14 22:37:47,666 [ERROR] LogOutputStream:75 - [STDERR_REDIRECT] 
2026-04-14 22:37:48,659 [ERROR] LogOutputStream:75 - [STDERR_REDIRECT] [Fatal Error] :1:1: Premature end of file.
2026-04-14 22:37:48,660 [ERROR] LogOutputStream:75 - [STDERR_REDIRECT] 
2026-04-14 22:37:49,673 [ERROR] LogOutputStream:75 - [STDERR_REDIRECT] [Fatal Error] :1:1: Premature end of file.
2026-04-14 22:37:49,675 [ERROR] LogOutputStream:75 - [STDERR_REDIRECT] 
2026-04-14 22:37:50,669 [ERROR] LogOutputStream:75 - [STDERR_REDIRECT] [Fatal Error] :1:1: Premature end of file.
2026-04-14 22:37:50,669 [ERROR] LogOutputStream:75 - [STDERR_REDIRECT] 
2026-04-14 22:37:51,662 [ERROR] LogOutputStream:75 - [STDERR_REDIRECT] [Fatal Error] :1:1: Premature end of file.
2026-04-14 22:37:51,663 [ERROR] LogOutputStream:75 - [STDERR_REDIRECT] 
2026-04-14 22:37:52,652 [ERROR] LogOutputStream:75 - [STDERR_REDIRECT] [Fatal Error] :1:1: Premature end of file.
2026-04-14 22:37:52,652 [ERROR] LogOutputStream:75 - [STDERR_REDIRECT] 
2026-04-14 22:37:53,656 [ERROR] LogOutputStream:75 - [STDERR_REDIRECT] [Fatal Error] :1:1: Premature end of file.
2026-04-14 22:37:53,656 [ERROR] LogOutputStream:75 - [STDERR_REDIRECT] 
2026-04-14 22:37:54,672 [ERROR] LogOutputStream:75 - [STDERR_REDIRECT] [Fatal Error] :1:1: Premature end of file.
2026-04-14 22:37:54,672 [ERROR] LogOutputStream:75 - [STDERR_REDIRECT] 
2026-04-14 22:37:55,666 [ERROR] LogOutputStream:75 - [STDERR_REDIRECT] [Fatal Error] :1:1: Premature end of file.
2026-04-14 22:37:55,666 [ERROR] LogOutputStream:75 - [STDERR_REDIRECT] 
2026-04-14 22:37:56,689 [ERROR] LogOutputStream:75 - [STDERR_REDIRECT] [Fatal Error] :1:1: Premature end of file.
2026-04-14 22:37:56,689 [ERROR] LogOutputStream:75 - [STDERR_REDIRECT] 
2026-04-14 22:37:57,664 [ERROR] LogOutputStream:75 - [STDERR_REDIRECT] [Fatal Error] :1:1: Premature end of file.
2026-04-14 22:37:57,664 [ERROR] LogOutputStream:75 - [STDERR_REDIRECT] 
2026-04-14 22:37:58,677 [ERROR] LogOutputStream:75 - [STDERR_REDIRECT] [Fatal Error] :1:1: Premature end of file.
2026-04-14 22:37:58,677 [ERROR] LogOutputStream:75 - [STDERR_REDIRECT] 
2026-04-14 22:37:59,682 [ERROR] LogOutputStream:75 - [STDERR_REDIRECT] [Fatal Error] :1:1: Premature end of file.
2026-04-14 22:37:59,684 [ERROR] LogOutputStream:75 - [STDERR_REDIRECT] 
2026-04-14 22:38:00,661 [ERROR] LogOutputStream:75 - [STDERR_REDIRECT] [Fatal Error] :1:1: Premature end of file.
2026-04-14 22:38:00,661 [ERROR] LogOutputStream:75 - [STDERR_REDIRECT] 
2026-04-14 22:38:01,656 [ERROR] LogOutputStream:75 - [STDERR_REDIRECT] [Fatal Error] :1:1: Premature end of file.
2026-04-14 22:38:01,656 [ERROR] LogOutputStream:75 - [STDERR_REDIRECT] 
2026-04-14 22:38:02,659 [ERROR] LogOutputStream:75 - [STDERR_REDIRECT] [Fatal Error] :1:1: Premature end of file.
2026-04-14 22:38:02,659 [ERROR] LogOutputStream:75 - [STDERR_REDIRECT] 
2026-04-14 22:38:03,658 [ERROR] LogOutputStream:75 - [STDERR_REDIRECT] [Fatal Error] :1:1: Premature end of file.
2026-04-14 22:38:03,658 [ERROR] LogOutputStream:75 - [STDERR_REDIRECT] 
2026-04-14 22:38:04,669 [ERROR] LogOutputStream:75 - [STDERR_REDIRECT] [Fatal Error] :1:1: Premature end of file.
2026-04-14 22:38:04,670 [ERROR] LogOutputStream:75 - [STDERR_REDIRECT] 
2026-04-14 22:38:05,659 [ERROR] LogOutputStream:75 - [STDERR_REDIRECT] [Fatal Error] :1:1: Premature end of file.
2026-04-14 22:38:05,660 [ERROR] LogOutputStream:75 - [STDERR_REDIRECT] 
2026-04-14 22:38:06,664 [ERROR] LogOutputStream:75 - [STDERR_REDIRECT] [Fatal Error] :1:1: Premature end of file.
2026-04-14 22:38:06,664 [ERROR] LogOutputStream:75 - [STDERR_REDIRECT] 
2026-04-14 22:38:07,658 [ERROR] LogOutputStream:75 - [STDERR_REDIRECT] [Fatal Error] :1:1: Premature end of file.
2026-04-14 22:38:07,660 [ERROR] LogOutputStream:75 - [STDERR_REDIRECT] 
2026-04-14 22:38:08,668 [ERROR] LogOutputStream:75 - [STDERR_REDIRECT] [Fatal Error] :1:1: Premature end of file.
2026-04-14 22:38:08,669 [ERROR] LogOutputStream:75 - [STDERR_REDIRECT] 
2026-04-14 22:38:09,648 [ERROR] LogOutputStream:75 - [STDERR_REDIRECT] [Fatal Error] :1:1: Premature end of file.
2026-04-14 22:38:09,648 [ERROR] LogOutputStream:75 - [STDERR_REDIRECT] 
2026-04-14 22:38:10,660 [ERROR] LogOutputStream:75 - [STDERR_REDIRECT] [Fatal Error] :1:1: Premature end of file.
2026-04-14 22:38:10,661 [ERROR] LogOutputStream:75 - [STDERR_REDIRECT] 
2026-04-14 22:38:11,671 [ERROR] LogOutputStream:75 - [STDERR_REDIRECT] [Fatal Error] :1:1: Premature end of file.
2026-04-14 22:38:11,672 [ERROR] LogOutputStream:75 - [STDERR_REDIRECT] 
2026-04-14 22:38:12,661 [ERROR] LogOutputStream:75 - [STDERR_REDIRECT] [Fatal Error] :1:1: Premature end of file.
2026-04-14 22:38:12,661 [ERROR] LogOutputStream:75 - [STDERR_REDIRECT] 
2026-04-14 22:38:13,669 [ERROR] LogOutputStream:75 - [STDERR_REDIRECT] [Fatal Error] :1:1: Premature end of file.
2026-04-14 22:38:13,670 [ERROR] LogOutputStream:75 - [STDERR_REDIRECT] 
2026-04-14 22:38:14,667 [ERROR] LogOutputStream:75 - [STDERR_REDIRECT] [Fatal Error] :1:1: Premature end of file.
2026-04-14 22:38:14,667 [ERROR] LogOutputStream:75 - [STDERR_REDIRECT] 
2026-04-14 22:38:15,673 [ERROR] LogOutputStream:75 - [STDERR_REDIRECT] [Fatal Error] :1:1: Premature end of file.
2026-04-14 22:38:15,673 [ERROR] LogOutputStream:75 - [STDERR_REDIRECT] 
2026-04-14 22:38:16,665 [ERROR] LogOutputStream:75 - [STDERR_REDIRECT] [Fatal Error] :1:1: Premature end of file.
2026-04-14 22:38:16,665 [ERROR] LogOutputStream:75 - [STDERR_REDIRECT] 
2026-04-14 22:38:17,660 [ERROR] LogOutputStream:75 - [STDERR_REDIRECT] [Fatal Error] :1:1: Premature end of file.
2026-04-14 22:38:17,661 [ERROR] LogOutputStream:75 - [STDERR_REDIRECT] 
2026-04-14 22:38:18,665 [ERROR] LogOutputStream:75 - [STDERR_REDIRECT] [Fatal Error] :1:1: Premature end of file.
2026-04-14 22:38:18,667 [ERROR] LogOutputStream:75 - [STDERR_REDIRECT] 
2026-04-14 22:38:19,662 [ERROR] LogOutputStream:75 - [STDERR_REDIRECT] [Fatal Error] :1:1: Premature end of file.
2026-04-14 22:38:19,663 [ERROR] LogOutputStream:75 - [STDERR_REDIRECT] 
2026-04-14 22:38:20,676 [ERROR] LogOutputStream:75 - [STDERR_REDIRECT] [Fatal Error] :1:1: Premature end of file.
2026-04-14 22:38:20,677 [ERROR] LogOutputStream:75 - [STDERR_REDIRECT] 
2026-04-14 22:38:21,667 [ERROR] LogOutputStream:75 - [STDERR_REDIRECT] [Fatal Error] :1:1: Premature end of file.
2026-04-14 22:38:21,667 [ERROR] LogOutputStream:75 - [STDERR_REDIRECT] 
2026-04-14 22:38:22,678 [ERROR] LogOutputStream:75 - [STDERR_REDIRECT] [Fatal Error] :1:1: Premature end of file.
2026-04-14 22:38:22,678 [ERROR] LogOutputStream:75 - [STDERR_REDIRECT] 
2026-04-14 22:38:23,666 [ERROR] LogOutputStream:75 - [STDERR_REDIRECT] [Fatal Error] :1:1: Premature end of file.
2026-04-14 22:38:23,666 [ERROR] LogOutputStream:75 - [STDERR_REDIRECT] 
2026-04-14 22:38:24,660 [ERROR] LogOutputStream:75 - [STDERR_REDIRECT] [Fatal Error] :1:1: Premature end of file.
2026-04-14 22:38:24,660 [ERROR] LogOutputStream:75 - [STDERR_REDIRECT] 
2026-04-14 22:38:25,661 [ERROR] LogOutputStream:75 - [STDERR_REDIRECT] [Fatal Error] :1:1: Premature end of file.
2026-04-14 22:38:25,662 [ERROR] LogOutputStream:75 - [STDERR_REDIRECT] 
2026-04-14 22:38:26,665 [ERROR] LogOutputStream:75 - [STDERR_REDIRECT] [Fatal Error] :1:1: Premature end of file.
2026-04-14 22:38:26,665 [ERROR] LogOutputStream:75 - [STDERR_REDIRECT] 
2026-04-14 22:38:27,669 [ERROR] LogOutputStream:75 - [STDERR_REDIRECT] [Fatal Error] :1:1: Premature end of file.
2026-04-14 22:38:27,670 [ERROR] LogOutputStream:75 - [STDERR_REDIRECT] 
2026-04-14 22:38:28,666 [ERROR] LogOutputStream:75 - [STDERR_REDIRECT] [Fatal Error] :1:1: Premature end of file.
2026-04-14 22:38:28,667 [ERROR] LogOutputStream:75 - [STDERR_REDIRECT] 
2026-04-14 22:38:29,671 [ERROR] LogOutputStream:75 - [STDERR_REDIRECT] [Fatal Error] :1:1: Premature end of file.
2026-04-14 22:38:29,672 [ERROR] LogOutputStream:75 - [STDERR_REDIRECT] 
2026-04-14 22:38:30,662 [ERROR] LogOutputStream:75 - [STDERR_REDIRECT] [Fatal Error] :1:1: Premature end of file.
2026-04-14 22:38:30,662 [ERROR] LogOutputStream:75 - [STDERR_REDIRECT] 
2026-04-14 22:38:31,667 [ERROR] LogOutputStream:75 - [STDERR_REDIRECT] [Fatal Error] :1:1: Premature end of file.
2026-04-14 22:38:31,668 [ERROR] LogOutputStream:75 - [STDERR_REDIRECT] 
2026-04-14 22:38:32,671 [ERROR] LogOutputStream:75 - [STDERR_REDIRECT] [Fatal Error] :1:1: Premature end of file.
2026-04-14 22:38:32,672 [ERROR] LogOutputStream:75 - [STDERR_REDIRECT] 
2026-04-14 22:38:33,664 [ERROR] LogOutputStream:75 - [STDERR_REDIRECT] [Fatal Error] :1:1: Premature end of file.
2026-04-14 22:38:33,664 [ERROR] LogOutputStream:75 - [STDERR_REDIRECT] 
2026-04-14 22:38:34,663 [ERROR] LogOutputStream:75 - [STDERR_REDIRECT] [Fatal Error] :1:1: Premature end of file.
2026-04-14 22:38:34,663 [ERROR] LogOutputStream:75 - [STDERR_REDIRECT] 
2026-04-14 22:38:35,681 [ERROR] LogOutputStream:75 - [STDERR_REDIRECT] [Fatal Error] :1:1: Premature end of file.
2026-04-14 22:38:35,681 [ERROR] LogOutputStream:75 - [STDERR_REDIRECT] 
2026-04-14 22:38:36,678 [ERROR] LogOutputStream:75 - [STDERR_REDIRECT] [Fatal Error] :1:1: Premature end of file.
2026-04-14 22:38:36,679 [ERROR] LogOutputStream:75 - [STDERR_REDIRECT] 
2026-04-14 22:38:37,651 [ERROR] LogOutputStream:75 - [STDERR_REDIRECT] [Fatal Error] :1:1: Premature end of file.
2026-04-14 22:38:37,652 [ERROR] LogOutputStream:75 - [STDERR_REDIRECT] 
2026-04-14 22:38:38,659 [ERROR] LogOutputStream:75 - [STDERR_REDIRECT] [Fatal Error] :1:1: Premature end of file.
2026-04-14 22:38:38,661 [ERROR] LogOutputStream:75 - [STDERR_REDIRECT] 
2026-04-14 22:38:39,651 [ERROR] LogOutputStream:75 - [STDERR_REDIRECT] [Fatal Error] :1:1: Premature end of file.
2026-04-14 22:38:39,651 [ERROR] LogOutputStream:75 - [STDERR_REDIRECT] 
2026-04-14 22:38:40,653 [ERROR] LogOutputStream:75 - [STDERR_REDIRECT] [Fatal Error] :1:1: Premature end of file.
2026-04-14 22:38:40,653 [ERROR] LogOutputStream:75 - [STDERR_REDIRECT] 
2026-04-14 22:38:41,684 [ERROR] LogOutputStream:75 - [STDERR_REDIRECT] [Fatal Error] :1:1: Premature end of file.
2026-04-14 22:38:41,684 [ERROR] LogOutputStream:75 - [STDERR_REDIRECT] 
2026-04-14 22:38:42,669 [ERROR] LogOutputStream:75 - [STDERR_REDIRECT] [Fatal Error] :1:1: Premature end of file.
2026-04-14 22:38:42,669 [ERROR] LogOutputStream:75 - [STDERR_REDIRECT] 
2026-04-14 22:38:43,668 [ERROR] LogOutputStream:75 - [STDERR_REDIRECT] [Fatal Error] :1:1: Premature end of file.
2026-04-14 22:38:43,668 [ERROR] LogOutputStream:75 - [STDERR_REDIRECT] 
2026-04-14 22:38:44,670 [ERROR] LogOutputStream:75 - [STDERR_REDIRECT] [Fatal Error] :1:1: Premature end of file.
2026-04-14 22:38:44,671 [ERROR] LogOutputStream:75 - [STDERR_REDIRECT] 
2026-04-14 22:38:45,666 [ERROR] LogOutputStream:75 - [STDERR_REDIRECT] [Fatal Error] :1:1: Premature end of file.
2026-04-14 22:38:45,667 [ERROR] LogOutputStream:75 - [STDERR_REDIRECT] 
2026-04-14 22:38:46,662 [ERROR] LogOutputStream:75 - [STDERR_REDIRECT] [Fatal Error] :1:1: Premature end of file.
2026-04-14 22:38:46,662 [ERROR] LogOutputStream:75 - [STDERR_REDIRECT] 
2026-04-14 22:38:47,669 [ERROR] LogOutputStream:75 - [STDERR_REDIRECT] [Fatal Error] :1:1: Premature end of file.
2026-04-14 22:38:47,669 [ERROR] LogOutputStream:75 - [STDERR_REDIRECT] 
2026-04-14 22:38:48,664 [ERROR] LogOutputStream:75 - [STDERR_REDIRECT] [Fatal Error] :1:1: Premature end of file.
2026-04-14 22:38:48,664 [ERROR] LogOutputStream:75 - [STDERR_REDIRECT] 
2026-04-14 22:38:49,658 [ERROR] LogOutputStream:75 - [STDERR_REDIRECT] [Fatal Error] :1:1: Premature end of file.
2026-04-14 22:38:49,658 [ERROR] LogOutputStream:75 - [STDERR_REDIRECT] 
2026-04-14 22:38:50,654 [ERROR] LogOutputStream:75 - [STDERR_REDIRECT] [Fatal Error] :1:1: Premature end of file.
2026-04-14 22:38:50,655 [ERROR] LogOutputStream:75 - [STDERR_REDIRECT] 
2026-04-14 22:38:51,657 [ERROR] LogOutputStream:75 - [STDERR_REDIRECT] [Fatal Error] :1:1: Premature end of file.
2026-04-14 22:38:51,658 [ERROR] LogOutputStream:75 - [STDERR_REDIRECT] 
2026-04-14 22:38:52,674 [ERROR] LogOutputStream:75 - [STDERR_REDIRECT] [Fatal Error] :1:1: Premature end of file.
2026-04-14 22:38:52,675 [ERROR] LogOutputStream:75 - [STDERR_REDIRECT] 
2026-04-14 22:38:53,662 [ERROR] LogOutputStream:75 - [STDERR_REDIRECT] [Fatal Error] :1:1: Premature end of file.
2026-04-14 22:38:53,663 [ERROR] LogOutputStream:75 - [STDERR_REDIRECT] 
2026-04-14 22:38:54,670 [ERROR] LogOutputStream:75 - [STDERR_REDIRECT] [Fatal Error] :1:1: Premature end of file.
2026-04-14 22:38:54,671 [ERROR] LogOutputStream:75 - [STDERR_REDIRECT] 
2026-04-14 22:38:55,673 [ERROR] LogOutputStream:75 - [STDERR_REDIRECT] [Fatal Error] :1:1: Premature end of file.
2026-04-14 22:38:55,673 [ERROR] LogOutputStream:75 - [STDERR_REDIRECT] 
2026-04-14 22:38:56,665 [ERROR] LogOutputStream:75 - [STDERR_REDIRECT] [Fatal Error] :1:1: Premature end of file.
2026-04-14 22:38:56,665 [ERROR] LogOutputStream:75 - [STDERR_REDIRECT] 
2026-04-14 22:38:57,668 [ERROR] LogOutputStream:75 - [STDERR_REDIRECT] [Fatal Error] :1:1: Premature end of file.
2026-04-14 22:38:57,668 [ERROR] LogOutputStream:75 - [STDERR_REDIRECT] 
2026-04-14 22:38:58,664 [ERROR] LogOutputStream:75 - [STDERR_REDIRECT] [Fatal Error] :1:1: Premature end of file.
2026-04-14 22:38:58,664 [ERROR] LogOutputStream:75 - [STDERR_REDIRECT] 
2026-04-14 22:38:59,658 [ERROR] LogOutputStream:75 - [STDERR_REDIRECT] [Fatal Error] :1:1: Premature end of file.
2026-04-14 22:38:59,658 [ERROR] LogOutputStream:75 - [STDERR_REDIRECT] 
2026-04-14 22:39:00,659 [ERROR] LogOutputStream:75 - [STDERR_REDIRECT] [Fatal Error] :1:1: Premature end of file.
2026-04-14 22:39:00,660 [ERROR] LogOutputStream:75 - [STDERR_REDIRECT] 
2026-04-14 22:39:01,647 [ERROR] LogOutputStream:75 - [STDERR_REDIRECT] [Fatal Error] :1:1: Premature end of file.
2026-04-14 22:39:01,647 [ERROR] LogOutputStream:75 - [STDERR_REDIRECT] 
2026-04-14 22:39:02,666 [ERROR] LogOutputStream:75 - [STDERR_REDIRECT] [Fatal Error] :1:1: Premature end of file.
2026-04-14 22:39:02,666 [ERROR] LogOutputStream:75 - [STDERR_REDIRECT] 
2026-04-14 22:39:03,659 [ERROR] LogOutputStream:75 - [STDERR_REDIRECT] [Fatal Error] :1:1: Premature end of file.
2026-04-14 22:39:03,659 [ERROR] LogOutputStream:75 - [STDERR_REDIRECT] 
2026-04-14 22:39:04,676 [ERROR] LogOutputStream:75 - [STDERR_REDIRECT] [Fatal Error] :1:1: Premature end of file.
2026-04-14 22:39:04,677 [ERROR] LogOutputStream:75 - [STDERR_REDIRECT] 
2026-04-14 22:39:05,669 [ERROR] LogOutputStream:75 - [STDERR_REDIRECT] [Fatal Error] :1:1: Premature end of file.
2026-04-14 22:39:05,669 [ERROR] LogOutputStream:75 - [STDERR_REDIRECT] 
2026-04-14 22:39:06,671 [ERROR] LogOutputStream:75 - [STDERR_REDIRECT] [Fatal Error] :1:1: Premature end of file.
2026-04-14 22:39:06,671 [ERROR] LogOutputStream:75 - [STDERR_REDIRECT] 
2026-04-14 22:39:07,662 [ERROR] LogOutputStream:75 - [STDERR_REDIRECT] [Fatal Error] :1:1: Premature end of file.
2026-04-14 22:39:07,663 [ERROR] LogOutputStream:75 - [STDERR_REDIRECT] 
2026-04-14 22:39:08,662 [ERROR] LogOutputStream:75 - [STDERR_REDIRECT] [Fatal Error] :1:1: Premature end of file.
2026-04-14 22:39:08,662 [ERROR] LogOutputStream:75 - [STDERR_REDIRECT] 
2026-04-14 22:39:09,662 [ERROR] LogOutputStream:75 - [STDERR_REDIRECT] [Fatal Error] :1:1: Premature end of file.
2026-04-14 22:39:09,662 [ERROR] LogOutputStream:75 - [STDERR_REDIRECT] 
2026-04-14 22:39:10,675 [ERROR] LogOutputStream:75 - [STDERR_REDIRECT] [Fatal Error] :1:1: Premature end of file.
2026-04-14 22:39:10,675 [ERROR] LogOutputStream:75 - [STDERR_REDIRECT] 
2026-04-14 22:39:11,666 [ERROR] LogOutputStream:75 - [STDERR_REDIRECT] [Fatal Error] :1:1: Premature end of file.
2026-04-14 22:39:11,666 [ERROR] LogOutputStream:75 - [STDERR_REDIRECT] 
2026-04-14 22:39:12,660 [ERROR] LogOutputStream:75 - [STDERR_REDIRECT] [Fatal Error] :1:1: Premature end of file.
2026-04-14 22:39:12,660 [ERROR] LogOutputStream:75 - [STDERR_REDIRECT] 
2026-04-14 22:39:13,656 [ERROR] LogOutputStream:75 - [STDERR_REDIRECT] [Fatal Error] :1:1: Premature end of file.
2026-04-14 22:39:13,656 [ERROR] LogOutputStream:75 - [STDERR_REDIRECT] 
2026-04-14 22:39:14,654 [ERROR] LogOutputStream:75 - [STDERR_REDIRECT] [Fatal Error] :1:1: Premature end of file.
2026-04-14 22:39:14,654 [ERROR] LogOutputStream:75 - [STDERR_REDIRECT] 
2026-04-14 22:39:15,671 [ERROR] LogOutputStream:75 - [STDERR_REDIRECT] [Fatal Error] :1:1: Premature end of file.
2026-04-14 22:39:15,671 [ERROR] LogOutputStream:75 - [STDERR_REDIRECT] 
2026-04-14 22:39:16,671 [ERROR] LogOutputStream:75 - [STDERR_REDIRECT] [Fatal Error] :1:1: Premature end of file.
2026-04-14 22:39:16,672 [ERROR] LogOutputStream:75 - [STDERR_REDIRECT] 
2026-04-14 22:39:17,668 [ERROR] LogOutputStream:75 - [STDERR_REDIRECT] [Fatal Error] :1:1: Premature end of file.
2026-04-14 22:39:17,669 [ERROR] LogOutputStream:75 - [STDERR_REDIRECT] 
2026-04-14 22:39:18,670 [ERROR] LogOutputStream:75 - [STDERR_REDIRECT] [Fatal Error] :1:1: Premature end of file.
2026-04-14 22:39:18,670 [ERROR] LogOutputStream:75 - [STDERR_REDIRECT] 
2026-04-14 22:39:19,696 [ERROR] LogOutputStream:75 - [STDERR_REDIRECT] [Fatal Error] :1:1: Premature end of file.
2026-04-14 22:39:19,700 [ERROR] LogOutputStream:75 - [STDERR_REDIRECT] 
2026-04-14 22:39:20,661 [ERROR] LogOutputStream:75 - [STDERR_REDIRECT] [Fatal Error] :1:1: Premature end of file.
2026-04-14 22:39:20,663 [ERROR] LogOutputStream:75 - [STDERR_REDIRECT] 
2026-04-14 22:39:21,687 [ERROR] LogOutputStream:75 - [STDERR_REDIRECT] [Fatal Error] :1:1: Premature end of file.
2026-04-14 22:39:21,688 [ERROR] LogOutputStream:75 - [STDERR_REDIRECT] 
2026-04-14 22:39:22,684 [ERROR] LogOutputStream:75 - [STDERR_REDIRECT] [Fatal Error] :1:1: Premature end of file.
2026-04-14 22:39:22,685 [ERROR] LogOutputStream:75 - [STDERR_REDIRECT] 
2026-04-14 22:39:23,681 [ERROR] LogOutputStream:75 - [STDERR_REDIRECT] [Fatal Error] :1:1: Premature end of file.
2026-04-14 22:39:23,682 [ERROR] LogOutputStream:75 - [STDERR_REDIRECT] 
2026-04-14 22:39:24,679 [ERROR] LogOutputStream:75 - [STDERR_REDIRECT] [Fatal Error] :1:1: Premature end of file.
2026-04-14 22:39:24,679 [ERROR] LogOutputStream:75 - [STDERR_REDIRECT] 
2026-04-14 22:39:25,669 [ERROR] LogOutputStream:75 - [STDERR_REDIRECT] [Fatal Error] :1:1: Premature end of file.
2026-04-14 22:39:25,669 [ERROR] LogOutputStream:75 - [STDERR_REDIRECT] 
2026-04-14 22:39:26,680 [ERROR] LogOutputStream:75 - [STDERR_REDIRECT] [Fatal Error] :1:1: Premature end of file.
2026-04-14 22:39:26,680 [ERROR] LogOutputStream:75 - [STDERR_REDIRECT] 
2026-04-14 22:39:27,675 [ERROR] LogOutputStream:75 - [STDERR_REDIRECT] [Fatal Error] :1:1: Premature end of file.
2026-04-14 22:39:27,675 [ERROR] LogOutputStream:75 - [STDERR_REDIRECT] 
2026-04-14 22:39:28,669 [ERROR] LogOutputStream:75 - [STDERR_REDIRECT] [Fatal Error] :1:1: Premature end of file.
2026-04-14 22:39:28,669 [ERROR] LogOutputStream:75 - [STDERR_REDIRECT] 
2026-04-14 22:39:29,677 [ERROR] LogOutputStream:75 - [STDERR_REDIRECT] [Fatal Error] :1:1: Premature end of file.
2026-04-14 22:39:29,677 [ERROR] LogOutputStream:75 - [STDERR_REDIRECT] 
2026-04-14 22:39:30,668 [ERROR] LogOutputStream:75 - [STDERR_REDIRECT] [Fatal Error] :1:1: Premature end of file.
2026-04-14 22:39:30,669 [ERROR] LogOutputStream:75 - [STDERR_REDIRECT] 
2026-04-14 22:39:31,666 [ERROR] LogOutputStream:75 - [STDERR_REDIRECT] [Fatal Error] :1:1: Premature end of file.
2026-04-14 22:39:31,666 [ERROR] LogOutputStream:75 - [STDERR_REDIRECT] 
2026-04-14 22:39:32,659 [ERROR] LogOutputStream:75 - [STDERR_REDIRECT] [Fatal Error] :1:1: Premature end of file.
2026-04-14 22:39:32,660 [ERROR] LogOutputStream:75 - [STDERR_REDIRECT] 
2026-04-14 22:39:33,665 [ERROR] LogOutputStream:75 - [STDERR_REDIRECT] [Fatal Error] :1:1: Premature end of file.
2026-04-14 22:39:33,665 [ERROR] LogOutputStream:75 - [STDERR_REDIRECT] 
2026-04-14 22:39:34,662 [ERROR] LogOutputStream:75 - [STDERR_REDIRECT] [Fatal Error] :1:1: Premature end of file.
2026-04-14 22:39:34,663 [ERROR] LogOutputStream:75 - [STDERR_REDIRECT] 
2026-04-14 22:39:35,664 [ERROR] LogOutputStream:75 - [STDERR_REDIRECT] [Fatal Error] :1:1: Premature end of file.
2026-04-14 22:39:35,664 [ERROR] LogOutputStream:75 - [STDERR_REDIRECT] 
2026-04-14 22:39:36,665 [ERROR] LogOutputStream:75 - [STDERR_REDIRECT] [Fatal Error] :1:1: Premature end of file.
2026-04-14 22:39:36,666 [ERROR] LogOutputStream:75 - [STDERR_REDIRECT] 
2026-04-14 22:39:37,657 [ERROR] LogOutputStream:75 - [STDERR_REDIRECT] [Fatal Error] :1:1: Premature end of file.
2026-04-14 22:39:37,657 [ERROR] LogOutputStream:75 - [STDERR_REDIRECT] 
2026-04-14 22:39:38,661 [ERROR] LogOutputStream:75 - [STDERR_REDIRECT] [Fatal Error] :1:1: Premature end of file.
2026-04-14 22:39:38,662 [ERROR] LogOutputStream:75 - [STDERR_REDIRECT] 
2026-04-14 22:39:39,657 [ERROR] LogOutputStream:75 - [STDERR_REDIRECT] [Fatal Error] :1:1: Premature end of file.
2026-04-14 22:39:39,657 [ERROR] LogOutputStream:75 - [STDERR_REDIRECT] 
2026-04-14 22:39:40,656 [ERROR] LogOutputStream:75 - [STDERR_REDIRECT] [Fatal Error] :1:1: Premature end of file.
2026-04-14 22:39:40,656 [ERROR] LogOutputStream:75 - [STDERR_REDIRECT] 
2026-04-14 22:39:41,651 [ERROR] LogOutputStream:75 - [STDERR_REDIRECT] [Fatal Error] :1:1: Premature end of file.
2026-04-14 22:39:41,651 [ERROR] LogOutputStream:75 - [STDERR_REDIRECT] 
2026-04-14 22:39:42,653 [ERROR] LogOutputStream:75 - [STDERR_REDIRECT] [Fatal Error] :1:1: Premature end of file.
2026-04-14 22:39:42,653 [ERROR] LogOutputStream:75 - [STDERR_REDIRECT] 
2026-04-14 22:39:43,658 [ERROR] LogOutputStream:75 - [STDERR_REDIRECT] [Fatal Error] :1:1: Premature end of file.
2026-04-14 22:39:43,658 [ERROR] LogOutputStream:75 - [STDERR_REDIRECT] 
2026-04-14 22:39:44,647 [ERROR] LogOutputStream:75 - [STDERR_REDIRECT] [Fatal Error] :1:1: Premature end of file.
2026-04-14 22:39:44,647 [ERROR] LogOutputStream:75 - [STDERR_REDIRECT] 
2026-04-14 22:39:45,664 [ERROR] LogOutputStream:75 - [STDERR_REDIRECT] [Fatal Error] :1:1: Premature end of file.
2026-04-14 22:39:45,664 [ERROR] LogOutputStream:75 - [STDERR_REDIRECT] 
2026-04-14 22:39:46,654 [ERROR] LogOutputStream:75 - [STDERR_REDIRECT] [Fatal Error] :1:1: Premature end of file.
2026-04-14 22:39:46,655 [ERROR] LogOutputStream:75 - [STDERR_REDIRECT] 
2026-04-14 22:39:47,661 [ERROR] LogOutputStream:75 - [STDERR_REDIRECT] [Fatal Error] :1:1: Premature end of file.
2026-04-14 22:39:47,661 [ERROR] LogOutputStream:75 - [STDERR_REDIRECT] 
2026-04-14 22:39:48,664 [ERROR] LogOutputStream:75 - [STDERR_REDIRECT] [Fatal Error] :1:1: Premature end of file.
2026-04-14 22:39:48,664 [ERROR] LogOutputStream:75 - [STDERR_REDIRECT] 
2026-04-14 22:39:49,662 [ERROR] LogOutputStream:75 - [STDERR_REDIRECT] [Fatal Error] :1:1: Premature end of file.
2026-04-14 22:39:49,662 [ERROR] LogOutputStream:75 - [STDERR_REDIRECT] 
2026-04-14 22:39:50,658 [ERROR] LogOutputStream:75 - [STDERR_REDIRECT] [Fatal Error] :1:1: Premature end of file.
2026-04-14 22:39:50,658 [ERROR] LogOutputStream:75 - [STDERR_REDIRECT] 
2026-04-14 22:39:51,657 [ERROR] LogOutputStream:75 - [STDERR_REDIRECT] [Fatal Error] :1:1: Premature end of file.
2026-04-14 22:39:51,657 [ERROR] LogOutputStream:75 - [STDERR_REDIRECT] 
2026-04-14 22:39:52,646 [ERROR] LogOutputStream:75 - [STDERR_REDIRECT] [Fatal Error] :1:1: Premature end of file.
2026-04-14 22:39:52,646 [ERROR] LogOutputStream:75 - [STDERR_REDIRECT] 
2026-04-14 22:39:53,672 [ERROR] LogOutputStream:75 - [STDERR_REDIRECT] [Fatal Error] :1:1: Premature end of file.
2026-04-14 22:39:53,673 [ERROR] LogOutputStream:75 - [STDERR_REDIRECT] 
2026-04-14 22:39:57,669 [ERROR] LogOutputStream:75 - [STDERR_REDIRECT] [Fatal Error] :1:1: Premature end of file.
2026-04-14 22:39:57,669 [ERROR] LogOutputStream:75 - [STDERR_REDIRECT] 
2026-04-14 22:39:57,725 [ERROR] LogOutputStream:75 - [STDERR_REDIRECT] [Fatal Error] :1:1: Premature end of file.
2026-04-14 22:39:57,725 [ERROR] LogOutputStream:75 - [STDERR_REDIRECT] 
2026-04-14 22:39:57,807 [ERROR] LogOutputStream:75 - [STDERR_REDIRECT] [Fatal Error] :1:1: Premature end of file.
2026-04-14 22:39:57,807 [ERROR] LogOutputStream:75 - [STDERR_REDIRECT] 
2026-04-14 22:39:57,884 [ERROR] LogOutputStream:75 - [STDERR_REDIRECT] [Fatal Error] :1:1: Premature end of file.
2026-04-14 22:39:57,885 [ERROR] LogOutputStream:75 - [STDERR_REDIRECT] 
2026-04-14 22:39:58,684 [ERROR] LogOutputStream:75 - [STDERR_REDIRECT] [Fatal Error] :1:1: Premature end of file.
2026-04-14 22:39:58,684 [ERROR] LogOutputStream:75 - [STDERR_REDIRECT] 
2026-04-14 22:39:59,676 [ERROR] LogOutputStream:75 - [STDERR_REDIRECT] [Fatal Error] :1:1: Premature end of file.
2026-04-14 22:39:59,676 [ERROR] LogOutputStream:75 - [STDERR_REDIRECT] 
2026-04-14 22:40:00,677 [ERROR] LogOutputStream:75 - [STDERR_REDIRECT] [Fatal Error] :1:1: Premature end of file.
2026-04-14 22:40:00,678 [ERROR] LogOutputStream:75 - [STDERR_REDIRECT] 
2026-04-14 22:40:01,673 [ERROR] LogOutputStream:75 - [STDERR_REDIRECT] [Fatal Error] :1:1: Premature end of file.
2026-04-14 22:40:01,673 [ERROR] LogOutputStream:75 - [STDERR_REDIRECT] 
2026-04-14 22:40:02,673 [ERROR] LogOutputStream:75 - [STDERR_REDIRECT] [Fatal Error] :1:1: Premature end of file.
2026-04-14 22:40:02,674 [ERROR] LogOutputStream:75 - [STDERR_REDIRECT] 
2026-04-14 22:40:03,667 [ERROR] LogOutputStream:75 - [STDERR_REDIRECT] [Fatal Error] :1:1: Premature end of file.
2026-04-14 22:40:03,668 [ERROR] LogOutputStream:75 - [STDERR_REDIRECT] 
2026-04-14 22:40:04,687 [ERROR] LogOutputStream:75 - [STDERR_REDIRECT] [Fatal Error] :1:1: Premature end of file.
2026-04-14 22:40:04,687 [ERROR] LogOutputStream:75 - [STDERR_REDIRECT] 
2026-04-14 22:40:05,679 [ERROR] LogOutputStream:75 - [STDERR_REDIRECT] [Fatal Error] :1:1: Premature end of file.
2026-04-14 22:40:05,680 [ERROR] LogOutputStream:75 - [STDERR_REDIRECT] 
2026-04-14 22:40:06,667 [ERROR] LogOutputStream:75 - [STDERR_REDIRECT] [Fatal Error] :1:1: Premature end of file.
2026-04-14 22:40:06,667 [ERROR] LogOutputStream:75 - [STDERR_REDIRECT] 
2026-04-14 22:40:07,669 [ERROR] LogOutputStream:75 - [STDERR_REDIRECT] [Fatal Error] :1:1: Premature end of file.
2026-04-14 22:40:07,669 [ERROR] LogOutputStream:75 - [STDERR_REDIRECT] 
2026-04-14 22:40:08,714 [ERROR] LogOutputStream:75 - [STDERR_REDIRECT] [Fatal Error] :1:1: Premature end of file.
2026-04-14 22:40:08,714 [ERROR] LogOutputStream:75 - [STDERR_REDIRECT] 
2026-04-14 22:40:09,671 [ERROR] LogOutputStream:75 - [STDERR_REDIRECT] [Fatal Error] :1:1: Premature end of file.
2026-04-14 22:40:09,672 [ERROR] LogOutputStream:75 - [STDERR_REDIRECT] 
2026-04-14 22:40:10,666 [ERROR] LogOutputStream:75 - [STDERR_REDIRECT] [Fatal Error] :1:1: Premature end of file.
2026-04-14 22:40:10,666 [ERROR] LogOutputStream:75 - [STDERR_REDIRECT] 
2026-04-14 22:40:11,673 [ERROR] LogOutputStream:75 - [STDERR_REDIRECT] [Fatal Error] :1:1: Premature end of file.
2026-04-14 22:40:11,674 [ERROR] LogOutputStream:75 - [STDERR_REDIRECT] 
2026-04-14 22:40:12,678 [ERROR] LogOutputStream:75 - [STDERR_REDIRECT] [Fatal Error] :1:1: Premature end of file.
2026-04-14 22:40:12,678 [ERROR] LogOutputStream:75 - [STDERR_REDIRECT] 
2026-04-14 22:40:13,668 [ERROR] LogOutputStream:75 - [STDERR_REDIRECT] [Fatal Error] :1:1: Premature end of file.
2026-04-14 22:40:13,669 [ERROR] LogOutputStream:75 - [STDERR_REDIRECT] 
2026-04-14 22:40:14,664 [ERROR] LogOutputStream:75 - [STDERR_REDIRECT] [Fatal Error] :1:1: Premature end of file.
2026-04-14 22:40:14,664 [ERROR] LogOutputStream:75 - [STDERR_REDIRECT] 
2026-04-14 22:40:15,654 [ERROR] LogOutputStream:75 - [STDERR_REDIRECT] [Fatal Error] :1:1: Premature end of file.
2026-04-14 22:40:15,654 [ERROR] LogOutputStream:75 - [STDERR_REDIRECT] 
2026-04-14 22:40:16,673 [ERROR] LogOutputStream:75 - [STDERR_REDIRECT] [Fatal Error] :1:1: Premature end of file.
2026-04-14 22:40:16,674 [ERROR] LogOutputStream:75 - [STDERR_REDIRECT] 
2026-04-14 22:40:17,665 [ERROR] LogOutputStream:75 - [STDERR_REDIRECT] [Fatal Error] :1:1: Premature end of file.
2026-04-14 22:40:17,665 [ERROR] LogOutputStream:75 - [STDERR_REDIRECT] 
2026-04-14 22:40:18,660 [ERROR] LogOutputStream:75 - [STDERR_REDIRECT] [Fatal Error] :1:1: Premature end of file.
2026-04-14 22:40:18,661 [ERROR] LogOutputStream:75 - [STDERR_REDIRECT] 
2026-04-14 22:40:19,670 [ERROR] LogOutputStream:75 - [STDERR_REDIRECT] [Fatal Error] :1:1: Premature end of file.
2026-04-14 22:40:19,670 [ERROR] LogOutputStream:75 - [STDERR_REDIRECT] 
2026-04-14 22:40:20,698 [ERROR] LogOutputStream:75 - [STDERR_REDIRECT] [Fatal Error] :1:1: Premature end of file.
2026-04-14 22:40:20,698 [ERROR] LogOutputStream:75 - [STDERR_REDIRECT] 
2026-04-14 22:40:21,684 [ERROR] LogOutputStream:75 - [STDERR_REDIRECT] [Fatal Error] :1:1: Premature end of file.
2026-04-14 22:40:21,684 [ERROR] LogOutputStream:75 - [STDERR_REDIRECT] 
2026-04-14 22:40:22,681 [ERROR] LogOutputStream:75 - [STDERR_REDIRECT] [Fatal Error] :1:1: Premature end of file.
2026-04-14 22:40:22,681 [ERROR] LogOutputStream:75 - [STDERR_REDIRECT] 
2026-04-14 22:40:23,728 [ERROR] LogOutputStream:75 - [STDERR_REDIRECT] [Fatal Error] :1:1: Premature end of file.
2026-04-14 22:40:23,728 [ERROR] LogOutputStream:75 - [STDERR_REDIRECT] 
2026-04-14 22:40:24,749 [ERROR] LogOutputStream:75 - [STDERR_REDIRECT] [Fatal Error] :1:1: Premature end of file.
2026-04-14 22:40:24,749 [ERROR] LogOutputStream:75 - [STDERR_REDIRECT] 
2026-04-14 22:40:25,676 [ERROR] LogOutputStream:75 - [STDERR_REDIRECT] [Fatal Error] :1:1: Premature end of file.
2026-04-14 22:40:25,677 [ERROR] LogOutputStream:75 - [STDERR_REDIRECT] 
2026-04-14 22:40:26,673 [ERROR] LogOutputStream:75 - [STDERR_REDIRECT] [Fatal Error] :1:1: Premature end of file.
2026-04-14 22:40:26,673 [ERROR] LogOutputStream:75 - [STDERR_REDIRECT] 
2026-04-14 22:40:27,668 [ERROR] LogOutputStream:75 - [STDERR_REDIRECT] [Fatal Error] :1:1: Premature end of file.
2026-04-14 22:40:27,669 [ERROR] LogOutputStream:75 - [STDERR_REDIRECT] 
2026-04-14 22:40:28,717 [ERROR] LogOutputStream:75 - [STDERR_REDIRECT] [Fatal Error] :1:1: Premature end of file.
2026-04-14 22:40:28,718 [ERROR] LogOutputStream:75 - [STDERR_REDIRECT] 
2026-04-14 22:40:29,679 [ERROR] LogOutputStream:75 - [STDERR_REDIRECT] [Fatal Error] :1:1: Premature end of file.
2026-04-14 22:40:29,680 [ERROR] LogOutputStream:75 - [STDERR_REDIRECT] 
2026-04-14 22:40:30,682 [ERROR] LogOutputStream:75 - [STDERR_REDIRECT] [Fatal Error] :1:1: Premature end of file.
2026-04-14 22:40:30,720 [ERROR] LogOutputStream:75 - [STDERR_REDIRECT] 
2026-04-14 22:40:31,664 [ERROR] LogOutputStream:75 - [STDERR_REDIRECT] [Fatal Error] :1:1: Premature end of file.
2026-04-14 22:40:31,664 [ERROR] LogOutputStream:75 - [STDERR_REDIRECT] 
2026-04-14 22:40:32,671 [ERROR] LogOutputStream:75 - [STDERR_REDIRECT] [Fatal Error] :1:1: Premature end of file.
2026-04-14 22:40:32,671 [ERROR] LogOutputStream:75 - [STDERR_REDIRECT] 
2026-04-14 22:40:33,657 [ERROR] LogOutputStream:75 - [STDERR_REDIRECT] [Fatal Error] :1:1: Premature end of file.
2026-04-14 22:40:33,658 [ERROR] LogOutputStream:75 - [STDERR_REDIRECT] 
2026-04-14 22:40:34,666 [ERROR] LogOutputStream:75 - [STDERR_REDIRECT] [Fatal Error] :1:1: Premature end of file.
2026-04-14 22:40:34,667 [ERROR] LogOutputStream:75 - [STDERR_REDIRECT] 
2026-04-14 22:40:35,676 [ERROR] LogOutputStream:75 - [STDERR_REDIRECT] [Fatal Error] :1:1: Premature end of file.
2026-04-14 22:40:35,676 [ERROR] LogOutputStream:75 - [STDERR_REDIRECT] 
2026-04-14 22:40:36,684 [ERROR] LogOutputStream:75 - [STDERR_REDIRECT] [Fatal Error] :1:1: Premature end of file.
2026-04-14 22:40:36,685 [ERROR] LogOutputStream:75 - [STDERR_REDIRECT] 
2026-04-14 22:40:37,681 [ERROR] LogOutputStream:75 - [STDERR_REDIRECT] [Fatal Error] :1:1: Premature end of file.
2026-04-14 22:40:37,681 [ERROR] LogOutputStream:75 - [STDERR_REDIRECT] 
2026-04-14 22:40:38,651 [ERROR] LogOutputStream:75 - [STDERR_REDIRECT] [Fatal Error] :1:1: Premature end of file.
2026-04-14 22:40:38,653 [ERROR] LogOutputStream:75 - [STDERR_REDIRECT] 
2026-04-14 22:40:39,664 [ERROR] LogOutputStream:75 - [STDERR_REDIRECT] [Fatal Error] :1:1: Premature end of file.
2026-04-14 22:40:39,664 [ERROR] LogOutputStream:75 - [STDERR_REDIRECT] 
2026-04-14 22:40:40,660 [ERROR] LogOutputStream:75 - [STDERR_REDIRECT] [Fatal Error] :1:1: Premature end of file.
2026-04-14 22:40:40,660 [ERROR] LogOutputStream:75 - [STDERR_REDIRECT] 
2026-04-14 22:40:41,671 [ERROR] LogOutputStream:75 - [STDERR_REDIRECT] [Fatal Error] :1:1: Premature end of file.
2026-04-14 22:40:41,671 [ERROR] LogOutputStream:75 - [STDERR_REDIRECT] 
2026-04-14 22:40:42,666 [ERROR] LogOutputStream:75 - [STDERR_REDIRECT] [Fatal Error] :1:1: Premature end of file.
2026-04-14 22:40:42,666 [ERROR] LogOutputStream:75 - [STDERR_REDIRECT] 
2026-04-14 22:40:43,675 [ERROR] LogOutputStream:75 - [STDERR_REDIRECT] [Fatal Error] :1:1: Premature end of file.
2026-04-14 22:40:43,676 [ERROR] LogOutputStream:75 - [STDERR_REDIRECT] 
2026-04-14 22:40:44,654 [ERROR] LogOutputStream:75 - [STDERR_REDIRECT] [Fatal Error] :1:1: Premature end of file.
2026-04-14 22:40:44,655 [ERROR] LogOutputStream:75 - [STDERR_REDIRECT] 
2026-04-14 22:40:45,661 [ERROR] LogOutputStream:75 - [STDERR_REDIRECT] [Fatal Error] :1:1: Premature end of file.
2026-04-14 22:40:45,662 [ERROR] LogOutputStream:75 - [STDERR_REDIRECT] 
2026-04-14 22:40:46,657 [ERROR] LogOutputStream:75 - [STDERR_REDIRECT] [Fatal Error] :1:1: Premature end of file.
2026-04-14 22:40:46,658 [ERROR] LogOutputStream:75 - [STDERR_REDIRECT] 
2026-04-14 22:40:47,650 [ERROR] LogOutputStream:75 - [STDERR_REDIRECT] [Fatal Error] :1:1: Premature end of file.
2026-04-14 22:40:47,650 [ERROR] LogOutputStream:75 - [STDERR_REDIRECT] 
2026-04-14 22:40:48,663 [ERROR] LogOutputStream:75 - [STDERR_REDIRECT] [Fatal Error] :1:1: Premature end of file.
2026-04-14 22:40:48,663 [ERROR] LogOutputStream:75 - [STDERR_REDIRECT] 
2026-04-14 22:40:49,656 [ERROR] LogOutputStream:75 - [STDERR_REDIRECT] [Fatal Error] :1:1: Premature end of file.
2026-04-14 22:40:49,656 [ERROR] LogOutputStream:75 - [STDERR_REDIRECT] 
2026-04-14 22:40:50,649 [ERROR] LogOutputStream:75 - [STDERR_REDIRECT] [Fatal Error] :1:1: Premature end of file.
2026-04-14 22:40:50,649 [ERROR] LogOutputStream:75 - [STDERR_REDIRECT] 
2026-04-14 22:40:51,660 [ERROR] LogOutputStream:75 - [STDERR_REDIRECT] [Fatal Error] :1:1: Premature end of file.
2026-04-14 22:40:51,660 [ERROR] LogOutputStream:75 - [STDERR_REDIRECT] 
2026-04-14 22:40:52,663 [ERROR] LogOutputStream:75 - [STDERR_REDIRECT] [Fatal Error] :1:1: Premature end of file.
2026-04-14 22:40:52,663 [ERROR] LogOutputStream:75 - [STDERR_REDIRECT] 
2026-04-14 22:40:53,667 [ERROR] LogOutputStream:75 - [STDERR_REDIRECT] [Fatal Error] :1:1: Premature end of file.
2026-04-14 22:40:53,667 [ERROR] LogOutputStream:75 - [STDERR_REDIRECT] 
2026-04-14 22:40:54,662 [ERROR] LogOutputStream:75 - [STDERR_REDIRECT] [Fatal Error] :1:1: Premature end of file.
2026-04-14 22:40:54,664 [ERROR] LogOutputStream:75 - [STDERR_REDIRECT] 
2026-04-14 22:40:55,672 [ERROR] LogOutputStream:75 - [STDERR_REDIRECT] [Fatal Error] :1:1: Premature end of file.
2026-04-14 22:40:55,672 [ERROR] LogOutputStream:75 - [STDERR_REDIRECT] 
2026-04-14 22:40:56,674 [ERROR] LogOutputStream:75 - [STDERR_REDIRECT] [Fatal Error] :1:1: Premature end of file.
2026-04-14 22:40:56,674 [ERROR] LogOutputStream:75 - [STDERR_REDIRECT] 
2026-04-14 22:40:57,672 [ERROR] LogOutputStream:75 - [STDERR_REDIRECT] [Fatal Error] :1:1: Premature end of file.
2026-04-14 22:40:57,673 [ERROR] LogOutputStream:75 - [STDERR_REDIRECT] 
2026-04-14 22:40:58,669 [ERROR] LogOutputStream:75 - [STDERR_REDIRECT] [Fatal Error] :1:1: Premature end of file.
2026-04-14 22:40:58,669 [ERROR] LogOutputStream:75 - [STDERR_REDIRECT] 
2026-04-14 22:40:59,670 [ERROR] LogOutputStream:75 - [STDERR_REDIRECT] [Fatal Error] :1:1: Premature end of file.
2026-04-14 22:40:59,670 [ERROR] LogOutputStream:75 - [STDERR_REDIRECT] 
2026-04-14 22:41:00,676 [ERROR] LogOutputStream:75 - [STDERR_REDIRECT] [Fatal Error] :1:1: Premature end of file.
2026-04-14 22:41:00,677 [ERROR] LogOutputStream:75 - [STDERR_REDIRECT] 
2026-04-14 22:41:01,668 [ERROR] LogOutputStream:75 - [STDERR_REDIRECT] [Fatal Error] :1:1: Premature end of file.
2026-04-14 22:41:01,668 [ERROR] LogOutputStream:75 - [STDERR_REDIRECT] 
2026-04-14 22:41:02,666 [ERROR] LogOutputStream:75 - [STDERR_REDIRECT] [Fatal Error] :1:1: Premature end of file.
2026-04-14 22:41:02,666 [ERROR] LogOutputStream:75 - [STDERR_REDIRECT] 
2026-04-14 22:41:03,657 [ERROR] LogOutputStream:75 - [STDERR_REDIRECT] [Fatal Error] :1:1: Premature end of file.
2026-04-14 22:41:03,657 [ERROR] LogOutputStream:75 - [STDERR_REDIRECT] 
2026-04-14 22:41:04,662 [ERROR] LogOutputStream:75 - [STDERR_REDIRECT] [Fatal Error] :1:1: Premature end of file.
2026-04-14 22:41:04,662 [ERROR] LogOutputStream:75 - [STDERR_REDIRECT] 
2026-04-14 22:41:05,662 [ERROR] LogOutputStream:75 - [STDERR_REDIRECT] [Fatal Error] :1:1: Premature end of file.
2026-04-14 22:41:05,662 [ERROR] LogOutputStream:75 - [STDERR_REDIRECT] 
2026-04-14 22:41:06,662 [ERROR] LogOutputStream:75 - [STDERR_REDIRECT] [Fatal Error] :1:1: Premature end of file.
2026-04-14 22:41:06,663 [ERROR] LogOutputStream:75 - [STDERR_REDIRECT] 
2026-04-14 22:41:07,670 [ERROR] LogOutputStream:75 - [STDERR_REDIRECT] [Fatal Error] :1:1: Premature end of file.
2026-04-14 22:41:07,670 [ERROR] LogOutputStream:75 - [STDERR_REDIRECT] 
2026-04-14 22:41:08,655 [ERROR] LogOutputStream:75 - [STDERR_REDIRECT] [Fatal Error] :1:1: Premature end of file.
2026-04-14 22:41:08,655 [ERROR] LogOutputStream:75 - [STDERR_REDIRECT] 
2026-04-14 22:41:09,652 [ERROR] LogOutputStream:75 - [STDERR_REDIRECT] [Fatal Error] :1:1: Premature end of file.
2026-04-14 22:41:09,653 [ERROR] LogOutputStream:75 - [STDERR_REDIRECT] 
2026-04-14 22:41:10,662 [ERROR] LogOutputStream:75 - [STDERR_REDIRECT] [Fatal Error] :1:1: Premature end of file.
2026-04-14 22:41:10,662 [ERROR] LogOutputStream:75 - [STDERR_REDIRECT] 
2026-04-14 22:41:11,670 [ERROR] LogOutputStream:75 - [STDERR_REDIRECT] [Fatal Error] :1:1: Premature end of file.
2026-04-14 22:41:11,671 [ERROR] LogOutputStream:75 - [STDERR_REDIRECT] 
2026-04-14 22:41:12,657 [ERROR] LogOutputStream:75 - [STDERR_REDIRECT] [Fatal Error] :1:1: Premature end of file.
2026-04-14 22:41:12,657 [ERROR] LogOutputStream:75 - [STDERR_REDIRECT] 
2026-04-14 22:41:13,659 [ERROR] LogOutputStream:75 - [STDERR_REDIRECT] [Fatal Error] :1:1: Premature end of file.
2026-04-14 22:41:13,659 [ERROR] LogOutputStream:75 - [STDERR_REDIRECT] 
2026-04-14 22:41:14,647 [ERROR] LogOutputStream:75 - [STDERR_REDIRECT] [Fatal Error] :1:1: Premature end of file.
2026-04-14 22:41:14,647 [ERROR] LogOutputStream:75 - [STDERR_REDIRECT] 
2026-04-14 22:41:15,651 [ERROR] LogOutputStream:75 - [STDERR_REDIRECT] [Fatal Error] :1:1: Premature end of file.
2026-04-14 22:41:15,652 [ERROR] LogOutputStream:75 - [STDERR_REDIRECT] 
2026-04-14 22:41:16,648 [ERROR] LogOutputStream:75 - [STDERR_REDIRECT] [Fatal Error] :1:1: Premature end of file.
2026-04-14 22:41:16,648 [ERROR] LogOutputStream:75 - [STDERR_REDIRECT] 
2026-04-14 22:41:17,646 [ERROR] LogOutputStream:75 - [STDERR_REDIRECT] [Fatal Error] :1:1: Premature end of file.
2026-04-14 22:41:17,646 [ERROR] LogOutputStream:75 - [STDERR_REDIRECT] 
2026-04-14 22:41:18,654 [ERROR] LogOutputStream:75 - [STDERR_REDIRECT] [Fatal Error] :1:1: Premature end of file.
2026-04-14 22:41:18,655 [ERROR] LogOutputStream:75 - [STDERR_REDIRECT] 
2026-04-14 22:41:19,647 [ERROR] LogOutputStream:75 - [STDERR_REDIRECT] [Fatal Error] :1:1: Premature end of file.
2026-04-14 22:41:19,647 [ERROR] LogOutputStream:75 - [STDERR_REDIRECT] 
2026-04-14 22:41:20,695 [ERROR] LogOutputStream:75 - [STDERR_REDIRECT] [Fatal Error] :1:1: Premature end of file.
2026-04-14 22:41:20,695 [ERROR] LogOutputStream:75 - [STDERR_REDIRECT] 
2026-04-14 22:41:21,658 [ERROR] LogOutputStream:75 - [STDERR_REDIRECT] [Fatal Error] :1:1: Premature end of file.
2026-04-14 22:41:21,658 [ERROR] LogOutputStream:75 - [STDERR_REDIRECT] 
2026-04-14 22:41:22,668 [ERROR] LogOutputStream:75 - [STDERR_REDIRECT] [Fatal Error] :1:1: Premature end of file.
2026-04-14 22:41:22,668 [ERROR] LogOutputStream:75 - [STDERR_REDIRECT] 
2026-04-14 22:41:23,678 [ERROR] LogOutputStream:75 - [STDERR_REDIRECT] [Fatal Error] :1:1: Premature end of file.
2026-04-14 22:41:23,678 [ERROR] LogOutputStream:75 - [STDERR_REDIRECT] 
2026-04-14 22:41:24,665 [ERROR] LogOutputStream:75 - [STDERR_REDIRECT] [Fatal Error] :1:1: Premature end of file.
2026-04-14 22:41:24,665 [ERROR] LogOutputStream:75 - [STDERR_REDIRECT] 
2026-04-14 22:41:25,664 [ERROR] LogOutputStream:75 - [STDERR_REDIRECT] [Fatal Error] :1:1: Premature end of file.
2026-04-14 22:41:25,665 [ERROR] LogOutputStream:75 - [STDERR_REDIRECT] 
2026-04-14 22:41:26,667 [ERROR] LogOutputStream:75 - [STDERR_REDIRECT] [Fatal Error] :1:1: Premature end of file.
2026-04-14 22:41:26,668 [ERROR] LogOutputStream:75 - [STDERR_REDIRECT] 
2026-04-14 22:41:27,663 [ERROR] LogOutputStream:75 - [STDERR_REDIRECT] [Fatal Error] :1:1: Premature end of file.
2026-04-14 22:41:27,663 [ERROR] LogOutputStream:75 - [STDERR_REDIRECT] 
2026-04-14 22:41:28,658 [ERROR] LogOutputStream:75 - [STDERR_REDIRECT] [Fatal Error] :1:1: Premature end of file.
2026-04-14 22:41:28,658 [ERROR] LogOutputStream:75 - [STDERR_REDIRECT] 
2026-04-14 22:41:29,657 [ERROR] LogOutputStream:75 - [STDERR_REDIRECT] [Fatal Error] :1:1: Premature end of file.
2026-04-14 22:41:29,657 [ERROR] LogOutputStream:75 - [STDERR_REDIRECT] 
2026-04-14 22:41:30,654 [ERROR] LogOutputStream:75 - [STDERR_REDIRECT] [Fatal Error] :1:1: Premature end of file.
2026-04-14 22:41:30,655 [ERROR] LogOutputStream:75 - [STDERR_REDIRECT] 
2026-04-14 22:41:31,657 [ERROR] LogOutputStream:75 - [STDERR_REDIRECT] [Fatal Error] :1:1: Premature end of file.
2026-04-14 22:41:31,657 [ERROR] LogOutputStream:75 - [STDERR_REDIRECT] 
2026-04-14 22:41:32,651 [ERROR] LogOutputStream:75 - [STDERR_REDIRECT] [Fatal Error] :1:1: Premature end of file.
2026-04-14 22:41:32,652 [ERROR] LogOutputStream:75 - [STDERR_REDIRECT] 
2026-04-14 22:41:33,699 [ERROR] LogOutputStream:75 - [STDERR_REDIRECT] [Fatal Error] :1:1: Premature end of file.
2026-04-14 22:41:33,699 [ERROR] LogOutputStream:75 - [STDERR_REDIRECT] 
2026-04-14 22:41:34,668 [ERROR] LogOutputStream:75 - [STDERR_REDIRECT] [Fatal Error] :1:1: Premature end of file.
2026-04-14 22:41:34,669 [ERROR] LogOutputStream:75 - [STDERR_REDIRECT] 
2026-04-14 22:41:35,656 [ERROR] LogOutputStream:75 - [STDERR_REDIRECT] [Fatal Error] :1:1: Premature end of file.
2026-04-14 22:41:35,657 [ERROR] LogOutputStream:75 - [STDERR_REDIRECT] 
2026-04-14 22:41:36,653 [ERROR] LogOutputStream:75 - [STDERR_REDIRECT] [Fatal Error] :1:1: Premature end of file.
2026-04-14 22:41:36,653 [ERROR] LogOutputStream:75 - [STDERR_REDIRECT] 
2026-04-14 22:41:37,681 [ERROR] LogOutputStream:75 - [STDERR_REDIRECT] [Fatal Error] :1:1: Premature end of file.
2026-04-14 22:41:37,682 [ERROR] LogOutputStream:75 - [STDERR_REDIRECT] 
2026-04-14 22:41:38,666 [ERROR] LogOutputStream:75 - [STDERR_REDIRECT] [Fatal Error] :1:1: Premature end of file.
2026-04-14 22:41:38,666 [ERROR] LogOutputStream:75 - [STDERR_REDIRECT] 
2026-04-14 22:41:39,665 [ERROR] LogOutputStream:75 - [STDERR_REDIRECT] [Fatal Error] :1:1: Premature end of file.
2026-04-14 22:41:39,665 [ERROR] LogOutputStream:75 - [STDERR_REDIRECT] 
2026-04-14 22:41:40,654 [ERROR] LogOutputStream:75 - [STDERR_REDIRECT] [Fatal Error] :1:1: Premature end of file.
2026-04-14 22:41:40,654 [ERROR] LogOutputStream:75 - [STDERR_REDIRECT] 
2026-04-14 22:41:41,657 [ERROR] LogOutputStream:75 - [STDERR_REDIRECT] [Fatal Error] :1:1: Premature end of file.
2026-04-14 22:41:41,658 [ERROR] LogOutputStream:75 - [STDERR_REDIRECT] 
2026-04-14 22:41:42,660 [ERROR] LogOutputStream:75 - [STDERR_REDIRECT] [Fatal Error] :1:1: Premature end of file.
2026-04-14 22:41:42,660 [ERROR] LogOutputStream:75 - [STDERR_REDIRECT] 
2026-04-14 22:41:43,680 [ERROR] LogOutputStream:75 - [STDERR_REDIRECT] [Fatal Error] :1:1: Premature end of file.
2026-04-14 22:41:43,680 [ERROR] LogOutputStream:75 - [STDERR_REDIRECT] 
2026-04-14 22:41:44,649 [ERROR] LogOutputStream:75 - [STDERR_REDIRECT] [Fatal Error] :1:1: Premature end of file.
2026-04-14 22:41:44,649 [ERROR] LogOutputStream:75 - [STDERR_REDIRECT] 
2026-04-14 22:41:45,646 [ERROR] LogOutputStream:75 - [STDERR_REDIRECT] [Fatal Error] :1:1: Premature end of file.
2026-04-14 22:41:45,647 [ERROR] LogOutputStream:75 - [STDERR_REDIRECT] 
2026-04-14 22:41:46,661 [ERROR] LogOutputStream:75 - [STDERR_REDIRECT] [Fatal Error] :1:1: Premature end of file.
2026-04-14 22:41:46,661 [ERROR] LogOutputStream:75 - [STDERR_REDIRECT] 
2026-04-14 22:41:47,650 [ERROR] LogOutputStream:75 - [STDERR_REDIRECT] [Fatal Error] :1:1: Premature end of file.
2026-04-14 22:41:47,650 [ERROR] LogOutputStream:75 - [STDERR_REDIRECT] 
2026-04-14 22:41:48,670 [ERROR] LogOutputStream:75 - [STDERR_REDIRECT] [Fatal Error] :1:1: Premature end of file.
2026-04-14 22:41:48,670 [ERROR] LogOutputStream:75 - [STDERR_REDIRECT] 
2026-04-14 22:41:49,662 [ERROR] LogOutputStream:75 - [STDERR_REDIRECT] [Fatal Error] :1:1: Premature end of file.
2026-04-14 22:41:49,662 [ERROR] LogOutputStream:75 - [STDERR_REDIRECT] 
2026-04-14 22:41:50,669 [ERROR] LogOutputStream:75 - [STDERR_REDIRECT] [Fatal Error] :1:1: Premature end of file.
2026-04-14 22:41:50,670 [ERROR] LogOutputStream:75 - [STDERR_REDIRECT] 
2026-04-14 22:41:51,650 [ERROR] LogOutputStream:75 - [STDERR_REDIRECT] [Fatal Error] :1:1: Premature end of file.
2026-04-14 22:41:51,650 [ERROR] LogOutputStream:75 - [STDERR_REDIRECT] 
2026-04-14 22:41:52,669 [ERROR] LogOutputStream:75 - [STDERR_REDIRECT] [Fatal Error] :1:1: Premature end of file.
2026-04-14 22:41:52,669 [ERROR] LogOutputStream:75 - [STDERR_REDIRECT] 
2026-04-14 22:41:53,650 [ERROR] LogOutputStream:75 - [STDERR_REDIRECT] [Fatal Error] :1:1: Premature end of file.
2026-04-14 22:41:53,650 [ERROR] LogOutputStream:75 - [STDERR_REDIRECT] 
2026-04-14 22:41:54,646 [ERROR] LogOutputStream:75 - [STDERR_REDIRECT] [Fatal Error] :1:1: Premature end of file.
2026-04-14 22:41:54,646 [ERROR] LogOutputStream:75 - [STDERR_REDIRECT] 
2026-04-14 22:41:55,665 [ERROR] LogOutputStream:75 - [STDERR_REDIRECT] [Fatal Error] :1:1: Premature end of file.
2026-04-14 22:41:55,665 [ERROR] LogOutputStream:75 - [STDERR_REDIRECT] 
2026-04-14 22:41:56,661 [ERROR] LogOutputStream:75 - [STDERR_REDIRECT] [Fatal Error] :1:1: Premature end of file.
2026-04-14 22:41:56,661 [ERROR] LogOutputStream:75 - [STDERR_REDIRECT] 
2026-04-14 22:41:57,648 [ERROR] LogOutputStream:75 - [STDERR_REDIRECT] [Fatal Error] :1:1: Premature end of file.
2026-04-14 22:41:57,648 [ERROR] LogOutputStream:75 - [STDERR_REDIRECT] 
2026-04-14 22:41:58,647 [ERROR] LogOutputStream:75 - [STDERR_REDIRECT] [Fatal Error] :1:1: Premature end of file.
2026-04-14 22:41:58,647 [ERROR] LogOutputStream:75 - [STDERR_REDIRECT] 
2026-04-14 22:41:59,668 [ERROR] LogOutputStream:75 - [STDERR_REDIRECT] [Fatal Error] :1:1: Premature end of file.
2026-04-14 22:41:59,668 [ERROR] LogOutputStream:75 - [STDERR_REDIRECT] 
2026-04-14 22:42:00,660 [ERROR] LogOutputStream:75 - [STDERR_REDIRECT] [Fatal Error] :1:1: Premature end of file.
2026-04-14 22:42:00,660 [ERROR] LogOutputStream:75 - [STDERR_REDIRECT] 
2026-04-14 22:42:01,659 [ERROR] LogOutputStream:75 - [STDERR_REDIRECT] [Fatal Error] :1:1: Premature end of file.
2026-04-14 22:42:01,659 [ERROR] LogOutputStream:75 - [STDERR_REDIRECT] 
2026-04-14 22:42:02,659 [ERROR] LogOutputStream:75 - [STDERR_REDIRECT] [Fatal Error] :1:1: Premature end of file.
2026-04-14 22:42:02,659 [ERROR] LogOutputStream:75 - [STDERR_REDIRECT] 
2026-04-14 22:42:03,652 [ERROR] LogOutputStream:75 - [STDERR_REDIRECT] [Fatal Error] :1:1: Premature end of file.
2026-04-14 22:42:03,653 [ERROR] LogOutputStream:75 - [STDERR_REDIRECT] 
2026-04-14 22:42:04,652 [ERROR] LogOutputStream:75 - [STDERR_REDIRECT] [Fatal Error] :1:1: Premature end of file.
2026-04-14 22:42:04,653 [ERROR] LogOutputStream:75 - [STDERR_REDIRECT] 
2026-04-14 22:42:05,692 [ERROR] LogOutputStream:75 - [STDERR_REDIRECT] [Fatal Error] :1:1: Premature end of file.
2026-04-14 22:42:05,693 [ERROR] LogOutputStream:75 - [STDERR_REDIRECT] 
2026-04-14 22:42:06,661 [ERROR] LogOutputStream:75 - [STDERR_REDIRECT] [Fatal Error] :1:1: Premature end of file.
2026-04-14 22:42:06,661 [ERROR] LogOutputStream:75 - [STDERR_REDIRECT] 
2026-04-14 22:42:07,677 [ERROR] LogOutputStream:75 - [STDERR_REDIRECT] [Fatal Error] :1:1: Premature end of file.
2026-04-14 22:42:07,677 [ERROR] LogOutputStream:75 - [STDERR_REDIRECT] 
2026-04-14 22:42:08,694 [ERROR] LogOutputStream:75 - [STDERR_REDIRECT] [Fatal Error] :1:1: Premature end of file.
2026-04-14 22:42:08,695 [ERROR] LogOutputStream:75 - [STDERR_REDIRECT] 
2026-04-14 22:42:09,668 [ERROR] LogOutputStream:75 - [STDERR_REDIRECT] [Fatal Error] :1:1: Premature end of file.
2026-04-14 22:42:09,669 [ERROR] LogOutputStream:75 - [STDERR_REDIRECT] 
2026-04-14 22:42:10,676 [ERROR] LogOutputStream:75 - [STDERR_REDIRECT] [Fatal Error] :1:1: Premature end of file.
2026-04-14 22:42:10,677 [ERROR] LogOutputStream:75 - [STDERR_REDIRECT] 
2026-04-14 22:42:11,667 [ERROR] LogOutputStream:75 - [STDERR_REDIRECT] [Fatal Error] :1:1: Premature end of file.
2026-04-14 22:42:11,667 [ERROR] LogOutputStream:75 - [STDERR_REDIRECT] 
2026-04-14 22:42:12,807 [ERROR] LogOutputStream:75 - [STDERR_REDIRECT] [Fatal Error] :1:1: Premature end of file.
2026-04-14 22:42:12,807 [ERROR] LogOutputStream:75 - [STDERR_REDIRECT] 
2026-04-14 22:42:13,775 [ERROR] LogOutputStream:75 - [STDERR_REDIRECT] [Fatal Error] :1:1: Premature end of file.
2026-04-14 22:42:13,775 [ERROR] LogOutputStream:75 - [STDERR_REDIRECT] 
2026-04-14 22:42:14,682 [ERROR] LogOutputStream:75 - [STDERR_REDIRECT] [Fatal Error] :1:1: Premature end of file.
2026-04-14 22:42:14,683 [ERROR] LogOutputStream:75 - [STDERR_REDIRECT] 
2026-04-14 22:42:15,681 [ERROR] LogOutputStream:75 - [STDERR_REDIRECT] [Fatal Error] :1:1: Premature end of file.
2026-04-14 22:42:15,682 [ERROR] LogOutputStream:75 - [STDERR_REDIRECT] 
2026-04-14 22:42:16,661 [ERROR] LogOutputStream:75 - [STDERR_REDIRECT] [Fatal Error] :1:1: Premature end of file.
2026-04-14 22:42:16,662 [ERROR] LogOutputStream:75 - [STDERR_REDIRECT] 
2026-04-14 22:42:17,682 [ERROR] LogOutputStream:75 - [STDERR_REDIRECT] [Fatal Error] :1:1: Premature end of file.
2026-04-14 22:42:17,682 [ERROR] LogOutputStream:75 - [STDERR_REDIRECT] 
2026-04-14 22:42:18,730 [ERROR] LogOutputStream:75 - [STDERR_REDIRECT] [Fatal Error] :1:1: Premature end of file.
2026-04-14 22:42:18,731 [ERROR] LogOutputStream:75 - [STDERR_REDIRECT] 
2026-04-14 22:42:19,652 [ERROR] LogOutputStream:75 - [STDERR_REDIRECT] [Fatal Error] :1:1: Premature end of file.
2026-04-14 22:42:19,652 [ERROR] LogOutputStream:75 - [STDERR_REDIRECT] 
2026-04-14 22:42:20,653 [ERROR] LogOutputStream:75 - [STDERR_REDIRECT] [Fatal Error] :1:1: Premature end of file.
2026-04-14 22:42:20,653 [ERROR] LogOutputStream:75 - [STDERR_REDIRECT] 
2026-04-14 22:42:21,649 [ERROR] LogOutputStream:75 - [STDERR_REDIRECT] [Fatal Error] :1:1: Premature end of file.
2026-04-14 22:42:21,650 [ERROR] LogOutputStream:75 - [STDERR_REDIRECT] 
2026-04-14 22:42:22,655 [ERROR] LogOutputStream:75 - [STDERR_REDIRECT] [Fatal Error] :1:1: Premature end of file.
2026-04-14 22:42:22,656 [ERROR] LogOutputStream:75 - [STDERR_REDIRECT] 
2026-04-14 22:42:23,652 [ERROR] LogOutputStream:75 - [STDERR_REDIRECT] [Fatal Error] :1:1: Premature end of file.
2026-04-14 22:42:23,654 [ERROR] LogOutputStream:75 - [STDERR_REDIRECT] 
2026-04-14 22:42:24,665 [ERROR] LogOutputStream:75 - [STDERR_REDIRECT] [Fatal Error] :1:1: Premature end of file.
2026-04-14 22:42:24,665 [ERROR] LogOutputStream:75 - [STDERR_REDIRECT] 
2026-04-14 22:42:25,661 [ERROR] LogOutputStream:75 - [STDERR_REDIRECT] [Fatal Error] :1:1: Premature end of file.
2026-04-14 22:42:25,661 [ERROR] LogOutputStream:75 - [STDERR_REDIRECT] 
2026-04-14 22:42:26,680 [ERROR] LogOutputStream:75 - [STDERR_REDIRECT] [Fatal Error] :1:1: Premature end of file.
2026-04-14 22:42:26,680 [ERROR] LogOutputStream:75 - [STDERR_REDIRECT] 
2026-04-14 22:42:27,660 [ERROR] LogOutputStream:75 - [STDERR_REDIRECT] [Fatal Error] :1:1: Premature end of file.
2026-04-14 22:42:27,660 [ERROR] LogOutputStream:75 - [STDERR_REDIRECT] 
2026-04-14 22:42:28,658 [ERROR] LogOutputStream:75 - [STDERR_REDIRECT] [Fatal Error] :1:1: Premature end of file.
2026-04-14 22:42:28,658 [ERROR] LogOutputStream:75 - [STDERR_REDIRECT] 
2026-04-14 22:42:29,657 [ERROR] LogOutputStream:75 - [STDERR_REDIRECT] [Fatal Error] :1:1: Premature end of file.
2026-04-14 22:42:29,657 [ERROR] LogOutputStream:75 - [STDERR_REDIRECT] 
2026-04-14 22:42:30,645 [ERROR] LogOutputStream:75 - [STDERR_REDIRECT] [Fatal Error] :1:1: Premature end of file.
2026-04-14 22:42:30,645 [ERROR] LogOutputStream:75 - [STDERR_REDIRECT] 
2026-04-14 22:42:31,657 [ERROR] LogOutputStream:75 - [STDERR_REDIRECT] [Fatal Error] :1:1: Premature end of file.
2026-04-14 22:42:31,658 [ERROR] LogOutputStream:75 - [STDERR_REDIRECT] 
2026-04-14 22:42:32,665 [ERROR] LogOutputStream:75 - [STDERR_REDIRECT] [Fatal Error] :1:1: Premature end of file.
2026-04-14 22:42:32,665 [ERROR] LogOutputStream:75 - [STDERR_REDIRECT] 
2026-04-14 22:42:33,660 [ERROR] LogOutputStream:75 - [STDERR_REDIRECT] [Fatal Error] :1:1: Premature end of file.
2026-04-14 22:42:33,661 [ERROR] LogOutputStream:75 - [STDERR_REDIRECT] 
2026-04-14 22:42:34,655 [ERROR] LogOutputStream:75 - [STDERR_REDIRECT] [Fatal Error] :1:1: Premature end of file.
2026-04-14 22:42:34,655 [ERROR] LogOutputStream:75 - [STDERR_REDIRECT] 
2026-04-14 22:42:35,656 [ERROR] LogOutputStream:75 - [STDERR_REDIRECT] [Fatal Error] :1:1: Premature end of file.
2026-04-14 22:42:35,656 [ERROR] LogOutputStream:75 - [STDERR_REDIRECT] 
2026-04-14 22:42:36,654 [ERROR] LogOutputStream:75 - [STDERR_REDIRECT] [Fatal Error] :1:1: Premature end of file.
2026-04-14 22:42:36,655 [ERROR] LogOutputStream:75 - [STDERR_REDIRECT] 
2026-04-14 22:42:37,651 [ERROR] LogOutputStream:75 - [STDERR_REDIRECT] [Fatal Error] :1:1: Premature end of file.
2026-04-14 22:42:37,651 [ERROR] LogOutputStream:75 - [STDERR_REDIRECT] 
2026-04-14 22:42:38,664 [ERROR] LogOutputStream:75 - [STDERR_REDIRECT] [Fatal Error] :1:1: Premature end of file.
2026-04-14 22:42:38,665 [ERROR] LogOutputStream:75 - [STDERR_REDIRECT] 
2026-04-14 22:42:39,660 [ERROR] LogOutputStream:75 - [STDERR_REDIRECT] [Fatal Error] :1:1: Premature end of file.
2026-04-14 22:42:39,660 [ERROR] LogOutputStream:75 - [STDERR_REDIRECT] 
2026-04-14 22:42:40,649 [ERROR] LogOutputStream:75 - [STDERR_REDIRECT] [Fatal Error] :1:1: Premature end of file.
2026-04-14 22:42:40,650 [ERROR] LogOutputStream:75 - [STDERR_REDIRECT] 
2026-04-14 22:42:41,658 [ERROR] LogOutputStream:75 - [STDERR_REDIRECT] [Fatal Error] :1:1: Premature end of file.
2026-04-14 22:42:41,658 [ERROR] LogOutputStream:75 - [STDERR_REDIRECT] 
2026-04-14 22:42:42,643 [ERROR] LogOutputStream:75 - [STDERR_REDIRECT] [Fatal Error] :1:1: Premature end of file.
2026-04-14 22:42:42,643 [ERROR] LogOutputStream:75 - [STDERR_REDIRECT] 
2026-04-14 22:42:43,658 [ERROR] LogOutputStream:75 - [STDERR_REDIRECT] [Fatal Error] :1:1: Premature end of file.
2026-04-14 22:42:43,658 [ERROR] LogOutputStream:75 - [STDERR_REDIRECT] 
2026-04-14 22:42:44,646 [ERROR] LogOutputStream:75 - [STDERR_REDIRECT] [Fatal Error] :1:1: Premature end of file.
2026-04-14 22:42:44,646 [ERROR] LogOutputStream:75 - [STDERR_REDIRECT] 
2026-04-14 22:42:45,653 [ERROR] LogOutputStream:75 - [STDERR_REDIRECT] [Fatal Error] :1:1: Premature end of file.
2026-04-14 22:42:45,653 [ERROR] LogOutputStream:75 - [STDERR_REDIRECT] 
2026-04-14 22:42:46,664 [ERROR] LogOutputStream:75 - [STDERR_REDIRECT] [Fatal Error] :1:1: Premature end of file.
2026-04-14 22:42:46,664 [ERROR] LogOutputStream:75 - [STDERR_REDIRECT] 
2026-04-14 22:42:47,649 [ERROR] LogOutputStream:75 - [STDERR_REDIRECT] [Fatal Error] :1:1: Premature end of file.
2026-04-14 22:42:47,649 [ERROR] LogOutputStream:75 - [STDERR_REDIRECT] 
2026-04-14 22:42:48,653 [ERROR] LogOutputStream:75 - [STDERR_REDIRECT] [Fatal Error] :1:1: Premature end of file.
2026-04-14 22:42:48,653 [ERROR] LogOutputStream:75 - [STDERR_REDIRECT] 
2026-04-14 22:42:49,649 [ERROR] LogOutputStream:75 - [STDERR_REDIRECT] [Fatal Error] :1:1: Premature end of file.
2026-04-14 22:42:49,650 [ERROR] LogOutputStream:75 - [STDERR_REDIRECT] 
2026-04-14 22:42:50,647 [ERROR] LogOutputStream:75 - [STDERR_REDIRECT] [Fatal Error] :1:1: Premature end of file.
2026-04-14 22:42:50,648 [ERROR] LogOutputStream:75 - [STDERR_REDIRECT] 
2026-04-14 22:42:51,647 [ERROR] LogOutputStream:75 - [STDERR_REDIRECT] [Fatal Error] :1:1: Premature end of file.
2026-04-14 22:42:51,647 [ERROR] LogOutputStream:75 - [STDERR_REDIRECT] 
2026-04-14 22:42:52,646 [ERROR] LogOutputStream:75 - [STDERR_REDIRECT] [Fatal Error] :1:1: Premature end of file.
2026-04-14 22:42:52,646 [ERROR] LogOutputStream:75 - [STDERR_REDIRECT] 
2026-04-14 22:42:53,659 [ERROR] LogOutputStream:75 - [STDERR_REDIRECT] [Fatal Error] :1:1: Premature end of file.
2026-04-14 22:42:53,661 [ERROR] LogOutputStream:75 - [STDERR_REDIRECT] 
2026-04-14 22:42:54,656 [ERROR] LogOutputStream:75 - [STDERR_REDIRECT] [Fatal Error] :1:1: Premature end of file.
2026-04-14 22:42:54,656 [ERROR] LogOutputStream:75 - [STDERR_REDIRECT] 
2026-04-14 22:42:55,655 [ERROR] LogOutputStream:75 - [STDERR_REDIRECT] [Fatal Error] :1:1: Premature end of file.
2026-04-14 22:42:55,656 [ERROR] LogOutputStream:75 - [STDERR_REDIRECT] 
2026-04-14 22:42:56,658 [ERROR] LogOutputStream:75 - [STDERR_REDIRECT] [Fatal Error] :1:1: Premature end of file.
2026-04-14 22:42:56,659 [ERROR] LogOutputStream:75 - [STDERR_REDIRECT] 
2026-04-14 22:42:57,661 [ERROR] LogOutputStream:75 - [STDERR_REDIRECT] [Fatal Error] :1:1: Premature end of file.
2026-04-14 22:42:57,661 [ERROR] LogOutputStream:75 - [STDERR_REDIRECT] 
2026-04-14 22:42:58,675 [ERROR] LogOutputStream:75 - [STDERR_REDIRECT] [Fatal Error] :1:1: Premature end of file.
2026-04-14 22:42:58,675 [ERROR] LogOutputStream:75 - [STDERR_REDIRECT] 
2026-04-14 22:42:59,666 [ERROR] LogOutputStream:75 - [STDERR_REDIRECT] [Fatal Error] :1:1: Premature end of file.
2026-04-14 22:42:59,666 [ERROR] LogOutputStream:75 - [STDERR_REDIRECT] 
2026-04-14 22:43:00,662 [ERROR] LogOutputStream:75 - [STDERR_REDIRECT] [Fatal Error] :1:1: Premature end of file.
2026-04-14 22:43:00,663 [ERROR] LogOutputStream:75 - [STDERR_REDIRECT] 
2026-04-14 22:43:01,657 [ERROR] LogOutputStream:75 - [STDERR_REDIRECT] [Fatal Error] :1:1: Premature end of file.
2026-04-14 22:43:01,657 [ERROR] LogOutputStream:75 - [STDERR_REDIRECT] 
2026-04-14 22:43:02,663 [ERROR] LogOutputStream:75 - [STDERR_REDIRECT] [Fatal Error] :1:1: Premature end of file.
2026-04-14 22:43:02,663 [ERROR] LogOutputStream:75 - [STDERR_REDIRECT] 
2026-04-14 22:43:03,656 [ERROR] LogOutputStream:75 - [STDERR_REDIRECT] [Fatal Error] :1:1: Premature end of file.
2026-04-14 22:43:03,656 [ERROR] LogOutputStream:75 - [STDERR_REDIRECT] 
2026-04-14 22:43:04,661 [ERROR] LogOutputStream:75 - [STDERR_REDIRECT] [Fatal Error] :1:1: Premature end of file.
2026-04-14 22:43:04,662 [ERROR] LogOutputStream:75 - [STDERR_REDIRECT] 
2026-04-14 22:43:05,654 [ERROR] LogOutputStream:75 - [STDERR_REDIRECT] [Fatal Error] :1:1: Premature end of file.
2026-04-14 22:43:05,655 [ERROR] LogOutputStream:75 - [STDERR_REDIRECT] 
2026-04-14 22:43:06,665 [ERROR] LogOutputStream:75 - [STDERR_REDIRECT] [Fatal Error] :1:1: Premature end of file.
2026-04-14 22:43:06,666 [ERROR] LogOutputStream:75 - [STDERR_REDIRECT] 
2026-04-14 22:43:07,658 [ERROR] LogOutputStream:75 - [STDERR_REDIRECT] [Fatal Error] :1:1: Premature end of file.
2026-04-14 22:43:07,658 [ERROR] LogOutputStream:75 - [STDERR_REDIRECT] 
2026-04-14 22:43:08,666 [ERROR] LogOutputStream:75 - [STDERR_REDIRECT] [Fatal Error] :1:1: Premature end of file.
2026-04-14 22:43:08,666 [ERROR] LogOutputStream:75 - [STDERR_REDIRECT] 
2026-04-14 22:43:09,659 [ERROR] LogOutputStream:75 - [STDERR_REDIRECT] [Fatal Error] :1:1: Premature end of file.
2026-04-14 22:43:09,659 [ERROR] LogOutputStream:75 - [STDERR_REDIRECT] 
2026-04-14 22:43:10,654 [ERROR] LogOutputStream:75 - [STDERR_REDIRECT] [Fatal Error] :1:1: Premature end of file.
2026-04-14 22:43:10,655 [ERROR] LogOutputStream:75 - [STDERR_REDIRECT] 
2026-04-14 22:43:11,675 [ERROR] LogOutputStream:75 - [STDERR_REDIRECT] [Fatal Error] :1:1: Premature end of file.
2026-04-14 22:43:11,675 [ERROR] LogOutputStream:75 - [STDERR_REDIRECT] 
2026-04-14 22:43:12,669 [ERROR] LogOutputStream:75 - [STDERR_REDIRECT] [Fatal Error] :1:1: Premature end of file.
2026-04-14 22:43:12,670 [ERROR] LogOutputStream:75 - [STDERR_REDIRECT] 
2026-04-14 22:43:13,661 [ERROR] LogOutputStream:75 - [STDERR_REDIRECT] [Fatal Error] :1:1: Premature end of file.
2026-04-14 22:43:13,661 [ERROR] LogOutputStream:75 - [STDERR_REDIRECT] 
2026-04-14 22:43:14,656 [ERROR] LogOutputStream:75 - [STDERR_REDIRECT] [Fatal Error] :1:1: Premature end of file.
2026-04-14 22:43:14,656 [ERROR] LogOutputStream:75 - [STDERR_REDIRECT] 
2026-04-14 22:43:15,648 [ERROR] LogOutputStream:75 - [STDERR_REDIRECT] [Fatal Error] :1:1: Premature end of file.
2026-04-14 22:43:15,648 [ERROR] LogOutputStream:75 - [STDERR_REDIRECT] 
2026-04-14 22:43:16,660 [ERROR] LogOutputStream:75 - [STDERR_REDIRECT] [Fatal Error] :1:1: Premature end of file.
2026-04-14 22:43:16,660 [ERROR] LogOutputStream:75 - [STDERR_REDIRECT] 
2026-04-14 22:43:17,650 [ERROR] LogOutputStream:75 - [STDERR_REDIRECT] [Fatal Error] :1:1: Premature end of file.
2026-04-14 22:43:17,650 [ERROR] LogOutputStream:75 - [STDERR_REDIRECT] 
2026-04-14 22:43:18,656 [ERROR] LogOutputStream:75 - [STDERR_REDIRECT] [Fatal Error] :1:1: Premature end of file.
2026-04-14 22:43:18,657 [ERROR] LogOutputStream:75 - [STDERR_REDIRECT] 
2026-04-14 22:43:19,651 [ERROR] LogOutputStream:75 - [STDERR_REDIRECT] [Fatal Error] :1:1: Premature end of file.
2026-04-14 22:43:19,651 [ERROR] LogOutputStream:75 - [STDERR_REDIRECT] 
2026-04-14 22:43:20,672 [ERROR] LogOutputStream:75 - [STDERR_REDIRECT] [Fatal Error] :1:1: Premature end of file.
2026-04-14 22:43:20,673 [ERROR] LogOutputStream:75 - [STDERR_REDIRECT] 
2026-04-14 22:43:21,649 [ERROR] LogOutputStream:75 - [STDERR_REDIRECT] [Fatal Error] :1:1: Premature end of file.
2026-04-14 22:43:21,649 [ERROR] LogOutputStream:75 - [STDERR_REDIRECT] 
2026-04-14 22:43:22,662 [ERROR] LogOutputStream:75 - [STDERR_REDIRECT] [Fatal Error] :1:1: Premature end of file.
2026-04-14 22:43:22,662 [ERROR] LogOutputStream:75 - [STDERR_REDIRECT] 
2026-04-14 22:43:23,656 [ERROR] LogOutputStream:75 - [STDERR_REDIRECT] [Fatal Error] :1:1: Premature end of file.
2026-04-14 22:43:23,657 [ERROR] LogOutputStream:75 - [STDERR_REDIRECT] 
2026-04-14 22:43:24,660 [ERROR] LogOutputStream:75 - [STDERR_REDIRECT] [Fatal Error] :1:1: Premature end of file.
2026-04-14 22:43:24,660 [ERROR] LogOutputStream:75 - [STDERR_REDIRECT] 
2026-04-14 22:43:25,661 [ERROR] LogOutputStream:75 - [STDERR_REDIRECT] [Fatal Error] :1:1: Premature end of file.
2026-04-14 22:43:25,661 [ERROR] LogOutputStream:75 - [STDERR_REDIRECT] 
2026-04-14 22:43:26,651 [ERROR] LogOutputStream:75 - [STDERR_REDIRECT] [Fatal Error] :1:1: Premature end of file.
2026-04-14 22:43:26,652 [ERROR] LogOutputStream:75 - [STDERR_REDIRECT] 
2026-04-14 22:43:27,661 [ERROR] LogOutputStream:75 - [STDERR_REDIRECT] [Fatal Error] :1:1: Premature end of file.
2026-04-14 22:43:27,662 [ERROR] LogOutputStream:75 - [STDERR_REDIRECT] 
2026-04-14 22:43:28,656 [ERROR] LogOutputStream:75 - [STDERR_REDIRECT] [Fatal Error] :1:1: Premature end of file.
2026-04-14 22:43:28,657 [ERROR] LogOutputStream:75 - [STDERR_REDIRECT] 
2026-04-14 22:43:29,651 [ERROR] LogOutputStream:75 - [STDERR_REDIRECT] [Fatal Error] :1:1: Premature end of file.
2026-04-14 22:43:29,651 [ERROR] LogOutputStream:75 - [STDERR_REDIRECT] 
2026-04-14 22:43:30,658 [ERROR] LogOutputStream:75 - [STDERR_REDIRECT] [Fatal Error] :1:1: Premature end of file.
2026-04-14 22:43:30,658 [ERROR] LogOutputStream:75 - [STDERR_REDIRECT] 
2026-04-14 22:43:31,664 [ERROR] LogOutputStream:75 - [STDERR_REDIRECT] [Fatal Error] :1:1: Premature end of file.
2026-04-14 22:43:31,664 [ERROR] LogOutputStream:75 - [STDERR_REDIRECT] 
2026-04-14 22:43:32,660 [ERROR] LogOutputStream:75 - [STDERR_REDIRECT] [Fatal Error] :1:1: Premature end of file.
2026-04-14 22:43:32,661 [ERROR] LogOutputStream:75 - [STDERR_REDIRECT] 
2026-04-14 22:43:33,648 [ERROR] LogOutputStream:75 - [STDERR_REDIRECT] [Fatal Error] :1:1: Premature end of file.
2026-04-14 22:43:33,648 [ERROR] LogOutputStream:75 - [STDERR_REDIRECT] 
2026-04-14 22:43:34,660 [ERROR] LogOutputStream:75 - [STDERR_REDIRECT] [Fatal Error] :1:1: Premature end of file.
2026-04-14 22:43:34,660 [ERROR] LogOutputStream:75 - [STDERR_REDIRECT] 
2026-04-14 22:43:35,667 [ERROR] LogOutputStream:75 - [STDERR_REDIRECT] [Fatal Error] :1:1: Premature end of file.
2026-04-14 22:43:35,668 [ERROR] LogOutputStream:75 - [STDERR_REDIRECT] 
2026-04-14 22:43:36,648 [ERROR] LogOutputStream:75 - [STDERR_REDIRECT] [Fatal Error] :1:1: Premature end of file.
2026-04-14 22:43:36,649 [ERROR] LogOutputStream:75 - [STDERR_REDIRECT] 
2026-04-14 22:43:37,665 [ERROR] LogOutputStream:75 - [STDERR_REDIRECT] [Fatal Error] :1:1: Premature end of file.
2026-04-14 22:43:37,665 [ERROR] LogOutputStream:75 - [STDERR_REDIRECT] 
2026-04-14 22:43:38,657 [ERROR] LogOutputStream:75 - [STDERR_REDIRECT] [Fatal Error] :1:1: Premature end of file.
2026-04-14 22:43:38,658 [ERROR] LogOutputStream:75 - [STDERR_REDIRECT] 
2026-04-14 22:43:39,649 [ERROR] LogOutputStream:75 - [STDERR_REDIRECT] [Fatal Error] :1:1: Premature end of file.
2026-04-14 22:43:39,649 [ERROR] LogOutputStream:75 - [STDERR_REDIRECT] 
2026-04-14 22:43:40,658 [ERROR] LogOutputStream:75 - [STDERR_REDIRECT] [Fatal Error] :1:1: Premature end of file.
2026-04-14 22:43:40,658 [ERROR] LogOutputStream:75 - [STDERR_REDIRECT] 
2026-04-14 22:43:41,654 [ERROR] LogOutputStream:75 - [STDERR_REDIRECT] [Fatal Error] :1:1: Premature end of file.
2026-04-14 22:43:41,654 [ERROR] LogOutputStream:75 - [STDERR_REDIRECT] 
2026-04-14 22:43:42,663 [ERROR] LogOutputStream:75 - [STDERR_REDIRECT] [Fatal Error] :1:1: Premature end of file.
2026-04-14 22:43:42,664 [ERROR] LogOutputStream:75 - [STDERR_REDIRECT] 
2026-04-14 22:43:43,656 [ERROR] LogOutputStream:75 - [STDERR_REDIRECT] [Fatal Error] :1:1: Premature end of file.
2026-04-14 22:43:43,656 [ERROR] LogOutputStream:75 - [STDERR_REDIRECT] 
2026-04-14 22:43:44,660 [ERROR] LogOutputStream:75 - [STDERR_REDIRECT] [Fatal Error] :1:1: Premature end of file.
2026-04-14 22:43:44,661 [ERROR] LogOutputStream:75 - [STDERR_REDIRECT] 
2026-04-14 22:43:45,651 [ERROR] LogOutputStream:75 - [STDERR_REDIRECT] [Fatal Error] :1:1: Premature end of file.
2026-04-14 22:43:45,652 [ERROR] LogOutputStream:75 - [STDERR_REDIRECT] 
2026-04-14 22:43:46,661 [ERROR] LogOutputStream:75 - [STDERR_REDIRECT] [Fatal Error] :1:1: Premature end of file.
2026-04-14 22:43:46,661 [ERROR] LogOutputStream:75 - [STDERR_REDIRECT] 
2026-04-14 22:43:47,652 [ERROR] LogOutputStream:75 - [STDERR_REDIRECT] [Fatal Error] :1:1: Premature end of file.
2026-04-14 22:43:47,653 [ERROR] LogOutputStream:75 - [STDERR_REDIRECT] 
2026-04-14 22:43:48,649 [ERROR] LogOutputStream:75 - [STDERR_REDIRECT] [Fatal Error] :1:1: Premature end of file.
2026-04-14 22:43:48,649 [ERROR] LogOutputStream:75 - [STDERR_REDIRECT] 
2026-04-14 22:43:49,658 [ERROR] LogOutputStream:75 - [STDERR_REDIRECT] [Fatal Error] :1:1: Premature end of file.
2026-04-14 22:43:49,659 [ERROR] LogOutputStream:75 - [STDERR_REDIRECT] 
2026-04-14 22:43:50,647 [ERROR] LogOutputStream:75 - [STDERR_REDIRECT] [Fatal Error] :1:1: Premature end of file.
2026-04-14 22:43:50,647 [ERROR] LogOutputStream:75 - [STDERR_REDIRECT] 
2026-04-14 22:43:51,654 [ERROR] LogOutputStream:75 - [STDERR_REDIRECT] [Fatal Error] :1:1: Premature end of file.
2026-04-14 22:43:51,654 [ERROR] LogOutputStream:75 - [STDERR_REDIRECT] 
2026-04-14 22:43:52,661 [ERROR] LogOutputStream:75 - [STDERR_REDIRECT] [Fatal Error] :1:1: Premature end of file.
2026-04-14 22:43:52,661 [ERROR] LogOutputStream:75 - [STDERR_REDIRECT] 
2026-04-14 22:43:53,671 [ERROR] LogOutputStream:75 - [STDERR_REDIRECT] [Fatal Error] :1:1: Premature end of file.
2026-04-14 22:43:53,672 [ERROR] LogOutputStream:75 - [STDERR_REDIRECT] 
2026-04-14 22:43:54,658 [ERROR] LogOutputStream:75 - [STDERR_REDIRECT] [Fatal Error] :1:1: Premature end of file.
2026-04-14 22:43:54,659 [ERROR] LogOutputStream:75 - [STDERR_REDIRECT] 
2026-04-14 22:43:55,662 [ERROR] LogOutputStream:75 - [STDERR_REDIRECT] [Fatal Error] :1:1: Premature end of file.
2026-04-14 22:43:55,663 [ERROR] LogOutputStream:75 - [STDERR_REDIRECT] 
2026-04-14 22:43:56,651 [ERROR] LogOutputStream:75 - [STDERR_REDIRECT] [Fatal Error] :1:1: Premature end of file.
2026-04-14 22:43:56,651 [ERROR] LogOutputStream:75 - [STDERR_REDIRECT] 
2026-04-14 22:43:57,652 [ERROR] LogOutputStream:75 - [STDERR_REDIRECT] [Fatal Error] :1:1: Premature end of file.
2026-04-14 22:43:57,652 [ERROR] LogOutputStream:75 - [STDERR_REDIRECT] 
2026-04-14 22:43:58,659 [ERROR] LogOutputStream:75 - [STDERR_REDIRECT] [Fatal Error] :1:1: Premature end of file.
2026-04-14 22:43:58,659 [ERROR] LogOutputStream:75 - [STDERR_REDIRECT] 
2026-04-14 22:43:59,655 [ERROR] LogOutputStream:75 - [STDERR_REDIRECT] [Fatal Error] :1:1: Premature end of file.
2026-04-14 22:43:59,655 [ERROR] LogOutputStream:75 - [STDERR_REDIRECT] 
2026-04-14 22:44:00,654 [ERROR] LogOutputStream:75 - [STDERR_REDIRECT] [Fatal Error] :1:1: Premature end of file.
2026-04-14 22:44:00,654 [ERROR] LogOutputStream:75 - [STDERR_REDIRECT] 
2026-04-14 22:44:01,658 [ERROR] LogOutputStream:75 - [STDERR_REDIRECT] [Fatal Error] :1:1: Premature end of file.
2026-04-14 22:44:01,658 [ERROR] LogOutputStream:75 - [STDERR_REDIRECT] 
2026-04-14 22:44:02,645 [ERROR] LogOutputStream:75 - [STDERR_REDIRECT] [Fatal Error] :1:1: Premature end of file.
2026-04-14 22:44:02,646 [ERROR] LogOutputStream:75 - [STDERR_REDIRECT] 
2026-04-14 22:44:03,649 [ERROR] LogOutputStream:75 - [STDERR_REDIRECT] [Fatal Error] :1:1: Premature end of file.
2026-04-14 22:44:03,650 [ERROR] LogOutputStream:75 - [STDERR_REDIRECT] 
2026-04-14 22:44:04,651 [ERROR] LogOutputStream:75 - [STDERR_REDIRECT] [Fatal Error] :1:1: Premature end of file.
2026-04-14 22:44:04,651 [ERROR] LogOutputStream:75 - [STDERR_REDIRECT] 
2026-04-14 22:44:05,658 [ERROR] LogOutputStream:75 - [STDERR_REDIRECT] [Fatal Error] :1:1: Premature end of file.
2026-04-14 22:44:05,658 [ERROR] LogOutputStream:75 - [STDERR_REDIRECT] 
2026-04-14 22:44:06,656 [ERROR] LogOutputStream:75 - [STDERR_REDIRECT] [Fatal Error] :1:1: Premature end of file.
2026-04-14 22:44:06,657 [ERROR] LogOutputStream:75 - [STDERR_REDIRECT] 
2026-04-14 22:44:07,651 [ERROR] LogOutputStream:75 - [STDERR_REDIRECT] [Fatal Error] :1:1: Premature end of file.
2026-04-14 22:44:07,651 [ERROR] LogOutputStream:75 - [STDERR_REDIRECT] 
2026-04-14 22:44:08,662 [ERROR] LogOutputStream:75 - [STDERR_REDIRECT] [Fatal Error] :1:1: Premature end of file.
2026-04-14 22:44:08,663 [ERROR] LogOutputStream:75 - [STDERR_REDIRECT] 
2026-04-14 22:44:09,650 [ERROR] LogOutputStream:75 - [STDERR_REDIRECT] [Fatal Error] :1:1: Premature end of file.
2026-04-14 22:44:09,650 [ERROR] LogOutputStream:75 - [STDERR_REDIRECT] 
2026-04-14 22:44:10,658 [ERROR] LogOutputStream:75 - [STDERR_REDIRECT] [Fatal Error] :1:1: Premature end of file.
2026-04-14 22:44:10,658 [ERROR] LogOutputStream:75 - [STDERR_REDIRECT] 
2026-04-14 22:44:11,648 [ERROR] LogOutputStream:75 - [STDERR_REDIRECT] [Fatal Error] :1:1: Premature end of file.
2026-04-14 22:44:11,648 [ERROR] LogOutputStream:75 - [STDERR_REDIRECT] 
2026-04-14 22:44:12,660 [ERROR] LogOutputStream:75 - [STDERR_REDIRECT] [Fatal Error] :1:1: Premature end of file.
2026-04-14 22:44:12,661 [ERROR] LogOutputStream:75 - [STDERR_REDIRECT] 
2026-04-14 22:44:13,660 [ERROR] LogOutputStream:75 - [STDERR_REDIRECT] [Fatal Error] :1:1: Premature end of file.
2026-04-14 22:44:13,661 [ERROR] LogOutputStream:75 - [STDERR_REDIRECT] 
2026-04-14 22:44:14,649 [ERROR] LogOutputStream:75 - [STDERR_REDIRECT] [Fatal Error] :1:1: Premature end of file.
2026-04-14 22:44:14,649 [ERROR] LogOutputStream:75 - [STDERR_REDIRECT] 
2026-04-14 22:44:15,659 [ERROR] LogOutputStream:75 - [STDERR_REDIRECT] [Fatal Error] :1:1: Premature end of file.
2026-04-14 22:44:15,660 [ERROR] LogOutputStream:75 - [STDERR_REDIRECT] 
2026-04-14 22:44:16,649 [ERROR] LogOutputStream:75 - [STDERR_REDIRECT] [Fatal Error] :1:1: Premature end of file.
2026-04-14 22:44:16,650 [ERROR] LogOutputStream:75 - [STDERR_REDIRECT] 
2026-04-14 22:44:17,651 [ERROR] LogOutputStream:75 - [STDERR_REDIRECT] [Fatal Error] :1:1: Premature end of file.
2026-04-14 22:44:17,651 [ERROR] LogOutputStream:75 - [STDERR_REDIRECT] 
2026-04-14 22:44:18,654 [ERROR] LogOutputStream:75 - [STDERR_REDIRECT] [Fatal Error] :1:1: Premature end of file.
2026-04-14 22:44:18,654 [ERROR] LogOutputStream:75 - [STDERR_REDIRECT] 
2026-04-14 22:44:19,656 [ERROR] LogOutputStream:75 - [STDERR_REDIRECT] [Fatal Error] :1:1: Premature end of file.
2026-04-14 22:44:19,656 [ERROR] LogOutputStream:75 - [STDERR_REDIRECT] 
2026-04-14 22:44:20,647 [ERROR] LogOutputStream:75 - [STDERR_REDIRECT] [Fatal Error] :1:1: Premature end of file.
2026-04-14 22:44:20,647 [ERROR] LogOutputStream:75 - [STDERR_REDIRECT] 
2026-04-14 22:44:21,656 [ERROR] LogOutputStream:75 - [STDERR_REDIRECT] [Fatal Error] :1:1: Premature end of file.
2026-04-14 22:44:21,656 [ERROR] LogOutputStream:75 - [STDERR_REDIRECT] 
2026-04-14 22:44:22,651 [ERROR] LogOutputStream:75 - [STDERR_REDIRECT] [Fatal Error] :1:1: Premature end of file.
2026-04-14 22:44:22,652 [ERROR] LogOutputStream:75 - [STDERR_REDIRECT] 
2026-04-14 22:44:23,661 [ERROR] LogOutputStream:75 - [STDERR_REDIRECT] [Fatal Error] :1:1: Premature end of file.
2026-04-14 22:44:23,661 [ERROR] LogOutputStream:75 - [STDERR_REDIRECT] 
2026-04-14 22:44:24,651 [ERROR] LogOutputStream:75 - [STDERR_REDIRECT] [Fatal Error] :1:1: Premature end of file.
2026-04-14 22:44:24,651 [ERROR] LogOutputStream:75 - [STDERR_REDIRECT] 
2026-04-14 22:44:25,649 [ERROR] LogOutputStream:75 - [STDERR_REDIRECT] [Fatal Error] :1:1: Premature end of file.
2026-04-14 22:44:25,650 [ERROR] LogOutputStream:75 - [STDERR_REDIRECT] 
2026-04-14 22:44:26,664 [ERROR] LogOutputStream:75 - [STDERR_REDIRECT] [Fatal Error] :1:1: Premature end of file.
2026-04-14 22:44:26,664 [ERROR] LogOutputStream:75 - [STDERR_REDIRECT] 
2026-04-14 22:44:27,655 [ERROR] LogOutputStream:75 - [STDERR_REDIRECT] [Fatal Error] :1:1: Premature end of file.
2026-04-14 22:44:27,655 [ERROR] LogOutputStream:75 - [STDERR_REDIRECT] 
2026-04-14 22:44:28,667 [ERROR] LogOutputStream:75 - [STDERR_REDIRECT] [Fatal Error] :1:1: Premature end of file.
2026-04-14 22:44:28,667 [ERROR] LogOutputStream:75 - [STDERR_REDIRECT] 
2026-04-14 22:44:29,662 [ERROR] LogOutputStream:75 - [STDERR_REDIRECT] [Fatal Error] :1:1: Premature end of file.
2026-04-14 22:44:29,663 [ERROR] LogOutputStream:75 - [STDERR_REDIRECT] 
2026-04-14 22:44:30,651 [ERROR] LogOutputStream:75 - [STDERR_REDIRECT] [Fatal Error] :1:1: Premature end of file.
2026-04-14 22:44:30,652 [ERROR] LogOutputStream:75 - [STDERR_REDIRECT] 
2026-04-14 22:44:31,662 [ERROR] LogOutputStream:75 - [STDERR_REDIRECT] [Fatal Error] :1:1: Premature end of file.
2026-04-14 22:44:31,662 [ERROR] LogOutputStream:75 - [STDERR_REDIRECT] 
2026-04-14 22:44:32,652 [ERROR] LogOutputStream:75 - [STDERR_REDIRECT] [Fatal Error] :1:1: Premature end of file.
2026-04-14 22:44:32,652 [ERROR] LogOutputStream:75 - [STDERR_REDIRECT] 
2026-04-14 22:44:33,660 [ERROR] LogOutputStream:75 - [STDERR_REDIRECT] [Fatal Error] :1:1: Premature end of file.
2026-04-14 22:44:33,661 [ERROR] LogOutputStream:75 - [STDERR_REDIRECT] 
2026-04-14 22:44:34,650 [ERROR] LogOutputStream:75 - [STDERR_REDIRECT] [Fatal Error] :1:1: Premature end of file.
2026-04-14 22:44:34,650 [ERROR] LogOutputStream:75 - [STDERR_REDIRECT] 
2026-04-14 22:44:35,657 [ERROR] LogOutputStream:75 - [STDERR_REDIRECT] [Fatal Error] :1:1: Premature end of file.
2026-04-14 22:44:35,658 [ERROR] LogOutputStream:75 - [STDERR_REDIRECT] 
2026-04-14 22:44:36,649 [ERROR] LogOutputStream:75 - [STDERR_REDIRECT] [Fatal Error] :1:1: Premature end of file.
2026-04-14 22:44:36,649 [ERROR] LogOutputStream:75 - [STDERR_REDIRECT] 
2026-04-14 22:44:37,657 [ERROR] LogOutputStream:75 - [STDERR_REDIRECT] [Fatal Error] :1:1: Premature end of file.
2026-04-14 22:44:37,657 [ERROR] LogOutputStream:75 - [STDERR_REDIRECT] 
2026-04-14 22:44:38,657 [ERROR] LogOutputStream:75 - [STDERR_REDIRECT] [Fatal Error] :1:1: Premature end of file.
2026-04-14 22:44:38,658 [ERROR] LogOutputStream:75 - [STDERR_REDIRECT] 
2026-04-14 22:44:39,646 [ERROR] LogOutputStream:75 - [STDERR_REDIRECT] [Fatal Error] :1:1: Premature end of file.
2026-04-14 22:44:39,646 [ERROR] LogOutputStream:75 - [STDERR_REDIRECT] 
2026-04-14 22:44:40,653 [ERROR] LogOutputStream:75 - [STDERR_REDIRECT] [Fatal Error] :1:1: Premature end of file.
2026-04-14 22:44:40,653 [ERROR] LogOutputStream:75 - [STDERR_REDIRECT] 
2026-04-14 22:44:41,648 [ERROR] LogOutputStream:75 - [STDERR_REDIRECT] [Fatal Error] :1:1: Premature end of file.
2026-04-14 22:44:41,648 [ERROR] LogOutputStream:75 - [STDERR_REDIRECT] 
2026-04-14 22:44:42,651 [ERROR] LogOutputStream:75 - [STDERR_REDIRECT] [Fatal Error] :1:1: Premature end of file.
2026-04-14 22:44:42,652 [ERROR] LogOutputStream:75 - [STDERR_REDIRECT] 
2026-04-14 22:44:43,659 [ERROR] LogOutputStream:75 - [STDERR_REDIRECT] [Fatal Error] :1:1: Premature end of file.
2026-04-14 22:44:43,659 [ERROR] LogOutputStream:75 - [STDERR_REDIRECT] 
2026-04-14 22:44:44,650 [ERROR] LogOutputStream:75 - [STDERR_REDIRECT] [Fatal Error] :1:1: Premature end of file.
2026-04-14 22:44:44,650 [ERROR] LogOutputStream:75 - [STDERR_REDIRECT] 
2026-04-14 22:44:45,650 [ERROR] LogOutputStream:75 - [STDERR_REDIRECT] [Fatal Error] :1:1: Premature end of file.
2026-04-14 22:44:45,650 [ERROR] LogOutputStream:75 - [STDERR_REDIRECT] 
2026-04-14 22:44:46,648 [ERROR] LogOutputStream:75 - [STDERR_REDIRECT] [Fatal Error] :1:1: Premature end of file.
2026-04-14 22:44:46,648 [ERROR] LogOutputStream:75 - [STDERR_REDIRECT] 
2026-04-14 22:44:47,657 [ERROR] LogOutputStream:75 - [STDERR_REDIRECT] [Fatal Error] :1:1: Premature end of file.
2026-04-14 22:44:47,657 [ERROR] LogOutputStream:75 - [STDERR_REDIRECT] 
2026-04-14 22:44:48,658 [ERROR] LogOutputStream:75 - [STDERR_REDIRECT] [Fatal Error] :1:1: Premature end of file.
2026-04-14 22:44:48,658 [ERROR] LogOutputStream:75 - [STDERR_REDIRECT] 
2026-04-14 22:44:49,653 [ERROR] LogOutputStream:75 - [STDERR_REDIRECT] [Fatal Error] :1:1: Premature end of file.
2026-04-14 22:44:49,653 [ERROR] LogOutputStream:75 - [STDERR_REDIRECT] 
2026-04-14 22:44:50,656 [ERROR] LogOutputStream:75 - [STDERR_REDIRECT] [Fatal Error] :1:1: Premature end of file.
2026-04-14 22:44:50,656 [ERROR] LogOutputStream:75 - [STDERR_REDIRECT] 
2026-04-14 22:44:51,660 [ERROR] LogOutputStream:75 - [STDERR_REDIRECT] [Fatal Error] :1:1: Premature end of file.
2026-04-14 22:44:51,661 [ERROR] LogOutputStream:75 - [STDERR_REDIRECT] 
2026-04-14 22:44:52,650 [ERROR] LogOutputStream:75 - [STDERR_REDIRECT] [Fatal Error] :1:1: Premature end of file.
2026-04-14 22:44:52,650 [ERROR] LogOutputStream:75 - [STDERR_REDIRECT] 
2026-04-14 22:44:53,659 [ERROR] LogOutputStream:75 - [STDERR_REDIRECT] [Fatal Error] :1:1: Premature end of file.
2026-04-14 22:44:53,660 [ERROR] LogOutputStream:75 - [STDERR_REDIRECT] 
2026-04-14 22:44:54,651 [ERROR] LogOutputStream:75 - [STDERR_REDIRECT] [Fatal Error] :1:1: Premature end of file.
2026-04-14 22:44:54,652 [ERROR] LogOutputStream:75 - [STDERR_REDIRECT] 
2026-04-14 22:44:55,664 [ERROR] LogOutputStream:75 - [STDERR_REDIRECT] [Fatal Error] :1:1: Premature end of file.
2026-04-14 22:44:55,664 [ERROR] LogOutputStream:75 - [STDERR_REDIRECT] 
2026-04-14 22:44:56,648 [ERROR] LogOutputStream:75 - [STDERR_REDIRECT] [Fatal Error] :1:1: Premature end of file.
2026-04-14 22:44:56,648 [ERROR] LogOutputStream:75 - [STDERR_REDIRECT] 
2026-04-14 22:44:57,657 [ERROR] LogOutputStream:75 - [STDERR_REDIRECT] [Fatal Error] :1:1: Premature end of file.
2026-04-14 22:44:57,657 [ERROR] LogOutputStream:75 - [STDERR_REDIRECT] 
2026-04-14 22:44:58,656 [ERROR] LogOutputStream:75 - [STDERR_REDIRECT] [Fatal Error] :1:1: Premature end of file.
2026-04-14 22:44:58,656 [ERROR] LogOutputStream:75 - [STDERR_REDIRECT] 
2026-04-14 22:44:59,662 [ERROR] LogOutputStream:75 - [STDERR_REDIRECT] [Fatal Error] :1:1: Premature end of file.
2026-04-14 22:44:59,662 [ERROR] LogOutputStream:75 - [STDERR_REDIRECT] 
2026-04-14 22:45:00,653 [ERROR] LogOutputStream:75 - [STDERR_REDIRECT] [Fatal Error] :1:1: Premature end of file.
2026-04-14 22:45:00,653 [ERROR] LogOutputStream:75 - [STDERR_REDIRECT] 
2026-04-14 22:45:01,656 [ERROR] LogOutputStream:75 - [STDERR_REDIRECT] [Fatal Error] :1:1: Premature end of file.
2026-04-14 22:45:01,657 [ERROR] LogOutputStream:75 - [STDERR_REDIRECT] 
2026-04-14 22:45:02,653 [ERROR] LogOutputStream:75 - [STDERR_REDIRECT] [Fatal Error] :1:1: Premature end of file.
2026-04-14 22:45:02,653 [ERROR] LogOutputStream:75 - [STDERR_REDIRECT] 
2026-04-14 22:45:03,656 [ERROR] LogOutputStream:75 - [STDERR_REDIRECT] [Fatal Error] :1:1: Premature end of file.
2026-04-14 22:45:03,656 [ERROR] LogOutputStream:75 - [STDERR_REDIRECT] 
2026-04-14 22:45:04,649 [ERROR] LogOutputStream:75 - [STDERR_REDIRECT] [Fatal Error] :1:1: Premature end of file.
2026-04-14 22:45:04,649 [ERROR] LogOutputStream:75 - [STDERR_REDIRECT] 
2026-04-14 22:45:05,655 [ERROR] LogOutputStream:75 - [STDERR_REDIRECT] [Fatal Error] :1:1: Premature end of file.
2026-04-14 22:45:05,656 [ERROR] LogOutputStream:75 - [STDERR_REDIRECT] 
2026-04-14 22:45:06,664 [ERROR] LogOutputStream:75 - [STDERR_REDIRECT] [Fatal Error] :1:1: Premature end of file.
2026-04-14 22:45:06,665 [ERROR] LogOutputStream:75 - [STDERR_REDIRECT] 
2026-04-14 22:45:07,645 [ERROR] LogOutputStream:75 - [STDERR_REDIRECT] [Fatal Error] :1:1: Premature end of file.
2026-04-14 22:45:07,645 [ERROR] LogOutputStream:75 - [STDERR_REDIRECT] 
2026-04-14 22:45:08,650 [ERROR] LogOutputStream:75 - [STDERR_REDIRECT] [Fatal Error] :1:1: Premature end of file.
2026-04-14 22:45:08,651 [ERROR] LogOutputStream:75 - [STDERR_REDIRECT] 
2026-04-14 22:45:09,644 [ERROR] LogOutputStream:75 - [STDERR_REDIRECT] [Fatal Error] :1:1: Premature end of file.
2026-04-14 22:45:09,644 [ERROR] LogOutputStream:75 - [STDERR_REDIRECT] 
2026-04-14 22:45:10,652 [ERROR] LogOutputStream:75 - [STDERR_REDIRECT] [Fatal Error] :1:1: Premature end of file.
2026-04-14 22:45:10,652 [ERROR] LogOutputStream:75 - [STDERR_REDIRECT] 
2026-04-14 22:45:11,650 [ERROR] LogOutputStream:75 - [STDERR_REDIRECT] [Fatal Error] :1:1: Premature end of file.
2026-04-14 22:45:11,651 [ERROR] LogOutputStream:75 - [STDERR_REDIRECT] 
2026-04-14 22:45:12,661 [ERROR] LogOutputStream:75 - [STDERR_REDIRECT] [Fatal Error] :1:1: Premature end of file.
2026-04-14 22:45:12,662 [ERROR] LogOutputStream:75 - [STDERR_REDIRECT] 
2026-04-14 22:45:13,649 [ERROR] LogOutputStream:75 - [STDERR_REDIRECT] [Fatal Error] :1:1: Premature end of file.
2026-04-14 22:45:13,650 [ERROR] LogOutputStream:75 - [STDERR_REDIRECT] 
2026-04-14 22:45:14,660 [ERROR] LogOutputStream:75 - [STDERR_REDIRECT] [Fatal Error] :1:1: Premature end of file.
2026-04-14 22:45:14,661 [ERROR] LogOutputStream:75 - [STDERR_REDIRECT] 
2026-04-14 22:45:15,654 [ERROR] LogOutputStream:75 - [STDERR_REDIRECT] [Fatal Error] :1:1: Premature end of file.
2026-04-14 22:45:15,654 [ERROR] LogOutputStream:75 - [STDERR_REDIRECT] 
2026-04-14 22:45:16,658 [ERROR] LogOutputStream:75 - [STDERR_REDIRECT] [Fatal Error] :1:1: Premature end of file.
2026-04-14 22:45:16,658 [ERROR] LogOutputStream:75 - [STDERR_REDIRECT] 
2026-04-14 22:45:17,654 [ERROR] LogOutputStream:75 - [STDERR_REDIRECT] [Fatal Error] :1:1: Premature end of file.
2026-04-14 22:45:17,654 [ERROR] LogOutputStream:75 - [STDERR_REDIRECT] 
2026-04-14 22:45:18,651 [ERROR] LogOutputStream:75 - [STDERR_REDIRECT] [Fatal Error] :1:1: Premature end of file.
2026-04-14 22:45:18,652 [ERROR] LogOutputStream:75 - [STDERR_REDIRECT] 
2026-04-14 22:45:19,659 [ERROR] LogOutputStream:75 - [STDERR_REDIRECT] [Fatal Error] :1:1: Premature end of file.
2026-04-14 22:45:19,660 [ERROR] LogOutputStream:75 - [STDERR_REDIRECT] 
2026-04-14 22:45:20,648 [ERROR] LogOutputStream:75 - [STDERR_REDIRECT] [Fatal Error] :1:1: Premature end of file.
2026-04-14 22:45:20,649 [ERROR] LogOutputStream:75 - [STDERR_REDIRECT] 
2026-04-14 22:45:21,660 [ERROR] LogOutputStream:75 - [STDERR_REDIRECT] [Fatal Error] :1:1: Premature end of file.
2026-04-14 22:45:21,660 [ERROR] LogOutputStream:75 - [STDERR_REDIRECT] 
2026-04-14 22:45:22,652 [ERROR] LogOutputStream:75 - [STDERR_REDIRECT] [Fatal Error] :1:1: Premature end of file.
2026-04-14 22:45:22,653 [ERROR] LogOutputStream:75 - [STDERR_REDIRECT] 
2026-04-14 22:45:23,658 [ERROR] LogOutputStream:75 - [STDERR_REDIRECT] [Fatal Error] :1:1: Premature end of file.
2026-04-14 22:45:23,658 [ERROR] LogOutputStream:75 - [STDERR_REDIRECT] 
2026-04-14 22:45:24,655 [ERROR] LogOutputStream:75 - [STDERR_REDIRECT] [Fatal Error] :1:1: Premature end of file.
2026-04-14 22:45:24,656 [ERROR] LogOutputStream:75 - [STDERR_REDIRECT] 
2026-04-14 22:45:25,662 [ERROR] LogOutputStream:75 - [STDERR_REDIRECT] [Fatal Error] :1:1: Premature end of file.
2026-04-14 22:45:25,663 [ERROR] LogOutputStream:75 - [STDERR_REDIRECT] 
2026-04-14 22:45:26,652 [ERROR] LogOutputStream:75 - [STDERR_REDIRECT] [Fatal Error] :1:1: Premature end of file.
2026-04-14 22:45:26,653 [ERROR] LogOutputStream:75 - [STDERR_REDIRECT] 
2026-04-14 22:45:27,658 [ERROR] LogOutputStream:75 - [STDERR_REDIRECT] [Fatal Error] :1:1: Premature end of file.
2026-04-14 22:45:27,658 [ERROR] LogOutputStream:75 - [STDERR_REDIRECT] 
2026-04-14 22:45:28,653 [ERROR] LogOutputStream:75 - [STDERR_REDIRECT] [Fatal Error] :1:1: Premature end of file.
2026-04-14 22:45:28,653 [ERROR] LogOutputStream:75 - [STDERR_REDIRECT] 
2026-04-14 22:45:29,661 [ERROR] LogOutputStream:75 - [STDERR_REDIRECT] [Fatal Error] :1:1: Premature end of file.
2026-04-14 22:45:29,661 [ERROR] LogOutputStream:75 - [STDERR_REDIRECT] 
2026-04-14 22:45:30,653 [ERROR] LogOutputStream:75 - [STDERR_REDIRECT] [Fatal Error] :1:1: Premature end of file.
2026-04-14 22:45:30,653 [ERROR] LogOutputStream:75 - [STDERR_REDIRECT] 
2026-04-14 22:45:31,658 [ERROR] LogOutputStream:75 - [STDERR_REDIRECT] [Fatal Error] :1:1: Premature end of file.
2026-04-14 22:45:31,659 [ERROR] LogOutputStream:75 - [STDERR_REDIRECT] 
2026-04-14 22:45:32,657 [ERROR] LogOutputStream:75 - [STDERR_REDIRECT] [Fatal Error] :1:1: Premature end of file.
2026-04-14 22:45:32,657 [ERROR] LogOutputStream:75 - [STDERR_REDIRECT] 
2026-04-14 22:45:33,650 [ERROR] LogOutputStream:75 - [STDERR_REDIRECT] [Fatal Error] :1:1: Premature end of file.
2026-04-14 22:45:33,650 [ERROR] LogOutputStream:75 - [STDERR_REDIRECT] 
2026-04-14 22:45:34,662 [ERROR] LogOutputStream:75 - [STDERR_REDIRECT] [Fatal Error] :1:1: Premature end of file.
2026-04-14 22:45:34,662 [ERROR] LogOutputStream:75 - [STDERR_REDIRECT] 
2026-04-14 22:45:35,658 [ERROR] LogOutputStream:75 - [STDERR_REDIRECT] [Fatal Error] :1:1: Premature end of file.
2026-04-14 22:45:35,659 [ERROR] LogOutputStream:75 - [STDERR_REDIRECT] 
2026-04-14 22:45:36,658 [ERROR] LogOutputStream:75 - [STDERR_REDIRECT] [Fatal Error] :1:1: Premature end of file.
2026-04-14 22:45:36,658 [ERROR] LogOutputStream:75 - [STDERR_REDIRECT] 
2026-04-14 22:45:37,663 [ERROR] LogOutputStream:75 - [STDERR_REDIRECT] [Fatal Error] :1:1: Premature end of file.
2026-04-14 22:45:37,663 [ERROR] LogOutputStream:75 - [STDERR_REDIRECT] 
2026-04-14 22:45:38,659 [ERROR] LogOutputStream:75 - [STDERR_REDIRECT] [Fatal Error] :1:1: Premature end of file.
2026-04-14 22:45:38,659 [ERROR] LogOutputStream:75 - [STDERR_REDIRECT] 
2026-04-14 22:45:39,663 [ERROR] LogOutputStream:75 - [STDERR_REDIRECT] [Fatal Error] :1:1: Premature end of file.
2026-04-14 22:45:39,663 [ERROR] LogOutputStream:75 - [STDERR_REDIRECT] 
2026-04-14 22:45:40,661 [ERROR] LogOutputStream:75 - [STDERR_REDIRECT] [Fatal Error] :1:1: Premature end of file.
2026-04-14 22:45:40,661 [ERROR] LogOutputStream:75 - [STDERR_REDIRECT] 
2026-04-14 22:45:41,659 [ERROR] LogOutputStream:75 - [STDERR_REDIRECT] [Fatal Error] :1:1: Premature end of file.
2026-04-14 22:45:41,659 [ERROR] LogOutputStream:75 - [STDERR_REDIRECT] 
2026-04-14 22:45:42,655 [ERROR] LogOutputStream:75 - [STDERR_REDIRECT] [Fatal Error] :1:1: Premature end of file.
2026-04-14 22:45:42,655 [ERROR] LogOutputStream:75 - [STDERR_REDIRECT] 
2026-04-14 22:45:43,660 [ERROR] LogOutputStream:75 - [STDERR_REDIRECT] [Fatal Error] :1:1: Premature end of file.
2026-04-14 22:45:43,661 [ERROR] LogOutputStream:75 - [STDERR_REDIRECT] 
2026-04-14 22:45:44,656 [ERROR] LogOutputStream:75 - [STDERR_REDIRECT] [Fatal Error] :1:1: Premature end of file.
2026-04-14 22:45:44,656 [ERROR] LogOutputStream:75 - [STDERR_REDIRECT] 
2026-04-14 22:45:45,650 [ERROR] LogOutputStream:75 - [STDERR_REDIRECT] [Fatal Error] :1:1: Premature end of file.
2026-04-14 22:45:45,650 [ERROR] LogOutputStream:75 - [STDERR_REDIRECT] 
2026-04-14 22:45:46,662 [ERROR] LogOutputStream:75 - [STDERR_REDIRECT] [Fatal Error] :1:1: Premature end of file.
2026-04-14 22:45:46,662 [ERROR] LogOutputStream:75 - [STDERR_REDIRECT] 
2026-04-14 22:45:47,649 [ERROR] LogOutputStream:75 - [STDERR_REDIRECT] [Fatal Error] :1:1: Premature end of file.
2026-04-14 22:45:47,650 [ERROR] LogOutputStream:75 - [STDERR_REDIRECT] 
2026-04-14 22:45:48,659 [ERROR] LogOutputStream:75 - [STDERR_REDIRECT] [Fatal Error] :1:1: Premature end of file.
2026-04-14 22:45:48,660 [ERROR] LogOutputStream:75 - [STDERR_REDIRECT] 
2026-04-14 22:45:49,651 [ERROR] LogOutputStream:75 - [STDERR_REDIRECT] [Fatal Error] :1:1: Premature end of file.
2026-04-14 22:45:49,651 [ERROR] LogOutputStream:75 - [STDERR_REDIRECT] 
2026-04-14 22:45:50,659 [ERROR] LogOutputStream:75 - [STDERR_REDIRECT] [Fatal Error] :1:1: Premature end of file.
2026-04-14 22:45:50,659 [ERROR] LogOutputStream:75 - [STDERR_REDIRECT] 
2026-04-14 22:45:51,649 [ERROR] LogOutputStream:75 - [STDERR_REDIRECT] [Fatal Error] :1:1: Premature end of file.
2026-04-14 22:45:51,649 [ERROR] LogOutputStream:75 - [STDERR_REDIRECT] 
2026-04-14 22:45:52,664 [ERROR] LogOutputStream:75 - [STDERR_REDIRECT] [Fatal Error] :1:1: Premature end of file.
2026-04-14 22:45:52,664 [ERROR] LogOutputStream:75 - [STDERR_REDIRECT] 
2026-04-14 22:45:53,651 [ERROR] LogOutputStream:75 - [STDERR_REDIRECT] [Fatal Error] :1:1: Premature end of file.
2026-04-14 22:45:53,652 [ERROR] LogOutputStream:75 - [STDERR_REDIRECT] 
2026-04-14 22:45:54,648 [ERROR] LogOutputStream:75 - [STDERR_REDIRECT] [Fatal Error] :1:1: Premature end of file.
2026-04-14 22:45:54,648 [ERROR] LogOutputStream:75 - [STDERR_REDIRECT] 
2026-04-14 22:45:55,655 [ERROR] LogOutputStream:75 - [STDERR_REDIRECT] [Fatal Error] :1:1: Premature end of file.
2026-04-14 22:45:55,656 [ERROR] LogOutputStream:75 - [STDERR_REDIRECT] 
2026-04-14 22:45:56,661 [ERROR] LogOutputStream:75 - [STDERR_REDIRECT] [Fatal Error] :1:1: Premature end of file.
2026-04-14 22:45:56,662 [ERROR] LogOutputStream:75 - [STDERR_REDIRECT] 
2026-04-14 22:45:57,653 [ERROR] LogOutputStream:75 - [STDERR_REDIRECT] [Fatal Error] :1:1: Premature end of file.
2026-04-14 22:45:57,654 [ERROR] LogOutputStream:75 - [STDERR_REDIRECT] 
2026-04-14 22:45:58,658 [ERROR] LogOutputStream:75 - [STDERR_REDIRECT] [Fatal Error] :1:1: Premature end of file.
2026-04-14 22:45:58,658 [ERROR] LogOutputStream:75 - [STDERR_REDIRECT] 
2026-04-14 22:45:59,652 [ERROR] LogOutputStream:75 - [STDERR_REDIRECT] [Fatal Error] :1:1: Premature end of file.
2026-04-14 22:45:59,653 [ERROR] LogOutputStream:75 - [STDERR_REDIRECT] 
2026-04-14 22:46:00,654 [ERROR] LogOutputStream:75 - [STDERR_REDIRECT] [Fatal Error] :1:1: Premature end of file.
2026-04-14 22:46:00,655 [ERROR] LogOutputStream:75 - [STDERR_REDIRECT] 
2026-04-14 22:46:01,659 [ERROR] LogOutputStream:75 - [STDERR_REDIRECT] [Fatal Error] :1:1: Premature end of file.
2026-04-14 22:46:01,659 [ERROR] LogOutputStream:75 - [STDERR_REDIRECT] 
2026-04-14 22:46:02,656 [ERROR] LogOutputStream:75 - [STDERR_REDIRECT] [Fatal Error] :1:1: Premature end of file.
2026-04-14 22:46:02,657 [ERROR] LogOutputStream:75 - [STDERR_REDIRECT] 
2026-04-14 22:46:03,651 [ERROR] LogOutputStream:75 - [STDERR_REDIRECT] [Fatal Error] :1:1: Premature end of file.
2026-04-14 22:46:03,651 [ERROR] LogOutputStream:75 - [STDERR_REDIRECT] 
2026-04-14 22:46:04,655 [ERROR] LogOutputStream:75 - [STDERR_REDIRECT] [Fatal Error] :1:1: Premature end of file.
2026-04-14 22:46:04,655 [ERROR] LogOutputStream:75 - [STDERR_REDIRECT] 
2026-04-14 22:46:05,654 [ERROR] LogOutputStream:75 - [STDERR_REDIRECT] [Fatal Error] :1:1: Premature end of file.
2026-04-14 22:46:05,655 [ERROR] LogOutputStream:75 - [STDERR_REDIRECT] 
2026-04-14 22:46:06,658 [ERROR] LogOutputStream:75 - [STDERR_REDIRECT] [Fatal Error] :1:1: Premature end of file.
2026-04-14 22:46:06,659 [ERROR] LogOutputStream:75 - [STDERR_REDIRECT] 
2026-04-14 22:46:07,655 [ERROR] LogOutputStream:75 - [STDERR_REDIRECT] [Fatal Error] :1:1: Premature end of file.
2026-04-14 22:46:07,655 [ERROR] LogOutputStream:75 - [STDERR_REDIRECT] 
2026-04-14 22:46:08,658 [ERROR] LogOutputStream:75 - [STDERR_REDIRECT] [Fatal Error] :1:1: Premature end of file.
2026-04-14 22:46:08,659 [ERROR] LogOutputStream:75 - [STDERR_REDIRECT] 
2026-04-14 22:46:09,660 [ERROR] LogOutputStream:75 - [STDERR_REDIRECT] [Fatal Error] :1:1: Premature end of file.
2026-04-14 22:46:09,660 [ERROR] LogOutputStream:75 - [STDERR_REDIRECT] 
2026-04-14 22:46:10,657 [ERROR] LogOutputStream:75 - [STDERR_REDIRECT] [Fatal Error] :1:1: Premature end of file.
2026-04-14 22:46:10,658 [ERROR] LogOutputStream:75 - [STDERR_REDIRECT] 
2026-04-14 22:46:11,651 [ERROR] LogOutputStream:75 - [STDERR_REDIRECT] [Fatal Error] :1:1: Premature end of file.
2026-04-14 22:46:11,651 [ERROR] LogOutputStream:75 - [STDERR_REDIRECT] 
2026-04-14 22:46:12,664 [ERROR] LogOutputStream:75 - [STDERR_REDIRECT] [Fatal Error] :1:1: Premature end of file.
2026-04-14 22:46:12,665 [ERROR] LogOutputStream:75 - [STDERR_REDIRECT] 
2026-04-14 22:46:13,649 [ERROR] LogOutputStream:75 - [STDERR_REDIRECT] [Fatal Error] :1:1: Premature end of file.
2026-04-14 22:46:13,649 [ERROR] LogOutputStream:75 - [STDERR_REDIRECT] 
2026-04-14 22:46:14,647 [ERROR] LogOutputStream:75 - [STDERR_REDIRECT] [Fatal Error] :1:1: Premature end of file.
2026-04-14 22:46:14,648 [ERROR] LogOutputStream:75 - [STDERR_REDIRECT] 
2026-04-14 22:46:15,661 [ERROR] LogOutputStream:75 - [STDERR_REDIRECT] [Fatal Error] :1:1: Premature end of file.
2026-04-14 22:46:15,662 [ERROR] LogOutputStream:75 - [STDERR_REDIRECT] 
2026-04-14 22:46:16,651 [ERROR] LogOutputStream:75 - [STDERR_REDIRECT] [Fatal Error] :1:1: Premature end of file.
2026-04-14 22:46:16,652 [ERROR] LogOutputStream:75 - [STDERR_REDIRECT] 
2026-04-14 22:46:17,659 [ERROR] LogOutputStream:75 - [STDERR_REDIRECT] [Fatal Error] :1:1: Premature end of file.
2026-04-14 22:46:17,659 [ERROR] LogOutputStream:75 - [STDERR_REDIRECT] 
2026-04-14 22:46:18,654 [ERROR] LogOutputStream:75 - [STDERR_REDIRECT] [Fatal Error] :1:1: Premature end of file.
2026-04-14 22:46:18,654 [ERROR] LogOutputStream:75 - [STDERR_REDIRECT] 
2026-04-14 22:46:19,649 [ERROR] LogOutputStream:75 - [STDERR_REDIRECT] [Fatal Error] :1:1: Premature end of file.
2026-04-14 22:46:19,650 [ERROR] LogOutputStream:75 - [STDERR_REDIRECT] 
2026-04-14 22:46:20,658 [ERROR] LogOutputStream:75 - [STDERR_REDIRECT] [Fatal Error] :1:1: Premature end of file.
2026-04-14 22:46:20,659 [ERROR] LogOutputStream:75 - [STDERR_REDIRECT] 
2026-04-14 22:46:21,650 [ERROR] LogOutputStream:75 - [STDERR_REDIRECT] [Fatal Error] :1:1: Premature end of file.
2026-04-14 22:46:21,650 [ERROR] LogOutputStream:75 - [STDERR_REDIRECT] 
2026-04-14 22:46:22,656 [ERROR] LogOutputStream:75 - [STDERR_REDIRECT] [Fatal Error] :1:1: Premature end of file.
2026-04-14 22:46:22,657 [ERROR] LogOutputStream:75 - [STDERR_REDIRECT] 
2026-04-14 22:46:23,655 [ERROR] LogOutputStream:75 - [STDERR_REDIRECT] [Fatal Error] :1:1: Premature end of file.
2026-04-14 22:46:23,655 [ERROR] LogOutputStream:75 - [STDERR_REDIRECT] 
2026-04-14 22:46:24,653 [ERROR] LogOutputStream:75 - [STDERR_REDIRECT] [Fatal Error] :1:1: Premature end of file.
2026-04-14 22:46:24,654 [ERROR] LogOutputStream:75 - [STDERR_REDIRECT] 
2026-04-14 22:46:25,662 [ERROR] LogOutputStream:75 - [STDERR_REDIRECT] [Fatal Error] :1:1: Premature end of file.
2026-04-14 22:46:25,662 [ERROR] LogOutputStream:75 - [STDERR_REDIRECT] 
2026-04-14 22:46:26,652 [ERROR] LogOutputStream:75 - [STDERR_REDIRECT] [Fatal Error] :1:1: Premature end of file.
2026-04-14 22:46:26,652 [ERROR] LogOutputStream:75 - [STDERR_REDIRECT] 
2026-04-14 22:46:27,660 [ERROR] LogOutputStream:75 - [STDERR_REDIRECT] [Fatal Error] :1:1: Premature end of file.
2026-04-14 22:46:27,661 [ERROR] LogOutputStream:75 - [STDERR_REDIRECT] 
2026-04-14 22:46:28,652 [ERROR] LogOutputStream:75 - [STDERR_REDIRECT] [Fatal Error] :1:1: Premature end of file.
2026-04-14 22:46:28,652 [ERROR] LogOutputStream:75 - [STDERR_REDIRECT] 
2026-04-14 22:46:29,653 [ERROR] LogOutputStream:75 - [STDERR_REDIRECT] [Fatal Error] :1:1: Premature end of file.
2026-04-14 22:46:29,653 [ERROR] LogOutputStream:75 - [STDERR_REDIRECT] 
2026-04-14 22:46:30,650 [ERROR] LogOutputStream:75 - [STDERR_REDIRECT] [Fatal Error] :1:1: Premature end of file.
2026-04-14 22:46:30,650 [ERROR] LogOutputStream:75 - [STDERR_REDIRECT] 
2026-04-14 22:46:31,657 [ERROR] LogOutputStream:75 - [STDERR_REDIRECT] [Fatal Error] :1:1: Premature end of file.
2026-04-14 22:46:31,657 [ERROR] LogOutputStream:75 - [STDERR_REDIRECT] 
2026-04-14 22:46:32,651 [ERROR] LogOutputStream:75 - [STDERR_REDIRECT] [Fatal Error] :1:1: Premature end of file.
2026-04-14 22:46:32,651 [ERROR] LogOutputStream:75 - [STDERR_REDIRECT] 
2026-04-14 22:46:33,659 [ERROR] LogOutputStream:75 - [STDERR_REDIRECT] [Fatal Error] :1:1: Premature end of file.
2026-04-14 22:46:33,660 [ERROR] LogOutputStream:75 - [STDERR_REDIRECT] 
2026-04-14 22:46:34,655 [ERROR] LogOutputStream:75 - [STDERR_REDIRECT] [Fatal Error] :1:1: Premature end of file.
2026-04-14 22:46:34,655 [ERROR] LogOutputStream:75 - [STDERR_REDIRECT] 
2026-04-14 22:46:35,648 [ERROR] LogOutputStream:75 - [STDERR_REDIRECT] [Fatal Error] :1:1: Premature end of file.
2026-04-14 22:46:35,649 [ERROR] LogOutputStream:75 - [STDERR_REDIRECT] 
2026-04-14 22:46:36,656 [ERROR] LogOutputStream:75 - [STDERR_REDIRECT] [Fatal Error] :1:1: Premature end of file.
2026-04-14 22:46:36,656 [ERROR] LogOutputStream:75 - [STDERR_REDIRECT] 
2026-04-14 22:46:37,651 [ERROR] LogOutputStream:75 - [STDERR_REDIRECT] [Fatal Error] :1:1: Premature end of file.
2026-04-14 22:46:37,652 [ERROR] LogOutputStream:75 - [STDERR_REDIRECT] 
2026-04-14 22:46:38,663 [ERROR] LogOutputStream:75 - [STDERR_REDIRECT] [Fatal Error] :1:1: Premature end of file.
2026-04-14 22:46:38,663 [ERROR] LogOutputStream:75 - [STDERR_REDIRECT] 
2026-04-14 22:46:39,650 [ERROR] LogOutputStream:75 - [STDERR_REDIRECT] [Fatal Error] :1:1: Premature end of file.
2026-04-14 22:46:39,650 [ERROR] LogOutputStream:75 - [STDERR_REDIRECT] 
2026-04-14 22:46:40,664 [ERROR] LogOutputStream:75 - [STDERR_REDIRECT] [Fatal Error] :1:1: Premature end of file.
2026-04-14 22:46:40,664 [ERROR] LogOutputStream:75 - [STDERR_REDIRECT] 
2026-04-14 22:46:41,658 [ERROR] LogOutputStream:75 - [STDERR_REDIRECT] [Fatal Error] :1:1: Premature end of file.
2026-04-14 22:46:41,658 [ERROR] LogOutputStream:75 - [STDERR_REDIRECT] 
2026-04-14 22:46:42,674 [ERROR] LogOutputStream:75 - [STDERR_REDIRECT] [Fatal Error] :1:1: Premature end of file.
2026-04-14 22:46:42,675 [ERROR] LogOutputStream:75 - [STDERR_REDIRECT] 
2026-04-14 22:46:43,774 [ERROR] LogOutputStream:75 - [STDERR_REDIRECT] [Fatal Error] :1:1: Premature end of file.
2026-04-14 22:46:43,774 [ERROR] LogOutputStream:75 - [STDERR_REDIRECT] 
2026-04-14 22:46:44,660 [ERROR] LogOutputStream:75 - [STDERR_REDIRECT] [Fatal Error] :1:1: Premature end of file.
2026-04-14 22:46:44,660 [ERROR] LogOutputStream:75 - [STDERR_REDIRECT] 
2026-04-14 22:46:45,663 [ERROR] LogOutputStream:75 - [STDERR_REDIRECT] [Fatal Error] :1:1: Premature end of file.
2026-04-14 22:46:45,664 [ERROR] LogOutputStream:75 - [STDERR_REDIRECT] 
2026-04-14 22:46:46,667 [ERROR] LogOutputStream:75 - [STDERR_REDIRECT] [Fatal Error] :1:1: Premature end of file.
2026-04-14 22:46:46,667 [ERROR] LogOutputStream:75 - [STDERR_REDIRECT] 
2026-04-14 22:46:47,651 [ERROR] LogOutputStream:75 - [STDERR_REDIRECT] [Fatal Error] :1:1: Premature end of file.
2026-04-14 22:46:47,651 [ERROR] LogOutputStream:75 - [STDERR_REDIRECT] 
2026-04-14 22:46:48,660 [ERROR] LogOutputStream:75 - [STDERR_REDIRECT] [Fatal Error] :1:1: Premature end of file.
2026-04-14 22:46:48,661 [ERROR] LogOutputStream:75 - [STDERR_REDIRECT] 
2026-04-14 22:46:49,672 [ERROR] LogOutputStream:75 - [STDERR_REDIRECT] [Fatal Error] :1:1: Premature end of file.
2026-04-14 22:46:49,673 [ERROR] LogOutputStream:75 - [STDERR_REDIRECT] 
2026-04-14 22:46:50,671 [ERROR] LogOutputStream:75 - [STDERR_REDIRECT] [Fatal Error] :1:1: Premature end of file.
2026-04-14 22:46:50,672 [ERROR] LogOutputStream:75 - [STDERR_REDIRECT] 
2026-04-14 22:46:51,666 [ERROR] LogOutputStream:75 - [STDERR_REDIRECT] [Fatal Error] :1:1: Premature end of file.
2026-04-14 22:46:51,666 [ERROR] LogOutputStream:75 - [STDERR_REDIRECT] 
2026-04-14 22:46:52,661 [ERROR] LogOutputStream:75 - [STDERR_REDIRECT] [Fatal Error] :1:1: Premature end of file.
2026-04-14 22:46:52,662 [ERROR] LogOutputStream:75 - [STDERR_REDIRECT] 
2026-04-14 22:46:53,656 [ERROR] LogOutputStream:75 - [STDERR_REDIRECT] [Fatal Error] :1:1: Premature end of file.
2026-04-14 22:46:53,656 [ERROR] LogOutputStream:75 - [STDERR_REDIRECT] 
2026-04-14 22:46:54,659 [ERROR] LogOutputStream:75 - [STDERR_REDIRECT] [Fatal Error] :1:1: Premature end of file.
2026-04-14 22:46:54,659 [ERROR] LogOutputStream:75 - [STDERR_REDIRECT] 
2026-04-14 22:46:55,684 [ERROR] LogOutputStream:75 - [STDERR_REDIRECT] [Fatal Error] :1:1: Premature end of file.
2026-04-14 22:46:55,685 [ERROR] LogOutputStream:75 - [STDERR_REDIRECT] 
2026-04-14 22:46:56,672 [ERROR] LogOutputStream:75 - [STDERR_REDIRECT] [Fatal Error] :1:1: Premature end of file.
2026-04-14 22:46:56,673 [ERROR] LogOutputStream:75 - [STDERR_REDIRECT] 
2026-04-14 22:46:57,668 [ERROR] LogOutputStream:75 - [STDERR_REDIRECT] [Fatal Error] :1:1: Premature end of file.
2026-04-14 22:46:57,668 [ERROR] LogOutputStream:75 - [STDERR_REDIRECT] 
2026-04-14 22:46:58,661 [ERROR] LogOutputStream:75 - [STDERR_REDIRECT] [Fatal Error] :1:1: Premature end of file.
2026-04-14 22:46:58,661 [ERROR] LogOutputStream:75 - [STDERR_REDIRECT] 
2026-04-14 22:46:59,744 [ERROR] LogOutputStream:75 - [STDERR_REDIRECT] [Fatal Error] :1:1: Premature end of file.
2026-04-14 22:46:59,744 [ERROR] LogOutputStream:75 - [STDERR_REDIRECT] 
2026-04-14 22:47:00,683 [ERROR] LogOutputStream:75 - [STDERR_REDIRECT] [Fatal Error] :1:1: Premature end of file.
2026-04-14 22:47:00,683 [ERROR] LogOutputStream:75 - [STDERR_REDIRECT] 
2026-04-14 22:47:01,681 [ERROR] LogOutputStream:75 - [STDERR_REDIRECT] [Fatal Error] :1:1: Premature end of file.
2026-04-14 22:47:01,681 [ERROR] LogOutputStream:75 - [STDERR_REDIRECT] 
2026-04-14 22:47:02,675 [ERROR] LogOutputStream:75 - [STDERR_REDIRECT] [Fatal Error] :1:1: Premature end of file.
2026-04-14 22:47:02,675 [ERROR] LogOutputStream:75 - [STDERR_REDIRECT] 
2026-04-14 22:47:03,703 [ERROR] LogOutputStream:75 - [STDERR_REDIRECT] [Fatal Error] :1:1: Premature end of file.
2026-04-14 22:47:03,703 [ERROR] LogOutputStream:75 - [STDERR_REDIRECT] 
2026-04-14 22:47:04,687 [ERROR] LogOutputStream:75 - [STDERR_REDIRECT] [Fatal Error] :1:1: Premature end of file.
2026-04-14 22:47:04,688 [ERROR] LogOutputStream:75 - [STDERR_REDIRECT] 
2026-04-14 22:47:05,735 [ERROR] LogOutputStream:75 - [STDERR_REDIRECT] [Fatal Error] :1:1: Premature end of file.
2026-04-14 22:47:05,736 [ERROR] LogOutputStream:75 - [STDERR_REDIRECT] 
2026-04-14 22:47:06,685 [ERROR] LogOutputStream:75 - [STDERR_REDIRECT] [Fatal Error] :1:1: Premature end of file.
2026-04-14 22:47:06,685 [ERROR] LogOutputStream:75 - [STDERR_REDIRECT] 
2026-04-14 22:47:07,758 [ERROR] LogOutputStream:75 - [STDERR_REDIRECT] [Fatal Error] :1:1: Premature end of file.
2026-04-14 22:47:07,759 [ERROR] LogOutputStream:75 - [STDERR_REDIRECT] 
2026-04-14 22:47:08,674 [ERROR] LogOutputStream:75 - [STDERR_REDIRECT] [Fatal Error] :1:1: Premature end of file.
2026-04-14 22:47:08,674 [ERROR] LogOutputStream:75 - [STDERR_REDIRECT] 
2026-04-14 22:47:09,763 [ERROR] LogOutputStream:75 - [STDERR_REDIRECT] [Fatal Error] :1:1: Premature end of file.
2026-04-14 22:47:09,763 [ERROR] LogOutputStream:75 - [STDERR_REDIRECT] 
2026-04-14 22:47:10,729 [ERROR] LogOutputStream:75 - [STDERR_REDIRECT] [Fatal Error] :1:1: Premature end of file.
2026-04-14 22:47:10,729 [ERROR] LogOutputStream:75 - [STDERR_REDIRECT] 
2026-04-14 22:47:11,719 [ERROR] LogOutputStream:75 - [STDERR_REDIRECT] [Fatal Error] :1:1: Premature end of file.
2026-04-14 22:47:11,720 [ERROR] LogOutputStream:75 - [STDERR_REDIRECT] 
2026-04-14 22:47:12,726 [ERROR] LogOutputStream:75 - [STDERR_REDIRECT] [Fatal Error] :1:1: Premature end of file.
2026-04-14 22:47:12,726 [ERROR] LogOutputStream:75 - [STDERR_REDIRECT] 
2026-04-14 22:47:13,697 [ERROR] LogOutputStream:75 - [STDERR_REDIRECT] [Fatal Error] :1:1: Premature end of file.
2026-04-14 22:47:13,697 [ERROR] LogOutputStream:75 - [STDERR_REDIRECT] 
2026-04-14 22:47:14,669 [ERROR] LogOutputStream:75 - [STDERR_REDIRECT] [Fatal Error] :1:1: Premature end of file.
2026-04-14 22:47:14,669 [ERROR] LogOutputStream:75 - [STDERR_REDIRECT] 
2026-04-14 22:47:15,666 [ERROR] LogOutputStream:75 - [STDERR_REDIRECT] [Fatal Error] :1:1: Premature end of file.
2026-04-14 22:47:15,666 [ERROR] LogOutputStream:75 - [STDERR_REDIRECT] 
2026-04-14 22:47:16,669 [ERROR] LogOutputStream:75 - [STDERR_REDIRECT] [Fatal Error] :1:1: Premature end of file.
2026-04-14 22:47:16,669 [ERROR] LogOutputStream:75 - [STDERR_REDIRECT] 
2026-04-14 22:47:17,714 [ERROR] LogOutputStream:75 - [STDERR_REDIRECT] [Fatal Error] :1:1: Premature end of file.
2026-04-14 22:47:17,715 [ERROR] LogOutputStream:75 - [STDERR_REDIRECT] 
2026-04-14 22:47:18,676 [ERROR] LogOutputStream:75 - [STDERR_REDIRECT] [Fatal Error] :1:1: Premature end of file.
2026-04-14 22:47:18,676 [ERROR] LogOutputStream:75 - [STDERR_REDIRECT] 
2026-04-14 22:47:19,672 [ERROR] LogOutputStream:75 - [STDERR_REDIRECT] [Fatal Error] :1:1: Premature end of file.
2026-04-14 22:47:19,673 [ERROR] LogOutputStream:75 - [STDERR_REDIRECT] 
2026-04-14 22:47:20,665 [ERROR] LogOutputStream:75 - [STDERR_REDIRECT] [Fatal Error] :1:1: Premature end of file.
2026-04-14 22:47:20,665 [ERROR] LogOutputStream:75 - [STDERR_REDIRECT] 
2026-04-14 22:47:21,665 [ERROR] LogOutputStream:75 - [STDERR_REDIRECT] [Fatal Error] :1:1: Premature end of file.
2026-04-14 22:47:21,665 [ERROR] LogOutputStream:75 - [STDERR_REDIRECT] 
2026-04-14 22:47:22,678 [ERROR] LogOutputStream:75 - [STDERR_REDIRECT] [Fatal Error] :1:1: Premature end of file.
2026-04-14 22:47:22,679 [ERROR] LogOutputStream:75 - [STDERR_REDIRECT] 
2026-04-14 22:47:23,693 [ERROR] LogOutputStream:75 - [STDERR_REDIRECT] [Fatal Error] :1:1: Premature end of file.
2026-04-14 22:47:23,693 [ERROR] LogOutputStream:75 - [STDERR_REDIRECT] 
2026-04-14 22:47:24,715 [ERROR] LogOutputStream:75 - [STDERR_REDIRECT] [Fatal Error] :1:1: Premature end of file.
2026-04-14 22:47:24,715 [ERROR] LogOutputStream:75 - [STDERR_REDIRECT] 
2026-04-14 22:47:25,672 [ERROR] LogOutputStream:75 - [STDERR_REDIRECT] [Fatal Error] :1:1: Premature end of file.
2026-04-14 22:47:25,672 [ERROR] LogOutputStream:75 - [STDERR_REDIRECT] 
2026-04-14 22:47:26,715 [ERROR] LogOutputStream:75 - [STDERR_REDIRECT] [Fatal Error] :1:1: Premature end of file.
2026-04-14 22:47:26,716 [ERROR] LogOutputStream:75 - [STDERR_REDIRECT] 
2026-04-14 22:47:27,711 [ERROR] LogOutputStream:75 - [STDERR_REDIRECT] [Fatal Error] :1:1: Premature end of file.
2026-04-14 22:47:27,711 [ERROR] LogOutputStream:75 - [STDERR_REDIRECT] 
2026-04-14 22:47:28,696 [ERROR] LogOutputStream:75 - [STDERR_REDIRECT] [Fatal Error] :1:1: Premature end of file.
2026-04-14 22:47:28,696 [ERROR] LogOutputStream:75 - [STDERR_REDIRECT] 
2026-04-14 22:47:29,726 [ERROR] LogOutputStream:75 - [STDERR_REDIRECT] [Fatal Error] :1:1: Premature end of file.
2026-04-14 22:47:29,726 [ERROR] LogOutputStream:75 - [STDERR_REDIRECT] 
2026-04-14 22:47:30,711 [ERROR] LogOutputStream:75 - [STDERR_REDIRECT] [Fatal Error] :1:1: Premature end of file.
2026-04-14 22:47:30,711 [ERROR] LogOutputStream:75 - [STDERR_REDIRECT] 
2026-04-14 22:47:31,685 [ERROR] LogOutputStream:75 - [STDERR_REDIRECT] [Fatal Error] :1:1: Premature end of file.
2026-04-14 22:47:31,685 [ERROR] LogOutputStream:75 - [STDERR_REDIRECT] 
2026-04-14 22:47:32,702 [ERROR] LogOutputStream:75 - [STDERR_REDIRECT] [Fatal Error] :1:1: Premature end of file.
2026-04-14 22:47:32,702 [ERROR] LogOutputStream:75 - [STDERR_REDIRECT] 
2026-04-14 22:47:33,680 [ERROR] LogOutputStream:75 - [STDERR_REDIRECT] [Fatal Error] :1:1: Premature end of file.
2026-04-14 22:47:33,681 [ERROR] LogOutputStream:75 - [STDERR_REDIRECT] 
2026-04-14 22:47:34,663 [ERROR] LogOutputStream:75 - [STDERR_REDIRECT] [Fatal Error] :1:1: Premature end of file.
2026-04-14 22:47:34,663 [ERROR] LogOutputStream:75 - [STDERR_REDIRECT] 
2026-04-14 22:47:35,685 [ERROR] LogOutputStream:75 - [STDERR_REDIRECT] [Fatal Error] :1:1: Premature end of file.
2026-04-14 22:47:35,685 [ERROR] LogOutputStream:75 - [STDERR_REDIRECT] 
2026-04-14 22:47:36,699 [ERROR] LogOutputStream:75 - [STDERR_REDIRECT] [Fatal Error] :1:1: Premature end of file.
2026-04-14 22:47:36,699 [ERROR] LogOutputStream:75 - [STDERR_REDIRECT] 
2026-04-14 22:47:37,689 [ERROR] LogOutputStream:75 - [STDERR_REDIRECT] [Fatal Error] :1:1: Premature end of file.
2026-04-14 22:47:37,689 [ERROR] LogOutputStream:75 - [STDERR_REDIRECT] 
2026-04-14 22:47:38,673 [ERROR] LogOutputStream:75 - [STDERR_REDIRECT] [Fatal Error] :1:1: Premature end of file.
2026-04-14 22:47:38,673 [ERROR] LogOutputStream:75 - [STDERR_REDIRECT] 
2026-04-14 22:47:39,667 [ERROR] LogOutputStream:75 - [STDERR_REDIRECT] [Fatal Error] :1:1: Premature end of file.
2026-04-14 22:47:39,667 [ERROR] LogOutputStream:75 - [STDERR_REDIRECT] 
2026-04-14 22:47:40,663 [ERROR] LogOutputStream:75 - [STDERR_REDIRECT] [Fatal Error] :1:1: Premature end of file.
2026-04-14 22:47:40,663 [ERROR] LogOutputStream:75 - [STDERR_REDIRECT] 
2026-04-14 22:47:41,658 [ERROR] LogOutputStream:75 - [STDERR_REDIRECT] [Fatal Error] :1:1: Premature end of file.
2026-04-14 22:47:41,659 [ERROR] LogOutputStream:75 - [STDERR_REDIRECT] 
2026-04-14 22:47:42,652 [ERROR] LogOutputStream:75 - [STDERR_REDIRECT] [Fatal Error] :1:1: Premature end of file.
2026-04-14 22:47:42,653 [ERROR] LogOutputStream:75 - [STDERR_REDIRECT] 
2026-04-14 22:47:43,657 [ERROR] LogOutputStream:75 - [STDERR_REDIRECT] [Fatal Error] :1:1: Premature end of file.
2026-04-14 22:47:43,657 [ERROR] LogOutputStream:75 - [STDERR_REDIRECT] 
2026-04-14 22:47:44,663 [ERROR] LogOutputStream:75 - [STDERR_REDIRECT] [Fatal Error] :1:1: Premature end of file.
2026-04-14 22:47:44,663 [ERROR] LogOutputStream:75 - [STDERR_REDIRECT] 
2026-04-14 22:47:45,673 [ERROR] LogOutputStream:75 - [STDERR_REDIRECT] [Fatal Error] :1:1: Premature end of file.
2026-04-14 22:47:45,674 [ERROR] LogOutputStream:75 - [STDERR_REDIRECT] 
2026-04-14 22:47:46,661 [ERROR] LogOutputStream:75 - [STDERR_REDIRECT] [Fatal Error] :1:1: Premature end of file.
2026-04-14 22:47:46,662 [ERROR] LogOutputStream:75 - [STDERR_REDIRECT] 
2026-04-14 22:47:47,649 [ERROR] LogOutputStream:75 - [STDERR_REDIRECT] [Fatal Error] :1:1: Premature end of file.
2026-04-14 22:47:47,649 [ERROR] LogOutputStream:75 - [STDERR_REDIRECT] 
2026-04-14 22:47:48,655 [ERROR] LogOutputStream:75 - [STDERR_REDIRECT] [Fatal Error] :1:1: Premature end of file.
2026-04-14 22:47:48,655 [ERROR] LogOutputStream:75 - [STDERR_REDIRECT] 
2026-04-14 22:47:49,659 [ERROR] LogOutputStream:75 - [STDERR_REDIRECT] [Fatal Error] :1:1: Premature end of file.
2026-04-14 22:47:49,660 [ERROR] LogOutputStream:75 - [STDERR_REDIRECT] 
2026-04-14 22:47:50,651 [ERROR] LogOutputStream:75 - [STDERR_REDIRECT] [Fatal Error] :1:1: Premature end of file.
2026-04-14 22:47:50,652 [ERROR] LogOutputStream:75 - [STDERR_REDIRECT] 
2026-04-14 22:47:51,662 [ERROR] LogOutputStream:75 - [STDERR_REDIRECT] [Fatal Error] :1:1: Premature end of file.
2026-04-14 22:47:51,662 [ERROR] LogOutputStream:75 - [STDERR_REDIRECT] 
2026-04-14 22:47:52,655 [ERROR] LogOutputStream:75 - [STDERR_REDIRECT] [Fatal Error] :1:1: Premature end of file.
2026-04-14 22:47:52,656 [ERROR] LogOutputStream:75 - [STDERR_REDIRECT] 
2026-04-14 22:47:53,661 [ERROR] LogOutputStream:75 - [STDERR_REDIRECT] [Fatal Error] :1:1: Premature end of file.
2026-04-14 22:47:53,662 [ERROR] LogOutputStream:75 - [STDERR_REDIRECT] 
2026-04-14 22:47:54,649 [ERROR] LogOutputStream:75 - [STDERR_REDIRECT] [Fatal Error] :1:1: Premature end of file.
2026-04-14 22:47:54,650 [ERROR] LogOutputStream:75 - [STDERR_REDIRECT] 
2026-04-14 22:47:55,650 [ERROR] LogOutputStream:75 - [STDERR_REDIRECT] [Fatal Error] :1:1: Premature end of file.
2026-04-14 22:47:55,650 [ERROR] LogOutputStream:75 - [STDERR_REDIRECT] 
2026-04-14 22:47:56,653 [ERROR] LogOutputStream:75 - [STDERR_REDIRECT] [Fatal Error] :1:1: Premature end of file.
2026-04-14 22:47:56,654 [ERROR] LogOutputStream:75 - [STDERR_REDIRECT] 
2026-04-14 22:47:57,655 [ERROR] LogOutputStream:75 - [STDERR_REDIRECT] [Fatal Error] :1:1: Premature end of file.
2026-04-14 22:47:57,655 [ERROR] LogOutputStream:75 - [STDERR_REDIRECT] 
2026-04-14 22:47:58,659 [ERROR] LogOutputStream:75 - [STDERR_REDIRECT] [Fatal Error] :1:1: Premature end of file.
2026-04-14 22:47:58,660 [ERROR] LogOutputStream:75 - [STDERR_REDIRECT] 
2026-04-14 22:47:59,664 [ERROR] LogOutputStream:75 - [STDERR_REDIRECT] [Fatal Error] :1:1: Premature end of file.
2026-04-14 22:47:59,664 [ERROR] LogOutputStream:75 - [STDERR_REDIRECT] 
2026-04-14 22:48:00,654 [ERROR] LogOutputStream:75 - [STDERR_REDIRECT] [Fatal Error] :1:1: Premature end of file.
2026-04-14 22:48:00,654 [ERROR] LogOutputStream:75 - [STDERR_REDIRECT] 
2026-04-14 22:48:01,656 [ERROR] LogOutputStream:75 - [STDERR_REDIRECT] [Fatal Error] :1:1: Premature end of file.
2026-04-14 22:48:01,656 [ERROR] LogOutputStream:75 - [STDERR_REDIRECT] 
2026-04-14 22:48:02,657 [ERROR] LogOutputStream:75 - [STDERR_REDIRECT] [Fatal Error] :1:1: Premature end of file.
2026-04-14 22:48:02,657 [ERROR] LogOutputStream:75 - [STDERR_REDIRECT] 
2026-04-14 22:48:03,653 [ERROR] LogOutputStream:75 - [STDERR_REDIRECT] [Fatal Error] :1:1: Premature end of file.
2026-04-14 22:48:03,653 [ERROR] LogOutputStream:75 - [STDERR_REDIRECT] 
2026-04-14 22:48:04,666 [ERROR] LogOutputStream:75 - [STDERR_REDIRECT] [Fatal Error] :1:1: Premature end of file.
2026-04-14 22:48:04,666 [ERROR] LogOutputStream:75 - [STDERR_REDIRECT] 
2026-04-14 22:48:05,651 [ERROR] LogOutputStream:75 - [STDERR_REDIRECT] [Fatal Error] :1:1: Premature end of file.
2026-04-14 22:48:05,651 [ERROR] LogOutputStream:75 - [STDERR_REDIRECT] 
2026-04-14 22:48:06,668 [ERROR] LogOutputStream:75 - [STDERR_REDIRECT] [Fatal Error] :1:1: Premature end of file.
2026-04-14 22:48:06,668 [ERROR] LogOutputStream:75 - [STDERR_REDIRECT] 
2026-04-14 22:48:07,651 [ERROR] LogOutputStream:75 - [STDERR_REDIRECT] [Fatal Error] :1:1: Premature end of file.
2026-04-14 22:48:07,651 [ERROR] LogOutputStream:75 - [STDERR_REDIRECT] 
2026-04-14 22:48:08,657 [ERROR] LogOutputStream:75 - [STDERR_REDIRECT] [Fatal Error] :1:1: Premature end of file.
2026-04-14 22:48:08,657 [ERROR] LogOutputStream:75 - [STDERR_REDIRECT] 
2026-04-14 22:48:09,655 [ERROR] LogOutputStream:75 - [STDERR_REDIRECT] [Fatal Error] :1:1: Premature end of file.
2026-04-14 22:48:09,655 [ERROR] LogOutputStream:75 - [STDERR_REDIRECT] 
2026-04-14 22:48:10,661 [ERROR] LogOutputStream:75 - [STDERR_REDIRECT] [Fatal Error] :1:1: Premature end of file.
2026-04-14 22:48:10,661 [ERROR] LogOutputStream:75 - [STDERR_REDIRECT] 
2026-04-14 22:48:11,657 [ERROR] LogOutputStream:75 - [STDERR_REDIRECT] [Fatal Error] :1:1: Premature end of file.
2026-04-14 22:48:11,658 [ERROR] LogOutputStream:75 - [STDERR_REDIRECT] 
2026-04-14 22:48:12,659 [ERROR] LogOutputStream:75 - [STDERR_REDIRECT] [Fatal Error] :1:1: Premature end of file.
2026-04-14 22:48:12,660 [ERROR] LogOutputStream:75 - [STDERR_REDIRECT] 
2026-04-14 22:48:13,646 [ERROR] LogOutputStream:75 - [STDERR_REDIRECT] [Fatal Error] :1:1: Premature end of file.
2026-04-14 22:48:13,647 [ERROR] LogOutputStream:75 - [STDERR_REDIRECT] 
2026-04-14 22:48:14,659 [ERROR] LogOutputStream:75 - [STDERR_REDIRECT] [Fatal Error] :1:1: Premature end of file.
2026-04-14 22:48:14,659 [ERROR] LogOutputStream:75 - [STDERR_REDIRECT] 
2026-04-14 22:48:15,668 [ERROR] LogOutputStream:75 - [STDERR_REDIRECT] [Fatal Error] :1:1: Premature end of file.
2026-04-14 22:48:15,668 [ERROR] LogOutputStream:75 - [STDERR_REDIRECT] 
2026-04-14 22:48:16,671 [ERROR] LogOutputStream:75 - [STDERR_REDIRECT] [Fatal Error] :1:1: Premature end of file.
2026-04-14 22:48:16,672 [ERROR] LogOutputStream:75 - [STDERR_REDIRECT] 
2026-04-14 22:48:17,672 [ERROR] LogOutputStream:75 - [STDERR_REDIRECT] [Fatal Error] :1:1: Premature end of file.
2026-04-14 22:48:17,673 [ERROR] LogOutputStream:75 - [STDERR_REDIRECT] 
2026-04-14 22:48:18,683 [ERROR] LogOutputStream:75 - [STDERR_REDIRECT] [Fatal Error] :1:1: Premature end of file.
2026-04-14 22:48:18,683 [ERROR] LogOutputStream:75 - [STDERR_REDIRECT] 
2026-04-14 22:48:19,686 [ERROR] LogOutputStream:75 - [STDERR_REDIRECT] [Fatal Error] :1:1: Premature end of file.
2026-04-14 22:48:19,686 [ERROR] LogOutputStream:75 - [STDERR_REDIRECT] 
2026-04-14 22:48:20,653 [ERROR] LogOutputStream:75 - [STDERR_REDIRECT] [Fatal Error] :1:1: Premature end of file.
2026-04-14 22:48:20,654 [ERROR] LogOutputStream:75 - [STDERR_REDIRECT] 
2026-04-14 22:48:21,664 [ERROR] LogOutputStream:75 - [STDERR_REDIRECT] [Fatal Error] :1:1: Premature end of file.
2026-04-14 22:48:21,664 [ERROR] LogOutputStream:75 - [STDERR_REDIRECT] 
2026-04-14 22:48:22,657 [ERROR] LogOutputStream:75 - [STDERR_REDIRECT] [Fatal Error] :1:1: Premature end of file.
2026-04-14 22:48:22,658 [ERROR] LogOutputStream:75 - [STDERR_REDIRECT] 
2026-04-14 22:48:23,666 [ERROR] LogOutputStream:75 - [STDERR_REDIRECT] [Fatal Error] :1:1: Premature end of file.
2026-04-14 22:48:23,666 [ERROR] LogOutputStream:75 - [STDERR_REDIRECT] 
2026-04-14 22:48:24,649 [ERROR] LogOutputStream:75 - [STDERR_REDIRECT] [Fatal Error] :1:1: Premature end of file.
2026-04-14 22:48:24,649 [ERROR] LogOutputStream:75 - [STDERR_REDIRECT] 
2026-04-14 22:48:25,652 [ERROR] LogOutputStream:75 - [STDERR_REDIRECT] [Fatal Error] :1:1: Premature end of file.
2026-04-14 22:48:25,652 [ERROR] LogOutputStream:75 - [STDERR_REDIRECT] 
2026-04-14 22:48:26,657 [ERROR] LogOutputStream:75 - [STDERR_REDIRECT] [Fatal Error] :1:1: Premature end of file.
2026-04-14 22:48:26,657 [ERROR] LogOutputStream:75 - [STDERR_REDIRECT] 
2026-04-14 22:48:27,647 [ERROR] LogOutputStream:75 - [STDERR_REDIRECT] [Fatal Error] :1:1: Premature end of file.
2026-04-14 22:48:27,648 [ERROR] LogOutputStream:75 - [STDERR_REDIRECT] 
2026-04-14 22:48:28,655 [ERROR] LogOutputStream:75 - [STDERR_REDIRECT] [Fatal Error] :1:1: Premature end of file.
2026-04-14 22:48:28,656 [ERROR] LogOutputStream:75 - [STDERR_REDIRECT] 
2026-04-14 22:48:29,650 [ERROR] LogOutputStream:75 - [STDERR_REDIRECT] [Fatal Error] :1:1: Premature end of file.
2026-04-14 22:48:29,652 [ERROR] LogOutputStream:75 - [STDERR_REDIRECT] 
2026-04-14 22:48:30,653 [ERROR] LogOutputStream:75 - [STDERR_REDIRECT] [Fatal Error] :1:1: Premature end of file.
2026-04-14 22:48:30,653 [ERROR] LogOutputStream:75 - [STDERR_REDIRECT] 
2026-04-14 22:48:31,650 [ERROR] LogOutputStream:75 - [STDERR_REDIRECT] [Fatal Error] :1:1: Premature end of file.
2026-04-14 22:48:31,650 [ERROR] LogOutputStream:75 - [STDERR_REDIRECT] 
2026-04-14 22:48:32,652 [ERROR] LogOutputStream:75 - [STDERR_REDIRECT] [Fatal Error] :1:1: Premature end of file.
2026-04-14 22:48:32,653 [ERROR] LogOutputStream:75 - [STDERR_REDIRECT] 
2026-04-14 22:48:33,648 [ERROR] LogOutputStream:75 - [STDERR_REDIRECT] [Fatal Error] :1:1: Premature end of file.
2026-04-14 22:48:33,648 [ERROR] LogOutputStream:75 - [STDERR_REDIRECT] 
2026-04-14 22:48:34,649 [ERROR] LogOutputStream:75 - [STDERR_REDIRECT] [Fatal Error] :1:1: Premature end of file.
2026-04-14 22:48:34,649 [ERROR] LogOutputStream:75 - [STDERR_REDIRECT] 
2026-04-14 22:48:35,665 [ERROR] LogOutputStream:75 - [STDERR_REDIRECT] [Fatal Error] :1:1: Premature end of file.
2026-04-14 22:48:35,665 [ERROR] LogOutputStream:75 - [STDERR_REDIRECT] 
2026-04-14 22:48:36,652 [ERROR] LogOutputStream:75 - [STDERR_REDIRECT] [Fatal Error] :1:1: Premature end of file.
2026-04-14 22:48:36,653 [ERROR] LogOutputStream:75 - [STDERR_REDIRECT] 
2026-04-14 22:48:37,665 [ERROR] LogOutputStream:75 - [STDERR_REDIRECT] [Fatal Error] :1:1: Premature end of file.
2026-04-14 22:48:37,666 [ERROR] LogOutputStream:75 - [STDERR_REDIRECT] 
2026-04-14 22:48:38,670 [ERROR] LogOutputStream:75 - [STDERR_REDIRECT] [Fatal Error] :1:1: Premature end of file.
2026-04-14 22:48:38,670 [ERROR] LogOutputStream:75 - [STDERR_REDIRECT] 
2026-04-14 22:48:39,678 [ERROR] LogOutputStream:75 - [STDERR_REDIRECT] [Fatal Error] :1:1: Premature end of file.
2026-04-14 22:48:39,678 [ERROR] LogOutputStream:75 - [STDERR_REDIRECT] 
2026-04-14 22:48:40,671 [ERROR] LogOutputStream:75 - [STDERR_REDIRECT] [Fatal Error] :1:1: Premature end of file.
2026-04-14 22:48:40,671 [ERROR] LogOutputStream:75 - [STDERR_REDIRECT] 
2026-04-14 22:48:41,701 [ERROR] LogOutputStream:75 - [STDERR_REDIRECT] [Fatal Error] :1:1: Premature end of file.
2026-04-14 22:48:41,702 [ERROR] LogOutputStream:75 - [STDERR_REDIRECT] 
2026-04-14 22:48:42,741 [ERROR] LogOutputStream:75 - [STDERR_REDIRECT] [Fatal Error] :1:1: Premature end of file.
2026-04-14 22:48:42,741 [ERROR] LogOutputStream:75 - [STDERR_REDIRECT] 
2026-04-14 22:48:43,739 [ERROR] LogOutputStream:75 - [STDERR_REDIRECT] [Fatal Error] :1:1: Premature end of file.
2026-04-14 22:48:43,740 [ERROR] LogOutputStream:75 - [STDERR_REDIRECT] 
2026-04-14 22:48:44,678 [ERROR] LogOutputStream:75 - [STDERR_REDIRECT] [Fatal Error] :1:1: Premature end of file.
2026-04-14 22:48:44,678 [ERROR] LogOutputStream:75 - [STDERR_REDIRECT] 
2026-04-14 22:48:45,673 [ERROR] LogOutputStream:75 - [STDERR_REDIRECT] [Fatal Error] :1:1: Premature end of file.
2026-04-14 22:48:45,674 [ERROR] LogOutputStream:75 - [STDERR_REDIRECT] 
2026-04-14 22:48:46,698 [ERROR] LogOutputStream:75 - [STDERR_REDIRECT] [Fatal Error] :1:1: Premature end of file.
2026-04-14 22:48:46,698 [ERROR] LogOutputStream:75 - [STDERR_REDIRECT] 
2026-04-14 22:48:47,704 [ERROR] LogOutputStream:75 - [STDERR_REDIRECT] [Fatal Error] :1:1: Premature end of file.
2026-04-14 22:48:47,704 [ERROR] LogOutputStream:75 - [STDERR_REDIRECT] 
2026-04-14 22:48:48,690 [ERROR] LogOutputStream:75 - [STDERR_REDIRECT] [Fatal Error] :1:1: Premature end of file.
2026-04-14 22:48:48,690 [ERROR] LogOutputStream:75 - [STDERR_REDIRECT] 
2026-04-14 22:48:49,708 [ERROR] LogOutputStream:75 - [STDERR_REDIRECT] [Fatal Error] :1:1: Premature end of file.
2026-04-14 22:48:49,709 [ERROR] LogOutputStream:75 - [STDERR_REDIRECT] 
2026-04-14 22:48:50,681 [ERROR] LogOutputStream:75 - [STDERR_REDIRECT] [Fatal Error] :1:1: Premature end of file.
2026-04-14 22:48:50,682 [ERROR] LogOutputStream:75 - [STDERR_REDIRECT] 
2026-04-14 22:48:51,660 [ERROR] LogOutputStream:75 - [STDERR_REDIRECT] [Fatal Error] :1:1: Premature end of file.
2026-04-14 22:48:51,660 [ERROR] LogOutputStream:75 - [STDERR_REDIRECT] 
2026-04-14 22:48:52,657 [ERROR] LogOutputStream:75 - [STDERR_REDIRECT] [Fatal Error] :1:1: Premature end of file.
2026-04-14 22:48:52,657 [ERROR] LogOutputStream:75 - [STDERR_REDIRECT] 
2026-04-14 22:48:53,664 [ERROR] LogOutputStream:75 - [STDERR_REDIRECT] [Fatal Error] :1:1: Premature end of file.
2026-04-14 22:48:53,665 [ERROR] LogOutputStream:75 - [STDERR_REDIRECT] 
2026-04-14 22:48:54,656 [ERROR] LogOutputStream:75 - [STDERR_REDIRECT] [Fatal Error] :1:1: Premature end of file.
2026-04-14 22:48:54,656 [ERROR] LogOutputStream:75 - [STDERR_REDIRECT] 
2026-04-14 22:48:55,643 [ERROR] LogOutputStream:75 - [STDERR_REDIRECT] [Fatal Error] :1:1: Premature end of file.
2026-04-14 22:48:55,644 [ERROR] LogOutputStream:75 - [STDERR_REDIRECT] 
2026-04-14 22:48:56,651 [ERROR] LogOutputStream:75 - [STDERR_REDIRECT] [Fatal Error] :1:1: Premature end of file.
2026-04-14 22:48:56,652 [ERROR] LogOutputStream:75 - [STDERR_REDIRECT] 
2026-04-14 22:48:57,656 [ERROR] LogOutputStream:75 - [STDERR_REDIRECT] [Fatal Error] :1:1: Premature end of file.
2026-04-14 22:48:57,656 [ERROR] LogOutputStream:75 - [STDERR_REDIRECT] 
2026-04-14 22:48:58,654 [ERROR] LogOutputStream:75 - [STDERR_REDIRECT] [Fatal Error] :1:1: Premature end of file.
2026-04-14 22:48:58,654 [ERROR] LogOutputStream:75 - [STDERR_REDIRECT] 
2026-04-14 22:48:59,668 [ERROR] LogOutputStream:75 - [STDERR_REDIRECT] [Fatal Error] :1:1: Premature end of file.
2026-04-14 22:48:59,668 [ERROR] LogOutputStream:75 - [STDERR_REDIRECT] 
2026-04-14 22:49:00,667 [ERROR] LogOutputStream:75 - [STDERR_REDIRECT] [Fatal Error] :1:1: Premature end of file.
2026-04-14 22:49:00,667 [ERROR] LogOutputStream:75 - [STDERR_REDIRECT] 
2026-04-14 22:49:01,669 [ERROR] LogOutputStream:75 - [STDERR_REDIRECT] [Fatal Error] :1:1: Premature end of file.
2026-04-14 22:49:01,670 [ERROR] LogOutputStream:75 - [STDERR_REDIRECT] 
2026-04-14 22:49:02,653 [ERROR] LogOutputStream:75 - [STDERR_REDIRECT] [Fatal Error] :1:1: Premature end of file.
2026-04-14 22:49:02,653 [ERROR] LogOutputStream:75 - [STDERR_REDIRECT] 
2026-04-14 22:49:03,659 [ERROR] LogOutputStream:75 - [STDERR_REDIRECT] [Fatal Error] :1:1: Premature end of file.
2026-04-14 22:49:03,660 [ERROR] LogOutputStream:75 - [STDERR_REDIRECT] 
2026-04-14 22:49:04,659 [ERROR] LogOutputStream:75 - [STDERR_REDIRECT] [Fatal Error] :1:1: Premature end of file.
2026-04-14 22:49:04,659 [ERROR] LogOutputStream:75 - [STDERR_REDIRECT] 
2026-04-14 22:49:05,666 [ERROR] LogOutputStream:75 - [STDERR_REDIRECT] [Fatal Error] :1:1: Premature end of file.
2026-04-14 22:49:05,666 [ERROR] LogOutputStream:75 - [STDERR_REDIRECT] 
2026-04-14 22:49:06,650 [ERROR] LogOutputStream:75 - [STDERR_REDIRECT] [Fatal Error] :1:1: Premature end of file.
2026-04-14 22:49:06,651 [ERROR] LogOutputStream:75 - [STDERR_REDIRECT] 
2026-04-14 22:49:07,647 [ERROR] LogOutputStream:75 - [STDERR_REDIRECT] [Fatal Error] :1:1: Premature end of file.
2026-04-14 22:49:07,647 [ERROR] LogOutputStream:75 - [STDERR_REDIRECT] 
2026-04-14 22:49:08,656 [ERROR] LogOutputStream:75 - [STDERR_REDIRECT] [Fatal Error] :1:1: Premature end of file.
2026-04-14 22:49:08,656 [ERROR] LogOutputStream:75 - [STDERR_REDIRECT] 
2026-04-14 22:49:09,661 [ERROR] LogOutputStream:75 - [STDERR_REDIRECT] [Fatal Error] :1:1: Premature end of file.
2026-04-14 22:49:09,661 [ERROR] LogOutputStream:75 - [STDERR_REDIRECT] 
2026-04-14 22:49:10,647 [ERROR] LogOutputStream:75 - [STDERR_REDIRECT] [Fatal Error] :1:1: Premature end of file.
2026-04-14 22:49:10,648 [ERROR] LogOutputStream:75 - [STDERR_REDIRECT] 
2026-04-14 22:49:11,657 [ERROR] LogOutputStream:75 - [STDERR_REDIRECT] [Fatal Error] :1:1: Premature end of file.
2026-04-14 22:49:11,658 [ERROR] LogOutputStream:75 - [STDERR_REDIRECT] 
2026-04-14 22:49:12,656 [ERROR] LogOutputStream:75 - [STDERR_REDIRECT] [Fatal Error] :1:1: Premature end of file.
2026-04-14 22:49:12,657 [ERROR] LogOutputStream:75 - [STDERR_REDIRECT] 
2026-04-14 22:49:13,669 [ERROR] LogOutputStream:75 - [STDERR_REDIRECT] [Fatal Error] :1:1: Premature end of file.
2026-04-14 22:49:13,669 [ERROR] LogOutputStream:75 - [STDERR_REDIRECT] 
2026-04-14 22:49:14,660 [ERROR] LogOutputStream:75 - [STDERR_REDIRECT] [Fatal Error] :1:1: Premature end of file.
2026-04-14 22:49:14,660 [ERROR] LogOutputStream:75 - [STDERR_REDIRECT] 
2026-04-14 22:49:15,662 [ERROR] LogOutputStream:75 - [STDERR_REDIRECT] [Fatal Error] :1:1: Premature end of file.
2026-04-14 22:49:15,663 [ERROR] LogOutputStream:75 - [STDERR_REDIRECT] 
2026-04-14 22:49:16,658 [ERROR] LogOutputStream:75 - [STDERR_REDIRECT] [Fatal Error] :1:1: Premature end of file.
2026-04-14 22:49:16,659 [ERROR] LogOutputStream:75 - [STDERR_REDIRECT] 
2026-04-14 22:49:17,652 [ERROR] LogOutputStream:75 - [STDERR_REDIRECT] [Fatal Error] :1:1: Premature end of file.
2026-04-14 22:49:17,652 [ERROR] LogOutputStream:75 - [STDERR_REDIRECT] 
2026-04-14 22:49:18,654 [ERROR] LogOutputStream:75 - [STDERR_REDIRECT] [Fatal Error] :1:1: Premature end of file.
2026-04-14 22:49:18,655 [ERROR] LogOutputStream:75 - [STDERR_REDIRECT] 
2026-04-14 22:49:19,654 [ERROR] LogOutputStream:75 - [STDERR_REDIRECT] [Fatal Error] :1:1: Premature end of file.
2026-04-14 22:49:19,655 [ERROR] LogOutputStream:75 - [STDERR_REDIRECT] 
2026-04-14 22:49:20,652 [ERROR] LogOutputStream:75 - [STDERR_REDIRECT] [Fatal Error] :1:1: Premature end of file.
2026-04-14 22:49:20,652 [ERROR] LogOutputStream:75 - [STDERR_REDIRECT] 
2026-04-14 22:49:21,667 [ERROR] LogOutputStream:75 - [STDERR_REDIRECT] [Fatal Error] :1:1: Premature end of file.
2026-04-14 22:49:21,667 [ERROR] LogOutputStream:75 - [STDERR_REDIRECT] 
2026-04-14 22:49:22,658 [ERROR] LogOutputStream:75 - [STDERR_REDIRECT] [Fatal Error] :1:1: Premature end of file.
2026-04-14 22:49:22,658 [ERROR] LogOutputStream:75 - [STDERR_REDIRECT] 
2026-04-14 22:49:23,651 [ERROR] LogOutputStream:75 - [STDERR_REDIRECT] [Fatal Error] :1:1: Premature end of file.
2026-04-14 22:49:23,651 [ERROR] LogOutputStream:75 - [STDERR_REDIRECT] 
2026-04-14 22:49:24,659 [ERROR] LogOutputStream:75 - [STDERR_REDIRECT] [Fatal Error] :1:1: Premature end of file.
2026-04-14 22:49:24,659 [ERROR] LogOutputStream:75 - [STDERR_REDIRECT] 
2026-04-14 22:49:25,645 [ERROR] LogOutputStream:75 - [STDERR_REDIRECT] [Fatal Error] :1:1: Premature end of file.
2026-04-14 22:49:25,645 [ERROR] LogOutputStream:75 - [STDERR_REDIRECT] 
2026-04-14 22:49:26,649 [ERROR] LogOutputStream:75 - [STDERR_REDIRECT] [Fatal Error] :1:1: Premature end of file.
2026-04-14 22:49:26,649 [ERROR] LogOutputStream:75 - [STDERR_REDIRECT] 
2026-04-14 22:49:27,652 [ERROR] LogOutputStream:75 - [STDERR_REDIRECT] [Fatal Error] :1:1: Premature end of file.
2026-04-14 22:49:27,652 [ERROR] LogOutputStream:75 - [STDERR_REDIRECT] 
2026-04-14 22:49:28,651 [ERROR] LogOutputStream:75 - [STDERR_REDIRECT] [Fatal Error] :1:1: Premature end of file.
2026-04-14 22:49:28,651 [ERROR] LogOutputStream:75 - [STDERR_REDIRECT] 
2026-04-14 22:49:29,655 [ERROR] LogOutputStream:75 - [STDERR_REDIRECT] [Fatal Error] :1:1: Premature end of file.
2026-04-14 22:49:29,656 [ERROR] LogOutputStream:75 - [STDERR_REDIRECT] 
2026-04-14 22:49:30,657 [ERROR] LogOutputStream:75 - [STDERR_REDIRECT] [Fatal Error] :1:1: Premature end of file.
2026-04-14 22:49:30,657 [ERROR] LogOutputStream:75 - [STDERR_REDIRECT] 
2026-04-14 22:49:31,664 [ERROR] LogOutputStream:75 - [STDERR_REDIRECT] [Fatal Error] :1:1: Premature end of file.
2026-04-14 22:49:31,664 [ERROR] LogOutputStream:75 - [STDERR_REDIRECT] 
2026-04-14 22:49:32,659 [ERROR] LogOutputStream:75 - [STDERR_REDIRECT] [Fatal Error] :1:1: Premature end of file.
2026-04-14 22:49:32,659 [ERROR] LogOutputStream:75 - [STDERR_REDIRECT] 
2026-04-14 22:49:33,657 [ERROR] LogOutputStream:75 - [STDERR_REDIRECT] [Fatal Error] :1:1: Premature end of file.
2026-04-14 22:49:33,657 [ERROR] LogOutputStream:75 - [STDERR_REDIRECT] 
2026-04-14 22:49:34,657 [ERROR] LogOutputStream:75 - [STDERR_REDIRECT] [Fatal Error] :1:1: Premature end of file.
2026-04-14 22:49:34,657 [ERROR] LogOutputStream:75 - [STDERR_REDIRECT] 
2026-04-14 22:49:35,662 [ERROR] LogOutputStream:75 - [STDERR_REDIRECT] [Fatal Error] :1:1: Premature end of file.
2026-04-14 22:49:35,662 [ERROR] LogOutputStream:75 - [STDERR_REDIRECT] 
2026-04-14 22:49:36,660 [ERROR] LogOutputStream:75 - [STDERR_REDIRECT] [Fatal Error] :1:1: Premature end of file.
2026-04-14 22:49:36,660 [ERROR] LogOutputStream:75 - [STDERR_REDIRECT] 
2026-04-14 22:49:37,661 [ERROR] LogOutputStream:75 - [STDERR_REDIRECT] [Fatal Error] :1:1: Premature end of file.
2026-04-14 22:49:37,662 [ERROR] LogOutputStream:75 - [STDERR_REDIRECT] 
2026-04-14 22:49:38,660 [ERROR] LogOutputStream:75 - [STDERR_REDIRECT] [Fatal Error] :1:1: Premature end of file.
2026-04-14 22:49:38,660 [ERROR] LogOutputStream:75 - [STDERR_REDIRECT] 
2026-04-14 22:49:39,650 [ERROR] LogOutputStream:75 - [STDERR_REDIRECT] [Fatal Error] :1:1: Premature end of file.
2026-04-14 22:49:39,650 [ERROR] LogOutputStream:75 - [STDERR_REDIRECT] 
2026-04-14 22:49:40,658 [ERROR] LogOutputStream:75 - [STDERR_REDIRECT] [Fatal Error] :1:1: Premature end of file.
2026-04-14 22:49:40,658 [ERROR] LogOutputStream:75 - [STDERR_REDIRECT] 
2026-04-14 22:49:41,658 [ERROR] LogOutputStream:75 - [STDERR_REDIRECT] [Fatal Error] :1:1: Premature end of file.
2026-04-14 22:49:41,658 [ERROR] LogOutputStream:75 - [STDERR_REDIRECT] 
2026-04-14 22:49:42,658 [ERROR] LogOutputStream:75 - [STDERR_REDIRECT] [Fatal Error] :1:1: Premature end of file.
2026-04-14 22:49:42,658 [ERROR] LogOutputStream:75 - [STDERR_REDIRECT] 
2026-04-14 22:49:43,654 [ERROR] LogOutputStream:75 - [STDERR_REDIRECT] [Fatal Error] :1:1: Premature end of file.
2026-04-14 22:49:43,654 [ERROR] LogOutputStream:75 - [STDERR_REDIRECT] 
2026-04-14 22:49:44,654 [ERROR] LogOutputStream:75 - [STDERR_REDIRECT] [Fatal Error] :1:1: Premature end of file.
2026-04-14 22:49:44,654 [ERROR] LogOutputStream:75 - [STDERR_REDIRECT] 
2026-04-14 22:49:45,651 [ERROR] LogOutputStream:75 - [STDERR_REDIRECT] [Fatal Error] :1:1: Premature end of file.
2026-04-14 22:49:45,652 [ERROR] LogOutputStream:75 - [STDERR_REDIRECT] 
2026-04-14 22:49:46,653 [ERROR] LogOutputStream:75 - [STDERR_REDIRECT] [Fatal Error] :1:1: Premature end of file.
2026-04-14 22:49:46,653 [ERROR] LogOutputStream:75 - [STDERR_REDIRECT] 
2026-04-14 22:49:47,655 [ERROR] LogOutputStream:75 - [STDERR_REDIRECT] [Fatal Error] :1:1: Premature end of file.
2026-04-14 22:49:47,655 [ERROR] LogOutputStream:75 - [STDERR_REDIRECT] 
2026-04-14 22:49:48,658 [ERROR] LogOutputStream:75 - [STDERR_REDIRECT] [Fatal Error] :1:1: Premature end of file.
2026-04-14 22:49:48,658 [ERROR] LogOutputStream:75 - [STDERR_REDIRECT] 
2026-04-14 22:49:49,661 [ERROR] LogOutputStream:75 - [STDERR_REDIRECT] [Fatal Error] :1:1: Premature end of file.
2026-04-14 22:49:49,661 [ERROR] LogOutputStream:75 - [STDERR_REDIRECT] 
2026-04-14 22:49:50,652 [ERROR] LogOutputStream:75 - [STDERR_REDIRECT] [Fatal Error] :1:1: Premature end of file.
2026-04-14 22:49:50,652 [ERROR] LogOutputStream:75 - [STDERR_REDIRECT] 
2026-04-14 22:49:51,656 [ERROR] LogOutputStream:75 - [STDERR_REDIRECT] [Fatal Error] :1:1: Premature end of file.
2026-04-14 22:49:51,656 [ERROR] LogOutputStream:75 - [STDERR_REDIRECT] 
2026-04-14 22:49:52,676 [ERROR] LogOutputStream:75 - [STDERR_REDIRECT] [Fatal Error] :1:1: Premature end of file.
2026-04-14 22:49:52,676 [ERROR] LogOutputStream:75 - [STDERR_REDIRECT] 
2026-04-14 22:49:53,656 [ERROR] LogOutputStream:75 - [STDERR_REDIRECT] [Fatal Error] :1:1: Premature end of file.
2026-04-14 22:49:53,656 [ERROR] LogOutputStream:75 - [STDERR_REDIRECT] 
2026-04-14 22:49:54,648 [ERROR] LogOutputStream:75 - [STDERR_REDIRECT] [Fatal Error] :1:1: Premature end of file.
2026-04-14 22:49:54,648 [ERROR] LogOutputStream:75 - [STDERR_REDIRECT] 
2026-04-14 22:49:55,651 [ERROR] LogOutputStream:75 - [STDERR_REDIRECT] [Fatal Error] :1:1: Premature end of file.
2026-04-14 22:49:55,651 [ERROR] LogOutputStream:75 - [STDERR_REDIRECT] 
2026-04-14 22:49:56,654 [ERROR] LogOutputStream:75 - [STDERR_REDIRECT] [Fatal Error] :1:1: Premature end of file.
2026-04-14 22:49:56,654 [ERROR] LogOutputStream:75 - [STDERR_REDIRECT] 
2026-04-14 22:49:57,648 [ERROR] LogOutputStream:75 - [STDERR_REDIRECT] [Fatal Error] :1:1: Premature end of file.
2026-04-14 22:49:57,650 [ERROR] LogOutputStream:75 - [STDERR_REDIRECT] 
2026-04-14 22:49:58,646 [ERROR] LogOutputStream:75 - [STDERR_REDIRECT] [Fatal Error] :1:1: Premature end of file.
2026-04-14 22:49:58,646 [ERROR] LogOutputStream:75 - [STDERR_REDIRECT] 
2026-04-14 22:49:59,666 [ERROR] LogOutputStream:75 - [STDERR_REDIRECT] [Fatal Error] :1:1: Premature end of file.
2026-04-14 22:49:59,666 [ERROR] LogOutputStream:75 - [STDERR_REDIRECT] 
2026-04-14 22:50:00,659 [ERROR] LogOutputStream:75 - [STDERR_REDIRECT] [Fatal Error] :1:1: Premature end of file.
2026-04-14 22:50:00,660 [ERROR] LogOutputStream:75 - [STDERR_REDIRECT] 
2026-04-14 22:50:01,665 [ERROR] LogOutputStream:75 - [STDERR_REDIRECT] [Fatal Error] :1:1: Premature end of file.
2026-04-14 22:50:01,665 [ERROR] LogOutputStream:75 - [STDERR_REDIRECT] 
2026-04-14 22:50:02,652 [ERROR] LogOutputStream:75 - [STDERR_REDIRECT] [Fatal Error] :1:1: Premature end of file.
2026-04-14 22:50:02,652 [ERROR] LogOutputStream:75 - [STDERR_REDIRECT] 
2026-04-14 22:50:03,651 [ERROR] LogOutputStream:75 - [STDERR_REDIRECT] [Fatal Error] :1:1: Premature end of file.
2026-04-14 22:50:03,651 [ERROR] LogOutputStream:75 - [STDERR_REDIRECT] 
2026-04-14 22:50:04,666 [ERROR] LogOutputStream:75 - [STDERR_REDIRECT] [Fatal Error] :1:1: Premature end of file.
2026-04-14 22:50:04,666 [ERROR] LogOutputStream:75 - [STDERR_REDIRECT] 
2026-04-14 22:50:05,658 [ERROR] LogOutputStream:75 - [STDERR_REDIRECT] [Fatal Error] :1:1: Premature end of file.
2026-04-14 22:50:05,659 [ERROR] LogOutputStream:75 - [STDERR_REDIRECT] 
2026-04-14 22:50:06,655 [ERROR] LogOutputStream:75 - [STDERR_REDIRECT] [Fatal Error] :1:1: Premature end of file.
2026-04-14 22:50:06,655 [ERROR] LogOutputStream:75 - [STDERR_REDIRECT] 
2026-04-14 22:50:07,652 [ERROR] LogOutputStream:75 - [STDERR_REDIRECT] [Fatal Error] :1:1: Premature end of file.
2026-04-14 22:50:07,652 [ERROR] LogOutputStream:75 - [STDERR_REDIRECT] 
2026-04-14 22:50:08,643 [ERROR] LogOutputStream:75 - [STDERR_REDIRECT] [Fatal Error] :1:1: Premature end of file.
2026-04-14 22:50:08,643 [ERROR] LogOutputStream:75 - [STDERR_REDIRECT] 
2026-04-14 22:50:09,651 [ERROR] LogOutputStream:75 - [STDERR_REDIRECT] [Fatal Error] :1:1: Premature end of file.
2026-04-14 22:50:09,651 [ERROR] LogOutputStream:75 - [STDERR_REDIRECT] 
2026-04-14 22:50:10,650 [ERROR] LogOutputStream:75 - [STDERR_REDIRECT] [Fatal Error] :1:1: Premature end of file.
2026-04-14 22:50:10,651 [ERROR] LogOutputStream:75 - [STDERR_REDIRECT] 
2026-04-14 22:50:11,649 [ERROR] LogOutputStream:75 - [STDERR_REDIRECT] [Fatal Error] :1:1: Premature end of file.
2026-04-14 22:50:11,649 [ERROR] LogOutputStream:75 - [STDERR_REDIRECT] 
2026-04-14 22:50:12,652 [ERROR] LogOutputStream:75 - [STDERR_REDIRECT] [Fatal Error] :1:1: Premature end of file.
2026-04-14 22:50:12,653 [ERROR] LogOutputStream:75 - [STDERR_REDIRECT] 
2026-04-14 22:50:13,661 [ERROR] LogOutputStream:75 - [STDERR_REDIRECT] [Fatal Error] :1:1: Premature end of file.
2026-04-14 22:50:13,661 [ERROR] LogOutputStream:75 - [STDERR_REDIRECT] 
2026-04-14 22:50:14,665 [ERROR] LogOutputStream:75 - [STDERR_REDIRECT] [Fatal Error] :1:1: Premature end of file.
2026-04-14 22:50:14,665 [ERROR] LogOutputStream:75 - [STDERR_REDIRECT] 
2026-04-14 22:50:15,659 [ERROR] LogOutputStream:75 - [STDERR_REDIRECT] [Fatal Error] :1:1: Premature end of file.
2026-04-14 22:50:15,660 [ERROR] LogOutputStream:75 - [STDERR_REDIRECT] 
2026-04-14 22:50:16,658 [ERROR] LogOutputStream:75 - [STDERR_REDIRECT] [Fatal Error] :1:1: Premature end of file.
2026-04-14 22:50:16,659 [ERROR] LogOutputStream:75 - [STDERR_REDIRECT] 
2026-04-14 22:50:17,654 [ERROR] LogOutputStream:75 - [STDERR_REDIRECT] [Fatal Error] :1:1: Premature end of file.
2026-04-14 22:50:17,654 [ERROR] LogOutputStream:75 - [STDERR_REDIRECT] 
2026-04-14 22:50:18,663 [ERROR] LogOutputStream:75 - [STDERR_REDIRECT] [Fatal Error] :1:1: Premature end of file.
2026-04-14 22:50:18,663 [ERROR] LogOutputStream:75 - [STDERR_REDIRECT] 
2026-04-14 22:50:19,652 [ERROR] LogOutputStream:75 - [STDERR_REDIRECT] [Fatal Error] :1:1: Premature end of file.
2026-04-14 22:50:19,652 [ERROR] LogOutputStream:75 - [STDERR_REDIRECT] 
2026-04-14 22:50:20,657 [ERROR] LogOutputStream:75 - [STDERR_REDIRECT] [Fatal Error] :1:1: Premature end of file.
2026-04-14 22:50:20,657 [ERROR] LogOutputStream:75 - [STDERR_REDIRECT] 
2026-04-14 22:50:21,728 [ERROR] LogOutputStream:75 - [STDERR_REDIRECT] [Fatal Error] :1:1: Premature end of file.
2026-04-14 22:50:21,728 [ERROR] LogOutputStream:75 - [STDERR_REDIRECT] 
2026-04-14 22:50:22,671 [ERROR] LogOutputStream:75 - [STDERR_REDIRECT] [Fatal Error] :1:1: Premature end of file.
2026-04-14 22:50:22,672 [ERROR] LogOutputStream:75 - [STDERR_REDIRECT] 
2026-04-14 22:50:23,648 [ERROR] LogOutputStream:75 - [STDERR_REDIRECT] [Fatal Error] :1:1: Premature end of file.
2026-04-14 22:50:23,648 [ERROR] LogOutputStream:75 - [STDERR_REDIRECT] 
2026-04-14 22:50:24,922 [ERROR] LogOutputStream:75 - [STDERR_REDIRECT] [Fatal Error] :1:1: Premature end of file.
2026-04-14 22:50:24,923 [ERROR] LogOutputStream:75 - [STDERR_REDIRECT] 
2026-04-14 22:50:25,692 [ERROR] LogOutputStream:75 - [STDERR_REDIRECT] [Fatal Error] :1:1: Premature end of file.
2026-04-14 22:50:25,694 [ERROR] LogOutputStream:75 - [STDERR_REDIRECT] 
2026-04-14 22:50:26,731 [ERROR] LogOutputStream:75 - [STDERR_REDIRECT] [Fatal Error] :1:1: Premature end of file.
2026-04-14 22:50:26,731 [ERROR] LogOutputStream:75 - [STDERR_REDIRECT] 
2026-04-14 22:50:28,467 [ERROR] LogOutputStream:75 - [STDERR_REDIRECT] [Fatal Error] :1:1: Premature end of file.
2026-04-14 22:50:28,467 [ERROR] LogOutputStream:75 - [STDERR_REDIRECT] 
2026-04-14 22:50:28,842 [ERROR] LogOutputStream:75 - [STDERR_REDIRECT] [Fatal Error] :1:1: Premature end of file.
2026-04-14 22:50:28,843 [ERROR] LogOutputStream:75 - [STDERR_REDIRECT] 
2026-04-14 22:50:29,980 [ERROR] LogOutputStream:75 - [STDERR_REDIRECT] [Fatal Error] :1:1: Premature end of file.
2026-04-14 22:50:29,981 [ERROR] LogOutputStream:75 - [STDERR_REDIRECT] 
2026-04-14 22:50:30,835 [ERROR] LogOutputStream:75 - [STDERR_REDIRECT] [Fatal Error] :1:1: Premature end of file.
2026-04-14 22:50:30,836 [ERROR] LogOutputStream:75 - [STDERR_REDIRECT] 
2026-04-14 22:50:32,068 [ERROR] LogOutputStream:75 - [STDERR_REDIRECT] [Fatal Error] :1:1: Premature end of file.
2026-04-14 22:50:32,068 [ERROR] LogOutputStream:75 - [STDERR_REDIRECT] 
2026-04-14 22:50:32,669 [ERROR] LogOutputStream:75 - [STDERR_REDIRECT] [Fatal Error] :1:1: Premature end of file.
2026-04-14 22:50:32,669 [ERROR] LogOutputStream:75 - [STDERR_REDIRECT] 
2026-04-14 22:50:33,653 [ERROR] LogOutputStream:75 - [STDERR_REDIRECT] [Fatal Error] :1:1: Premature end of file.
2026-04-14 22:50:33,653 [ERROR] LogOutputStream:75 - [STDERR_REDIRECT] 
2026-04-14 22:50:34,681 [ERROR] LogOutputStream:75 - [STDERR_REDIRECT] [Fatal Error] :1:1: Premature end of file.
2026-04-14 22:50:34,682 [ERROR] LogOutputStream:75 - [STDERR_REDIRECT] 
2026-04-14 22:50:35,718 [ERROR] LogOutputStream:75 - [STDERR_REDIRECT] [Fatal Error] :1:1: Premature end of file.
2026-04-14 22:50:35,718 [ERROR] LogOutputStream:75 - [STDERR_REDIRECT] 
2026-04-14 22:50:36,652 [ERROR] LogOutputStream:75 - [STDERR_REDIRECT] [Fatal Error] :1:1: Premature end of file.
2026-04-14 22:50:36,652 [ERROR] LogOutputStream:75 - [STDERR_REDIRECT] 
2026-04-14 22:50:37,643 [ERROR] LogOutputStream:75 - [STDERR_REDIRECT] [Fatal Error] :1:1: Premature end of file.
2026-04-14 22:50:37,645 [ERROR] LogOutputStream:75 - [STDERR_REDIRECT] 
2026-04-14 22:50:38,649 [ERROR] LogOutputStream:75 - [STDERR_REDIRECT] [Fatal Error] :1:1: Premature end of file.
2026-04-14 22:50:38,649 [ERROR] LogOutputStream:75 - [STDERR_REDIRECT] 
2026-04-14 22:50:39,648 [ERROR] LogOutputStream:75 - [STDERR_REDIRECT] [Fatal Error] :1:1: Premature end of file.
2026-04-14 22:50:39,648 [ERROR] LogOutputStream:75 - [STDERR_REDIRECT] 
2026-04-14 22:50:40,646 [ERROR] LogOutputStream:75 - [STDERR_REDIRECT] [Fatal Error] :1:1: Premature end of file.
2026-04-14 22:50:40,646 [ERROR] LogOutputStream:75 - [STDERR_REDIRECT] 
2026-04-14 22:50:41,647 [ERROR] LogOutputStream:75 - [STDERR_REDIRECT] [Fatal Error] :1:1: Premature end of file.
2026-04-14 22:50:41,647 [ERROR] LogOutputStream:75 - [STDERR_REDIRECT] 
2026-04-14 22:50:42,645 [ERROR] LogOutputStream:75 - [STDERR_REDIRECT] [Fatal Error] :1:1: Premature end of file.
2026-04-14 22:50:42,646 [ERROR] LogOutputStream:75 - [STDERR_REDIRECT] 
2026-04-14 22:50:43,648 [ERROR] LogOutputStream:75 - [STDERR_REDIRECT] [Fatal Error] :1:1: Premature end of file.
2026-04-14 22:50:43,649 [ERROR] LogOutputStream:75 - [STDERR_REDIRECT] 
2026-04-14 22:50:44,646 [ERROR] LogOutputStream:75 - [STDERR_REDIRECT] [Fatal Error] :1:1: Premature end of file.
2026-04-14 22:50:44,647 [ERROR] LogOutputStream:75 - [STDERR_REDIRECT] 
2026-04-14 22:50:45,654 [ERROR] LogOutputStream:75 - [STDERR_REDIRECT] [Fatal Error] :1:1: Premature end of file.
2026-04-14 22:50:45,655 [ERROR] LogOutputStream:75 - [STDERR_REDIRECT] 
2026-04-14 22:50:46,704 [ERROR] LogOutputStream:75 - [STDERR_REDIRECT] [Fatal Error] :1:1: Premature end of file.
2026-04-14 22:50:46,705 [ERROR] LogOutputStream:75 - [STDERR_REDIRECT] 
2026-04-14 22:50:47,648 [ERROR] LogOutputStream:75 - [STDERR_REDIRECT] [Fatal Error] :1:1: Premature end of file.
2026-04-14 22:50:47,648 [ERROR] LogOutputStream:75 - [STDERR_REDIRECT] 
2026-04-14 22:50:48,658 [ERROR] LogOutputStream:75 - [STDERR_REDIRECT] [Fatal Error] :1:1: Premature end of file.
2026-04-14 22:50:48,658 [ERROR] LogOutputStream:75 - [STDERR_REDIRECT] 
2026-04-14 22:50:49,646 [ERROR] LogOutputStream:75 - [STDERR_REDIRECT] [Fatal Error] :1:1: Premature end of file.
2026-04-14 22:50:49,646 [ERROR] LogOutputStream:75 - [STDERR_REDIRECT] 
2026-04-14 22:50:50,646 [ERROR] LogOutputStream:75 - [STDERR_REDIRECT] [Fatal Error] :1:1: Premature end of file.
2026-04-14 22:50:50,646 [ERROR] LogOutputStream:75 - [STDERR_REDIRECT] 
2026-04-14 22:50:51,648 [ERROR] LogOutputStream:75 - [STDERR_REDIRECT] [Fatal Error] :1:1: Premature end of file.
2026-04-14 22:50:51,648 [ERROR] LogOutputStream:75 - [STDERR_REDIRECT] 
2026-04-14 22:50:52,654 [ERROR] LogOutputStream:75 - [STDERR_REDIRECT] [Fatal Error] :1:1: Premature end of file.
2026-04-14 22:50:52,655 [ERROR] LogOutputStream:75 - [STDERR_REDIRECT] 
2026-04-14 22:50:53,646 [ERROR] LogOutputStream:75 - [STDERR_REDIRECT] [Fatal Error] :1:1: Premature end of file.
2026-04-14 22:50:53,646 [ERROR] LogOutputStream:75 - [STDERR_REDIRECT] 
2026-04-14 22:50:54,650 [ERROR] LogOutputStream:75 - [STDERR_REDIRECT] [Fatal Error] :1:1: Premature end of file.
2026-04-14 22:50:54,650 [ERROR] LogOutputStream:75 - [STDERR_REDIRECT] 
2026-04-14 22:50:55,650 [ERROR] LogOutputStream:75 - [STDERR_REDIRECT] [Fatal Error] :1:1: Premature end of file.
2026-04-14 22:50:55,650 [ERROR] LogOutputStream:75 - [STDERR_REDIRECT] 
2026-04-14 22:50:56,650 [ERROR] LogOutputStream:75 - [STDERR_REDIRECT] [Fatal Error] :1:1: Premature end of file.
2026-04-14 22:50:56,650 [ERROR] LogOutputStream:75 - [STDERR_REDIRECT] 
2026-04-14 22:50:57,649 [ERROR] LogOutputStream:75 - [STDERR_REDIRECT] [Fatal Error] :1:1: Premature end of file.
2026-04-14 22:50:57,650 [ERROR] LogOutputStream:75 - [STDERR_REDIRECT] 
2026-04-14 22:50:58,644 [ERROR] LogOutputStream:75 - [STDERR_REDIRECT] [Fatal Error] :1:1: Premature end of file.
2026-04-14 22:50:58,645 [ERROR] LogOutputStream:75 - [STDERR_REDIRECT] 
2026-04-14 22:50:59,653 [ERROR] LogOutputStream:75 - [STDERR_REDIRECT] [Fatal Error] :1:1: Premature end of file.
2026-04-14 22:50:59,654 [ERROR] LogOutputStream:75 - [STDERR_REDIRECT] 
2026-04-14 22:51:00,650 [ERROR] LogOutputStream:75 - [STDERR_REDIRECT] [Fatal Error] :1:1: Premature end of file.
2026-04-14 22:51:00,650 [ERROR] LogOutputStream:75 - [STDERR_REDIRECT] 
2026-04-14 22:51:01,650 [ERROR] LogOutputStream:75 - [STDERR_REDIRECT] [Fatal Error] :1:1: Premature end of file.
2026-04-14 22:51:01,650 [ERROR] LogOutputStream:75 - [STDERR_REDIRECT] 
2026-04-14 22:51:02,648 [ERROR] LogOutputStream:75 - [STDERR_REDIRECT] [Fatal Error] :1:1: Premature end of file.
2026-04-14 22:51:02,649 [ERROR] LogOutputStream:75 - [STDERR_REDIRECT] 
2026-04-14 22:51:03,680 [ERROR] LogOutputStream:75 - [STDERR_REDIRECT] [Fatal Error] :1:1: Premature end of file.
2026-04-14 22:51:03,680 [ERROR] LogOutputStream:75 - [STDERR_REDIRECT] 
2026-04-14 22:51:04,649 [ERROR] LogOutputStream:75 - [STDERR_REDIRECT] [Fatal Error] :1:1: Premature end of file.
2026-04-14 22:51:04,650 [ERROR] LogOutputStream:75 - [STDERR_REDIRECT] 
2026-04-14 22:51:05,649 [ERROR] LogOutputStream:75 - [STDERR_REDIRECT] [Fatal Error] :1:1: Premature end of file.
2026-04-14 22:51:05,649 [ERROR] LogOutputStream:75 - [STDERR_REDIRECT] 
2026-04-14 22:51:06,645 [ERROR] LogOutputStream:75 - [STDERR_REDIRECT] [Fatal Error] :1:1: Premature end of file.
2026-04-14 22:51:06,646 [ERROR] LogOutputStream:75 - [STDERR_REDIRECT] 
2026-04-14 22:51:07,650 [ERROR] LogOutputStream:75 - [STDERR_REDIRECT] [Fatal Error] :1:1: Premature end of file.
2026-04-14 22:51:07,651 [ERROR] LogOutputStream:75 - [STDERR_REDIRECT] 
2026-04-14 22:51:08,650 [ERROR] LogOutputStream:75 - [STDERR_REDIRECT] [Fatal Error] :1:1: Premature end of file.
2026-04-14 22:51:08,651 [ERROR] LogOutputStream:75 - [STDERR_REDIRECT] 
2026-04-14 22:51:09,660 [ERROR] LogOutputStream:75 - [STDERR_REDIRECT] [Fatal Error] :1:1: Premature end of file.
2026-04-14 22:51:09,660 [ERROR] LogOutputStream:75 - [STDERR_REDIRECT] 
2026-04-14 22:51:10,653 [ERROR] LogOutputStream:75 - [STDERR_REDIRECT] [Fatal Error] :1:1: Premature end of file.
2026-04-14 22:51:10,654 [ERROR] LogOutputStream:75 - [STDERR_REDIRECT] 
2026-04-14 22:51:11,648 [ERROR] LogOutputStream:75 - [STDERR_REDIRECT] [Fatal Error] :1:1: Premature end of file.
2026-04-14 22:51:11,649 [ERROR] LogOutputStream:75 - [STDERR_REDIRECT] 
2026-04-14 22:51:12,662 [ERROR] LogOutputStream:75 - [STDERR_REDIRECT] [Fatal Error] :1:1: Premature end of file.
2026-04-14 22:51:12,662 [ERROR] LogOutputStream:75 - [STDERR_REDIRECT] 
2026-04-14 22:51:13,646 [ERROR] LogOutputStream:75 - [STDERR_REDIRECT] [Fatal Error] :1:1: Premature end of file.
2026-04-14 22:51:13,646 [ERROR] LogOutputStream:75 - [STDERR_REDIRECT] 
2026-04-14 22:51:14,651 [ERROR] LogOutputStream:75 - [STDERR_REDIRECT] [Fatal Error] :1:1: Premature end of file.
2026-04-14 22:51:14,651 [ERROR] LogOutputStream:75 - [STDERR_REDIRECT] 
2026-04-14 22:51:15,652 [ERROR] LogOutputStream:75 - [STDERR_REDIRECT] [Fatal Error] :1:1: Premature end of file.
2026-04-14 22:51:15,653 [ERROR] LogOutputStream:75 - [STDERR_REDIRECT] 
2026-04-14 22:51:16,649 [ERROR] LogOutputStream:75 - [STDERR_REDIRECT] [Fatal Error] :1:1: Premature end of file.
2026-04-14 22:51:16,649 [ERROR] LogOutputStream:75 - [STDERR_REDIRECT] 
2026-04-14 22:51:17,647 [ERROR] LogOutputStream:75 - [STDERR_REDIRECT] [Fatal Error] :1:1: Premature end of file.
2026-04-14 22:51:17,647 [ERROR] LogOutputStream:75 - [STDERR_REDIRECT] 
2026-04-14 22:51:18,651 [ERROR] LogOutputStream:75 - [STDERR_REDIRECT] [Fatal Error] :1:1: Premature end of file.
2026-04-14 22:51:18,651 [ERROR] LogOutputStream:75 - [STDERR_REDIRECT] 
2026-04-14 22:51:19,646 [ERROR] LogOutputStream:75 - [STDERR_REDIRECT] [Fatal Error] :1:1: Premature end of file.
2026-04-14 22:51:19,646 [ERROR] LogOutputStream:75 - [STDERR_REDIRECT] 
2026-04-14 22:51:20,647 [ERROR] LogOutputStream:75 - [STDERR_REDIRECT] [Fatal Error] :1:1: Premature end of file.
2026-04-14 22:51:20,647 [ERROR] LogOutputStream:75 - [STDERR_REDIRECT] 
2026-04-14 22:51:21,651 [ERROR] LogOutputStream:75 - [STDERR_REDIRECT] [Fatal Error] :1:1: Premature end of file.
2026-04-14 22:51:21,651 [ERROR] LogOutputStream:75 - [STDERR_REDIRECT] 
2026-04-14 22:51:22,648 [ERROR] LogOutputStream:75 - [STDERR_REDIRECT] [Fatal Error] :1:1: Premature end of file.
2026-04-14 22:51:22,648 [ERROR] LogOutputStream:75 - [STDERR_REDIRECT] 
2026-04-14 22:51:23,647 [ERROR] LogOutputStream:75 - [STDERR_REDIRECT] [Fatal Error] :1:1: Premature end of file.
2026-04-14 22:51:23,647 [ERROR] LogOutputStream:75 - [STDERR_REDIRECT] 
2026-04-14 22:51:24,647 [ERROR] LogOutputStream:75 - [STDERR_REDIRECT] [Fatal Error] :1:1: Premature end of file.
2026-04-14 22:51:24,647 [ERROR] LogOutputStream:75 - [STDERR_REDIRECT] 
2026-04-14 22:51:25,647 [ERROR] LogOutputStream:75 - [STDERR_REDIRECT] [Fatal Error] :1:1: Premature end of file.
2026-04-14 22:51:25,648 [ERROR] LogOutputStream:75 - [STDERR_REDIRECT] 
2026-04-14 22:51:26,649 [ERROR] LogOutputStream:75 - [STDERR_REDIRECT] [Fatal Error] :1:1: Premature end of file.
2026-04-14 22:51:26,649 [ERROR] LogOutputStream:75 - [STDERR_REDIRECT] 
2026-04-14 22:51:27,652 [ERROR] LogOutputStream:75 - [STDERR_REDIRECT] [Fatal Error] :1:1: Premature end of file.
2026-04-14 22:51:27,652 [ERROR] LogOutputStream:75 - [STDERR_REDIRECT] 
2026-04-14 22:51:28,651 [ERROR] LogOutputStream:75 - [STDERR_REDIRECT] [Fatal Error] :1:1: Premature end of file.
2026-04-14 22:51:28,651 [ERROR] LogOutputStream:75 - [STDERR_REDIRECT] 
2026-04-14 22:51:29,649 [ERROR] LogOutputStream:75 - [STDERR_REDIRECT] [Fatal Error] :1:1: Premature end of file.
2026-04-14 22:51:29,649 [ERROR] LogOutputStream:75 - [STDERR_REDIRECT] 
2026-04-14 22:51:30,778 [ERROR] LogOutputStream:75 - [STDERR_REDIRECT] [Fatal Error] :1:1: Premature end of file.
2026-04-14 22:51:30,778 [ERROR] LogOutputStream:75 - [STDERR_REDIRECT] 
2026-04-14 22:51:31,722 [ERROR] LogOutputStream:75 - [STDERR_REDIRECT] [Fatal Error] :1:1: Premature end of file.
2026-04-14 22:51:31,722 [ERROR] LogOutputStream:75 - [STDERR_REDIRECT] 
2026-04-14 22:51:32,652 [ERROR] LogOutputStream:75 - [STDERR_REDIRECT] [Fatal Error] :1:1: Premature end of file.
2026-04-14 22:51:32,653 [ERROR] LogOutputStream:75 - [STDERR_REDIRECT] 
2026-04-14 22:51:33,647 [ERROR] LogOutputStream:75 - [STDERR_REDIRECT] [Fatal Error] :1:1: Premature end of file.
2026-04-14 22:51:33,648 [ERROR] LogOutputStream:75 - [STDERR_REDIRECT] 
2026-04-14 22:51:34,652 [ERROR] LogOutputStream:75 - [STDERR_REDIRECT] [Fatal Error] :1:1: Premature end of file.
2026-04-14 22:51:34,652 [ERROR] LogOutputStream:75 - [STDERR_REDIRECT] 
2026-04-14 22:51:35,652 [ERROR] LogOutputStream:75 - [STDERR_REDIRECT] [Fatal Error] :1:1: Premature end of file.
2026-04-14 22:51:35,652 [ERROR] LogOutputStream:75 - [STDERR_REDIRECT] 
2026-04-14 22:51:36,652 [ERROR] LogOutputStream:75 - [STDERR_REDIRECT] [Fatal Error] :1:1: Premature end of file.
2026-04-14 22:51:36,652 [ERROR] LogOutputStream:75 - [STDERR_REDIRECT] 
2026-04-14 22:51:37,683 [ERROR] LogOutputStream:75 - [STDERR_REDIRECT] [Fatal Error] :1:1: Premature end of file.
2026-04-14 22:51:37,683 [ERROR] LogOutputStream:75 - [STDERR_REDIRECT] 
2026-04-14 22:51:38,659 [ERROR] LogOutputStream:75 - [STDERR_REDIRECT] [Fatal Error] :1:1: Premature end of file.
2026-04-14 22:51:38,659 [ERROR] LogOutputStream:75 - [STDERR_REDIRECT] 
2026-04-14 22:51:39,647 [ERROR] LogOutputStream:75 - [STDERR_REDIRECT] [Fatal Error] :1:1: Premature end of file.
2026-04-14 22:51:39,647 [ERROR] LogOutputStream:75 - [STDERR_REDIRECT] 
2026-04-14 22:51:40,648 [ERROR] LogOutputStream:75 - [STDERR_REDIRECT] [Fatal Error] :1:1: Premature end of file.
2026-04-14 22:51:40,648 [ERROR] LogOutputStream:75 - [STDERR_REDIRECT] 
2026-04-14 22:51:41,645 [ERROR] LogOutputStream:75 - [STDERR_REDIRECT] [Fatal Error] :1:1: Premature end of file.
2026-04-14 22:51:41,645 [ERROR] LogOutputStream:75 - [STDERR_REDIRECT] 
2026-04-14 22:51:42,645 [ERROR] LogOutputStream:75 - [STDERR_REDIRECT] [Fatal Error] :1:1: Premature end of file.
2026-04-14 22:51:42,646 [ERROR] LogOutputStream:75 - [STDERR_REDIRECT] 
2026-04-14 22:51:43,648 [ERROR] LogOutputStream:75 - [STDERR_REDIRECT] [Fatal Error] :1:1: Premature end of file.
2026-04-14 22:51:43,649 [ERROR] LogOutputStream:75 - [STDERR_REDIRECT] 
2026-04-14 22:51:44,666 [ERROR] LogOutputStream:75 - [STDERR_REDIRECT] [Fatal Error] :1:1: Premature end of file.
2026-04-14 22:51:44,667 [ERROR] LogOutputStream:75 - [STDERR_REDIRECT] 
2026-04-14 22:51:45,643 [ERROR] LogOutputStream:75 - [STDERR_REDIRECT] [Fatal Error] :1:1: Premature end of file.
2026-04-14 22:51:45,644 [ERROR] LogOutputStream:75 - [STDERR_REDIRECT] 
2026-04-14 22:51:46,646 [ERROR] LogOutputStream:75 - [STDERR_REDIRECT] [Fatal Error] :1:1: Premature end of file.
2026-04-14 22:51:46,647 [ERROR] LogOutputStream:75 - [STDERR_REDIRECT] 
2026-04-14 22:51:47,650 [ERROR] LogOutputStream:75 - [STDERR_REDIRECT] [Fatal Error] :1:1: Premature end of file.
2026-04-14 22:51:47,650 [ERROR] LogOutputStream:75 - [STDERR_REDIRECT] 
2026-04-14 22:51:48,653 [ERROR] LogOutputStream:75 - [STDERR_REDIRECT] [Fatal Error] :1:1: Premature end of file.
2026-04-14 22:51:48,653 [ERROR] LogOutputStream:75 - [STDERR_REDIRECT] 
2026-04-14 22:51:49,649 [ERROR] LogOutputStream:75 - [STDERR_REDIRECT] [Fatal Error] :1:1: Premature end of file.
2026-04-14 22:51:49,649 [ERROR] LogOutputStream:75 - [STDERR_REDIRECT] 
2026-04-14 22:51:50,653 [ERROR] LogOutputStream:75 - [STDERR_REDIRECT] [Fatal Error] :1:1: Premature end of file.
2026-04-14 22:51:50,653 [ERROR] LogOutputStream:75 - [STDERR_REDIRECT] 
2026-04-14 22:51:51,652 [ERROR] LogOutputStream:75 - [STDERR_REDIRECT] [Fatal Error] :1:1: Premature end of file.
2026-04-14 22:51:51,653 [ERROR] LogOutputStream:75 - [STDERR_REDIRECT] 
2026-04-14 22:51:52,647 [ERROR] LogOutputStream:75 - [STDERR_REDIRECT] [Fatal Error] :1:1: Premature end of file.
2026-04-14 22:51:52,647 [ERROR] LogOutputStream:75 - [STDERR_REDIRECT] 
2026-04-14 22:51:53,658 [ERROR] LogOutputStream:75 - [STDERR_REDIRECT] [Fatal Error] :1:1: Premature end of file.
2026-04-14 22:51:53,658 [ERROR] LogOutputStream:75 - [STDERR_REDIRECT] 
2026-04-14 22:51:54,684 [ERROR] LogOutputStream:75 - [STDERR_REDIRECT] [Fatal Error] :1:1: Premature end of file.
2026-04-14 22:51:54,684 [ERROR] LogOutputStream:75 - [STDERR_REDIRECT] 
2026-04-14 22:51:55,647 [ERROR] LogOutputStream:75 - [STDERR_REDIRECT] [Fatal Error] :1:1: Premature end of file.
2026-04-14 22:51:55,647 [ERROR] LogOutputStream:75 - [STDERR_REDIRECT] 
2026-04-14 22:51:56,650 [ERROR] LogOutputStream:75 - [STDERR_REDIRECT] [Fatal Error] :1:1: Premature end of file.
2026-04-14 22:51:56,651 [ERROR] LogOutputStream:75 - [STDERR_REDIRECT] 
2026-04-14 22:51:57,652 [ERROR] LogOutputStream:75 - [STDERR_REDIRECT] [Fatal Error] :1:1: Premature end of file.
2026-04-14 22:51:57,653 [ERROR] LogOutputStream:75 - [STDERR_REDIRECT] 
2026-04-14 22:51:58,645 [ERROR] LogOutputStream:75 - [STDERR_REDIRECT] [Fatal Error] :1:1: Premature end of file.
2026-04-14 22:51:58,645 [ERROR] LogOutputStream:75 - [STDERR_REDIRECT] 
2026-04-14 22:51:59,646 [ERROR] LogOutputStream:75 - [STDERR_REDIRECT] [Fatal Error] :1:1: Premature end of file.
2026-04-14 22:51:59,646 [ERROR] LogOutputStream:75 - [STDERR_REDIRECT] 
2026-04-14 22:52:00,650 [ERROR] LogOutputStream:75 - [STDERR_REDIRECT] [Fatal Error] :1:1: Premature end of file.
2026-04-14 22:52:00,650 [ERROR] LogOutputStream:75 - [STDERR_REDIRECT] 
2026-04-14 22:52:01,654 [ERROR] LogOutputStream:75 - [STDERR_REDIRECT] [Fatal Error] :1:1: Premature end of file.
2026-04-14 22:52:01,655 [ERROR] LogOutputStream:75 - [STDERR_REDIRECT] 
2026-04-14 22:52:02,647 [ERROR] LogOutputStream:75 - [STDERR_REDIRECT] [Fatal Error] :1:1: Premature end of file.
2026-04-14 22:52:02,647 [ERROR] LogOutputStream:75 - [STDERR_REDIRECT] 
2026-04-14 22:52:03,652 [ERROR] LogOutputStream:75 - [STDERR_REDIRECT] [Fatal Error] :1:1: Premature end of file.
2026-04-14 22:52:03,652 [ERROR] LogOutputStream:75 - [STDERR_REDIRECT] 
2026-04-14 22:52:04,653 [ERROR] LogOutputStream:75 - [STDERR_REDIRECT] [Fatal Error] :1:1: Premature end of file.
2026-04-14 22:52:04,653 [ERROR] LogOutputStream:75 - [STDERR_REDIRECT] 
2026-04-14 22:52:05,650 [ERROR] LogOutputStream:75 - [STDERR_REDIRECT] [Fatal Error] :1:1: Premature end of file.
2026-04-14 22:52:05,650 [ERROR] LogOutputStream:75 - [STDERR_REDIRECT] 
2026-04-14 22:52:06,651 [ERROR] LogOutputStream:75 - [STDERR_REDIRECT] [Fatal Error] :1:1: Premature end of file.
2026-04-14 22:52:06,651 [ERROR] LogOutputStream:75 - [STDERR_REDIRECT] 
2026-04-14 22:52:07,651 [ERROR] LogOutputStream:75 - [STDERR_REDIRECT] [Fatal Error] :1:1: Premature end of file.
2026-04-14 22:52:07,652 [ERROR] LogOutputStream:75 - [STDERR_REDIRECT] 
2026-04-14 22:52:08,648 [ERROR] LogOutputStream:75 - [STDERR_REDIRECT] [Fatal Error] :1:1: Premature end of file.
2026-04-14 22:52:08,648 [ERROR] LogOutputStream:75 - [STDERR_REDIRECT] 
2026-04-14 22:52:09,654 [ERROR] LogOutputStream:75 - [STDERR_REDIRECT] [Fatal Error] :1:1: Premature end of file.
2026-04-14 22:52:09,654 [ERROR] LogOutputStream:75 - [STDERR_REDIRECT] 
2026-04-14 22:52:10,648 [ERROR] LogOutputStream:75 - [STDERR_REDIRECT] [Fatal Error] :1:1: Premature end of file.
2026-04-14 22:52:10,648 [ERROR] LogOutputStream:75 - [STDERR_REDIRECT] 
2026-04-14 22:52:11,654 [ERROR] LogOutputStream:75 - [STDERR_REDIRECT] [Fatal Error] :1:1: Premature end of file.
2026-04-14 22:52:11,654 [ERROR] LogOutputStream:75 - [STDERR_REDIRECT] 
2026-04-14 22:52:12,649 [ERROR] LogOutputStream:75 - [STDERR_REDIRECT] [Fatal Error] :1:1: Premature end of file.
2026-04-14 22:52:12,649 [ERROR] LogOutputStream:75 - [STDERR_REDIRECT] 
2026-04-14 22:52:13,650 [ERROR] LogOutputStream:75 - [STDERR_REDIRECT] [Fatal Error] :1:1: Premature end of file.
2026-04-14 22:52:13,651 [ERROR] LogOutputStream:75 - [STDERR_REDIRECT] 
2026-04-14 22:52:14,652 [ERROR] LogOutputStream:75 - [STDERR_REDIRECT] [Fatal Error] :1:1: Premature end of file.
2026-04-14 22:52:14,653 [ERROR] LogOutputStream:75 - [STDERR_REDIRECT] 
2026-04-14 22:52:15,654 [ERROR] LogOutputStream:75 - [STDERR_REDIRECT] [Fatal Error] :1:1: Premature end of file.
2026-04-14 22:52:15,655 [ERROR] LogOutputStream:75 - [STDERR_REDIRECT] 
2026-04-14 22:52:16,659 [ERROR] LogOutputStream:75 - [STDERR_REDIRECT] [Fatal Error] :1:1: Premature end of file.
2026-04-14 22:52:16,660 [ERROR] LogOutputStream:75 - [STDERR_REDIRECT] 
2026-04-14 22:52:17,647 [ERROR] LogOutputStream:75 - [STDERR_REDIRECT] [Fatal Error] :1:1: Premature end of file.
2026-04-14 22:52:17,648 [ERROR] LogOutputStream:75 - [STDERR_REDIRECT] 
2026-04-14 22:52:18,648 [ERROR] LogOutputStream:75 - [STDERR_REDIRECT] [Fatal Error] :1:1: Premature end of file.
2026-04-14 22:52:18,648 [ERROR] LogOutputStream:75 - [STDERR_REDIRECT] 
2026-04-14 22:52:19,648 [ERROR] LogOutputStream:75 - [STDERR_REDIRECT] [Fatal Error] :1:1: Premature end of file.
2026-04-14 22:52:19,648 [ERROR] LogOutputStream:75 - [STDERR_REDIRECT] 
2026-04-14 22:52:20,649 [ERROR] LogOutputStream:75 - [STDERR_REDIRECT] [Fatal Error] :1:1: Premature end of file.
2026-04-14 22:52:20,649 [ERROR] LogOutputStream:75 - [STDERR_REDIRECT] 
2026-04-14 22:52:21,649 [ERROR] LogOutputStream:75 - [STDERR_REDIRECT] [Fatal Error] :1:1: Premature end of file.
2026-04-14 22:52:21,649 [ERROR] LogOutputStream:75 - [STDERR_REDIRECT] 
2026-04-14 22:52:22,651 [ERROR] LogOutputStream:75 - [STDERR_REDIRECT] [Fatal Error] :1:1: Premature end of file.
2026-04-14 22:52:22,651 [ERROR] LogOutputStream:75 - [STDERR_REDIRECT] 
2026-04-14 22:52:23,647 [ERROR] LogOutputStream:75 - [STDERR_REDIRECT] [Fatal Error] :1:1: Premature end of file.
2026-04-14 22:52:23,648 [ERROR] LogOutputStream:75 - [STDERR_REDIRECT] 
2026-04-14 22:52:24,651 [ERROR] LogOutputStream:75 - [STDERR_REDIRECT] [Fatal Error] :1:1: Premature end of file.
2026-04-14 22:52:24,651 [ERROR] LogOutputStream:75 - [STDERR_REDIRECT] 
2026-04-14 22:52:25,651 [ERROR] LogOutputStream:75 - [STDERR_REDIRECT] [Fatal Error] :1:1: Premature end of file.
2026-04-14 22:52:25,651 [ERROR] LogOutputStream:75 - [STDERR_REDIRECT] 
2026-04-14 22:52:26,649 [ERROR] LogOutputStream:75 - [STDERR_REDIRECT] [Fatal Error] :1:1: Premature end of file.
2026-04-14 22:52:26,649 [ERROR] LogOutputStream:75 - [STDERR_REDIRECT] 
2026-04-14 22:52:27,653 [ERROR] LogOutputStream:75 - [STDERR_REDIRECT] [Fatal Error] :1:1: Premature end of file.
2026-04-14 22:52:27,653 [ERROR] LogOutputStream:75 - [STDERR_REDIRECT] 
2026-04-14 22:52:28,651 [ERROR] LogOutputStream:75 - [STDERR_REDIRECT] [Fatal Error] :1:1: Premature end of file.
2026-04-14 22:52:28,651 [ERROR] LogOutputStream:75 - [STDERR_REDIRECT] 
2026-04-14 22:52:29,651 [ERROR] LogOutputStream:75 - [STDERR_REDIRECT] [Fatal Error] :1:1: Premature end of file.
2026-04-14 22:52:29,651 [ERROR] LogOutputStream:75 - [STDERR_REDIRECT] 
2026-04-14 22:52:30,652 [ERROR] LogOutputStream:75 - [STDERR_REDIRECT] [Fatal Error] :1:1: Premature end of file.
2026-04-14 22:52:30,653 [ERROR] LogOutputStream:75 - [STDERR_REDIRECT] 
2026-04-14 22:52:31,650 [ERROR] LogOutputStream:75 - [STDERR_REDIRECT] [Fatal Error] :1:1: Premature end of file.
2026-04-14 22:52:31,650 [ERROR] LogOutputStream:75 - [STDERR_REDIRECT] 
2026-04-14 22:52:32,652 [ERROR] LogOutputStream:75 - [STDERR_REDIRECT] [Fatal Error] :1:1: Premature end of file.
2026-04-14 22:52:32,652 [ERROR] LogOutputStream:75 - [STDERR_REDIRECT] 
2026-04-14 22:52:33,656 [ERROR] LogOutputStream:75 - [STDERR_REDIRECT] [Fatal Error] :1:1: Premature end of file.
2026-04-14 22:52:33,657 [ERROR] LogOutputStream:75 - [STDERR_REDIRECT] 
2026-04-14 22:52:34,648 [ERROR] LogOutputStream:75 - [STDERR_REDIRECT] [Fatal Error] :1:1: Premature end of file.
2026-04-14 22:52:34,648 [ERROR] LogOutputStream:75 - [STDERR_REDIRECT] 
2026-04-14 22:52:35,649 [ERROR] LogOutputStream:75 - [STDERR_REDIRECT] [Fatal Error] :1:1: Premature end of file.
2026-04-14 22:52:35,649 [ERROR] LogOutputStream:75 - [STDERR_REDIRECT] 
2026-04-14 22:52:36,649 [ERROR] LogOutputStream:75 - [STDERR_REDIRECT] [Fatal Error] :1:1: Premature end of file.
2026-04-14 22:52:36,649 [ERROR] LogOutputStream:75 - [STDERR_REDIRECT] 
2026-04-14 22:52:37,650 [ERROR] LogOutputStream:75 - [STDERR_REDIRECT] [Fatal Error] :1:1: Premature end of file.
2026-04-14 22:52:37,651 [ERROR] LogOutputStream:75 - [STDERR_REDIRECT] 
2026-04-14 22:52:38,649 [ERROR] LogOutputStream:75 - [STDERR_REDIRECT] [Fatal Error] :1:1: Premature end of file.
2026-04-14 22:52:38,649 [ERROR] LogOutputStream:75 - [STDERR_REDIRECT] 
2026-04-14 22:52:39,647 [ERROR] LogOutputStream:75 - [STDERR_REDIRECT] [Fatal Error] :1:1: Premature end of file.
2026-04-14 22:52:39,647 [ERROR] LogOutputStream:75 - [STDERR_REDIRECT] 
2026-04-14 22:52:40,649 [ERROR] LogOutputStream:75 - [STDERR_REDIRECT] [Fatal Error] :1:1: Premature end of file.
2026-04-14 22:52:40,649 [ERROR] LogOutputStream:75 - [STDERR_REDIRECT] 
2026-04-14 22:52:41,646 [ERROR] LogOutputStream:75 - [STDERR_REDIRECT] [Fatal Error] :1:1: Premature end of file.
2026-04-14 22:52:41,646 [ERROR] LogOutputStream:75 - [STDERR_REDIRECT] 
2026-04-14 22:52:42,651 [ERROR] LogOutputStream:75 - [STDERR_REDIRECT] [Fatal Error] :1:1: Premature end of file.
2026-04-14 22:52:42,652 [ERROR] LogOutputStream:75 - [STDERR_REDIRECT] 
2026-04-14 22:52:43,650 [ERROR] LogOutputStream:75 - [STDERR_REDIRECT] [Fatal Error] :1:1: Premature end of file.
2026-04-14 22:52:43,650 [ERROR] LogOutputStream:75 - [STDERR_REDIRECT] 
2026-04-14 22:52:44,674 [ERROR] LogOutputStream:75 - [STDERR_REDIRECT] [Fatal Error] :1:1: Premature end of file.
2026-04-14 22:52:44,674 [ERROR] LogOutputStream:75 - [STDERR_REDIRECT] 
2026-04-14 22:52:45,647 [ERROR] LogOutputStream:75 - [STDERR_REDIRECT] [Fatal Error] :1:1: Premature end of file.
2026-04-14 22:52:45,647 [ERROR] LogOutputStream:75 - [STDERR_REDIRECT] 
2026-04-14 22:52:46,642 [ERROR] LogOutputStream:75 - [STDERR_REDIRECT] [Fatal Error] :1:1: Premature end of file.
2026-04-14 22:52:46,642 [ERROR] LogOutputStream:75 - [STDERR_REDIRECT] 
2026-04-14 22:52:47,650 [ERROR] LogOutputStream:75 - [STDERR_REDIRECT] [Fatal Error] :1:1: Premature end of file.
2026-04-14 22:52:47,650 [ERROR] LogOutputStream:75 - [STDERR_REDIRECT] 
2026-04-14 22:52:48,655 [ERROR] LogOutputStream:75 - [STDERR_REDIRECT] [Fatal Error] :1:1: Premature end of file.
2026-04-14 22:52:48,655 [ERROR] LogOutputStream:75 - [STDERR_REDIRECT] 
2026-04-14 22:52:49,646 [ERROR] LogOutputStream:75 - [STDERR_REDIRECT] [Fatal Error] :1:1: Premature end of file.
2026-04-14 22:52:49,647 [ERROR] LogOutputStream:75 - [STDERR_REDIRECT] 
2026-04-14 22:52:50,651 [ERROR] LogOutputStream:75 - [STDERR_REDIRECT] [Fatal Error] :1:1: Premature end of file.
2026-04-14 22:52:50,651 [ERROR] LogOutputStream:75 - [STDERR_REDIRECT] 
2026-04-14 22:52:51,648 [ERROR] LogOutputStream:75 - [STDERR_REDIRECT] [Fatal Error] :1:1: Premature end of file.
2026-04-14 22:52:51,648 [ERROR] LogOutputStream:75 - [STDERR_REDIRECT] 
2026-04-14 22:52:52,665 [ERROR] LogOutputStream:75 - [STDERR_REDIRECT] [Fatal Error] :1:1: Premature end of file.
2026-04-14 22:52:52,666 [ERROR] LogOutputStream:75 - [STDERR_REDIRECT] 
2026-04-14 22:52:53,650 [ERROR] LogOutputStream:75 - [STDERR_REDIRECT] [Fatal Error] :1:1: Premature end of file.
2026-04-14 22:52:53,651 [ERROR] LogOutputStream:75 - [STDERR_REDIRECT] 
2026-04-14 22:52:54,647 [ERROR] LogOutputStream:75 - [STDERR_REDIRECT] [Fatal Error] :1:1: Premature end of file.
2026-04-14 22:52:54,718 [ERROR] LogOutputStream:75 - [STDERR_REDIRECT] 
2026-04-14 22:52:55,646 [ERROR] LogOutputStream:75 - [STDERR_REDIRECT] [Fatal Error] :1:1: Premature end of file.
2026-04-14 22:52:55,646 [ERROR] LogOutputStream:75 - [STDERR_REDIRECT] 
2026-04-14 22:52:56,648 [ERROR] LogOutputStream:75 - [STDERR_REDIRECT] [Fatal Error] :1:1: Premature end of file.
2026-04-14 22:52:56,649 [ERROR] LogOutputStream:75 - [STDERR_REDIRECT] 
2026-04-14 22:52:57,648 [ERROR] LogOutputStream:75 - [STDERR_REDIRECT] [Fatal Error] :1:1: Premature end of file.
2026-04-14 22:52:57,648 [ERROR] LogOutputStream:75 - [STDERR_REDIRECT] 
2026-04-14 22:52:58,648 [ERROR] LogOutputStream:75 - [STDERR_REDIRECT] [Fatal Error] :1:1: Premature end of file.
2026-04-14 22:52:58,648 [ERROR] LogOutputStream:75 - [STDERR_REDIRECT] 
2026-04-14 22:52:59,650 [ERROR] LogOutputStream:75 - [STDERR_REDIRECT] [Fatal Error] :1:1: Premature end of file.
2026-04-14 22:52:59,650 [ERROR] LogOutputStream:75 - [STDERR_REDIRECT] 
2026-04-14 22:53:00,648 [ERROR] LogOutputStream:75 - [STDERR_REDIRECT] [Fatal Error] :1:1: Premature end of file.
2026-04-14 22:53:00,649 [ERROR] LogOutputStream:75 - [STDERR_REDIRECT] 
2026-04-14 22:53:01,643 [ERROR] LogOutputStream:75 - [STDERR_REDIRECT] [Fatal Error] :1:1: Premature end of file.
2026-04-14 22:53:01,644 [ERROR] LogOutputStream:75 - [STDERR_REDIRECT] 
2026-04-14 22:53:02,650 [ERROR] LogOutputStream:75 - [STDERR_REDIRECT] [Fatal Error] :1:1: Premature end of file.
2026-04-14 22:53:02,650 [ERROR] LogOutputStream:75 - [STDERR_REDIRECT] 
2026-04-14 22:53:03,659 [ERROR] LogOutputStream:75 - [STDERR_REDIRECT] [Fatal Error] :1:1: Premature end of file.
2026-04-14 22:53:03,660 [ERROR] LogOutputStream:75 - [STDERR_REDIRECT] 
2026-04-14 22:53:04,660 [ERROR] LogOutputStream:75 - [STDERR_REDIRECT] [Fatal Error] :1:1: Premature end of file.
2026-04-14 22:53:04,661 [ERROR] LogOutputStream:75 - [STDERR_REDIRECT] 
2026-04-14 22:53:05,646 [ERROR] LogOutputStream:75 - [STDERR_REDIRECT] [Fatal Error] :1:1: Premature end of file.
2026-04-14 22:53:05,646 [ERROR] LogOutputStream:75 - [STDERR_REDIRECT] 
2026-04-14 22:53:06,649 [ERROR] LogOutputStream:75 - [STDERR_REDIRECT] [Fatal Error] :1:1: Premature end of file.
2026-04-14 22:53:06,649 [ERROR] LogOutputStream:75 - [STDERR_REDIRECT] 
2026-04-14 22:53:07,652 [ERROR] LogOutputStream:75 - [STDERR_REDIRECT] [Fatal Error] :1:1: Premature end of file.
2026-04-14 22:53:07,652 [ERROR] LogOutputStream:75 - [STDERR_REDIRECT] 
2026-04-14 22:53:08,646 [ERROR] LogOutputStream:75 - [STDERR_REDIRECT] [Fatal Error] :1:1: Premature end of file.
2026-04-14 22:53:08,646 [ERROR] LogOutputStream:75 - [STDERR_REDIRECT] 
2026-04-14 22:53:09,646 [ERROR] LogOutputStream:75 - [STDERR_REDIRECT] [Fatal Error] :1:1: Premature end of file.
2026-04-14 22:53:09,646 [ERROR] LogOutputStream:75 - [STDERR_REDIRECT] 
2026-04-14 22:53:10,650 [ERROR] LogOutputStream:75 - [STDERR_REDIRECT] [Fatal Error] :1:1: Premature end of file.
2026-04-14 22:53:10,650 [ERROR] LogOutputStream:75 - [STDERR_REDIRECT] 
2026-04-14 22:53:11,648 [ERROR] LogOutputStream:75 - [STDERR_REDIRECT] [Fatal Error] :1:1: Premature end of file.
2026-04-14 22:53:11,648 [ERROR] LogOutputStream:75 - [STDERR_REDIRECT] 
2026-04-14 22:53:12,666 [ERROR] LogOutputStream:75 - [STDERR_REDIRECT] [Fatal Error] :1:1: Premature end of file.
2026-04-14 22:53:12,666 [ERROR] LogOutputStream:75 - [STDERR_REDIRECT] 
2026-04-14 22:53:13,650 [ERROR] LogOutputStream:75 - [STDERR_REDIRECT] [Fatal Error] :1:1: Premature end of file.
2026-04-14 22:53:13,651 [ERROR] LogOutputStream:75 - [STDERR_REDIRECT] 
2026-04-14 22:53:14,646 [ERROR] LogOutputStream:75 - [STDERR_REDIRECT] [Fatal Error] :1:1: Premature end of file.
2026-04-14 22:53:14,646 [ERROR] LogOutputStream:75 - [STDERR_REDIRECT] 
2026-04-14 22:53:15,805 [ERROR] LogOutputStream:75 - [STDERR_REDIRECT] [Fatal Error] :1:1: Premature end of file.
2026-04-14 22:53:15,805 [ERROR] LogOutputStream:75 - [STDERR_REDIRECT] 
2026-04-14 22:53:16,649 [ERROR] LogOutputStream:75 - [STDERR_REDIRECT] [Fatal Error] :1:1: Premature end of file.
2026-04-14 22:53:16,649 [ERROR] LogOutputStream:75 - [STDERR_REDIRECT] 
2026-04-14 22:53:17,646 [ERROR] LogOutputStream:75 - [STDERR_REDIRECT] [Fatal Error] :1:1: Premature end of file.
2026-04-14 22:53:17,647 [ERROR] LogOutputStream:75 - [STDERR_REDIRECT] 
2026-04-14 22:53:18,647 [ERROR] LogOutputStream:75 - [STDERR_REDIRECT] [Fatal Error] :1:1: Premature end of file.
2026-04-14 22:53:18,648 [ERROR] LogOutputStream:75 - [STDERR_REDIRECT] 
2026-04-14 22:53:19,644 [ERROR] LogOutputStream:75 - [STDERR_REDIRECT] [Fatal Error] :1:1: Premature end of file.
2026-04-14 22:53:19,644 [ERROR] LogOutputStream:75 - [STDERR_REDIRECT] 
2026-04-14 22:53:20,648 [ERROR] LogOutputStream:75 - [STDERR_REDIRECT] [Fatal Error] :1:1: Premature end of file.
2026-04-14 22:53:20,649 [ERROR] LogOutputStream:75 - [STDERR_REDIRECT] 
2026-04-14 22:53:21,651 [ERROR] LogOutputStream:75 - [STDERR_REDIRECT] [Fatal Error] :1:1: Premature end of file.
2026-04-14 22:53:21,651 [ERROR] LogOutputStream:75 - [STDERR_REDIRECT] 
2026-04-14 22:53:22,644 [ERROR] LogOutputStream:75 - [STDERR_REDIRECT] [Fatal Error] :1:1: Premature end of file.
2026-04-14 22:53:22,644 [ERROR] LogOutputStream:75 - [STDERR_REDIRECT] 
2026-04-14 22:53:23,648 [ERROR] LogOutputStream:75 - [STDERR_REDIRECT] [Fatal Error] :1:1: Premature end of file.
2026-04-14 22:53:23,648 [ERROR] LogOutputStream:75 - [STDERR_REDIRECT] 
2026-04-14 22:53:24,648 [ERROR] LogOutputStream:75 - [STDERR_REDIRECT] [Fatal Error] :1:1: Premature end of file.
2026-04-14 22:53:24,649 [ERROR] LogOutputStream:75 - [STDERR_REDIRECT] 
2026-04-14 22:53:25,649 [ERROR] LogOutputStream:75 - [STDERR_REDIRECT] [Fatal Error] :1:1: Premature end of file.
2026-04-14 22:53:25,649 [ERROR] LogOutputStream:75 - [STDERR_REDIRECT] 
2026-04-14 22:53:26,650 [ERROR] LogOutputStream:75 - [STDERR_REDIRECT] [Fatal Error] :1:1: Premature end of file.
2026-04-14 22:53:26,651 [ERROR] LogOutputStream:75 - [STDERR_REDIRECT] 
2026-04-14 22:53:27,648 [ERROR] LogOutputStream:75 - [STDERR_REDIRECT] [Fatal Error] :1:1: Premature end of file.
2026-04-14 22:53:27,648 [ERROR] LogOutputStream:75 - [STDERR_REDIRECT] 
2026-04-14 22:53:28,651 [ERROR] LogOutputStream:75 - [STDERR_REDIRECT] [Fatal Error] :1:1: Premature end of file.
2026-04-14 22:53:28,651 [ERROR] LogOutputStream:75 - [STDERR_REDIRECT] 
2026-04-14 22:53:29,650 [ERROR] LogOutputStream:75 - [STDERR_REDIRECT] [Fatal Error] :1:1: Premature end of file.
2026-04-14 22:53:29,651 [ERROR] LogOutputStream:75 - [STDERR_REDIRECT] 
2026-04-14 22:53:30,648 [ERROR] LogOutputStream:75 - [STDERR_REDIRECT] [Fatal Error] :1:1: Premature end of file.
2026-04-14 22:53:30,648 [ERROR] LogOutputStream:75 - [STDERR_REDIRECT] 
2026-04-14 22:53:31,645 [ERROR] LogOutputStream:75 - [STDERR_REDIRECT] [Fatal Error] :1:1: Premature end of file.
2026-04-14 22:53:31,645 [ERROR] LogOutputStream:75 - [STDERR_REDIRECT] 
2026-04-14 22:53:32,650 [ERROR] LogOutputStream:75 - [STDERR_REDIRECT] [Fatal Error] :1:1: Premature end of file.
2026-04-14 22:53:32,650 [ERROR] LogOutputStream:75 - [STDERR_REDIRECT] 
2026-04-14 22:53:33,649 [ERROR] LogOutputStream:75 - [STDERR_REDIRECT] [Fatal Error] :1:1: Premature end of file.
2026-04-14 22:53:33,649 [ERROR] LogOutputStream:75 - [STDERR_REDIRECT] 
2026-04-14 22:53:34,765 [ERROR] LogOutputStream:75 - [STDERR_REDIRECT] [Fatal Error] :1:1: Premature end of file.
2026-04-14 22:53:34,765 [ERROR] LogOutputStream:75 - [STDERR_REDIRECT] 
2026-04-14 22:53:35,647 [ERROR] LogOutputStream:75 - [STDERR_REDIRECT] [Fatal Error] :1:1: Premature end of file.
2026-04-14 22:53:35,647 [ERROR] LogOutputStream:75 - [STDERR_REDIRECT] 
2026-04-14 22:53:36,645 [ERROR] LogOutputStream:75 - [STDERR_REDIRECT] [Fatal Error] :1:1: Premature end of file.
2026-04-14 22:53:36,645 [ERROR] LogOutputStream:75 - [STDERR_REDIRECT] 
2026-04-14 22:53:37,647 [ERROR] LogOutputStream:75 - [STDERR_REDIRECT] [Fatal Error] :1:1: Premature end of file.
2026-04-14 22:53:37,647 [ERROR] LogOutputStream:75 - [STDERR_REDIRECT] 
2026-04-14 22:53:38,648 [ERROR] LogOutputStream:75 - [STDERR_REDIRECT] [Fatal Error] :1:1: Premature end of file.
2026-04-14 22:53:38,649 [ERROR] LogOutputStream:75 - [STDERR_REDIRECT] 
2026-04-14 22:53:39,650 [ERROR] LogOutputStream:75 - [STDERR_REDIRECT] [Fatal Error] :1:1: Premature end of file.
2026-04-14 22:53:39,651 [ERROR] LogOutputStream:75 - [STDERR_REDIRECT] 
2026-04-14 22:53:40,655 [ERROR] LogOutputStream:75 - [STDERR_REDIRECT] [Fatal Error] :1:1: Premature end of file.
2026-04-14 22:53:40,655 [ERROR] LogOutputStream:75 - [STDERR_REDIRECT] 
2026-04-14 22:53:41,651 [ERROR] LogOutputStream:75 - [STDERR_REDIRECT] [Fatal Error] :1:1: Premature end of file.
2026-04-14 22:53:41,651 [ERROR] LogOutputStream:75 - [STDERR_REDIRECT] 
2026-04-14 22:53:42,649 [ERROR] LogOutputStream:75 - [STDERR_REDIRECT] [Fatal Error] :1:1: Premature end of file.
2026-04-14 22:53:42,649 [ERROR] LogOutputStream:75 - [STDERR_REDIRECT] 
2026-04-14 22:53:43,759 [ERROR] LogOutputStream:75 - [STDERR_REDIRECT] [Fatal Error] :1:1: Premature end of file.
2026-04-14 22:53:43,760 [ERROR] LogOutputStream:75 - [STDERR_REDIRECT] 
2026-04-14 22:53:44,649 [ERROR] LogOutputStream:75 - [STDERR_REDIRECT] [Fatal Error] :1:1: Premature end of file.
2026-04-14 22:53:44,649 [ERROR] LogOutputStream:75 - [STDERR_REDIRECT] 
2026-04-14 22:53:45,648 [ERROR] LogOutputStream:75 - [STDERR_REDIRECT] [Fatal Error] :1:1: Premature end of file.
2026-04-14 22:53:45,648 [ERROR] LogOutputStream:75 - [STDERR_REDIRECT] 
2026-04-14 22:53:46,651 [ERROR] LogOutputStream:75 - [STDERR_REDIRECT] [Fatal Error] :1:1: Premature end of file.
2026-04-14 22:53:46,651 [ERROR] LogOutputStream:75 - [STDERR_REDIRECT] 
2026-04-14 22:53:47,667 [ERROR] LogOutputStream:75 - [STDERR_REDIRECT] [Fatal Error] :1:1: Premature end of file.
2026-04-14 22:53:47,667 [ERROR] LogOutputStream:75 - [STDERR_REDIRECT] 
2026-04-14 22:53:48,705 [ERROR] LogOutputStream:75 - [STDERR_REDIRECT] [Fatal Error] :1:1: Premature end of file.
2026-04-14 22:53:48,705 [ERROR] LogOutputStream:75 - [STDERR_REDIRECT] 
2026-04-14 22:53:49,669 [ERROR] LogOutputStream:75 - [STDERR_REDIRECT] [Fatal Error] :1:1: Premature end of file.
2026-04-14 22:53:49,669 [ERROR] LogOutputStream:75 - [STDERR_REDIRECT] 
2026-04-14 22:53:50,690 [ERROR] LogOutputStream:75 - [STDERR_REDIRECT] [Fatal Error] :1:1: Premature end of file.
2026-04-14 22:53:50,690 [ERROR] LogOutputStream:75 - [STDERR_REDIRECT] 
2026-04-14 22:53:51,835 [ERROR] LogOutputStream:75 - [STDERR_REDIRECT] [Fatal Error] :1:1: Premature end of file.
2026-04-14 22:53:51,836 [ERROR] LogOutputStream:75 - [STDERR_REDIRECT] 
2026-04-14 22:53:52,649 [ERROR] LogOutputStream:75 - [STDERR_REDIRECT] [Fatal Error] :1:1: Premature end of file.
2026-04-14 22:53:52,649 [ERROR] LogOutputStream:75 - [STDERR_REDIRECT] 
2026-04-14 22:53:53,649 [ERROR] LogOutputStream:75 - [STDERR_REDIRECT] [Fatal Error] :1:1: Premature end of file.
2026-04-14 22:53:53,650 [ERROR] LogOutputStream:75 - [STDERR_REDIRECT] 
2026-04-14 22:53:54,648 [ERROR] LogOutputStream:75 - [STDERR_REDIRECT] [Fatal Error] :1:1: Premature end of file.
2026-04-14 22:53:54,648 [ERROR] LogOutputStream:75 - [STDERR_REDIRECT] 
2026-04-14 22:53:55,651 [ERROR] LogOutputStream:75 - [STDERR_REDIRECT] [Fatal Error] :1:1: Premature end of file.
2026-04-14 22:53:55,651 [ERROR] LogOutputStream:75 - [STDERR_REDIRECT] 
2026-04-14 22:53:56,645 [ERROR] LogOutputStream:75 - [STDERR_REDIRECT] [Fatal Error] :1:1: Premature end of file.
2026-04-14 22:53:56,645 [ERROR] LogOutputStream:75 - [STDERR_REDIRECT] 
2026-04-14 22:53:57,651 [ERROR] LogOutputStream:75 - [STDERR_REDIRECT] [Fatal Error] :1:1: Premature end of file.
2026-04-14 22:53:57,652 [ERROR] LogOutputStream:75 - [STDERR_REDIRECT] 
2026-04-14 22:53:58,646 [ERROR] LogOutputStream:75 - [STDERR_REDIRECT] [Fatal Error] :1:1: Premature end of file.
2026-04-14 22:53:58,647 [ERROR] LogOutputStream:75 - [STDERR_REDIRECT] 
2026-04-14 22:53:59,649 [ERROR] LogOutputStream:75 - [STDERR_REDIRECT] [Fatal Error] :1:1: Premature end of file.
2026-04-14 22:53:59,650 [ERROR] LogOutputStream:75 - [STDERR_REDIRECT] 
2026-04-14 22:54:00,650 [ERROR] LogOutputStream:75 - [STDERR_REDIRECT] [Fatal Error] :1:1: Premature end of file.
2026-04-14 22:54:00,650 [ERROR] LogOutputStream:75 - [STDERR_REDIRECT] 
2026-04-14 22:54:01,645 [ERROR] LogOutputStream:75 - [STDERR_REDIRECT] [Fatal Error] :1:1: Premature end of file.
2026-04-14 22:54:01,645 [ERROR] LogOutputStream:75 - [STDERR_REDIRECT] 
2026-04-14 22:54:02,661 [ERROR] LogOutputStream:75 - [STDERR_REDIRECT] [Fatal Error] :1:1: Premature end of file.
2026-04-14 22:54:02,663 [ERROR] LogOutputStream:75 - [STDERR_REDIRECT] 
2026-04-14 22:54:03,670 [ERROR] LogOutputStream:75 - [STDERR_REDIRECT] [Fatal Error] :1:1: Premature end of file.
2026-04-14 22:54:03,671 [ERROR] LogOutputStream:75 - [STDERR_REDIRECT] 
2026-04-14 22:54:04,652 [ERROR] LogOutputStream:75 - [STDERR_REDIRECT] [Fatal Error] :1:1: Premature end of file.
2026-04-14 22:54:04,653 [ERROR] LogOutputStream:75 - [STDERR_REDIRECT] 
2026-04-14 22:54:05,645 [ERROR] LogOutputStream:75 - [STDERR_REDIRECT] [Fatal Error] :1:1: Premature end of file.
2026-04-14 22:54:05,646 [ERROR] LogOutputStream:75 - [STDERR_REDIRECT] 
2026-04-14 22:54:06,652 [ERROR] LogOutputStream:75 - [STDERR_REDIRECT] [Fatal Error] :1:1: Premature end of file.
2026-04-14 22:54:06,653 [ERROR] LogOutputStream:75 - [STDERR_REDIRECT] 
2026-04-14 22:54:07,785 [ERROR] LogOutputStream:75 - [STDERR_REDIRECT] [Fatal Error] :1:1: Premature end of file.
2026-04-14 22:54:07,786 [ERROR] LogOutputStream:75 - [STDERR_REDIRECT] 
2026-04-14 22:54:09,047 [ERROR] LogOutputStream:75 - [STDERR_REDIRECT] [Fatal Error] :1:1: Premature end of file.
2026-04-14 22:54:09,048 [ERROR] LogOutputStream:75 - [STDERR_REDIRECT] 
2026-04-14 22:54:09,890 [ERROR] LogOutputStream:75 - [STDERR_REDIRECT] [Fatal Error] :1:1: Premature end of file.
2026-04-14 22:54:09,891 [ERROR] LogOutputStream:75 - [STDERR_REDIRECT] 
2026-04-14 22:54:10,773 [ERROR] LogOutputStream:75 - [STDERR_REDIRECT] [Fatal Error] :1:1: Premature end of file.
2026-04-14 22:54:10,773 [ERROR] LogOutputStream:75 - [STDERR_REDIRECT] 
2026-04-14 22:54:11,750 [ERROR] LogOutputStream:75 - [STDERR_REDIRECT] [Fatal Error] :1:1: Premature end of file.
2026-04-14 22:54:11,750 [ERROR] LogOutputStream:75 - [STDERR_REDIRECT] 
2026-04-14 22:54:13,328 [ERROR] LogOutputStream:75 - [STDERR_REDIRECT] [Fatal Error] :1:1: Premature end of file.
2026-04-14 22:54:13,328 [ERROR] LogOutputStream:75 - [STDERR_REDIRECT] 
2026-04-14 22:54:13,731 [ERROR] LogOutputStream:75 - [STDERR_REDIRECT] [Fatal Error] :1:1: Premature end of file.
2026-04-14 22:54:13,732 [ERROR] LogOutputStream:75 - [STDERR_REDIRECT] 
2026-04-14 22:54:14,765 [ERROR] LogOutputStream:75 - [STDERR_REDIRECT] [Fatal Error] :1:1: Premature end of file.
2026-04-14 22:54:14,766 [ERROR] LogOutputStream:75 - [STDERR_REDIRECT] 
2026-04-14 22:54:15,716 [ERROR] LogOutputStream:75 - [STDERR_REDIRECT] [Fatal Error] :1:1: Premature end of file.
2026-04-14 22:54:15,717 [ERROR] LogOutputStream:75 - [STDERR_REDIRECT] 
2026-04-14 22:54:16,876 [ERROR] LogOutputStream:75 - [STDERR_REDIRECT] [Fatal Error] :1:1: Premature end of file.
2026-04-14 22:54:16,877 [ERROR] LogOutputStream:75 - [STDERR_REDIRECT] 
2026-04-14 22:54:17,730 [ERROR] LogOutputStream:75 - [STDERR_REDIRECT] [Fatal Error] :1:1: Premature end of file.
2026-04-14 22:54:17,731 [ERROR] LogOutputStream:75 - [STDERR_REDIRECT] 
2026-04-14 22:54:18,706 [ERROR] LogOutputStream:75 - [STDERR_REDIRECT] [Fatal Error] :1:1: Premature end of file.
2026-04-14 22:54:18,706 [ERROR] LogOutputStream:75 - [STDERR_REDIRECT] 
2026-04-14 22:54:20,119 [ERROR] LogOutputStream:75 - [STDERR_REDIRECT] [Fatal Error] :1:1: Premature end of file.
2026-04-14 22:54:20,119 [ERROR] LogOutputStream:75 - [STDERR_REDIRECT] 
2026-04-14 22:54:20,965 [ERROR] LogOutputStream:75 - [STDERR_REDIRECT] [Fatal Error] :1:1: Premature end of file.
2026-04-14 22:54:20,966 [ERROR] LogOutputStream:75 - [STDERR_REDIRECT] 
2026-04-14 22:54:21,707 [ERROR] LogOutputStream:75 - [STDERR_REDIRECT] [Fatal Error] :1:1: Premature end of file.
2026-04-14 22:54:21,707 [ERROR] LogOutputStream:75 - [STDERR_REDIRECT] 
2026-04-14 22:54:22,688 [ERROR] LogOutputStream:75 - [STDERR_REDIRECT] [Fatal Error] :1:1: Premature end of file.
2026-04-14 22:54:22,688 [ERROR] LogOutputStream:75 - [STDERR_REDIRECT] 
2026-04-14 22:54:23,780 [ERROR] LogOutputStream:75 - [STDERR_REDIRECT] [Fatal Error] :1:1: Premature end of file.
2026-04-14 22:54:23,780 [ERROR] LogOutputStream:75 - [STDERR_REDIRECT] 
2026-04-14 22:54:24,701 [ERROR] LogOutputStream:75 - [STDERR_REDIRECT] [Fatal Error] :1:1: Premature end of file.
2026-04-14 22:54:24,702 [ERROR] LogOutputStream:75 - [STDERR_REDIRECT] 
2026-04-14 22:54:25,687 [ERROR] LogOutputStream:75 - [STDERR_REDIRECT] [Fatal Error] :1:1: Premature end of file.
2026-04-14 22:54:25,687 [ERROR] LogOutputStream:75 - [STDERR_REDIRECT] 
2026-04-14 22:54:26,683 [ERROR] LogOutputStream:75 - [STDERR_REDIRECT] [Fatal Error] :1:1: Premature end of file.
2026-04-14 22:54:26,683 [ERROR] LogOutputStream:75 - [STDERR_REDIRECT] 
2026-04-14 22:54:27,819 [ERROR] LogOutputStream:75 - [STDERR_REDIRECT] [Fatal Error] :1:1: Premature end of file.
2026-04-14 22:54:27,819 [ERROR] LogOutputStream:75 - [STDERR_REDIRECT] 
2026-04-14 22:54:28,680 [ERROR] LogOutputStream:75 - [STDERR_REDIRECT] [Fatal Error] :1:1: Premature end of file.
2026-04-14 22:54:28,680 [ERROR] LogOutputStream:75 - [STDERR_REDIRECT] 
2026-04-14 22:54:29,699 [ERROR] LogOutputStream:75 - [STDERR_REDIRECT] [Fatal Error] :1:1: Premature end of file.
2026-04-14 22:54:29,699 [ERROR] LogOutputStream:75 - [STDERR_REDIRECT] 
2026-04-14 22:54:30,665 [ERROR] LogOutputStream:75 - [STDERR_REDIRECT] [Fatal Error] :1:1: Premature end of file.
2026-04-14 22:54:30,665 [ERROR] LogOutputStream:75 - [STDERR_REDIRECT] 
2026-04-14 22:54:31,678 [ERROR] LogOutputStream:75 - [STDERR_REDIRECT] [Fatal Error] :1:1: Premature end of file.
2026-04-14 22:54:31,678 [ERROR] LogOutputStream:75 - [STDERR_REDIRECT] 
2026-04-14 22:54:32,668 [ERROR] LogOutputStream:75 - [STDERR_REDIRECT] [Fatal Error] :1:1: Premature end of file.
2026-04-14 22:54:32,668 [ERROR] LogOutputStream:75 - [STDERR_REDIRECT] 
2026-04-14 22:54:33,663 [ERROR] LogOutputStream:75 - [STDERR_REDIRECT] [Fatal Error] :1:1: Premature end of file.
2026-04-14 22:54:33,663 [ERROR] LogOutputStream:75 - [STDERR_REDIRECT] 
2026-04-14 22:54:34,664 [ERROR] LogOutputStream:75 - [STDERR_REDIRECT] [Fatal Error] :1:1: Premature end of file.
2026-04-14 22:54:34,665 [ERROR] LogOutputStream:75 - [STDERR_REDIRECT] 
2026-04-14 22:54:35,722 [ERROR] LogOutputStream:75 - [STDERR_REDIRECT] [Fatal Error] :1:1: Premature end of file.
2026-04-14 22:54:35,722 [ERROR] LogOutputStream:75 - [STDERR_REDIRECT] 
2026-04-14 22:54:36,656 [ERROR] LogOutputStream:75 - [STDERR_REDIRECT] [Fatal Error] :1:1: Premature end of file.
2026-04-14 22:54:36,656 [ERROR] LogOutputStream:75 - [STDERR_REDIRECT] 
2026-04-14 22:54:37,717 [ERROR] LogOutputStream:75 - [STDERR_REDIRECT] [Fatal Error] :1:1: Premature end of file.
2026-04-14 22:54:37,717 [ERROR] LogOutputStream:75 - [STDERR_REDIRECT] 
2026-04-14 22:54:38,675 [ERROR] LogOutputStream:75 - [STDERR_REDIRECT] [Fatal Error] :1:1: Premature end of file.
2026-04-14 22:54:38,675 [ERROR] LogOutputStream:75 - [STDERR_REDIRECT] 
2026-04-14 22:54:39,693 [ERROR] LogOutputStream:75 - [STDERR_REDIRECT] [Fatal Error] :1:1: Premature end of file.
2026-04-14 22:54:39,693 [ERROR] LogOutputStream:75 - [STDERR_REDIRECT] 
2026-04-14 22:54:40,693 [ERROR] LogOutputStream:75 - [STDERR_REDIRECT] [Fatal Error] :1:1: Premature end of file.
2026-04-14 22:54:40,694 [ERROR] LogOutputStream:75 - [STDERR_REDIRECT] 
2026-04-14 22:54:42,134 [ERROR] LogOutputStream:75 - [STDERR_REDIRECT] [Fatal Error] :1:1: Premature end of file.
2026-04-14 22:54:42,134 [ERROR] LogOutputStream:75 - [STDERR_REDIRECT] 
2026-04-14 22:54:42,693 [ERROR] LogOutputStream:75 - [STDERR_REDIRECT] [Fatal Error] :1:1: Premature end of file.
2026-04-14 22:54:42,694 [ERROR] LogOutputStream:75 - [STDERR_REDIRECT] 
2026-04-14 22:54:43,689 [ERROR] LogOutputStream:75 - [STDERR_REDIRECT] [Fatal Error] :1:1: Premature end of file.
2026-04-14 22:54:43,689 [ERROR] LogOutputStream:75 - [STDERR_REDIRECT] 
2026-04-14 22:54:44,705 [ERROR] LogOutputStream:75 - [STDERR_REDIRECT] [Fatal Error] :1:1: Premature end of file.
2026-04-14 22:54:44,705 [ERROR] LogOutputStream:75 - [STDERR_REDIRECT] 
2026-04-14 22:54:46,082 [ERROR] LogOutputStream:75 - [STDERR_REDIRECT] [Fatal Error] :1:1: Premature end of file.
2026-04-14 22:54:46,082 [ERROR] LogOutputStream:75 - [STDERR_REDIRECT] 
2026-04-14 22:54:46,706 [ERROR] LogOutputStream:75 - [STDERR_REDIRECT] [Fatal Error] :1:1: Premature end of file.
2026-04-14 22:54:46,707 [ERROR] LogOutputStream:75 - [STDERR_REDIRECT] 
2026-04-14 22:54:47,728 [ERROR] LogOutputStream:75 - [STDERR_REDIRECT] [Fatal Error] :1:1: Premature end of file.
2026-04-14 22:54:47,728 [ERROR] LogOutputStream:75 - [STDERR_REDIRECT] 
2026-04-14 22:54:48,692 [ERROR] LogOutputStream:75 - [STDERR_REDIRECT] [Fatal Error] :1:1: Premature end of file.
2026-04-14 22:54:48,693 [ERROR] LogOutputStream:75 - [STDERR_REDIRECT] 
2026-04-14 22:54:49,692 [ERROR] LogOutputStream:75 - [STDERR_REDIRECT] [Fatal Error] :1:1: Premature end of file.
2026-04-14 22:54:49,693 [ERROR] LogOutputStream:75 - [STDERR_REDIRECT] 
2026-04-14 22:54:50,701 [ERROR] LogOutputStream:75 - [STDERR_REDIRECT] [Fatal Error] :1:1: Premature end of file.
2026-04-14 22:54:50,702 [ERROR] LogOutputStream:75 - [STDERR_REDIRECT] 
2026-04-14 22:54:52,014 [ERROR] LogOutputStream:75 - [STDERR_REDIRECT] [Fatal Error] :1:1: Premature end of file.
2026-04-14 22:54:52,014 [ERROR] LogOutputStream:75 - [STDERR_REDIRECT] 
2026-04-14 22:54:52,685 [ERROR] LogOutputStream:75 - [STDERR_REDIRECT] [Fatal Error] :1:1: Premature end of file.
2026-04-14 22:54:52,686 [ERROR] LogOutputStream:75 - [STDERR_REDIRECT] 
2026-04-14 22:54:53,697 [ERROR] LogOutputStream:75 - [STDERR_REDIRECT] [Fatal Error] :1:1: Premature end of file.
2026-04-14 22:54:53,697 [ERROR] LogOutputStream:75 - [STDERR_REDIRECT] 
2026-04-14 22:54:54,670 [ERROR] LogOutputStream:75 - [STDERR_REDIRECT] [Fatal Error] :1:1: Premature end of file.
2026-04-14 22:54:54,670 [ERROR] LogOutputStream:75 - [STDERR_REDIRECT] 
2026-04-14 22:54:55,792 [ERROR] LogOutputStream:75 - [STDERR_REDIRECT] [Fatal Error] :1:1: Premature end of file.
2026-04-14 22:54:55,793 [ERROR] LogOutputStream:75 - [STDERR_REDIRECT] 
2026-04-14 22:54:56,750 [ERROR] LogOutputStream:75 - [STDERR_REDIRECT] [Fatal Error] :1:1: Premature end of file.
2026-04-14 22:54:56,751 [ERROR] LogOutputStream:75 - [STDERR_REDIRECT] 
2026-04-14 22:54:57,694 [ERROR] LogOutputStream:75 - [STDERR_REDIRECT] [Fatal Error] :1:1: Premature end of file.
2026-04-14 22:54:57,696 [ERROR] LogOutputStream:75 - [STDERR_REDIRECT] 
2026-04-14 22:54:58,657 [ERROR] LogOutputStream:75 - [STDERR_REDIRECT] [Fatal Error] :1:1: Premature end of file.
2026-04-14 22:54:58,657 [ERROR] LogOutputStream:75 - [STDERR_REDIRECT] 
2026-04-14 22:54:59,652 [ERROR] LogOutputStream:75 - [STDERR_REDIRECT] [Fatal Error] :1:1: Premature end of file.
2026-04-14 22:54:59,652 [ERROR] LogOutputStream:75 - [STDERR_REDIRECT] 
2026-04-14 22:55:00,650 [ERROR] LogOutputStream:75 - [STDERR_REDIRECT] [Fatal Error] :1:1: Premature end of file.
2026-04-14 22:55:00,650 [ERROR] LogOutputStream:75 - [STDERR_REDIRECT] 
2026-04-14 22:55:01,673 [ERROR] LogOutputStream:75 - [STDERR_REDIRECT] [Fatal Error] :1:1: Premature end of file.
2026-04-14 22:55:01,673 [ERROR] LogOutputStream:75 - [STDERR_REDIRECT] 
2026-04-14 22:55:02,674 [ERROR] LogOutputStream:75 - [STDERR_REDIRECT] [Fatal Error] :1:1: Premature end of file.
2026-04-14 22:55:02,675 [ERROR] LogOutputStream:75 - [STDERR_REDIRECT] 
2026-04-14 22:55:03,661 [ERROR] LogOutputStream:75 - [STDERR_REDIRECT] [Fatal Error] :1:1: Premature end of file.
2026-04-14 22:55:03,662 [ERROR] LogOutputStream:75 - [STDERR_REDIRECT] 
2026-04-14 22:55:04,682 [ERROR] LogOutputStream:75 - [STDERR_REDIRECT] [Fatal Error] :1:1: Premature end of file.
2026-04-14 22:55:04,682 [ERROR] LogOutputStream:75 - [STDERR_REDIRECT] 
2026-04-14 22:55:05,660 [ERROR] LogOutputStream:75 - [STDERR_REDIRECT] [Fatal Error] :1:1: Premature end of file.
2026-04-14 22:55:05,660 [ERROR] LogOutputStream:75 - [STDERR_REDIRECT] 
2026-04-14 22:55:06,653 [ERROR] LogOutputStream:75 - [STDERR_REDIRECT] [Fatal Error] :1:1: Premature end of file.
2026-04-14 22:55:06,654 [ERROR] LogOutputStream:75 - [STDERR_REDIRECT] 
2026-04-14 22:55:07,666 [ERROR] LogOutputStream:75 - [STDERR_REDIRECT] [Fatal Error] :1:1: Premature end of file.
2026-04-14 22:55:07,666 [ERROR] LogOutputStream:75 - [STDERR_REDIRECT] 
2026-04-14 22:55:08,664 [ERROR] LogOutputStream:75 - [STDERR_REDIRECT] [Fatal Error] :1:1: Premature end of file.
2026-04-14 22:55:08,665 [ERROR] LogOutputStream:75 - [STDERR_REDIRECT] 
2026-04-14 22:55:09,648 [ERROR] LogOutputStream:75 - [STDERR_REDIRECT] [Fatal Error] :1:1: Premature end of file.
2026-04-14 22:55:09,648 [ERROR] LogOutputStream:75 - [STDERR_REDIRECT] 
2026-04-14 22:55:10,666 [ERROR] LogOutputStream:75 - [STDERR_REDIRECT] [Fatal Error] :1:1: Premature end of file.
2026-04-14 22:55:10,666 [ERROR] LogOutputStream:75 - [STDERR_REDIRECT] 
2026-04-14 22:55:11,644 [ERROR] LogOutputStream:75 - [STDERR_REDIRECT] [Fatal Error] :1:1: Premature end of file.
2026-04-14 22:55:11,644 [ERROR] LogOutputStream:75 - [STDERR_REDIRECT] 
2026-04-14 22:55:12,645 [ERROR] LogOutputStream:75 - [STDERR_REDIRECT] [Fatal Error] :1:1: Premature end of file.
2026-04-14 22:55:12,645 [ERROR] LogOutputStream:75 - [STDERR_REDIRECT] 
2026-04-14 22:55:13,654 [ERROR] LogOutputStream:75 - [STDERR_REDIRECT] [Fatal Error] :1:1: Premature end of file.
2026-04-14 22:55:13,654 [ERROR] LogOutputStream:75 - [STDERR_REDIRECT] 
2026-04-14 22:55:14,651 [ERROR] LogOutputStream:75 - [STDERR_REDIRECT] [Fatal Error] :1:1: Premature end of file.
2026-04-14 22:55:14,651 [ERROR] LogOutputStream:75 - [STDERR_REDIRECT] 
2026-04-14 22:55:15,655 [ERROR] LogOutputStream:75 - [STDERR_REDIRECT] [Fatal Error] :1:1: Premature end of file.
2026-04-14 22:55:15,656 [ERROR] LogOutputStream:75 - [STDERR_REDIRECT] 
2026-04-14 22:55:16,672 [ERROR] LogOutputStream:75 - [STDERR_REDIRECT] [Fatal Error] :1:1: Premature end of file.
2026-04-14 22:55:16,673 [ERROR] LogOutputStream:75 - [STDERR_REDIRECT] 
2026-04-14 22:55:17,671 [ERROR] LogOutputStream:75 - [STDERR_REDIRECT] [Fatal Error] :1:1: Premature end of file.
2026-04-14 22:55:17,671 [ERROR] LogOutputStream:75 - [STDERR_REDIRECT] 
2026-04-14 22:55:18,664 [ERROR] LogOutputStream:75 - [STDERR_REDIRECT] [Fatal Error] :1:1: Premature end of file.
2026-04-14 22:55:18,664 [ERROR] LogOutputStream:75 - [STDERR_REDIRECT] 
2026-04-14 22:55:19,655 [ERROR] LogOutputStream:75 - [STDERR_REDIRECT] [Fatal Error] :1:1: Premature end of file.
2026-04-14 22:55:19,656 [ERROR] LogOutputStream:75 - [STDERR_REDIRECT] 
2026-04-14 22:55:20,656 [ERROR] LogOutputStream:75 - [STDERR_REDIRECT] [Fatal Error] :1:1: Premature end of file.
2026-04-14 22:55:20,657 [ERROR] LogOutputStream:75 - [STDERR_REDIRECT] 
2026-04-14 22:55:21,661 [ERROR] LogOutputStream:75 - [STDERR_REDIRECT] [Fatal Error] :1:1: Premature end of file.
2026-04-14 22:55:21,661 [ERROR] LogOutputStream:75 - [STDERR_REDIRECT] 
2026-04-14 22:55:22,652 [ERROR] LogOutputStream:75 - [STDERR_REDIRECT] [Fatal Error] :1:1: Premature end of file.
2026-04-14 22:55:22,652 [ERROR] LogOutputStream:75 - [STDERR_REDIRECT] 
2026-04-14 22:55:23,651 [ERROR] LogOutputStream:75 - [STDERR_REDIRECT] [Fatal Error] :1:1: Premature end of file.
2026-04-14 22:55:23,651 [ERROR] LogOutputStream:75 - [STDERR_REDIRECT] 
2026-04-14 22:55:24,659 [ERROR] LogOutputStream:75 - [STDERR_REDIRECT] [Fatal Error] :1:1: Premature end of file.
2026-04-14 22:55:24,659 [ERROR] LogOutputStream:75 - [STDERR_REDIRECT] 
2026-04-14 22:55:25,658 [ERROR] LogOutputStream:75 - [STDERR_REDIRECT] [Fatal Error] :1:1: Premature end of file.
2026-04-14 22:55:25,658 [ERROR] LogOutputStream:75 - [STDERR_REDIRECT] 
2026-04-14 22:55:26,669 [ERROR] LogOutputStream:75 - [STDERR_REDIRECT] [Fatal Error] :1:1: Premature end of file.
2026-04-14 22:55:26,669 [ERROR] LogOutputStream:75 - [STDERR_REDIRECT] 
2026-04-14 22:55:27,650 [ERROR] LogOutputStream:75 - [STDERR_REDIRECT] [Fatal Error] :1:1: Premature end of file.
2026-04-14 22:55:27,650 [ERROR] LogOutputStream:75 - [STDERR_REDIRECT] 
2026-04-14 22:55:28,644 [ERROR] LogOutputStream:75 - [STDERR_REDIRECT] [Fatal Error] :1:1: Premature end of file.
2026-04-14 22:55:28,645 [ERROR] LogOutputStream:75 - [STDERR_REDIRECT] 
2026-04-14 22:55:29,646 [ERROR] LogOutputStream:75 - [STDERR_REDIRECT] [Fatal Error] :1:1: Premature end of file.
2026-04-14 22:55:29,647 [ERROR] LogOutputStream:75 - [STDERR_REDIRECT] 
2026-04-14 22:55:30,648 [ERROR] LogOutputStream:75 - [STDERR_REDIRECT] [Fatal Error] :1:1: Premature end of file.
2026-04-14 22:55:30,648 [ERROR] LogOutputStream:75 - [STDERR_REDIRECT] 
2026-04-14 22:55:31,660 [ERROR] LogOutputStream:75 - [STDERR_REDIRECT] [Fatal Error] :1:1: Premature end of file.
2026-04-14 22:55:31,661 [ERROR] LogOutputStream:75 - [STDERR_REDIRECT] 
2026-04-14 22:55:32,645 [ERROR] LogOutputStream:75 - [STDERR_REDIRECT] [Fatal Error] :1:1: Premature end of file.
2026-04-14 22:55:32,646 [ERROR] LogOutputStream:75 - [STDERR_REDIRECT] 
2026-04-14 22:55:33,656 [ERROR] LogOutputStream:75 - [STDERR_REDIRECT] [Fatal Error] :1:1: Premature end of file.
2026-04-14 22:55:33,656 [ERROR] LogOutputStream:75 - [STDERR_REDIRECT] 
2026-04-14 22:55:34,772 [ERROR] LogOutputStream:75 - [STDERR_REDIRECT] [Fatal Error] :1:1: Premature end of file.
2026-04-14 22:55:34,772 [ERROR] LogOutputStream:75 - [STDERR_REDIRECT] 
2026-04-14 22:55:35,673 [ERROR] LogOutputStream:75 - [STDERR_REDIRECT] [Fatal Error] :1:1: Premature end of file.
2026-04-14 22:55:35,674 [ERROR] LogOutputStream:75 - [STDERR_REDIRECT] 
2026-04-14 22:55:36,658 [ERROR] LogOutputStream:75 - [STDERR_REDIRECT] [Fatal Error] :1:1: Premature end of file.
2026-04-14 22:55:36,659 [ERROR] LogOutputStream:75 - [STDERR_REDIRECT] 
2026-04-14 22:55:37,649 [ERROR] LogOutputStream:75 - [STDERR_REDIRECT] [Fatal Error] :1:1: Premature end of file.
2026-04-14 22:55:37,649 [ERROR] LogOutputStream:75 - [STDERR_REDIRECT] 
2026-04-14 22:55:38,649 [ERROR] LogOutputStream:75 - [STDERR_REDIRECT] [Fatal Error] :1:1: Premature end of file.
2026-04-14 22:55:38,649 [ERROR] LogOutputStream:75 - [STDERR_REDIRECT] 
2026-04-14 22:55:39,685 [ERROR] LogOutputStream:75 - [STDERR_REDIRECT] [Fatal Error] :1:1: Premature end of file.
2026-04-14 22:55:39,687 [ERROR] LogOutputStream:75 - [STDERR_REDIRECT] 
2026-04-14 22:55:40,649 [ERROR] LogOutputStream:75 - [STDERR_REDIRECT] [Fatal Error] :1:1: Premature end of file.
2026-04-14 22:55:40,650 [ERROR] LogOutputStream:75 - [STDERR_REDIRECT] 
2026-04-14 22:55:41,652 [ERROR] LogOutputStream:75 - [STDERR_REDIRECT] [Fatal Error] :1:1: Premature end of file.
2026-04-14 22:55:41,652 [ERROR] LogOutputStream:75 - [STDERR_REDIRECT] 
2026-04-14 22:55:42,666 [ERROR] LogOutputStream:75 - [STDERR_REDIRECT] [Fatal Error] :1:1: Premature end of file.
2026-04-14 22:55:42,666 [ERROR] LogOutputStream:75 - [STDERR_REDIRECT] 
2026-04-14 22:55:43,650 [ERROR] LogOutputStream:75 - [STDERR_REDIRECT] [Fatal Error] :1:1: Premature end of file.
2026-04-14 22:55:43,650 [ERROR] LogOutputStream:75 - [STDERR_REDIRECT] 
2026-04-14 22:55:44,660 [ERROR] LogOutputStream:75 - [STDERR_REDIRECT] [Fatal Error] :1:1: Premature end of file.
2026-04-14 22:55:44,660 [ERROR] LogOutputStream:75 - [STDERR_REDIRECT] 
2026-04-14 22:55:45,664 [ERROR] LogOutputStream:75 - [STDERR_REDIRECT] [Fatal Error] :1:1: Premature end of file.
2026-04-14 22:55:45,664 [ERROR] LogOutputStream:75 - [STDERR_REDIRECT] 
2026-04-14 22:55:46,656 [ERROR] LogOutputStream:75 - [STDERR_REDIRECT] [Fatal Error] :1:1: Premature end of file.
2026-04-14 22:55:46,657 [ERROR] LogOutputStream:75 - [STDERR_REDIRECT] 
2026-04-14 22:55:47,660 [ERROR] LogOutputStream:75 - [STDERR_REDIRECT] [Fatal Error] :1:1: Premature end of file.
2026-04-14 22:55:47,660 [ERROR] LogOutputStream:75 - [STDERR_REDIRECT] 
2026-04-14 22:55:48,664 [ERROR] LogOutputStream:75 - [STDERR_REDIRECT] [Fatal Error] :1:1: Premature end of file.
2026-04-14 22:55:48,664 [ERROR] LogOutputStream:75 - [STDERR_REDIRECT] 
2026-04-14 22:55:49,657 [ERROR] LogOutputStream:75 - [STDERR_REDIRECT] [Fatal Error] :1:1: Premature end of file.
2026-04-14 22:55:49,657 [ERROR] LogOutputStream:75 - [STDERR_REDIRECT] 
2026-04-14 22:55:50,650 [ERROR] LogOutputStream:75 - [STDERR_REDIRECT] [Fatal Error] :1:1: Premature end of file.
2026-04-14 22:55:50,651 [ERROR] LogOutputStream:75 - [STDERR_REDIRECT] 
2026-04-14 22:55:51,655 [ERROR] LogOutputStream:75 - [STDERR_REDIRECT] [Fatal Error] :1:1: Premature end of file.
2026-04-14 22:55:51,655 [ERROR] LogOutputStream:75 - [STDERR_REDIRECT] 
2026-04-14 22:55:52,647 [ERROR] LogOutputStream:75 - [STDERR_REDIRECT] [Fatal Error] :1:1: Premature end of file.
2026-04-14 22:55:52,647 [ERROR] LogOutputStream:75 - [STDERR_REDIRECT] 
2026-04-14 22:55:53,655 [ERROR] LogOutputStream:75 - [STDERR_REDIRECT] [Fatal Error] :1:1: Premature end of file.
2026-04-14 22:55:53,655 [ERROR] LogOutputStream:75 - [STDERR_REDIRECT] 
2026-04-14 22:55:54,659 [ERROR] LogOutputStream:75 - [STDERR_REDIRECT] [Fatal Error] :1:1: Premature end of file.
2026-04-14 22:55:54,659 [ERROR] LogOutputStream:75 - [STDERR_REDIRECT] 
2026-04-14 22:55:55,650 [ERROR] LogOutputStream:75 - [STDERR_REDIRECT] [Fatal Error] :1:1: Premature end of file.
2026-04-14 22:55:55,651 [ERROR] LogOutputStream:75 - [STDERR_REDIRECT] 
2026-04-14 22:55:56,651 [ERROR] LogOutputStream:75 - [STDERR_REDIRECT] [Fatal Error] :1:1: Premature end of file.
2026-04-14 22:55:56,651 [ERROR] LogOutputStream:75 - [STDERR_REDIRECT] 
2026-04-14 22:55:57,650 [ERROR] LogOutputStream:75 - [STDERR_REDIRECT] [Fatal Error] :1:1: Premature end of file.
2026-04-14 22:55:57,650 [ERROR] LogOutputStream:75 - [STDERR_REDIRECT] 
2026-04-14 22:55:58,651 [ERROR] LogOutputStream:75 - [STDERR_REDIRECT] [Fatal Error] :1:1: Premature end of file.
2026-04-14 22:55:58,652 [ERROR] LogOutputStream:75 - [STDERR_REDIRECT] 
2026-04-14 22:55:59,654 [ERROR] LogOutputStream:75 - [STDERR_REDIRECT] [Fatal Error] :1:1: Premature end of file.
2026-04-14 22:55:59,654 [ERROR] LogOutputStream:75 - [STDERR_REDIRECT] 
2026-04-14 22:56:00,684 [ERROR] LogOutputStream:75 - [STDERR_REDIRECT] [Fatal Error] :1:1: Premature end of file.
2026-04-14 22:56:00,685 [ERROR] LogOutputStream:75 - [STDERR_REDIRECT] 
2026-04-14 22:56:01,655 [ERROR] LogOutputStream:75 - [STDERR_REDIRECT] [Fatal Error] :1:1: Premature end of file.
2026-04-14 22:56:01,656 [ERROR] LogOutputStream:75 - [STDERR_REDIRECT] 
2026-04-14 22:56:02,649 [ERROR] LogOutputStream:75 - [STDERR_REDIRECT] [Fatal Error] :1:1: Premature end of file.
2026-04-14 22:56:02,650 [ERROR] LogOutputStream:75 - [STDERR_REDIRECT] 
2026-04-14 22:56:03,652 [ERROR] LogOutputStream:75 - [STDERR_REDIRECT] [Fatal Error] :1:1: Premature end of file.
2026-04-14 22:56:03,652 [ERROR] LogOutputStream:75 - [STDERR_REDIRECT] 
2026-04-14 22:56:04,660 [ERROR] LogOutputStream:75 - [STDERR_REDIRECT] [Fatal Error] :1:1: Premature end of file.
2026-04-14 22:56:04,660 [ERROR] LogOutputStream:75 - [STDERR_REDIRECT] 
2026-04-14 22:56:05,658 [ERROR] LogOutputStream:75 - [STDERR_REDIRECT] [Fatal Error] :1:1: Premature end of file.
2026-04-14 22:56:05,658 [ERROR] LogOutputStream:75 - [STDERR_REDIRECT] 
2026-04-14 22:56:06,648 [ERROR] LogOutputStream:75 - [STDERR_REDIRECT] [Fatal Error] :1:1: Premature end of file.
2026-04-14 22:56:06,648 [ERROR] LogOutputStream:75 - [STDERR_REDIRECT] 
2026-04-14 22:56:07,689 [ERROR] LogOutputStream:75 - [STDERR_REDIRECT] [Fatal Error] :1:1: Premature end of file.
2026-04-14 22:56:07,689 [ERROR] LogOutputStream:75 - [STDERR_REDIRECT] 
2026-04-14 22:56:08,652 [ERROR] LogOutputStream:75 - [STDERR_REDIRECT] [Fatal Error] :1:1: Premature end of file.
2026-04-14 22:56:08,652 [ERROR] LogOutputStream:75 - [STDERR_REDIRECT] 
2026-04-14 22:56:09,650 [ERROR] LogOutputStream:75 - [STDERR_REDIRECT] [Fatal Error] :1:1: Premature end of file.
2026-04-14 22:56:09,651 [ERROR] LogOutputStream:75 - [STDERR_REDIRECT] 
2026-04-14 22:56:10,646 [ERROR] LogOutputStream:75 - [STDERR_REDIRECT] [Fatal Error] :1:1: Premature end of file.
2026-04-14 22:56:10,646 [ERROR] LogOutputStream:75 - [STDERR_REDIRECT] 
2026-04-14 22:56:11,648 [ERROR] LogOutputStream:75 - [STDERR_REDIRECT] [Fatal Error] :1:1: Premature end of file.
2026-04-14 22:56:11,648 [ERROR] LogOutputStream:75 - [STDERR_REDIRECT] 
2026-04-14 22:56:12,661 [ERROR] LogOutputStream:75 - [STDERR_REDIRECT] [Fatal Error] :1:1: Premature end of file.
2026-04-14 22:56:12,662 [ERROR] LogOutputStream:75 - [STDERR_REDIRECT] 
2026-04-14 22:56:13,650 [ERROR] LogOutputStream:75 - [STDERR_REDIRECT] [Fatal Error] :1:1: Premature end of file.
2026-04-14 22:56:13,651 [ERROR] LogOutputStream:75 - [STDERR_REDIRECT] 
2026-04-14 22:56:14,666 [ERROR] LogOutputStream:75 - [STDERR_REDIRECT] [Fatal Error] :1:1: Premature end of file.
2026-04-14 22:56:14,666 [ERROR] LogOutputStream:75 - [STDERR_REDIRECT] 
2026-04-14 22:56:15,651 [ERROR] LogOutputStream:75 - [STDERR_REDIRECT] [Fatal Error] :1:1: Premature end of file.
2026-04-14 22:56:15,651 [ERROR] LogOutputStream:75 - [STDERR_REDIRECT] 
2026-04-14 22:56:16,650 [ERROR] LogOutputStream:75 - [STDERR_REDIRECT] [Fatal Error] :1:1: Premature end of file.
2026-04-14 22:56:16,650 [ERROR] LogOutputStream:75 - [STDERR_REDIRECT] 
2026-04-14 22:56:17,653 [ERROR] LogOutputStream:75 - [STDERR_REDIRECT] [Fatal Error] :1:1: Premature end of file.
2026-04-14 22:56:17,653 [ERROR] LogOutputStream:75 - [STDERR_REDIRECT] 
2026-04-14 22:56:18,650 [ERROR] LogOutputStream:75 - [STDERR_REDIRECT] [Fatal Error] :1:1: Premature end of file.
2026-04-14 22:56:18,650 [ERROR] LogOutputStream:75 - [STDERR_REDIRECT] 
2026-04-14 22:56:19,655 [ERROR] LogOutputStream:75 - [STDERR_REDIRECT] [Fatal Error] :1:1: Premature end of file.
2026-04-14 22:56:19,656 [ERROR] LogOutputStream:75 - [STDERR_REDIRECT] 
2026-04-14 22:56:20,646 [ERROR] LogOutputStream:75 - [STDERR_REDIRECT] [Fatal Error] :1:1: Premature end of file.
2026-04-14 22:56:20,646 [ERROR] LogOutputStream:75 - [STDERR_REDIRECT] 
2026-04-14 22:56:21,651 [ERROR] LogOutputStream:75 - [STDERR_REDIRECT] [Fatal Error] :1:1: Premature end of file.
2026-04-14 22:56:21,651 [ERROR] LogOutputStream:75 - [STDERR_REDIRECT] 
2026-04-14 22:56:22,650 [ERROR] LogOutputStream:75 - [STDERR_REDIRECT] [Fatal Error] :1:1: Premature end of file.
2026-04-14 22:56:22,650 [ERROR] LogOutputStream:75 - [STDERR_REDIRECT] 
2026-04-14 22:56:23,656 [ERROR] LogOutputStream:75 - [STDERR_REDIRECT] [Fatal Error] :1:1: Premature end of file.
2026-04-14 22:56:23,657 [ERROR] LogOutputStream:75 - [STDERR_REDIRECT] 
2026-04-14 22:56:24,650 [ERROR] LogOutputStream:75 - [STDERR_REDIRECT] [Fatal Error] :1:1: Premature end of file.
2026-04-14 22:56:24,650 [ERROR] LogOutputStream:75 - [STDERR_REDIRECT] 
2026-04-14 22:56:25,648 [ERROR] LogOutputStream:75 - [STDERR_REDIRECT] [Fatal Error] :1:1: Premature end of file.
2026-04-14 22:56:25,649 [ERROR] LogOutputStream:75 - [STDERR_REDIRECT] 
2026-04-14 22:56:26,647 [ERROR] LogOutputStream:75 - [STDERR_REDIRECT] [Fatal Error] :1:1: Premature end of file.
2026-04-14 22:56:26,647 [ERROR] LogOutputStream:75 - [STDERR_REDIRECT] 
2026-04-14 22:56:27,672 [ERROR] LogOutputStream:75 - [STDERR_REDIRECT] [Fatal Error] :1:1: Premature end of file.
2026-04-14 22:56:27,672 [ERROR] LogOutputStream:75 - [STDERR_REDIRECT] 
2026-04-14 22:56:28,661 [ERROR] LogOutputStream:75 - [STDERR_REDIRECT] [Fatal Error] :1:1: Premature end of file.
2026-04-14 22:56:28,662 [ERROR] LogOutputStream:75 - [STDERR_REDIRECT] 
2026-04-14 22:56:29,654 [ERROR] LogOutputStream:75 - [STDERR_REDIRECT] [Fatal Error] :1:1: Premature end of file.
2026-04-14 22:56:29,654 [ERROR] LogOutputStream:75 - [STDERR_REDIRECT] 
2026-04-14 22:56:30,691 [ERROR] LogOutputStream:75 - [STDERR_REDIRECT] [Fatal Error] :1:1: Premature end of file.
2026-04-14 22:56:30,691 [ERROR] LogOutputStream:75 - [STDERR_REDIRECT] 
2026-04-14 22:56:31,650 [ERROR] LogOutputStream:75 - [STDERR_REDIRECT] [Fatal Error] :1:1: Premature end of file.
2026-04-14 22:56:31,651 [ERROR] LogOutputStream:75 - [STDERR_REDIRECT] 
2026-04-14 22:56:32,653 [ERROR] LogOutputStream:75 - [STDERR_REDIRECT] [Fatal Error] :1:1: Premature end of file.
2026-04-14 22:56:32,654 [ERROR] LogOutputStream:75 - [STDERR_REDIRECT] 
2026-04-14 22:56:33,651 [ERROR] LogOutputStream:75 - [STDERR_REDIRECT] [Fatal Error] :1:1: Premature end of file.
2026-04-14 22:56:33,651 [ERROR] LogOutputStream:75 - [STDERR_REDIRECT] 
2026-04-14 22:56:34,650 [ERROR] LogOutputStream:75 - [STDERR_REDIRECT] [Fatal Error] :1:1: Premature end of file.
2026-04-14 22:56:34,650 [ERROR] LogOutputStream:75 - [STDERR_REDIRECT] 
2026-04-14 22:56:35,657 [ERROR] LogOutputStream:75 - [STDERR_REDIRECT] [Fatal Error] :1:1: Premature end of file.
2026-04-14 22:56:35,657 [ERROR] LogOutputStream:75 - [STDERR_REDIRECT] 
2026-04-14 22:56:36,650 [ERROR] LogOutputStream:75 - [STDERR_REDIRECT] [Fatal Error] :1:1: Premature end of file.
2026-04-14 22:56:36,650 [ERROR] LogOutputStream:75 - [STDERR_REDIRECT] 
2026-04-14 22:56:37,649 [ERROR] LogOutputStream:75 - [STDERR_REDIRECT] [Fatal Error] :1:1: Premature end of file.
2026-04-14 22:56:37,649 [ERROR] LogOutputStream:75 - [STDERR_REDIRECT] 
2026-04-14 22:56:38,648 [ERROR] LogOutputStream:75 - [STDERR_REDIRECT] [Fatal Error] :1:1: Premature end of file.
2026-04-14 22:56:38,648 [ERROR] LogOutputStream:75 - [STDERR_REDIRECT] 
2026-04-14 22:56:39,651 [ERROR] LogOutputStream:75 - [STDERR_REDIRECT] [Fatal Error] :1:1: Premature end of file.
2026-04-14 22:56:39,651 [ERROR] LogOutputStream:75 - [STDERR_REDIRECT] 
2026-04-14 22:56:40,650 [ERROR] LogOutputStream:75 - [STDERR_REDIRECT] [Fatal Error] :1:1: Premature end of file.
2026-04-14 22:56:40,651 [ERROR] LogOutputStream:75 - [STDERR_REDIRECT] 
2026-04-14 22:56:41,650 [ERROR] LogOutputStream:75 - [STDERR_REDIRECT] [Fatal Error] :1:1: Premature end of file.
2026-04-14 22:56:41,650 [ERROR] LogOutputStream:75 - [STDERR_REDIRECT] 
2026-04-14 22:56:42,649 [ERROR] LogOutputStream:75 - [STDERR_REDIRECT] [Fatal Error] :1:1: Premature end of file.
2026-04-14 22:56:42,649 [ERROR] LogOutputStream:75 - [STDERR_REDIRECT] 
2026-04-14 22:56:43,649 [ERROR] LogOutputStream:75 - [STDERR_REDIRECT] [Fatal Error] :1:1: Premature end of file.
2026-04-14 22:56:43,649 [ERROR] LogOutputStream:75 - [STDERR_REDIRECT] 
2026-04-14 22:56:44,649 [ERROR] LogOutputStream:75 - [STDERR_REDIRECT] [Fatal Error] :1:1: Premature end of file.
2026-04-14 22:56:44,649 [ERROR] LogOutputStream:75 - [STDERR_REDIRECT] 
2026-04-14 22:56:45,651 [ERROR] LogOutputStream:75 - [STDERR_REDIRECT] [Fatal Error] :1:1: Premature end of file.
2026-04-14 22:56:45,651 [ERROR] LogOutputStream:75 - [STDERR_REDIRECT] 
2026-04-14 22:56:46,665 [ERROR] LogOutputStream:75 - [STDERR_REDIRECT] [Fatal Error] :1:1: Premature end of file.
2026-04-14 22:56:46,666 [ERROR] LogOutputStream:75 - [STDERR_REDIRECT] 
2026-04-14 22:56:47,665 [ERROR] LogOutputStream:75 - [STDERR_REDIRECT] [Fatal Error] :1:1: Premature end of file.
2026-04-14 22:56:47,665 [ERROR] LogOutputStream:75 - [STDERR_REDIRECT] 
2026-04-14 22:56:48,649 [ERROR] LogOutputStream:75 - [STDERR_REDIRECT] [Fatal Error] :1:1: Premature end of file.
2026-04-14 22:56:48,649 [ERROR] LogOutputStream:75 - [STDERR_REDIRECT] 
2026-04-14 22:56:49,653 [ERROR] LogOutputStream:75 - [STDERR_REDIRECT] [Fatal Error] :1:1: Premature end of file.
2026-04-14 22:56:49,653 [ERROR] LogOutputStream:75 - [STDERR_REDIRECT] 
2026-04-14 22:56:50,648 [ERROR] LogOutputStream:75 - [STDERR_REDIRECT] [Fatal Error] :1:1: Premature end of file.
2026-04-14 22:56:50,649 [ERROR] LogOutputStream:75 - [STDERR_REDIRECT] 
2026-04-14 22:56:51,650 [ERROR] LogOutputStream:75 - [STDERR_REDIRECT] [Fatal Error] :1:1: Premature end of file.
2026-04-14 22:56:51,650 [ERROR] LogOutputStream:75 - [STDERR_REDIRECT] 
2026-04-14 22:56:52,651 [ERROR] LogOutputStream:75 - [STDERR_REDIRECT] [Fatal Error] :1:1: Premature end of file.
2026-04-14 22:56:52,652 [ERROR] LogOutputStream:75 - [STDERR_REDIRECT] 
2026-04-14 22:56:53,690 [ERROR] LogOutputStream:75 - [STDERR_REDIRECT] [Fatal Error] :1:1: Premature end of file.
2026-04-14 22:56:53,690 [ERROR] LogOutputStream:75 - [STDERR_REDIRECT] 
2026-04-14 22:56:54,651 [ERROR] LogOutputStream:75 - [STDERR_REDIRECT] [Fatal Error] :1:1: Premature end of file.
2026-04-14 22:56:54,651 [ERROR] LogOutputStream:75 - [STDERR_REDIRECT] 
2026-04-14 22:56:55,649 [ERROR] LogOutputStream:75 - [STDERR_REDIRECT] [Fatal Error] :1:1: Premature end of file.
2026-04-14 22:56:55,650 [ERROR] LogOutputStream:75 - [STDERR_REDIRECT] 
2026-04-14 22:56:56,651 [ERROR] LogOutputStream:75 - [STDERR_REDIRECT] [Fatal Error] :1:1: Premature end of file.
2026-04-14 22:56:56,652 [ERROR] LogOutputStream:75 - [STDERR_REDIRECT] 
2026-04-14 22:56:57,657 [ERROR] LogOutputStream:75 - [STDERR_REDIRECT] [Fatal Error] :1:1: Premature end of file.
2026-04-14 22:56:57,657 [ERROR] LogOutputStream:75 - [STDERR_REDIRECT] 
2026-04-14 22:56:58,651 [ERROR] LogOutputStream:75 - [STDERR_REDIRECT] [Fatal Error] :1:1: Premature end of file.
2026-04-14 22:56:58,651 [ERROR] LogOutputStream:75 - [STDERR_REDIRECT] 
2026-04-14 22:56:59,661 [ERROR] LogOutputStream:75 - [STDERR_REDIRECT] [Fatal Error] :1:1: Premature end of file.
2026-04-14 22:56:59,661 [ERROR] LogOutputStream:75 - [STDERR_REDIRECT] 
2026-04-14 22:57:00,702 [ERROR] LogOutputStream:75 - [STDERR_REDIRECT] [Fatal Error] :1:1: Premature end of file.
2026-04-14 22:57:00,702 [ERROR] LogOutputStream:75 - [STDERR_REDIRECT] 
2026-04-14 22:57:01,650 [ERROR] LogOutputStream:75 - [STDERR_REDIRECT] [Fatal Error] :1:1: Premature end of file.
2026-04-14 22:57:01,651 [ERROR] LogOutputStream:75 - [STDERR_REDIRECT] 
2026-04-14 22:57:02,649 [ERROR] LogOutputStream:75 - [STDERR_REDIRECT] [Fatal Error] :1:1: Premature end of file.
2026-04-14 22:57:02,650 [ERROR] LogOutputStream:75 - [STDERR_REDIRECT] 
2026-04-14 22:57:03,670 [ERROR] LogOutputStream:75 - [STDERR_REDIRECT] [Fatal Error] :1:1: Premature end of file.
2026-04-14 22:57:03,671 [ERROR] LogOutputStream:75 - [STDERR_REDIRECT] 
2026-04-14 22:57:04,647 [ERROR] LogOutputStream:75 - [STDERR_REDIRECT] [Fatal Error] :1:1: Premature end of file.
2026-04-14 22:57:04,647 [ERROR] LogOutputStream:75 - [STDERR_REDIRECT] 
2026-04-14 22:57:05,648 [ERROR] LogOutputStream:75 - [STDERR_REDIRECT] [Fatal Error] :1:1: Premature end of file.
2026-04-14 22:57:05,648 [ERROR] LogOutputStream:75 - [STDERR_REDIRECT] 
2026-04-14 22:57:06,647 [ERROR] LogOutputStream:75 - [STDERR_REDIRECT] [Fatal Error] :1:1: Premature end of file.
2026-04-14 22:57:06,647 [ERROR] LogOutputStream:75 - [STDERR_REDIRECT] 
2026-04-14 22:57:07,662 [ERROR] LogOutputStream:75 - [STDERR_REDIRECT] [Fatal Error] :1:1: Premature end of file.
2026-04-14 22:57:07,663 [ERROR] LogOutputStream:75 - [STDERR_REDIRECT] 
2026-04-14 22:57:08,654 [ERROR] LogOutputStream:75 - [STDERR_REDIRECT] [Fatal Error] :1:1: Premature end of file.
2026-04-14 22:57:08,654 [ERROR] LogOutputStream:75 - [STDERR_REDIRECT] 
2026-04-14 22:57:09,647 [ERROR] LogOutputStream:75 - [STDERR_REDIRECT] [Fatal Error] :1:1: Premature end of file.
2026-04-14 22:57:09,648 [ERROR] LogOutputStream:75 - [STDERR_REDIRECT] 
2026-04-14 22:57:10,650 [ERROR] LogOutputStream:75 - [STDERR_REDIRECT] [Fatal Error] :1:1: Premature end of file.
2026-04-14 22:57:10,651 [ERROR] LogOutputStream:75 - [STDERR_REDIRECT] 
2026-04-14 22:57:11,659 [ERROR] LogOutputStream:75 - [STDERR_REDIRECT] [Fatal Error] :1:1: Premature end of file.
2026-04-14 22:57:11,659 [ERROR] LogOutputStream:75 - [STDERR_REDIRECT] 
2026-04-14 22:57:12,650 [ERROR] LogOutputStream:75 - [STDERR_REDIRECT] [Fatal Error] :1:1: Premature end of file.
2026-04-14 22:57:12,650 [ERROR] LogOutputStream:75 - [STDERR_REDIRECT] 
2026-04-14 22:57:13,651 [ERROR] LogOutputStream:75 - [STDERR_REDIRECT] [Fatal Error] :1:1: Premature end of file.
2026-04-14 22:57:13,651 [ERROR] LogOutputStream:75 - [STDERR_REDIRECT] 
2026-04-14 22:57:14,656 [ERROR] LogOutputStream:75 - [STDERR_REDIRECT] [Fatal Error] :1:1: Premature end of file.
2026-04-14 22:57:14,656 [ERROR] LogOutputStream:75 - [STDERR_REDIRECT] 
2026-04-14 22:57:15,646 [ERROR] LogOutputStream:75 - [STDERR_REDIRECT] [Fatal Error] :1:1: Premature end of file.
2026-04-14 22:57:15,647 [ERROR] LogOutputStream:75 - [STDERR_REDIRECT] 
2026-04-14 22:57:16,652 [ERROR] LogOutputStream:75 - [STDERR_REDIRECT] [Fatal Error] :1:1: Premature end of file.
2026-04-14 22:57:16,652 [ERROR] LogOutputStream:75 - [STDERR_REDIRECT] 
2026-04-14 22:57:17,653 [ERROR] LogOutputStream:75 - [STDERR_REDIRECT] [Fatal Error] :1:1: Premature end of file.
2026-04-14 22:57:17,653 [ERROR] LogOutputStream:75 - [STDERR_REDIRECT] 
2026-04-14 22:57:18,651 [ERROR] LogOutputStream:75 - [STDERR_REDIRECT] [Fatal Error] :1:1: Premature end of file.
2026-04-14 22:57:18,651 [ERROR] LogOutputStream:75 - [STDERR_REDIRECT] 
2026-04-14 22:57:19,650 [ERROR] LogOutputStream:75 - [STDERR_REDIRECT] [Fatal Error] :1:1: Premature end of file.
2026-04-14 22:57:19,651 [ERROR] LogOutputStream:75 - [STDERR_REDIRECT] 
2026-04-14 22:57:20,655 [ERROR] LogOutputStream:75 - [STDERR_REDIRECT] [Fatal Error] :1:1: Premature end of file.
2026-04-14 22:57:20,656 [ERROR] LogOutputStream:75 - [STDERR_REDIRECT] 
2026-04-14 22:57:21,648 [ERROR] LogOutputStream:75 - [STDERR_REDIRECT] [Fatal Error] :1:1: Premature end of file.
2026-04-14 22:57:21,649 [ERROR] LogOutputStream:75 - [STDERR_REDIRECT] 
2026-04-14 22:57:22,648 [ERROR] LogOutputStream:75 - [STDERR_REDIRECT] [Fatal Error] :1:1: Premature end of file.
2026-04-14 22:57:22,649 [ERROR] LogOutputStream:75 - [STDERR_REDIRECT] 
2026-04-14 22:57:23,650 [ERROR] LogOutputStream:75 - [STDERR_REDIRECT] [Fatal Error] :1:1: Premature end of file.
2026-04-14 22:57:23,650 [ERROR] LogOutputStream:75 - [STDERR_REDIRECT] 
2026-04-14 22:57:24,646 [ERROR] LogOutputStream:75 - [STDERR_REDIRECT] [Fatal Error] :1:1: Premature end of file.
2026-04-14 22:57:24,646 [ERROR] LogOutputStream:75 - [STDERR_REDIRECT] 
2026-04-14 22:57:25,647 [ERROR] LogOutputStream:75 - [STDERR_REDIRECT] [Fatal Error] :1:1: Premature end of file.
2026-04-14 22:57:25,647 [ERROR] LogOutputStream:75 - [STDERR_REDIRECT] 
2026-04-14 22:57:26,666 [ERROR] LogOutputStream:75 - [STDERR_REDIRECT] [Fatal Error] :1:1: Premature end of file.
2026-04-14 22:57:26,666 [ERROR] LogOutputStream:75 - [STDERR_REDIRECT] 
2026-04-14 22:57:27,654 [ERROR] LogOutputStream:75 - [STDERR_REDIRECT] [Fatal Error] :1:1: Premature end of file.
2026-04-14 22:57:27,654 [ERROR] LogOutputStream:75 - [STDERR_REDIRECT] 
2026-04-14 22:57:28,650 [ERROR] LogOutputStream:75 - [STDERR_REDIRECT] [Fatal Error] :1:1: Premature end of file.
2026-04-14 22:57:28,651 [ERROR] LogOutputStream:75 - [STDERR_REDIRECT] 
2026-04-14 22:57:29,652 [ERROR] LogOutputStream:75 - [STDERR_REDIRECT] [Fatal Error] :1:1: Premature end of file.
2026-04-14 22:57:29,652 [ERROR] LogOutputStream:75 - [STDERR_REDIRECT] 
2026-04-14 22:57:30,655 [ERROR] LogOutputStream:75 - [STDERR_REDIRECT] [Fatal Error] :1:1: Premature end of file.
2026-04-14 22:57:30,655 [ERROR] LogOutputStream:75 - [STDERR_REDIRECT] 
2026-04-14 22:57:31,651 [ERROR] LogOutputStream:75 - [STDERR_REDIRECT] [Fatal Error] :1:1: Premature end of file.
2026-04-14 22:57:31,652 [ERROR] LogOutputStream:75 - [STDERR_REDIRECT] 
2026-04-14 22:57:32,712 [ERROR] LogOutputStream:75 - [STDERR_REDIRECT] [Fatal Error] :1:1: Premature end of file.
2026-04-14 22:57:32,712 [ERROR] LogOutputStream:75 - [STDERR_REDIRECT] 
2026-04-14 22:57:33,649 [ERROR] LogOutputStream:75 - [STDERR_REDIRECT] [Fatal Error] :1:1: Premature end of file.
2026-04-14 22:57:33,650 [ERROR] LogOutputStream:75 - [STDERR_REDIRECT] 
2026-04-14 22:57:34,653 [ERROR] LogOutputStream:75 - [STDERR_REDIRECT] [Fatal Error] :1:1: Premature end of file.
2026-04-14 22:57:34,654 [ERROR] LogOutputStream:75 - [STDERR_REDIRECT] 
2026-04-14 22:57:35,651 [ERROR] LogOutputStream:75 - [STDERR_REDIRECT] [Fatal Error] :1:1: Premature end of file.
2026-04-14 22:57:35,652 [ERROR] LogOutputStream:75 - [STDERR_REDIRECT] 
2026-04-14 22:57:36,653 [ERROR] LogOutputStream:75 - [STDERR_REDIRECT] [Fatal Error] :1:1: Premature end of file.
2026-04-14 22:57:36,653 [ERROR] LogOutputStream:75 - [STDERR_REDIRECT] 
2026-04-14 22:57:37,652 [ERROR] LogOutputStream:75 - [STDERR_REDIRECT] [Fatal Error] :1:1: Premature end of file.
2026-04-14 22:57:37,652 [ERROR] LogOutputStream:75 - [STDERR_REDIRECT] 
2026-04-14 22:57:38,650 [ERROR] LogOutputStream:75 - [STDERR_REDIRECT] [Fatal Error] :1:1: Premature end of file.
2026-04-14 22:57:38,650 [ERROR] LogOutputStream:75 - [STDERR_REDIRECT] 
2026-04-14 22:57:39,649 [ERROR] LogOutputStream:75 - [STDERR_REDIRECT] [Fatal Error] :1:1: Premature end of file.
2026-04-14 22:57:39,650 [ERROR] LogOutputStream:75 - [STDERR_REDIRECT] 
2026-04-14 22:57:40,652 [ERROR] LogOutputStream:75 - [STDERR_REDIRECT] [Fatal Error] :1:1: Premature end of file.
2026-04-14 22:57:40,652 [ERROR] LogOutputStream:75 - [STDERR_REDIRECT] 
2026-04-14 22:57:41,650 [ERROR] LogOutputStream:75 - [STDERR_REDIRECT] [Fatal Error] :1:1: Premature end of file.
2026-04-14 22:57:41,651 [ERROR] LogOutputStream:75 - [STDERR_REDIRECT] 
2026-04-14 22:57:42,653 [ERROR] LogOutputStream:75 - [STDERR_REDIRECT] [Fatal Error] :1:1: Premature end of file.
2026-04-14 22:57:42,653 [ERROR] LogOutputStream:75 - [STDERR_REDIRECT] 
2026-04-14 22:57:43,699 [ERROR] LogOutputStream:75 - [STDERR_REDIRECT] [Fatal Error] :1:1: Premature end of file.
2026-04-14 22:57:43,699 [ERROR] LogOutputStream:75 - [STDERR_REDIRECT] 
2026-04-14 22:57:44,647 [ERROR] LogOutputStream:75 - [STDERR_REDIRECT] [Fatal Error] :1:1: Premature end of file.
2026-04-14 22:57:44,648 [ERROR] LogOutputStream:75 - [STDERR_REDIRECT] 
2026-04-14 22:57:45,647 [ERROR] LogOutputStream:75 - [STDERR_REDIRECT] [Fatal Error] :1:1: Premature end of file.
2026-04-14 22:57:45,647 [ERROR] LogOutputStream:75 - [STDERR_REDIRECT] 
2026-04-14 22:57:46,646 [ERROR] LogOutputStream:75 - [STDERR_REDIRECT] [Fatal Error] :1:1: Premature end of file.
2026-04-14 22:57:46,646 [ERROR] LogOutputStream:75 - [STDERR_REDIRECT] 
2026-04-14 22:57:47,647 [ERROR] LogOutputStream:75 - [STDERR_REDIRECT] [Fatal Error] :1:1: Premature end of file.
2026-04-14 22:57:47,648 [ERROR] LogOutputStream:75 - [STDERR_REDIRECT] 
2026-04-14 22:57:48,653 [ERROR] LogOutputStream:75 - [STDERR_REDIRECT] [Fatal Error] :1:1: Premature end of file.
2026-04-14 22:57:48,654 [ERROR] LogOutputStream:75 - [STDERR_REDIRECT] 
2026-04-14 22:57:49,650 [ERROR] LogOutputStream:75 - [STDERR_REDIRECT] [Fatal Error] :1:1: Premature end of file.
2026-04-14 22:57:49,651 [ERROR] LogOutputStream:75 - [STDERR_REDIRECT] 
2026-04-14 22:57:50,658 [ERROR] LogOutputStream:75 - [STDERR_REDIRECT] [Fatal Error] :1:1: Premature end of file.
2026-04-14 22:57:50,659 [ERROR] LogOutputStream:75 - [STDERR_REDIRECT] 
2026-04-14 22:57:51,712 [ERROR] LogOutputStream:75 - [STDERR_REDIRECT] [Fatal Error] :1:1: Premature end of file.
2026-04-14 22:57:51,712 [ERROR] LogOutputStream:75 - [STDERR_REDIRECT] 
2026-04-14 22:57:52,654 [ERROR] LogOutputStream:75 - [STDERR_REDIRECT] [Fatal Error] :1:1: Premature end of file.
2026-04-14 22:57:52,655 [ERROR] LogOutputStream:75 - [STDERR_REDIRECT] 
2026-04-14 22:57:53,652 [ERROR] LogOutputStream:75 - [STDERR_REDIRECT] [Fatal Error] :1:1: Premature end of file.
2026-04-14 22:57:53,652 [ERROR] LogOutputStream:75 - [STDERR_REDIRECT] 
2026-04-14 22:57:54,651 [ERROR] LogOutputStream:75 - [STDERR_REDIRECT] [Fatal Error] :1:1: Premature end of file.
2026-04-14 22:57:54,651 [ERROR] LogOutputStream:75 - [STDERR_REDIRECT] 
2026-04-14 22:57:55,652 [ERROR] LogOutputStream:75 - [STDERR_REDIRECT] [Fatal Error] :1:1: Premature end of file.
2026-04-14 22:57:55,652 [ERROR] LogOutputStream:75 - [STDERR_REDIRECT] 
2026-04-14 22:57:56,658 [ERROR] LogOutputStream:75 - [STDERR_REDIRECT] [Fatal Error] :1:1: Premature end of file.
2026-04-14 22:57:56,658 [ERROR] LogOutputStream:75 - [STDERR_REDIRECT] 
2026-04-14 22:57:57,660 [ERROR] LogOutputStream:75 - [STDERR_REDIRECT] [Fatal Error] :1:1: Premature end of file.
2026-04-14 22:57:57,661 [ERROR] LogOutputStream:75 - [STDERR_REDIRECT] 
2026-04-14 22:57:58,650 [ERROR] LogOutputStream:75 - [STDERR_REDIRECT] [Fatal Error] :1:1: Premature end of file.
2026-04-14 22:57:58,650 [ERROR] LogOutputStream:75 - [STDERR_REDIRECT] 
2026-04-14 22:57:59,644 [ERROR] LogOutputStream:75 - [STDERR_REDIRECT] [Fatal Error] :1:1: Premature end of file.
2026-04-14 22:57:59,644 [ERROR] LogOutputStream:75 - [STDERR_REDIRECT] 
2026-04-14 22:58:00,649 [ERROR] LogOutputStream:75 - [STDERR_REDIRECT] [Fatal Error] :1:1: Premature end of file.
2026-04-14 22:58:00,649 [ERROR] LogOutputStream:75 - [STDERR_REDIRECT] 
2026-04-14 22:58:01,648 [ERROR] LogOutputStream:75 - [STDERR_REDIRECT] [Fatal Error] :1:1: Premature end of file.
2026-04-14 22:58:01,649 [ERROR] LogOutputStream:75 - [STDERR_REDIRECT] 
2026-04-14 22:58:02,654 [ERROR] LogOutputStream:75 - [STDERR_REDIRECT] [Fatal Error] :1:1: Premature end of file.
2026-04-14 22:58:02,654 [ERROR] LogOutputStream:75 - [STDERR_REDIRECT] 
2026-04-14 22:58:03,648 [ERROR] LogOutputStream:75 - [STDERR_REDIRECT] [Fatal Error] :1:1: Premature end of file.
2026-04-14 22:58:03,648 [ERROR] LogOutputStream:75 - [STDERR_REDIRECT] 
2026-04-14 22:58:04,706 [ERROR] LogOutputStream:75 - [STDERR_REDIRECT] [Fatal Error] :1:1: Premature end of file.
2026-04-14 22:58:04,706 [ERROR] LogOutputStream:75 - [STDERR_REDIRECT] 
2026-04-14 22:58:05,647 [ERROR] LogOutputStream:75 - [STDERR_REDIRECT] [Fatal Error] :1:1: Premature end of file.
2026-04-14 22:58:05,648 [ERROR] LogOutputStream:75 - [STDERR_REDIRECT] 
2026-04-14 22:58:06,657 [ERROR] LogOutputStream:75 - [STDERR_REDIRECT] [Fatal Error] :1:1: Premature end of file.
2026-04-14 22:58:06,658 [ERROR] LogOutputStream:75 - [STDERR_REDIRECT] 
2026-04-14 22:58:07,652 [ERROR] LogOutputStream:75 - [STDERR_REDIRECT] [Fatal Error] :1:1: Premature end of file.
2026-04-14 22:58:07,652 [ERROR] LogOutputStream:75 - [STDERR_REDIRECT] 
2026-04-14 22:58:08,656 [ERROR] LogOutputStream:75 - [STDERR_REDIRECT] [Fatal Error] :1:1: Premature end of file.
2026-04-14 22:58:08,656 [ERROR] LogOutputStream:75 - [STDERR_REDIRECT] 
2026-04-14 22:58:09,650 [ERROR] LogOutputStream:75 - [STDERR_REDIRECT] [Fatal Error] :1:1: Premature end of file.
2026-04-14 22:58:09,650 [ERROR] LogOutputStream:75 - [STDERR_REDIRECT] 
2026-04-14 22:58:10,650 [ERROR] LogOutputStream:75 - [STDERR_REDIRECT] [Fatal Error] :1:1: Premature end of file.
2026-04-14 22:58:10,650 [ERROR] LogOutputStream:75 - [STDERR_REDIRECT] 
2026-04-14 22:58:11,658 [ERROR] LogOutputStream:75 - [STDERR_REDIRECT] [Fatal Error] :1:1: Premature end of file.
2026-04-14 22:58:11,658 [ERROR] LogOutputStream:75 - [STDERR_REDIRECT] 
2026-04-14 22:58:12,648 [ERROR] LogOutputStream:75 - [STDERR_REDIRECT] [Fatal Error] :1:1: Premature end of file.
2026-04-14 22:58:12,648 [ERROR] LogOutputStream:75 - [STDERR_REDIRECT] 
2026-04-14 22:58:13,651 [ERROR] LogOutputStream:75 - [STDERR_REDIRECT] [Fatal Error] :1:1: Premature end of file.
2026-04-14 22:58:13,651 [ERROR] LogOutputStream:75 - [STDERR_REDIRECT] 
2026-04-14 22:58:14,656 [ERROR] LogOutputStream:75 - [STDERR_REDIRECT] [Fatal Error] :1:1: Premature end of file.
2026-04-14 22:58:14,656 [ERROR] LogOutputStream:75 - [STDERR_REDIRECT] 
2026-04-14 22:58:15,655 [ERROR] LogOutputStream:75 - [STDERR_REDIRECT] [Fatal Error] :1:1: Premature end of file.
2026-04-14 22:58:15,655 [ERROR] LogOutputStream:75 - [STDERR_REDIRECT] 
2026-04-14 22:58:16,663 [ERROR] LogOutputStream:75 - [STDERR_REDIRECT] [Fatal Error] :1:1: Premature end of file.
2026-04-14 22:58:16,663 [ERROR] LogOutputStream:75 - [STDERR_REDIRECT] 
2026-04-14 22:58:17,661 [ERROR] LogOutputStream:75 - [STDERR_REDIRECT] [Fatal Error] :1:1: Premature end of file.
2026-04-14 22:58:17,661 [ERROR] LogOutputStream:75 - [STDERR_REDIRECT] 
2026-04-14 22:58:18,650 [ERROR] LogOutputStream:75 - [STDERR_REDIRECT] [Fatal Error] :1:1: Premature end of file.
2026-04-14 22:58:18,650 [ERROR] LogOutputStream:75 - [STDERR_REDIRECT] 
2026-04-14 22:58:19,651 [ERROR] LogOutputStream:75 - [STDERR_REDIRECT] [Fatal Error] :1:1: Premature end of file.
2026-04-14 22:58:19,651 [ERROR] LogOutputStream:75 - [STDERR_REDIRECT] 
2026-04-14 22:58:20,658 [ERROR] LogOutputStream:75 - [STDERR_REDIRECT] [Fatal Error] :1:1: Premature end of file.
2026-04-14 22:58:20,658 [ERROR] LogOutputStream:75 - [STDERR_REDIRECT] 
2026-04-14 22:58:21,649 [ERROR] LogOutputStream:75 - [STDERR_REDIRECT] [Fatal Error] :1:1: Premature end of file.
2026-04-14 22:58:21,650 [ERROR] LogOutputStream:75 - [STDERR_REDIRECT] 
2026-04-14 22:58:22,646 [ERROR] LogOutputStream:75 - [STDERR_REDIRECT] [Fatal Error] :1:1: Premature end of file.
2026-04-14 22:58:22,647 [ERROR] LogOutputStream:75 - [STDERR_REDIRECT] 
2026-04-14 22:58:23,650 [ERROR] LogOutputStream:75 - [STDERR_REDIRECT] [Fatal Error] :1:1: Premature end of file.
2026-04-14 22:58:23,651 [ERROR] LogOutputStream:75 - [STDERR_REDIRECT] 
2026-04-14 22:58:24,649 [ERROR] LogOutputStream:75 - [STDERR_REDIRECT] [Fatal Error] :1:1: Premature end of file.
2026-04-14 22:58:24,649 [ERROR] LogOutputStream:75 - [STDERR_REDIRECT] 
2026-04-14 22:58:25,649 [ERROR] LogOutputStream:75 - [STDERR_REDIRECT] [Fatal Error] :1:1: Premature end of file.
2026-04-14 22:58:25,650 [ERROR] LogOutputStream:75 - [STDERR_REDIRECT] 
2026-04-14 22:58:26,647 [ERROR] LogOutputStream:75 - [STDERR_REDIRECT] [Fatal Error] :1:1: Premature end of file.
2026-04-14 22:58:26,648 [ERROR] LogOutputStream:75 - [STDERR_REDIRECT] 
2026-04-14 22:58:27,657 [ERROR] LogOutputStream:75 - [STDERR_REDIRECT] [Fatal Error] :1:1: Premature end of file.
2026-04-14 22:58:27,658 [ERROR] LogOutputStream:75 - [STDERR_REDIRECT] 
2026-04-14 22:58:28,650 [ERROR] LogOutputStream:75 - [STDERR_REDIRECT] [Fatal Error] :1:1: Premature end of file.
2026-04-14 22:58:28,650 [ERROR] LogOutputStream:75 - [STDERR_REDIRECT] 
2026-04-14 22:58:29,666 [ERROR] LogOutputStream:75 - [STDERR_REDIRECT] [Fatal Error] :1:1: Premature end of file.
2026-04-14 22:58:29,666 [ERROR] LogOutputStream:75 - [STDERR_REDIRECT] 
2026-04-14 22:58:30,650 [ERROR] LogOutputStream:75 - [STDERR_REDIRECT] [Fatal Error] :1:1: Premature end of file.
2026-04-14 22:58:30,651 [ERROR] LogOutputStream:75 - [STDERR_REDIRECT] 
2026-04-14 22:58:31,656 [ERROR] LogOutputStream:75 - [STDERR_REDIRECT] [Fatal Error] :1:1: Premature end of file.
2026-04-14 22:58:31,656 [ERROR] LogOutputStream:75 - [STDERR_REDIRECT] 
2026-04-14 22:58:32,655 [ERROR] LogOutputStream:75 - [STDERR_REDIRECT] [Fatal Error] :1:1: Premature end of file.
2026-04-14 22:58:32,656 [ERROR] LogOutputStream:75 - [STDERR_REDIRECT] 
2026-04-14 22:58:33,651 [ERROR] LogOutputStream:75 - [STDERR_REDIRECT] [Fatal Error] :1:1: Premature end of file.
2026-04-14 22:58:33,651 [ERROR] LogOutputStream:75 - [STDERR_REDIRECT] 
2026-04-14 22:58:34,655 [ERROR] LogOutputStream:75 - [STDERR_REDIRECT] [Fatal Error] :1:1: Premature end of file.
2026-04-14 22:58:34,655 [ERROR] LogOutputStream:75 - [STDERR_REDIRECT] 
2026-04-14 22:58:35,651 [ERROR] LogOutputStream:75 - [STDERR_REDIRECT] [Fatal Error] :1:1: Premature end of file.
2026-04-14 22:58:35,651 [ERROR] LogOutputStream:75 - [STDERR_REDIRECT] 
2026-04-14 22:58:36,649 [ERROR] LogOutputStream:75 - [STDERR_REDIRECT] [Fatal Error] :1:1: Premature end of file.
2026-04-14 22:58:36,649 [ERROR] LogOutputStream:75 - [STDERR_REDIRECT] 
2026-04-14 22:58:37,649 [ERROR] LogOutputStream:75 - [STDERR_REDIRECT] [Fatal Error] :1:1: Premature end of file.
2026-04-14 22:58:37,649 [ERROR] LogOutputStream:75 - [STDERR_REDIRECT] 
2026-04-14 22:58:38,647 [ERROR] LogOutputStream:75 - [STDERR_REDIRECT] [Fatal Error] :1:1: Premature end of file.
2026-04-14 22:58:38,647 [ERROR] LogOutputStream:75 - [STDERR_REDIRECT] 
2026-04-14 22:58:39,647 [ERROR] LogOutputStream:75 - [STDERR_REDIRECT] [Fatal Error] :1:1: Premature end of file.
2026-04-14 22:58:39,648 [ERROR] LogOutputStream:75 - [STDERR_REDIRECT] 
2026-04-14 22:58:40,652 [ERROR] LogOutputStream:75 - [STDERR_REDIRECT] [Fatal Error] :1:1: Premature end of file.
2026-04-14 22:58:40,652 [ERROR] LogOutputStream:75 - [STDERR_REDIRECT] 
2026-04-14 22:58:41,649 [ERROR] LogOutputStream:75 - [STDERR_REDIRECT] [Fatal Error] :1:1: Premature end of file.
2026-04-14 22:58:41,649 [ERROR] LogOutputStream:75 - [STDERR_REDIRECT] 
2026-04-14 22:58:42,647 [ERROR] LogOutputStream:75 - [STDERR_REDIRECT] [Fatal Error] :1:1: Premature end of file.
2026-04-14 22:58:42,647 [ERROR] LogOutputStream:75 - [STDERR_REDIRECT] 
2026-04-14 22:58:43,649 [ERROR] LogOutputStream:75 - [STDERR_REDIRECT] [Fatal Error] :1:1: Premature end of file.
2026-04-14 22:58:43,649 [ERROR] LogOutputStream:75 - [STDERR_REDIRECT] 
2026-04-14 22:58:44,654 [ERROR] LogOutputStream:75 - [STDERR_REDIRECT] [Fatal Error] :1:1: Premature end of file.
2026-04-14 22:58:44,654 [ERROR] LogOutputStream:75 - [STDERR_REDIRECT] 
2026-04-14 22:58:45,647 [ERROR] LogOutputStream:75 - [STDERR_REDIRECT] [Fatal Error] :1:1: Premature end of file.
2026-04-14 22:58:45,648 [ERROR] LogOutputStream:75 - [STDERR_REDIRECT] 
2026-04-14 22:58:46,668 [ERROR] LogOutputStream:75 - [STDERR_REDIRECT] [Fatal Error] :1:1: Premature end of file.
2026-04-14 22:58:46,668 [ERROR] LogOutputStream:75 - [STDERR_REDIRECT] 
2026-04-14 22:58:47,667 [ERROR] LogOutputStream:75 - [STDERR_REDIRECT] [Fatal Error] :1:1: Premature end of file.
2026-04-14 22:58:47,668 [ERROR] LogOutputStream:75 - [STDERR_REDIRECT] 
2026-04-14 22:58:48,722 [ERROR] LogOutputStream:75 - [STDERR_REDIRECT] [Fatal Error] :1:1: Premature end of file.
2026-04-14 22:58:48,722 [ERROR] LogOutputStream:75 - [STDERR_REDIRECT] 
2026-04-14 22:58:49,860 [ERROR] LogOutputStream:75 - [STDERR_REDIRECT] [Fatal Error] :1:1: Premature end of file.
2026-04-14 22:58:49,861 [ERROR] LogOutputStream:75 - [STDERR_REDIRECT] 
2026-04-14 22:58:50,678 [ERROR] LogOutputStream:75 - [STDERR_REDIRECT] [Fatal Error] :1:1: Premature end of file.
2026-04-14 22:58:50,679 [ERROR] LogOutputStream:75 - [STDERR_REDIRECT] 
2026-04-14 22:58:51,655 [ERROR] LogOutputStream:75 - [STDERR_REDIRECT] [Fatal Error] :1:1: Premature end of file.
2026-04-14 22:58:51,656 [ERROR] LogOutputStream:75 - [STDERR_REDIRECT] 
2026-04-14 22:58:52,651 [ERROR] LogOutputStream:75 - [STDERR_REDIRECT] [Fatal Error] :1:1: Premature end of file.
2026-04-14 22:58:52,651 [ERROR] LogOutputStream:75 - [STDERR_REDIRECT] 
2026-04-14 22:58:53,654 [ERROR] LogOutputStream:75 - [STDERR_REDIRECT] [Fatal Error] :1:1: Premature end of file.
2026-04-14 22:58:53,655 [ERROR] LogOutputStream:75 - [STDERR_REDIRECT] 
2026-04-14 22:58:54,650 [ERROR] LogOutputStream:75 - [STDERR_REDIRECT] [Fatal Error] :1:1: Premature end of file.
2026-04-14 22:58:54,651 [ERROR] LogOutputStream:75 - [STDERR_REDIRECT] 
2026-04-14 22:58:55,649 [ERROR] LogOutputStream:75 - [STDERR_REDIRECT] [Fatal Error] :1:1: Premature end of file.
2026-04-14 22:58:55,651 [ERROR] LogOutputStream:75 - [STDERR_REDIRECT] 
2026-04-14 22:58:56,648 [ERROR] LogOutputStream:75 - [STDERR_REDIRECT] [Fatal Error] :1:1: Premature end of file.
2026-04-14 22:58:56,649 [ERROR] LogOutputStream:75 - [STDERR_REDIRECT] 
2026-04-14 22:58:57,651 [ERROR] LogOutputStream:75 - [STDERR_REDIRECT] [Fatal Error] :1:1: Premature end of file.
2026-04-14 22:58:57,651 [ERROR] LogOutputStream:75 - [STDERR_REDIRECT] 
2026-04-14 22:58:58,649 [ERROR] LogOutputStream:75 - [STDERR_REDIRECT] [Fatal Error] :1:1: Premature end of file.
2026-04-14 22:58:58,649 [ERROR] LogOutputStream:75 - [STDERR_REDIRECT] 
2026-04-14 22:58:59,649 [ERROR] LogOutputStream:75 - [STDERR_REDIRECT] [Fatal Error] :1:1: Premature end of file.
2026-04-14 22:58:59,649 [ERROR] LogOutputStream:75 - [STDERR_REDIRECT] 
2026-04-14 22:59:00,652 [ERROR] LogOutputStream:75 - [STDERR_REDIRECT] [Fatal Error] :1:1: Premature end of file.
2026-04-14 22:59:00,653 [ERROR] LogOutputStream:75 - [STDERR_REDIRECT] 
2026-04-14 22:59:01,648 [ERROR] LogOutputStream:75 - [STDERR_REDIRECT] [Fatal Error] :1:1: Premature end of file.
2026-04-14 22:59:01,648 [ERROR] LogOutputStream:75 - [STDERR_REDIRECT] 
2026-04-14 22:59:02,650 [ERROR] LogOutputStream:75 - [STDERR_REDIRECT] [Fatal Error] :1:1: Premature end of file.
2026-04-14 22:59:02,650 [ERROR] LogOutputStream:75 - [STDERR_REDIRECT] 
2026-04-14 22:59:03,647 [ERROR] LogOutputStream:75 - [STDERR_REDIRECT] [Fatal Error] :1:1: Premature end of file.
2026-04-14 22:59:03,647 [ERROR] LogOutputStream:75 - [STDERR_REDIRECT] 
2026-04-14 22:59:04,726 [ERROR] LogOutputStream:75 - [STDERR_REDIRECT] [Fatal Error] :1:1: Premature end of file.
2026-04-14 22:59:04,726 [ERROR] LogOutputStream:75 - [STDERR_REDIRECT] 
2026-04-14 22:59:05,668 [ERROR] LogOutputStream:75 - [STDERR_REDIRECT] [Fatal Error] :1:1: Premature end of file.
2026-04-14 22:59:05,668 [ERROR] LogOutputStream:75 - [STDERR_REDIRECT] 
2026-04-14 22:59:06,664 [ERROR] LogOutputStream:75 - [STDERR_REDIRECT] [Fatal Error] :1:1: Premature end of file.
2026-04-14 22:59:06,664 [ERROR] LogOutputStream:75 - [STDERR_REDIRECT] 
2026-04-14 22:59:07,658 [ERROR] LogOutputStream:75 - [STDERR_REDIRECT] [Fatal Error] :1:1: Premature end of file.
2026-04-14 22:59:07,658 [ERROR] LogOutputStream:75 - [STDERR_REDIRECT] 
2026-04-14 22:59:08,665 [ERROR] LogOutputStream:75 - [STDERR_REDIRECT] [Fatal Error] :1:1: Premature end of file.
2026-04-14 22:59:08,665 [ERROR] LogOutputStream:75 - [STDERR_REDIRECT] 
2026-04-14 22:59:09,886 [ERROR] LogOutputStream:75 - [STDERR_REDIRECT] [Fatal Error] :1:1: Premature end of file.
2026-04-14 22:59:09,886 [ERROR] LogOutputStream:75 - [STDERR_REDIRECT] 
2026-04-14 22:59:10,670 [ERROR] LogOutputStream:75 - [STDERR_REDIRECT] [Fatal Error] :1:1: Premature end of file.
2026-04-14 22:59:10,670 [ERROR] LogOutputStream:75 - [STDERR_REDIRECT] 
2026-04-14 22:59:11,672 [ERROR] LogOutputStream:75 - [STDERR_REDIRECT] [Fatal Error] :1:1: Premature end of file.
2026-04-14 22:59:11,673 [ERROR] LogOutputStream:75 - [STDERR_REDIRECT] 
2026-04-14 22:59:12,655 [ERROR] LogOutputStream:75 - [STDERR_REDIRECT] [Fatal Error] :1:1: Premature end of file.
2026-04-14 22:59:12,655 [ERROR] LogOutputStream:75 - [STDERR_REDIRECT] 
2026-04-14 22:59:13,661 [ERROR] LogOutputStream:75 - [STDERR_REDIRECT] [Fatal Error] :1:1: Premature end of file.
2026-04-14 22:59:13,662 [ERROR] LogOutputStream:75 - [STDERR_REDIRECT] 
2026-04-14 22:59:14,649 [ERROR] LogOutputStream:75 - [STDERR_REDIRECT] [Fatal Error] :1:1: Premature end of file.
2026-04-14 22:59:14,649 [ERROR] LogOutputStream:75 - [STDERR_REDIRECT] 
2026-04-14 22:59:15,649 [ERROR] LogOutputStream:75 - [STDERR_REDIRECT] [Fatal Error] :1:1: Premature end of file.
2026-04-14 22:59:15,649 [ERROR] LogOutputStream:75 - [STDERR_REDIRECT] 
2026-04-14 22:59:16,652 [ERROR] LogOutputStream:75 - [STDERR_REDIRECT] [Fatal Error] :1:1: Premature end of file.
2026-04-14 22:59:16,652 [ERROR] LogOutputStream:75 - [STDERR_REDIRECT] 
2026-04-14 22:59:17,650 [ERROR] LogOutputStream:75 - [STDERR_REDIRECT] [Fatal Error] :1:1: Premature end of file.
2026-04-14 22:59:17,650 [ERROR] LogOutputStream:75 - [STDERR_REDIRECT] 
2026-04-14 22:59:18,652 [ERROR] LogOutputStream:75 - [STDERR_REDIRECT] [Fatal Error] :1:1: Premature end of file.
2026-04-14 22:59:18,653 [ERROR] LogOutputStream:75 - [STDERR_REDIRECT] 
2026-04-14 22:59:19,649 [ERROR] LogOutputStream:75 - [STDERR_REDIRECT] [Fatal Error] :1:1: Premature end of file.
2026-04-14 22:59:19,650 [ERROR] LogOutputStream:75 - [STDERR_REDIRECT] 
2026-04-14 22:59:20,647 [ERROR] LogOutputStream:75 - [STDERR_REDIRECT] [Fatal Error] :1:1: Premature end of file.
2026-04-14 22:59:20,647 [ERROR] LogOutputStream:75 - [STDERR_REDIRECT] 
2026-04-14 22:59:21,648 [ERROR] LogOutputStream:75 - [STDERR_REDIRECT] [Fatal Error] :1:1: Premature end of file.
2026-04-14 22:59:21,648 [ERROR] LogOutputStream:75 - [STDERR_REDIRECT] 
2026-04-14 22:59:22,649 [ERROR] LogOutputStream:75 - [STDERR_REDIRECT] [Fatal Error] :1:1: Premature end of file.
2026-04-14 22:59:22,650 [ERROR] LogOutputStream:75 - [STDERR_REDIRECT] 
2026-04-14 22:59:23,649 [ERROR] LogOutputStream:75 - [STDERR_REDIRECT] [Fatal Error] :1:1: Premature end of file.
2026-04-14 22:59:23,649 [ERROR] LogOutputStream:75 - [STDERR_REDIRECT] 
2026-04-14 22:59:24,656 [ERROR] LogOutputStream:75 - [STDERR_REDIRECT] [Fatal Error] :1:1: Premature end of file.
2026-04-14 22:59:24,656 [ERROR] LogOutputStream:75 - [STDERR_REDIRECT] 
2026-04-14 22:59:25,648 [ERROR] LogOutputStream:75 - [STDERR_REDIRECT] [Fatal Error] :1:1: Premature end of file.
2026-04-14 22:59:25,649 [ERROR] LogOutputStream:75 - [STDERR_REDIRECT] 
2026-04-14 22:59:26,659 [ERROR] LogOutputStream:75 - [STDERR_REDIRECT] [Fatal Error] :1:1: Premature end of file.
2026-04-14 22:59:26,660 [ERROR] LogOutputStream:75 - [STDERR_REDIRECT] 
2026-04-14 22:59:27,648 [ERROR] LogOutputStream:75 - [STDERR_REDIRECT] [Fatal Error] :1:1: Premature end of file.
2026-04-14 22:59:27,648 [ERROR] LogOutputStream:75 - [STDERR_REDIRECT] 
2026-04-14 22:59:28,649 [ERROR] LogOutputStream:75 - [STDERR_REDIRECT] [Fatal Error] :1:1: Premature end of file.
2026-04-14 22:59:28,650 [ERROR] LogOutputStream:75 - [STDERR_REDIRECT] 
2026-04-14 22:59:29,650 [ERROR] LogOutputStream:75 - [STDERR_REDIRECT] [Fatal Error] :1:1: Premature end of file.
2026-04-14 22:59:29,650 [ERROR] LogOutputStream:75 - [STDERR_REDIRECT] 
2026-04-14 22:59:30,702 [ERROR] LogOutputStream:75 - [STDERR_REDIRECT] [Fatal Error] :1:1: Premature end of file.
2026-04-14 22:59:30,703 [ERROR] LogOutputStream:75 - [STDERR_REDIRECT] 
2026-04-14 22:59:31,686 [ERROR] LogOutputStream:75 - [STDERR_REDIRECT] [Fatal Error] :1:1: Premature end of file.
2026-04-14 22:59:31,686 [ERROR] LogOutputStream:75 - [STDERR_REDIRECT] 
2026-04-14 22:59:32,919 [ERROR] LogOutputStream:75 - [STDERR_REDIRECT] [Fatal Error] :1:1: Premature end of file.
2026-04-14 22:59:32,920 [ERROR] LogOutputStream:75 - [STDERR_REDIRECT] 
2026-04-14 22:59:33,686 [ERROR] LogOutputStream:75 - [STDERR_REDIRECT] [Fatal Error] :1:1: Premature end of file.
2026-04-14 22:59:33,686 [ERROR] LogOutputStream:75 - [STDERR_REDIRECT] 
2026-04-14 22:59:34,682 [ERROR] LogOutputStream:75 - [STDERR_REDIRECT] [Fatal Error] :1:1: Premature end of file.
2026-04-14 22:59:34,682 [ERROR] LogOutputStream:75 - [STDERR_REDIRECT] 
2026-04-14 22:59:35,682 [ERROR] LogOutputStream:75 - [STDERR_REDIRECT] [Fatal Error] :1:1: Premature end of file.
2026-04-14 22:59:35,682 [ERROR] LogOutputStream:75 - [STDERR_REDIRECT] 
2026-04-14 22:59:36,980 [ERROR] LogOutputStream:75 - [STDERR_REDIRECT] [Fatal Error] :1:1: Premature end of file.
2026-04-14 22:59:36,981 [ERROR] LogOutputStream:75 - [STDERR_REDIRECT] 
2026-04-14 22:59:37,700 [ERROR] LogOutputStream:75 - [STDERR_REDIRECT] [Fatal Error] :1:1: Premature end of file.
2026-04-14 22:59:37,700 [ERROR] LogOutputStream:75 - [STDERR_REDIRECT] 
2026-04-14 22:59:38,695 [ERROR] LogOutputStream:75 - [STDERR_REDIRECT] [Fatal Error] :1:1: Premature end of file.
2026-04-14 22:59:38,695 [ERROR] LogOutputStream:75 - [STDERR_REDIRECT] 
2026-04-14 22:59:39,688 [ERROR] LogOutputStream:75 - [STDERR_REDIRECT] [Fatal Error] :1:1: Premature end of file.
2026-04-14 22:59:39,689 [ERROR] LogOutputStream:75 - [STDERR_REDIRECT] 
2026-04-14 22:59:40,664 [ERROR] LogOutputStream:75 - [STDERR_REDIRECT] [Fatal Error] :1:1: Premature end of file.
2026-04-14 22:59:40,664 [ERROR] LogOutputStream:75 - [STDERR_REDIRECT] 
2026-04-14 22:59:41,662 [ERROR] LogOutputStream:75 - [STDERR_REDIRECT] [Fatal Error] :1:1: Premature end of file.
2026-04-14 22:59:41,662 [ERROR] LogOutputStream:75 - [STDERR_REDIRECT] 
2026-04-14 22:59:42,665 [ERROR] LogOutputStream:75 - [STDERR_REDIRECT] [Fatal Error] :1:1: Premature end of file.
2026-04-14 22:59:42,666 [ERROR] LogOutputStream:75 - [STDERR_REDIRECT] 
2026-04-14 22:59:43,665 [ERROR] LogOutputStream:75 - [STDERR_REDIRECT] [Fatal Error] :1:1: Premature end of file.
2026-04-14 22:59:43,665 [ERROR] LogOutputStream:75 - [STDERR_REDIRECT] 
2026-04-14 22:59:44,680 [ERROR] LogOutputStream:75 - [STDERR_REDIRECT] [Fatal Error] :1:1: Premature end of file.
2026-04-14 22:59:44,681 [ERROR] LogOutputStream:75 - [STDERR_REDIRECT] 
2026-04-14 22:59:45,690 [ERROR] LogOutputStream:75 - [STDERR_REDIRECT] [Fatal Error] :1:1: Premature end of file.
2026-04-14 22:59:45,690 [ERROR] LogOutputStream:75 - [STDERR_REDIRECT] 
2026-04-14 22:59:46,675 [ERROR] LogOutputStream:75 - [STDERR_REDIRECT] [Fatal Error] :1:1: Premature end of file.
2026-04-14 22:59:46,675 [ERROR] LogOutputStream:75 - [STDERR_REDIRECT] 
2026-04-14 22:59:47,687 [ERROR] LogOutputStream:75 - [STDERR_REDIRECT] [Fatal Error] :1:1: Premature end of file.
2026-04-14 22:59:47,687 [ERROR] LogOutputStream:75 - [STDERR_REDIRECT] 
2026-04-14 22:59:48,669 [ERROR] LogOutputStream:75 - [STDERR_REDIRECT] [Fatal Error] :1:1: Premature end of file.
2026-04-14 22:59:48,669 [ERROR] LogOutputStream:75 - [STDERR_REDIRECT] 
2026-04-14 22:59:49,701 [ERROR] LogOutputStream:75 - [STDERR_REDIRECT] [Fatal Error] :1:1: Premature end of file.
2026-04-14 22:59:49,701 [ERROR] LogOutputStream:75 - [STDERR_REDIRECT] 
2026-04-14 22:59:50,666 [ERROR] LogOutputStream:75 - [STDERR_REDIRECT] [Fatal Error] :1:1: Premature end of file.
2026-04-14 22:59:50,667 [ERROR] LogOutputStream:75 - [STDERR_REDIRECT] 
2026-04-14 22:59:51,667 [ERROR] LogOutputStream:75 - [STDERR_REDIRECT] [Fatal Error] :1:1: Premature end of file.
2026-04-14 22:59:51,667 [ERROR] LogOutputStream:75 - [STDERR_REDIRECT] 
2026-04-14 22:59:52,667 [ERROR] LogOutputStream:75 - [STDERR_REDIRECT] [Fatal Error] :1:1: Premature end of file.
2026-04-14 22:59:52,667 [ERROR] LogOutputStream:75 - [STDERR_REDIRECT] 
2026-04-14 22:59:53,968 [ERROR] LogOutputStream:75 - [STDERR_REDIRECT] [Fatal Error] :1:1: Premature end of file.
2026-04-14 22:59:53,968 [ERROR] LogOutputStream:75 - [STDERR_REDIRECT] 
2026-04-14 22:59:54,702 [ERROR] LogOutputStream:75 - [STDERR_REDIRECT] [Fatal Error] :1:1: Premature end of file.
2026-04-14 22:59:54,702 [ERROR] LogOutputStream:75 - [STDERR_REDIRECT] 
2026-04-14 22:59:55,684 [ERROR] LogOutputStream:75 - [STDERR_REDIRECT] [Fatal Error] :1:1: Premature end of file.
2026-04-14 22:59:55,684 [ERROR] LogOutputStream:75 - [STDERR_REDIRECT] 
2026-04-14 22:59:56,682 [ERROR] LogOutputStream:75 - [STDERR_REDIRECT] [Fatal Error] :1:1: Premature end of file.
2026-04-14 22:59:56,682 [ERROR] LogOutputStream:75 - [STDERR_REDIRECT] 
2026-04-14 22:59:57,680 [ERROR] LogOutputStream:75 - [STDERR_REDIRECT] [Fatal Error] :1:1: Premature end of file.
2026-04-14 22:59:57,680 [ERROR] LogOutputStream:75 - [STDERR_REDIRECT] 
2026-04-14 22:59:58,669 [ERROR] LogOutputStream:75 - [STDERR_REDIRECT] [Fatal Error] :1:1: Premature end of file.
2026-04-14 22:59:58,669 [ERROR] LogOutputStream:75 - [STDERR_REDIRECT] 
2026-04-14 22:59:59,658 [ERROR] LogOutputStream:75 - [STDERR_REDIRECT] [Fatal Error] :1:1: Premature end of file.
2026-04-14 22:59:59,659 [ERROR] LogOutputStream:75 - [STDERR_REDIRECT] 
2026-04-14 23:00:00,682 [ERROR] LogOutputStream:75 - [STDERR_REDIRECT] [Fatal Error] :1:1: Premature end of file.
2026-04-14 23:00:00,683 [ERROR] LogOutputStream:75 - [STDERR_REDIRECT] 
2026-04-14 23:00:01,662 [ERROR] LogOutputStream:75 - [STDERR_REDIRECT] [Fatal Error] :1:1: Premature end of file.
2026-04-14 23:00:01,662 [ERROR] LogOutputStream:75 - [STDERR_REDIRECT] 
2026-04-14 23:00:02,662 [ERROR] LogOutputStream:75 - [STDERR_REDIRECT] [Fatal Error] :1:1: Premature end of file.
2026-04-14 23:00:02,662 [ERROR] LogOutputStream:75 - [STDERR_REDIRECT] 
2026-04-14 23:00:03,673 [ERROR] LogOutputStream:75 - [STDERR_REDIRECT] [Fatal Error] :1:1: Premature end of file.
2026-04-14 23:00:03,673 [ERROR] LogOutputStream:75 - [STDERR_REDIRECT] 
2026-04-14 23:00:04,673 [ERROR] LogOutputStream:75 - [STDERR_REDIRECT] [Fatal Error] :1:1: Premature end of file.
2026-04-14 23:00:04,673 [ERROR] LogOutputStream:75 - [STDERR_REDIRECT] 
2026-04-14 23:00:05,679 [ERROR] LogOutputStream:75 - [STDERR_REDIRECT] [Fatal Error] :1:1: Premature end of file.
2026-04-14 23:00:05,679 [ERROR] LogOutputStream:75 - [STDERR_REDIRECT] 
2026-04-14 23:00:06,678 [ERROR] LogOutputStream:75 - [STDERR_REDIRECT] [Fatal Error] :1:1: Premature end of file.
2026-04-14 23:00:06,679 [ERROR] LogOutputStream:75 - [STDERR_REDIRECT] 
2026-04-14 23:00:07,711 [ERROR] LogOutputStream:75 - [STDERR_REDIRECT] [Fatal Error] :1:1: Premature end of file.
2026-04-14 23:00:07,712 [ERROR] LogOutputStream:75 - [STDERR_REDIRECT] 
2026-04-14 23:00:08,677 [ERROR] LogOutputStream:75 - [STDERR_REDIRECT] [Fatal Error] :1:1: Premature end of file.
2026-04-14 23:00:08,677 [ERROR] LogOutputStream:75 - [STDERR_REDIRECT] 
2026-04-14 23:00:09,682 [ERROR] LogOutputStream:75 - [STDERR_REDIRECT] [Fatal Error] :1:1: Premature end of file.
2026-04-14 23:00:09,683 [ERROR] LogOutputStream:75 - [STDERR_REDIRECT] 
2026-04-14 23:00:10,752 [ERROR] LogOutputStream:75 - [STDERR_REDIRECT] [Fatal Error] :1:1: Premature end of file.
2026-04-14 23:00:10,752 [ERROR] LogOutputStream:75 - [STDERR_REDIRECT] 
2026-04-14 23:00:11,866 [ERROR] LogOutputStream:75 - [STDERR_REDIRECT] [Fatal Error] :1:1: Premature end of file.
2026-04-14 23:00:11,866 [ERROR] LogOutputStream:75 - [STDERR_REDIRECT] 
2026-04-14 23:00:12,663 [ERROR] LogOutputStream:75 - [STDERR_REDIRECT] [Fatal Error] :1:1: Premature end of file.
2026-04-14 23:00:12,664 [ERROR] LogOutputStream:75 - [STDERR_REDIRECT] 
2026-04-14 23:00:13,683 [ERROR] LogOutputStream:75 - [STDERR_REDIRECT] [Fatal Error] :1:1: Premature end of file.
2026-04-14 23:00:13,683 [ERROR] LogOutputStream:75 - [STDERR_REDIRECT] 
2026-04-14 23:00:14,718 [ERROR] LogOutputStream:75 - [STDERR_REDIRECT] [Fatal Error] :1:1: Premature end of file.
2026-04-14 23:00:14,718 [ERROR] LogOutputStream:75 - [STDERR_REDIRECT] 
2026-04-14 23:00:15,767 [ERROR] LogOutputStream:75 - [STDERR_REDIRECT] [Fatal Error] :1:1: Premature end of file.
2026-04-14 23:00:15,767 [ERROR] LogOutputStream:75 - [STDERR_REDIRECT] 
2026-04-14 23:00:16,696 [ERROR] LogOutputStream:75 - [STDERR_REDIRECT] [Fatal Error] :1:1: Premature end of file.
2026-04-14 23:00:16,697 [ERROR] LogOutputStream:75 - [STDERR_REDIRECT] 
2026-04-14 23:00:17,679 [ERROR] LogOutputStream:75 - [STDERR_REDIRECT] [Fatal Error] :1:1: Premature end of file.
2026-04-14 23:00:17,680 [ERROR] LogOutputStream:75 - [STDERR_REDIRECT] 
2026-04-14 23:00:18,692 [ERROR] LogOutputStream:75 - [STDERR_REDIRECT] [Fatal Error] :1:1: Premature end of file.
2026-04-14 23:00:18,692 [ERROR] LogOutputStream:75 - [STDERR_REDIRECT] 
2026-04-14 23:00:19,662 [ERROR] LogOutputStream:75 - [STDERR_REDIRECT] [Fatal Error] :1:1: Premature end of file.
2026-04-14 23:00:19,663 [ERROR] LogOutputStream:75 - [STDERR_REDIRECT] 
2026-04-14 23:00:20,667 [ERROR] LogOutputStream:75 - [STDERR_REDIRECT] [Fatal Error] :1:1: Premature end of file.
2026-04-14 23:00:20,668 [ERROR] LogOutputStream:75 - [STDERR_REDIRECT] 
2026-04-14 23:00:21,658 [ERROR] LogOutputStream:75 - [STDERR_REDIRECT] [Fatal Error] :1:1: Premature end of file.
2026-04-14 23:00:21,658 [ERROR] LogOutputStream:75 - [STDERR_REDIRECT] 
2026-04-14 23:00:22,662 [ERROR] LogOutputStream:75 - [STDERR_REDIRECT] [Fatal Error] :1:1: Premature end of file.
2026-04-14 23:00:22,663 [ERROR] LogOutputStream:75 - [STDERR_REDIRECT] 
2026-04-14 23:00:23,677 [ERROR] LogOutputStream:75 - [STDERR_REDIRECT] [Fatal Error] :1:1: Premature end of file.
2026-04-14 23:00:23,677 [ERROR] LogOutputStream:75 - [STDERR_REDIRECT] 
2026-04-14 23:00:24,684 [ERROR] LogOutputStream:75 - [STDERR_REDIRECT] [Fatal Error] :1:1: Premature end of file.
2026-04-14 23:00:24,685 [ERROR] LogOutputStream:75 - [STDERR_REDIRECT] 
2026-04-14 23:00:25,682 [ERROR] LogOutputStream:75 - [STDERR_REDIRECT] [Fatal Error] :1:1: Premature end of file.
2026-04-14 23:00:25,682 [ERROR] LogOutputStream:75 - [STDERR_REDIRECT] 
2026-04-14 23:00:26,674 [ERROR] LogOutputStream:75 - [STDERR_REDIRECT] [Fatal Error] :1:1: Premature end of file.
2026-04-14 23:00:26,674 [ERROR] LogOutputStream:75 - [STDERR_REDIRECT] 
2026-04-14 23:00:27,658 [ERROR] LogOutputStream:75 - [STDERR_REDIRECT] [Fatal Error] :1:1: Premature end of file.
2026-04-14 23:00:27,659 [ERROR] LogOutputStream:75 - [STDERR_REDIRECT] 
2026-04-14 23:00:28,672 [ERROR] LogOutputStream:75 - [STDERR_REDIRECT] [Fatal Error] :1:1: Premature end of file.
2026-04-14 23:00:28,672 [ERROR] LogOutputStream:75 - [STDERR_REDIRECT] 
2026-04-14 23:00:29,666 [ERROR] LogOutputStream:75 - [STDERR_REDIRECT] [Fatal Error] :1:1: Premature end of file.
2026-04-14 23:00:29,667 [ERROR] LogOutputStream:75 - [STDERR_REDIRECT] 
2026-04-14 23:00:30,684 [ERROR] LogOutputStream:75 - [STDERR_REDIRECT] [Fatal Error] :1:1: Premature end of file.
2026-04-14 23:00:30,684 [ERROR] LogOutputStream:75 - [STDERR_REDIRECT] 
2026-04-14 23:00:31,683 [ERROR] LogOutputStream:75 - [STDERR_REDIRECT] [Fatal Error] :1:1: Premature end of file.
2026-04-14 23:00:31,683 [ERROR] LogOutputStream:75 - [STDERR_REDIRECT] 
2026-04-14 23:00:32,685 [ERROR] LogOutputStream:75 - [STDERR_REDIRECT] [Fatal Error] :1:1: Premature end of file.
2026-04-14 23:00:32,685 [ERROR] LogOutputStream:75 - [STDERR_REDIRECT] 
2026-04-14 23:00:34,070 [ERROR] LogOutputStream:75 - [STDERR_REDIRECT] [Fatal Error] :1:1: Premature end of file.
2026-04-14 23:00:34,071 [ERROR] LogOutputStream:75 - [STDERR_REDIRECT] 
2026-04-14 23:00:34,679 [ERROR] LogOutputStream:75 - [STDERR_REDIRECT] [Fatal Error] :1:1: Premature end of file.
2026-04-14 23:00:34,679 [ERROR] LogOutputStream:75 - [STDERR_REDIRECT] 
2026-04-14 23:00:35,666 [ERROR] LogOutputStream:75 - [STDERR_REDIRECT] [Fatal Error] :1:1: Premature end of file.
2026-04-14 23:00:35,666 [ERROR] LogOutputStream:75 - [STDERR_REDIRECT] 
2026-04-14 23:00:36,670 [ERROR] LogOutputStream:75 - [STDERR_REDIRECT] [Fatal Error] :1:1: Premature end of file.
2026-04-14 23:00:36,670 [ERROR] LogOutputStream:75 - [STDERR_REDIRECT] 
2026-04-14 23:00:37,669 [ERROR] LogOutputStream:75 - [STDERR_REDIRECT] [Fatal Error] :1:1: Premature end of file.
2026-04-14 23:00:37,669 [ERROR] LogOutputStream:75 - [STDERR_REDIRECT] 
2026-04-14 23:00:38,662 [ERROR] LogOutputStream:75 - [STDERR_REDIRECT] [Fatal Error] :1:1: Premature end of file.
2026-04-14 23:00:38,662 [ERROR] LogOutputStream:75 - [STDERR_REDIRECT] 
2026-04-14 23:00:39,681 [ERROR] LogOutputStream:75 - [STDERR_REDIRECT] [Fatal Error] :1:1: Premature end of file.
2026-04-14 23:00:39,681 [ERROR] LogOutputStream:75 - [STDERR_REDIRECT] 
2026-04-14 23:00:40,733 [ERROR] LogOutputStream:75 - [STDERR_REDIRECT] [Fatal Error] :1:1: Premature end of file.
2026-04-14 23:00:40,733 [ERROR] LogOutputStream:75 - [STDERR_REDIRECT] 
2026-04-14 23:00:41,687 [ERROR] LogOutputStream:75 - [STDERR_REDIRECT] [Fatal Error] :1:1: Premature end of file.
2026-04-14 23:00:41,688 [ERROR] LogOutputStream:75 - [STDERR_REDIRECT] 
2026-04-14 23:00:42,660 [ERROR] LogOutputStream:75 - [STDERR_REDIRECT] [Fatal Error] :1:1: Premature end of file.
2026-04-14 23:00:42,661 [ERROR] LogOutputStream:75 - [STDERR_REDIRECT] 
2026-04-14 23:00:43,892 [ERROR] LogOutputStream:75 - [STDERR_REDIRECT] [Fatal Error] :1:1: Premature end of file.
2026-04-14 23:00:43,893 [ERROR] LogOutputStream:75 - [STDERR_REDIRECT] 
2026-04-14 23:00:44,659 [ERROR] LogOutputStream:75 - [STDERR_REDIRECT] [Fatal Error] :1:1: Premature end of file.
2026-04-14 23:00:44,659 [ERROR] LogOutputStream:75 - [STDERR_REDIRECT] 
2026-04-14 23:00:45,668 [ERROR] LogOutputStream:75 - [STDERR_REDIRECT] [Fatal Error] :1:1: Premature end of file.
2026-04-14 23:00:45,668 [ERROR] LogOutputStream:75 - [STDERR_REDIRECT] 
2026-04-14 23:00:46,672 [ERROR] LogOutputStream:75 - [STDERR_REDIRECT] [Fatal Error] :1:1: Premature end of file.
2026-04-14 23:00:46,672 [ERROR] LogOutputStream:75 - [STDERR_REDIRECT] 
2026-04-14 23:00:47,687 [ERROR] LogOutputStream:75 - [STDERR_REDIRECT] [Fatal Error] :1:1: Premature end of file.
2026-04-14 23:00:47,687 [ERROR] LogOutputStream:75 - [STDERR_REDIRECT] 
2026-04-14 23:00:48,686 [ERROR] LogOutputStream:75 - [STDERR_REDIRECT] [Fatal Error] :1:1: Premature end of file.
2026-04-14 23:00:48,686 [ERROR] LogOutputStream:75 - [STDERR_REDIRECT] 
2026-04-14 23:00:49,666 [ERROR] LogOutputStream:75 - [STDERR_REDIRECT] [Fatal Error] :1:1: Premature end of file.
2026-04-14 23:00:49,666 [ERROR] LogOutputStream:75 - [STDERR_REDIRECT] 
2026-04-14 23:00:51,304 [ERROR] LogOutputStream:75 - [STDERR_REDIRECT] [Fatal Error] :1:1: Premature end of file.
2026-04-14 23:00:51,304 [ERROR] LogOutputStream:75 - [STDERR_REDIRECT] 
2026-04-14 23:00:51,665 [ERROR] LogOutputStream:75 - [STDERR_REDIRECT] [Fatal Error] :1:1: Premature end of file.
2026-04-14 23:00:51,665 [ERROR] LogOutputStream:75 - [STDERR_REDIRECT] 
2026-04-14 23:00:52,702 [ERROR] LogOutputStream:75 - [STDERR_REDIRECT] [Fatal Error] :1:1: Premature end of file.
2026-04-14 23:00:52,702 [ERROR] LogOutputStream:75 - [STDERR_REDIRECT] 
2026-04-14 23:00:53,706 [ERROR] LogOutputStream:75 - [STDERR_REDIRECT] [Fatal Error] :1:1: Premature end of file.
2026-04-14 23:00:53,706 [ERROR] LogOutputStream:75 - [STDERR_REDIRECT] 
2026-04-14 23:00:55,591 [ERROR] LogOutputStream:75 - [STDERR_REDIRECT] [Fatal Error] :1:1: Premature end of file.
2026-04-14 23:00:55,592 [ERROR] LogOutputStream:75 - [STDERR_REDIRECT] 
2026-04-14 23:00:55,700 [ERROR] LogOutputStream:75 - [STDERR_REDIRECT] [Fatal Error] :1:1: Premature end of file.
2026-04-14 23:00:55,701 [ERROR] LogOutputStream:75 - [STDERR_REDIRECT] 
2026-04-14 23:00:56,661 [ERROR] LogOutputStream:75 - [STDERR_REDIRECT] [Fatal Error] :1:1: Premature end of file.
2026-04-14 23:00:56,661 [ERROR] LogOutputStream:75 - [STDERR_REDIRECT] 
2026-04-14 23:00:57,647 [ERROR] LogOutputStream:75 - [STDERR_REDIRECT] [Fatal Error] :1:1: Premature end of file.
2026-04-14 23:00:57,647 [ERROR] LogOutputStream:75 - [STDERR_REDIRECT] 
2026-04-14 23:00:58,649 [ERROR] LogOutputStream:75 - [STDERR_REDIRECT] [Fatal Error] :1:1: Premature end of file.
2026-04-14 23:00:58,649 [ERROR] LogOutputStream:75 - [STDERR_REDIRECT] 
2026-04-14 23:00:59,652 [ERROR] LogOutputStream:75 - [STDERR_REDIRECT] [Fatal Error] :1:1: Premature end of file.
2026-04-14 23:00:59,652 [ERROR] LogOutputStream:75 - [STDERR_REDIRECT] 
2026-04-14 23:01:00,651 [ERROR] LogOutputStream:75 - [STDERR_REDIRECT] [Fatal Error] :1:1: Premature end of file.
2026-04-14 23:01:00,651 [ERROR] LogOutputStream:75 - [STDERR_REDIRECT] 
2026-04-14 23:01:01,652 [ERROR] LogOutputStream:75 - [STDERR_REDIRECT] [Fatal Error] :1:1: Premature end of file.
2026-04-14 23:01:01,652 [ERROR] LogOutputStream:75 - [STDERR_REDIRECT] 
2026-04-14 23:01:02,650 [ERROR] LogOutputStream:75 - [STDERR_REDIRECT] [Fatal Error] :1:1: Premature end of file.
2026-04-14 23:01:02,650 [ERROR] LogOutputStream:75 - [STDERR_REDIRECT] 
2026-04-14 23:01:03,650 [ERROR] LogOutputStream:75 - [STDERR_REDIRECT] [Fatal Error] :1:1: Premature end of file.
2026-04-14 23:01:03,651 [ERROR] LogOutputStream:75 - [STDERR_REDIRECT] 
2026-04-14 23:01:04,678 [ERROR] LogOutputStream:75 - [STDERR_REDIRECT] [Fatal Error] :1:1: Premature end of file.
2026-04-14 23:01:04,678 [ERROR] LogOutputStream:75 - [STDERR_REDIRECT] 
2026-04-14 23:01:05,656 [ERROR] LogOutputStream:75 - [STDERR_REDIRECT] [Fatal Error] :1:1: Premature end of file.
2026-04-14 23:01:05,657 [ERROR] LogOutputStream:75 - [STDERR_REDIRECT] 
2026-04-14 23:01:06,650 [ERROR] LogOutputStream:75 - [STDERR_REDIRECT] [Fatal Error] :1:1: Premature end of file.
2026-04-14 23:01:06,650 [ERROR] LogOutputStream:75 - [STDERR_REDIRECT] 
2026-04-14 23:01:07,652 [ERROR] LogOutputStream:75 - [STDERR_REDIRECT] [Fatal Error] :1:1: Premature end of file.
2026-04-14 23:01:07,652 [ERROR] LogOutputStream:75 - [STDERR_REDIRECT] 
2026-04-14 23:01:08,651 [ERROR] LogOutputStream:75 - [STDERR_REDIRECT] [Fatal Error] :1:1: Premature end of file.
2026-04-14 23:01:08,652 [ERROR] LogOutputStream:75 - [STDERR_REDIRECT] 
2026-04-14 23:01:09,650 [ERROR] LogOutputStream:75 - [STDERR_REDIRECT] [Fatal Error] :1:1: Premature end of file.
2026-04-14 23:01:09,650 [ERROR] LogOutputStream:75 - [STDERR_REDIRECT] 
2026-04-14 23:01:10,648 [ERROR] LogOutputStream:75 - [STDERR_REDIRECT] [Fatal Error] :1:1: Premature end of file.
2026-04-14 23:01:10,648 [ERROR] LogOutputStream:75 - [STDERR_REDIRECT] 
2026-04-14 23:01:11,653 [ERROR] LogOutputStream:75 - [STDERR_REDIRECT] [Fatal Error] :1:1: Premature end of file.
2026-04-14 23:01:11,653 [ERROR] LogOutputStream:75 - [STDERR_REDIRECT] 
2026-04-14 23:01:12,649 [ERROR] LogOutputStream:75 - [STDERR_REDIRECT] [Fatal Error] :1:1: Premature end of file.
2026-04-14 23:01:12,649 [ERROR] LogOutputStream:75 - [STDERR_REDIRECT] 
2026-04-14 23:01:13,650 [ERROR] LogOutputStream:75 - [STDERR_REDIRECT] [Fatal Error] :1:1: Premature end of file.
2026-04-14 23:01:13,650 [ERROR] LogOutputStream:75 - [STDERR_REDIRECT] 
2026-04-14 23:01:14,651 [ERROR] LogOutputStream:75 - [STDERR_REDIRECT] [Fatal Error] :1:1: Premature end of file.
2026-04-14 23:01:14,652 [ERROR] LogOutputStream:75 - [STDERR_REDIRECT] 
2026-04-14 23:01:15,647 [ERROR] LogOutputStream:75 - [STDERR_REDIRECT] [Fatal Error] :1:1: Premature end of file.
2026-04-14 23:01:15,647 [ERROR] LogOutputStream:75 - [STDERR_REDIRECT] 
2026-04-14 23:01:16,646 [ERROR] LogOutputStream:75 - [STDERR_REDIRECT] [Fatal Error] :1:1: Premature end of file.
2026-04-14 23:01:16,646 [ERROR] LogOutputStream:75 - [STDERR_REDIRECT] 
2026-04-14 23:01:17,648 [ERROR] LogOutputStream:75 - [STDERR_REDIRECT] [Fatal Error] :1:1: Premature end of file.
2026-04-14 23:01:17,649 [ERROR] LogOutputStream:75 - [STDERR_REDIRECT] 
2026-04-14 23:01:18,651 [ERROR] LogOutputStream:75 - [STDERR_REDIRECT] [Fatal Error] :1:1: Premature end of file.
2026-04-14 23:01:18,651 [ERROR] LogOutputStream:75 - [STDERR_REDIRECT] 
2026-04-14 23:01:19,651 [ERROR] LogOutputStream:75 - [STDERR_REDIRECT] [Fatal Error] :1:1: Premature end of file.
2026-04-14 23:01:19,651 [ERROR] LogOutputStream:75 - [STDERR_REDIRECT] 
2026-04-14 23:01:20,651 [ERROR] LogOutputStream:75 - [STDERR_REDIRECT] [Fatal Error] :1:1: Premature end of file.
2026-04-14 23:01:20,651 [ERROR] LogOutputStream:75 - [STDERR_REDIRECT] 
2026-04-14 23:01:21,649 [ERROR] LogOutputStream:75 - [STDERR_REDIRECT] [Fatal Error] :1:1: Premature end of file.
2026-04-14 23:01:21,649 [ERROR] LogOutputStream:75 - [STDERR_REDIRECT] 
2026-04-14 23:01:22,651 [ERROR] LogOutputStream:75 - [STDERR_REDIRECT] [Fatal Error] :1:1: Premature end of file.
2026-04-14 23:01:22,651 [ERROR] LogOutputStream:75 - [STDERR_REDIRECT] 
2026-04-14 23:01:23,648 [ERROR] LogOutputStream:75 - [STDERR_REDIRECT] [Fatal Error] :1:1: Premature end of file.
2026-04-14 23:01:23,649 [ERROR] LogOutputStream:75 - [STDERR_REDIRECT] 
2026-04-14 23:01:24,656 [ERROR] LogOutputStream:75 - [STDERR_REDIRECT] [Fatal Error] :1:1: Premature end of file.
2026-04-14 23:01:24,656 [ERROR] LogOutputStream:75 - [STDERR_REDIRECT] 
2026-04-14 23:01:25,656 [ERROR] LogOutputStream:75 - [STDERR_REDIRECT] [Fatal Error] :1:1: Premature end of file.
2026-04-14 23:01:25,657 [ERROR] LogOutputStream:75 - [STDERR_REDIRECT] 
2026-04-14 23:01:26,652 [ERROR] LogOutputStream:75 - [STDERR_REDIRECT] [Fatal Error] :1:1: Premature end of file.
2026-04-14 23:01:26,652 [ERROR] LogOutputStream:75 - [STDERR_REDIRECT] 
2026-04-14 23:01:27,650 [ERROR] LogOutputStream:75 - [STDERR_REDIRECT] [Fatal Error] :1:1: Premature end of file.
2026-04-14 23:01:27,651 [ERROR] LogOutputStream:75 - [STDERR_REDIRECT] 
2026-04-14 23:01:28,651 [ERROR] LogOutputStream:75 - [STDERR_REDIRECT] [Fatal Error] :1:1: Premature end of file.
2026-04-14 23:01:28,651 [ERROR] LogOutputStream:75 - [STDERR_REDIRECT] 
2026-04-14 23:01:29,648 [ERROR] LogOutputStream:75 - [STDERR_REDIRECT] [Fatal Error] :1:1: Premature end of file.
2026-04-14 23:01:29,649 [ERROR] LogOutputStream:75 - [STDERR_REDIRECT] 
2026-04-14 23:01:30,649 [ERROR] LogOutputStream:75 - [STDERR_REDIRECT] [Fatal Error] :1:1: Premature end of file.
2026-04-14 23:01:30,650 [ERROR] LogOutputStream:75 - [STDERR_REDIRECT] 
2026-04-14 23:01:31,650 [ERROR] LogOutputStream:75 - [STDERR_REDIRECT] [Fatal Error] :1:1: Premature end of file.
2026-04-14 23:01:31,650 [ERROR] LogOutputStream:75 - [STDERR_REDIRECT] 
2026-04-14 23:01:32,647 [ERROR] LogOutputStream:75 - [STDERR_REDIRECT] [Fatal Error] :1:1: Premature end of file.
2026-04-14 23:01:32,647 [ERROR] LogOutputStream:75 - [STDERR_REDIRECT] 
2026-04-14 23:01:33,645 [ERROR] LogOutputStream:75 - [STDERR_REDIRECT] [Fatal Error] :1:1: Premature end of file.
2026-04-14 23:01:33,645 [ERROR] LogOutputStream:75 - [STDERR_REDIRECT] 
2026-04-14 23:01:34,650 [ERROR] LogOutputStream:75 - [STDERR_REDIRECT] [Fatal Error] :1:1: Premature end of file.
2026-04-14 23:01:34,651 [ERROR] LogOutputStream:75 - [STDERR_REDIRECT] 
2026-04-14 23:01:35,671 [ERROR] LogOutputStream:75 - [STDERR_REDIRECT] [Fatal Error] :1:1: Premature end of file.
2026-04-14 23:01:35,671 [ERROR] LogOutputStream:75 - [STDERR_REDIRECT] 
2026-04-14 23:01:36,657 [ERROR] LogOutputStream:75 - [STDERR_REDIRECT] [Fatal Error] :1:1: Premature end of file.
2026-04-14 23:01:36,657 [ERROR] LogOutputStream:75 - [STDERR_REDIRECT] 
2026-04-14 23:01:37,657 [ERROR] LogOutputStream:75 - [STDERR_REDIRECT] [Fatal Error] :1:1: Premature end of file.
2026-04-14 23:01:37,657 [ERROR] LogOutputStream:75 - [STDERR_REDIRECT] 
2026-04-14 23:01:38,710 [ERROR] LogOutputStream:75 - [STDERR_REDIRECT] [Fatal Error] :1:1: Premature end of file.
2026-04-14 23:01:38,710 [ERROR] LogOutputStream:75 - [STDERR_REDIRECT] 
2026-04-14 23:01:39,683 [ERROR] LogOutputStream:75 - [STDERR_REDIRECT] [Fatal Error] :1:1: Premature end of file.
2026-04-14 23:01:39,683 [ERROR] LogOutputStream:75 - [STDERR_REDIRECT] 
2026-04-14 23:01:40,691 [ERROR] LogOutputStream:75 - [STDERR_REDIRECT] [Fatal Error] :1:1: Premature end of file.
2026-04-14 23:01:40,691 [ERROR] LogOutputStream:75 - [STDERR_REDIRECT] 
2026-04-14 23:01:41,706 [ERROR] LogOutputStream:75 - [STDERR_REDIRECT] [Fatal Error] :1:1: Premature end of file.
2026-04-14 23:01:41,707 [ERROR] LogOutputStream:75 - [STDERR_REDIRECT] 
2026-04-14 23:01:42,666 [ERROR] LogOutputStream:75 - [STDERR_REDIRECT] [Fatal Error] :1:1: Premature end of file.
2026-04-14 23:01:42,666 [ERROR] LogOutputStream:75 - [STDERR_REDIRECT] 
2026-04-14 23:01:43,658 [ERROR] LogOutputStream:75 - [STDERR_REDIRECT] [Fatal Error] :1:1: Premature end of file.
2026-04-14 23:01:43,659 [ERROR] LogOutputStream:75 - [STDERR_REDIRECT] 
2026-04-14 23:01:44,649 [ERROR] LogOutputStream:75 - [STDERR_REDIRECT] [Fatal Error] :1:1: Premature end of file.
2026-04-14 23:01:44,649 [ERROR] LogOutputStream:75 - [STDERR_REDIRECT] 
2026-04-14 23:01:45,653 [ERROR] LogOutputStream:75 - [STDERR_REDIRECT] [Fatal Error] :1:1: Premature end of file.
2026-04-14 23:01:45,654 [ERROR] LogOutputStream:75 - [STDERR_REDIRECT] 
2026-04-14 23:01:46,653 [ERROR] LogOutputStream:75 - [STDERR_REDIRECT] [Fatal Error] :1:1: Premature end of file.
2026-04-14 23:01:46,654 [ERROR] LogOutputStream:75 - [STDERR_REDIRECT] 
2026-04-14 23:01:47,652 [ERROR] LogOutputStream:75 - [STDERR_REDIRECT] [Fatal Error] :1:1: Premature end of file.
2026-04-14 23:01:47,652 [ERROR] LogOutputStream:75 - [STDERR_REDIRECT] 
2026-04-14 23:01:48,670 [ERROR] LogOutputStream:75 - [STDERR_REDIRECT] [Fatal Error] :1:1: Premature end of file.
2026-04-14 23:01:48,671 [ERROR] LogOutputStream:75 - [STDERR_REDIRECT] 
2026-04-14 23:01:49,649 [ERROR] LogOutputStream:75 - [STDERR_REDIRECT] [Fatal Error] :1:1: Premature end of file.
2026-04-14 23:01:49,649 [ERROR] LogOutputStream:75 - [STDERR_REDIRECT] 
2026-04-14 23:01:50,648 [ERROR] LogOutputStream:75 - [STDERR_REDIRECT] [Fatal Error] :1:1: Premature end of file.
2026-04-14 23:01:50,648 [ERROR] LogOutputStream:75 - [STDERR_REDIRECT] 
2026-04-14 23:01:51,645 [ERROR] LogOutputStream:75 - [STDERR_REDIRECT] [Fatal Error] :1:1: Premature end of file.
2026-04-14 23:01:51,645 [ERROR] LogOutputStream:75 - [STDERR_REDIRECT] 
2026-04-14 23:01:52,649 [ERROR] LogOutputStream:75 - [STDERR_REDIRECT] [Fatal Error] :1:1: Premature end of file.
2026-04-14 23:01:52,650 [ERROR] LogOutputStream:75 - [STDERR_REDIRECT] 
2026-04-14 23:01:53,649 [ERROR] LogOutputStream:75 - [STDERR_REDIRECT] [Fatal Error] :1:1: Premature end of file.
2026-04-14 23:01:53,649 [ERROR] LogOutputStream:75 - [STDERR_REDIRECT] 
2026-04-14 23:01:54,648 [ERROR] LogOutputStream:75 - [STDERR_REDIRECT] [Fatal Error] :1:1: Premature end of file.
2026-04-14 23:01:54,648 [ERROR] LogOutputStream:75 - [STDERR_REDIRECT] 
2026-04-14 23:01:55,686 [ERROR] LogOutputStream:75 - [STDERR_REDIRECT] [Fatal Error] :1:1: Premature end of file.
2026-04-14 23:01:55,686 [ERROR] LogOutputStream:75 - [STDERR_REDIRECT] 
2026-04-14 23:01:56,649 [ERROR] LogOutputStream:75 - [STDERR_REDIRECT] [Fatal Error] :1:1: Premature end of file.
2026-04-14 23:01:56,649 [ERROR] LogOutputStream:75 - [STDERR_REDIRECT] 
2026-04-14 23:01:57,651 [ERROR] LogOutputStream:75 - [STDERR_REDIRECT] [Fatal Error] :1:1: Premature end of file.
2026-04-14 23:01:57,652 [ERROR] LogOutputStream:75 - [STDERR_REDIRECT] 
2026-04-14 23:01:58,650 [ERROR] LogOutputStream:75 - [STDERR_REDIRECT] [Fatal Error] :1:1: Premature end of file.
2026-04-14 23:01:58,651 [ERROR] LogOutputStream:75 - [STDERR_REDIRECT] 
2026-04-14 23:01:59,651 [ERROR] LogOutputStream:75 - [STDERR_REDIRECT] [Fatal Error] :1:1: Premature end of file.
2026-04-14 23:01:59,651 [ERROR] LogOutputStream:75 - [STDERR_REDIRECT] 
2026-04-14 23:02:00,655 [ERROR] LogOutputStream:75 - [STDERR_REDIRECT] [Fatal Error] :1:1: Premature end of file.
2026-04-14 23:02:00,655 [ERROR] LogOutputStream:75 - [STDERR_REDIRECT] 
2026-04-14 23:02:01,647 [ERROR] LogOutputStream:75 - [STDERR_REDIRECT] [Fatal Error] :1:1: Premature end of file.
2026-04-14 23:02:01,648 [ERROR] LogOutputStream:75 - [STDERR_REDIRECT] 
2026-04-14 23:02:02,649 [ERROR] LogOutputStream:75 - [STDERR_REDIRECT] [Fatal Error] :1:1: Premature end of file.
2026-04-14 23:02:02,649 [ERROR] LogOutputStream:75 - [STDERR_REDIRECT] 
2026-04-14 23:02:03,650 [ERROR] LogOutputStream:75 - [STDERR_REDIRECT] [Fatal Error] :1:1: Premature end of file.
2026-04-14 23:02:03,651 [ERROR] LogOutputStream:75 - [STDERR_REDIRECT] 
2026-04-14 23:02:04,650 [ERROR] LogOutputStream:75 - [STDERR_REDIRECT] [Fatal Error] :1:1: Premature end of file.
2026-04-14 23:02:04,650 [ERROR] LogOutputStream:75 - [STDERR_REDIRECT] 
2026-04-14 23:02:05,653 [ERROR] LogOutputStream:75 - [STDERR_REDIRECT] [Fatal Error] :1:1: Premature end of file.
2026-04-14 23:02:05,654 [ERROR] LogOutputStream:75 - [STDERR_REDIRECT] 
2026-04-14 23:02:06,649 [ERROR] LogOutputStream:75 - [STDERR_REDIRECT] [Fatal Error] :1:1: Premature end of file.
2026-04-14 23:02:06,649 [ERROR] LogOutputStream:75 - [STDERR_REDIRECT] 
2026-04-14 23:02:07,651 [ERROR] LogOutputStream:75 - [STDERR_REDIRECT] [Fatal Error] :1:1: Premature end of file.
2026-04-14 23:02:07,651 [ERROR] LogOutputStream:75 - [STDERR_REDIRECT] 
2026-04-14 23:02:08,659 [ERROR] LogOutputStream:75 - [STDERR_REDIRECT] [Fatal Error] :1:1: Premature end of file.
2026-04-14 23:02:08,660 [ERROR] LogOutputStream:75 - [STDERR_REDIRECT] 
2026-04-14 23:02:09,653 [ERROR] LogOutputStream:75 - [STDERR_REDIRECT] [Fatal Error] :1:1: Premature end of file.
2026-04-14 23:02:09,653 [ERROR] LogOutputStream:75 - [STDERR_REDIRECT] 
2026-04-14 23:02:10,647 [ERROR] LogOutputStream:75 - [STDERR_REDIRECT] [Fatal Error] :1:1: Premature end of file.
2026-04-14 23:02:10,647 [ERROR] LogOutputStream:75 - [STDERR_REDIRECT] 
2026-04-14 23:02:11,650 [ERROR] LogOutputStream:75 - [STDERR_REDIRECT] [Fatal Error] :1:1: Premature end of file.
2026-04-14 23:02:11,650 [ERROR] LogOutputStream:75 - [STDERR_REDIRECT] 
2026-04-14 23:02:12,647 [ERROR] LogOutputStream:75 - [STDERR_REDIRECT] [Fatal Error] :1:1: Premature end of file.
2026-04-14 23:02:12,647 [ERROR] LogOutputStream:75 - [STDERR_REDIRECT] 
2026-04-14 23:02:13,649 [ERROR] LogOutputStream:75 - [STDERR_REDIRECT] [Fatal Error] :1:1: Premature end of file.
2026-04-14 23:02:13,650 [ERROR] LogOutputStream:75 - [STDERR_REDIRECT] 
2026-04-14 23:02:14,656 [ERROR] LogOutputStream:75 - [STDERR_REDIRECT] [Fatal Error] :1:1: Premature end of file.
2026-04-14 23:02:14,656 [ERROR] LogOutputStream:75 - [STDERR_REDIRECT] 
2026-04-14 23:02:15,652 [ERROR] LogOutputStream:75 - [STDERR_REDIRECT] [Fatal Error] :1:1: Premature end of file.
2026-04-14 23:02:15,652 [ERROR] LogOutputStream:75 - [STDERR_REDIRECT] 
2026-04-14 23:02:16,653 [ERROR] LogOutputStream:75 - [STDERR_REDIRECT] [Fatal Error] :1:1: Premature end of file.
2026-04-14 23:02:16,653 [ERROR] LogOutputStream:75 - [STDERR_REDIRECT] 
2026-04-14 23:02:17,650 [ERROR] LogOutputStream:75 - [STDERR_REDIRECT] [Fatal Error] :1:1: Premature end of file.
2026-04-14 23:02:17,651 [ERROR] LogOutputStream:75 - [STDERR_REDIRECT] 
2026-04-14 23:02:18,651 [ERROR] LogOutputStream:75 - [STDERR_REDIRECT] [Fatal Error] :1:1: Premature end of file.
2026-04-14 23:02:18,651 [ERROR] LogOutputStream:75 - [STDERR_REDIRECT] 
2026-04-14 23:02:19,667 [ERROR] LogOutputStream:75 - [STDERR_REDIRECT] [Fatal Error] :1:1: Premature end of file.
2026-04-14 23:02:19,667 [ERROR] LogOutputStream:75 - [STDERR_REDIRECT] 
2026-04-14 23:02:20,707 [ERROR] LogOutputStream:75 - [STDERR_REDIRECT] [Fatal Error] :1:1: Premature end of file.
2026-04-14 23:02:20,708 [ERROR] LogOutputStream:75 - [STDERR_REDIRECT] 
2026-04-14 23:02:21,719 [ERROR] LogOutputStream:75 - [STDERR_REDIRECT] [Fatal Error] :1:1: Premature end of file.
2026-04-14 23:02:21,719 [ERROR] LogOutputStream:75 - [STDERR_REDIRECT] 
2026-04-14 23:02:22,707 [ERROR] LogOutputStream:75 - [STDERR_REDIRECT] [Fatal Error] :1:1: Premature end of file.
2026-04-14 23:02:22,707 [ERROR] LogOutputStream:75 - [STDERR_REDIRECT] 
2026-04-14 23:02:23,675 [ERROR] LogOutputStream:75 - [STDERR_REDIRECT] [Fatal Error] :1:1: Premature end of file.
2026-04-14 23:02:23,676 [ERROR] LogOutputStream:75 - [STDERR_REDIRECT] 
2026-04-14 23:02:24,665 [ERROR] LogOutputStream:75 - [STDERR_REDIRECT] [Fatal Error] :1:1: Premature end of file.
2026-04-14 23:02:24,666 [ERROR] LogOutputStream:75 - [STDERR_REDIRECT] 
2026-04-14 23:02:25,689 [ERROR] LogOutputStream:75 - [STDERR_REDIRECT] [Fatal Error] :1:1: Premature end of file.
2026-04-14 23:02:25,690 [ERROR] LogOutputStream:75 - [STDERR_REDIRECT] 
2026-04-14 23:02:26,865 [ERROR] LogOutputStream:75 - [STDERR_REDIRECT] [Fatal Error] :1:1: Premature end of file.
2026-04-14 23:02:26,866 [ERROR] LogOutputStream:75 - [STDERR_REDIRECT] 
2026-04-14 23:02:27,683 [ERROR] LogOutputStream:75 - [STDERR_REDIRECT] [Fatal Error] :1:1: Premature end of file.
2026-04-14 23:02:27,683 [ERROR] LogOutputStream:75 - [STDERR_REDIRECT] 
2026-04-14 23:02:28,673 [ERROR] LogOutputStream:75 - [STDERR_REDIRECT] [Fatal Error] :1:1: Premature end of file.
2026-04-14 23:02:28,674 [ERROR] LogOutputStream:75 - [STDERR_REDIRECT] 
2026-04-14 23:02:29,720 [ERROR] LogOutputStream:75 - [STDERR_REDIRECT] [Fatal Error] :1:1: Premature end of file.
2026-04-14 23:02:29,721 [ERROR] LogOutputStream:75 - [STDERR_REDIRECT] 
2026-04-14 23:02:30,765 [ERROR] LogOutputStream:75 - [STDERR_REDIRECT] [Fatal Error] :1:1: Premature end of file.
2026-04-14 23:02:30,765 [ERROR] LogOutputStream:75 - [STDERR_REDIRECT] 
2026-04-14 23:02:31,643 [ERROR] LogOutputStream:75 - [STDERR_REDIRECT] [Fatal Error] :1:1: Premature end of file.
2026-04-14 23:02:31,643 [ERROR] LogOutputStream:75 - [STDERR_REDIRECT] 
2026-04-14 23:02:32,643 [ERROR] LogOutputStream:75 - [STDERR_REDIRECT] [Fatal Error] :1:1: Premature end of file.
2026-04-14 23:02:32,644 [ERROR] LogOutputStream:75 - [STDERR_REDIRECT] 
2026-04-14 23:02:33,650 [ERROR] LogOutputStream:75 - [STDERR_REDIRECT] [Fatal Error] :1:1: Premature end of file.
2026-04-14 23:02:33,650 [ERROR] LogOutputStream:75 - [STDERR_REDIRECT] 
2026-04-14 23:02:34,663 [ERROR] LogOutputStream:75 - [STDERR_REDIRECT] [Fatal Error] :1:1: Premature end of file.
2026-04-14 23:02:34,663 [ERROR] LogOutputStream:75 - [STDERR_REDIRECT] 
2026-04-14 23:02:35,664 [ERROR] LogOutputStream:75 - [STDERR_REDIRECT] [Fatal Error] :1:1: Premature end of file.
2026-04-14 23:02:35,665 [ERROR] LogOutputStream:75 - [STDERR_REDIRECT] 
2026-04-14 23:02:36,651 [ERROR] LogOutputStream:75 - [STDERR_REDIRECT] [Fatal Error] :1:1: Premature end of file.
2026-04-14 23:02:36,651 [ERROR] LogOutputStream:75 - [STDERR_REDIRECT] 
2026-04-14 23:02:37,649 [ERROR] LogOutputStream:75 - [STDERR_REDIRECT] [Fatal Error] :1:1: Premature end of file.
2026-04-14 23:02:37,649 [ERROR] LogOutputStream:75 - [STDERR_REDIRECT] 
2026-04-14 23:02:38,649 [ERROR] LogOutputStream:75 - [STDERR_REDIRECT] [Fatal Error] :1:1: Premature end of file.
2026-04-14 23:02:38,649 [ERROR] LogOutputStream:75 - [STDERR_REDIRECT] 
2026-04-14 23:02:39,675 [ERROR] LogOutputStream:75 - [STDERR_REDIRECT] [Fatal Error] :1:1: Premature end of file.
2026-04-14 23:02:39,675 [ERROR] LogOutputStream:75 - [STDERR_REDIRECT] 
2026-04-14 23:02:40,701 [ERROR] LogOutputStream:75 - [STDERR_REDIRECT] [Fatal Error] :1:1: Premature end of file.
2026-04-14 23:02:40,701 [ERROR] LogOutputStream:75 - [STDERR_REDIRECT] 
2026-04-14 23:02:41,646 [ERROR] LogOutputStream:75 - [STDERR_REDIRECT] [Fatal Error] :1:1: Premature end of file.
2026-04-14 23:02:41,646 [ERROR] LogOutputStream:75 - [STDERR_REDIRECT] 
2026-04-14 23:02:42,645 [ERROR] LogOutputStream:75 - [STDERR_REDIRECT] [Fatal Error] :1:1: Premature end of file.
2026-04-14 23:02:42,645 [ERROR] LogOutputStream:75 - [STDERR_REDIRECT] 
2026-04-14 23:02:43,654 [ERROR] LogOutputStream:75 - [STDERR_REDIRECT] [Fatal Error] :1:1: Premature end of file.
2026-04-14 23:02:43,655 [ERROR] LogOutputStream:75 - [STDERR_REDIRECT] 
2026-04-14 23:02:44,666 [ERROR] LogOutputStream:75 - [STDERR_REDIRECT] [Fatal Error] :1:1: Premature end of file.
2026-04-14 23:02:44,666 [ERROR] LogOutputStream:75 - [STDERR_REDIRECT] 
2026-04-14 23:02:45,667 [ERROR] LogOutputStream:75 - [STDERR_REDIRECT] [Fatal Error] :1:1: Premature end of file.
2026-04-14 23:02:45,668 [ERROR] LogOutputStream:75 - [STDERR_REDIRECT] 
2026-04-14 23:02:46,662 [ERROR] LogOutputStream:75 - [STDERR_REDIRECT] [Fatal Error] :1:1: Premature end of file.
2026-04-14 23:02:46,662 [ERROR] LogOutputStream:75 - [STDERR_REDIRECT] 
2026-04-14 23:02:47,657 [ERROR] LogOutputStream:75 - [STDERR_REDIRECT] [Fatal Error] :1:1: Premature end of file.
2026-04-14 23:02:47,658 [ERROR] LogOutputStream:75 - [STDERR_REDIRECT] 
2026-04-14 23:02:48,657 [ERROR] LogOutputStream:75 - [STDERR_REDIRECT] [Fatal Error] :1:1: Premature end of file.
2026-04-14 23:02:48,657 [ERROR] LogOutputStream:75 - [STDERR_REDIRECT] 
2026-04-14 23:02:49,666 [ERROR] LogOutputStream:75 - [STDERR_REDIRECT] [Fatal Error] :1:1: Premature end of file.
2026-04-14 23:02:49,667 [ERROR] LogOutputStream:75 - [STDERR_REDIRECT] 
2026-04-14 23:02:51,048 [ERROR] LogOutputStream:75 - [STDERR_REDIRECT] [Fatal Error] :1:1: Premature end of file.
2026-04-14 23:02:51,049 [ERROR] LogOutputStream:75 - [STDERR_REDIRECT] 
2026-04-14 23:02:51,678 [ERROR] LogOutputStream:75 - [STDERR_REDIRECT] [Fatal Error] :1:1: Premature end of file.
2026-04-14 23:02:51,679 [ERROR] LogOutputStream:75 - [STDERR_REDIRECT] 
2026-04-14 23:02:52,667 [ERROR] LogOutputStream:75 - [STDERR_REDIRECT] [Fatal Error] :1:1: Premature end of file.
2026-04-14 23:02:52,667 [ERROR] LogOutputStream:75 - [STDERR_REDIRECT] 
2026-04-14 23:02:53,695 [ERROR] LogOutputStream:75 - [STDERR_REDIRECT] [Fatal Error] :1:1: Premature end of file.
2026-04-14 23:02:53,695 [ERROR] LogOutputStream:75 - [STDERR_REDIRECT] 
2026-04-14 23:02:54,679 [ERROR] LogOutputStream:75 - [STDERR_REDIRECT] [Fatal Error] :1:1: Premature end of file.
2026-04-14 23:02:54,679 [ERROR] LogOutputStream:75 - [STDERR_REDIRECT] 
2026-04-14 23:02:55,659 [ERROR] LogOutputStream:75 - [STDERR_REDIRECT] [Fatal Error] :1:1: Premature end of file.
2026-04-14 23:02:55,659 [ERROR] LogOutputStream:75 - [STDERR_REDIRECT] 
2026-04-14 23:02:56,649 [ERROR] LogOutputStream:75 - [STDERR_REDIRECT] [Fatal Error] :1:1: Premature end of file.
2026-04-14 23:02:56,649 [ERROR] LogOutputStream:75 - [STDERR_REDIRECT] 
2026-04-14 23:02:57,894 [ERROR] LogOutputStream:75 - [STDERR_REDIRECT] [Fatal Error] :1:1: Premature end of file.
2026-04-14 23:02:57,895 [ERROR] LogOutputStream:75 - [STDERR_REDIRECT] 
2026-04-14 23:02:58,647 [ERROR] LogOutputStream:75 - [STDERR_REDIRECT] [Fatal Error] :1:1: Premature end of file.
2026-04-14 23:02:58,647 [ERROR] LogOutputStream:75 - [STDERR_REDIRECT] 
2026-04-14 23:02:59,675 [ERROR] LogOutputStream:75 - [STDERR_REDIRECT] [Fatal Error] :1:1: Premature end of file.
2026-04-14 23:02:59,675 [ERROR] LogOutputStream:75 - [STDERR_REDIRECT] 
2026-04-14 23:03:00,650 [ERROR] LogOutputStream:75 - [STDERR_REDIRECT] [Fatal Error] :1:1: Premature end of file.
2026-04-14 23:03:00,650 [ERROR] LogOutputStream:75 - [STDERR_REDIRECT] 
2026-04-14 23:03:01,660 [ERROR] LogOutputStream:75 - [STDERR_REDIRECT] [Fatal Error] :1:1: Premature end of file.
2026-04-14 23:03:01,660 [ERROR] LogOutputStream:75 - [STDERR_REDIRECT] 
2026-04-14 23:03:02,650 [ERROR] LogOutputStream:75 - [STDERR_REDIRECT] [Fatal Error] :1:1: Premature end of file.
2026-04-14 23:03:02,650 [ERROR] LogOutputStream:75 - [STDERR_REDIRECT] 
2026-04-14 23:03:03,650 [ERROR] LogOutputStream:75 - [STDERR_REDIRECT] [Fatal Error] :1:1: Premature end of file.
2026-04-14 23:03:03,650 [ERROR] LogOutputStream:75 - [STDERR_REDIRECT] 
2026-04-14 23:03:04,649 [ERROR] LogOutputStream:75 - [STDERR_REDIRECT] [Fatal Error] :1:1: Premature end of file.
2026-04-14 23:03:04,649 [ERROR] LogOutputStream:75 - [STDERR_REDIRECT] 
2026-04-14 23:03:05,647 [ERROR] LogOutputStream:75 - [STDERR_REDIRECT] [Fatal Error] :1:1: Premature end of file.
2026-04-14 23:03:05,648 [ERROR] LogOutputStream:75 - [STDERR_REDIRECT] 
2026-04-14 23:03:06,649 [ERROR] LogOutputStream:75 - [STDERR_REDIRECT] [Fatal Error] :1:1: Premature end of file.
2026-04-14 23:03:06,649 [ERROR] LogOutputStream:75 - [STDERR_REDIRECT] 
2026-04-14 23:03:07,649 [ERROR] LogOutputStream:75 - [STDERR_REDIRECT] [Fatal Error] :1:1: Premature end of file.
2026-04-14 23:03:07,650 [ERROR] LogOutputStream:75 - [STDERR_REDIRECT] 
2026-04-14 23:03:08,647 [ERROR] LogOutputStream:75 - [STDERR_REDIRECT] [Fatal Error] :1:1: Premature end of file.
2026-04-14 23:03:08,647 [ERROR] LogOutputStream:75 - [STDERR_REDIRECT] 
2026-04-14 23:03:09,646 [ERROR] LogOutputStream:75 - [STDERR_REDIRECT] [Fatal Error] :1:1: Premature end of file.
2026-04-14 23:03:09,646 [ERROR] LogOutputStream:75 - [STDERR_REDIRECT] 
2026-04-14 23:03:10,643 [ERROR] LogOutputStream:75 - [STDERR_REDIRECT] [Fatal Error] :1:1: Premature end of file.
2026-04-14 23:03:10,644 [ERROR] LogOutputStream:75 - [STDERR_REDIRECT] 
2026-04-14 23:03:11,645 [ERROR] LogOutputStream:75 - [STDERR_REDIRECT] [Fatal Error] :1:1: Premature end of file.
2026-04-14 23:03:11,645 [ERROR] LogOutputStream:75 - [STDERR_REDIRECT] 
2026-04-14 23:03:12,648 [ERROR] LogOutputStream:75 - [STDERR_REDIRECT] [Fatal Error] :1:1: Premature end of file.
2026-04-14 23:03:12,649 [ERROR] LogOutputStream:75 - [STDERR_REDIRECT] 
2026-04-14 23:03:13,652 [ERROR] LogOutputStream:75 - [STDERR_REDIRECT] [Fatal Error] :1:1: Premature end of file.
2026-04-14 23:03:13,652 [ERROR] LogOutputStream:75 - [STDERR_REDIRECT] 
2026-04-14 23:03:14,645 [ERROR] LogOutputStream:75 - [STDERR_REDIRECT] [Fatal Error] :1:1: Premature end of file.
2026-04-14 23:03:14,645 [ERROR] LogOutputStream:75 - [STDERR_REDIRECT] 
2026-04-14 23:03:15,649 [ERROR] LogOutputStream:75 - [STDERR_REDIRECT] [Fatal Error] :1:1: Premature end of file.
2026-04-14 23:03:15,649 [ERROR] LogOutputStream:75 - [STDERR_REDIRECT] 
2026-04-14 23:03:16,649 [ERROR] LogOutputStream:75 - [STDERR_REDIRECT] [Fatal Error] :1:1: Premature end of file.
2026-04-14 23:03:16,649 [ERROR] LogOutputStream:75 - [STDERR_REDIRECT] 
2026-04-14 23:03:17,649 [ERROR] LogOutputStream:75 - [STDERR_REDIRECT] [Fatal Error] :1:1: Premature end of file.
2026-04-14 23:03:17,649 [ERROR] LogOutputStream:75 - [STDERR_REDIRECT] 
2026-04-14 23:03:18,708 [ERROR] LogOutputStream:75 - [STDERR_REDIRECT] [Fatal Error] :1:1: Premature end of file.
2026-04-14 23:03:18,708 [ERROR] LogOutputStream:75 - [STDERR_REDIRECT] 
2026-04-14 23:03:19,687 [ERROR] LogOutputStream:75 - [STDERR_REDIRECT] [Fatal Error] :1:1: Premature end of file.
2026-04-14 23:03:19,687 [ERROR] LogOutputStream:75 - [STDERR_REDIRECT] 
2026-04-14 23:03:20,739 [ERROR] LogOutputStream:75 - [STDERR_REDIRECT] [Fatal Error] :1:1: Premature end of file.
2026-04-14 23:03:20,739 [ERROR] LogOutputStream:75 - [STDERR_REDIRECT] 
2026-04-14 23:03:21,699 [ERROR] LogOutputStream:75 - [STDERR_REDIRECT] [Fatal Error] :1:1: Premature end of file.
2026-04-14 23:03:21,700 [ERROR] LogOutputStream:75 - [STDERR_REDIRECT] 
2026-04-14 23:03:22,739 [ERROR] LogOutputStream:75 - [STDERR_REDIRECT] [Fatal Error] :1:1: Premature end of file.
2026-04-14 23:03:22,740 [ERROR] LogOutputStream:75 - [STDERR_REDIRECT] 
2026-04-14 23:03:23,680 [ERROR] LogOutputStream:75 - [STDERR_REDIRECT] [Fatal Error] :1:1: Premature end of file.
2026-04-14 23:03:23,681 [ERROR] LogOutputStream:75 - [STDERR_REDIRECT] 
2026-04-14 23:03:24,678 [ERROR] LogOutputStream:75 - [STDERR_REDIRECT] [Fatal Error] :1:1: Premature end of file.
2026-04-14 23:03:24,679 [ERROR] LogOutputStream:75 - [STDERR_REDIRECT] 
2026-04-14 23:03:25,674 [ERROR] LogOutputStream:75 - [STDERR_REDIRECT] [Fatal Error] :1:1: Premature end of file.
2026-04-14 23:03:25,674 [ERROR] LogOutputStream:75 - [STDERR_REDIRECT] 
2026-04-14 23:03:26,664 [ERROR] LogOutputStream:75 - [STDERR_REDIRECT] [Fatal Error] :1:1: Premature end of file.
2026-04-14 23:03:26,664 [ERROR] LogOutputStream:75 - [STDERR_REDIRECT] 
2026-04-14 23:03:27,679 [ERROR] LogOutputStream:75 - [STDERR_REDIRECT] [Fatal Error] :1:1: Premature end of file.
2026-04-14 23:03:27,679 [ERROR] LogOutputStream:75 - [STDERR_REDIRECT] 
2026-04-14 23:03:28,678 [ERROR] LogOutputStream:75 - [STDERR_REDIRECT] [Fatal Error] :1:1: Premature end of file.
2026-04-14 23:03:28,679 [ERROR] LogOutputStream:75 - [STDERR_REDIRECT] 
2026-04-14 23:03:29,709 [ERROR] LogOutputStream:75 - [STDERR_REDIRECT] [Fatal Error] :1:1: Premature end of file.
2026-04-14 23:03:29,709 [ERROR] LogOutputStream:75 - [STDERR_REDIRECT] 
2026-04-14 23:03:30,659 [ERROR] LogOutputStream:75 - [STDERR_REDIRECT] [Fatal Error] :1:1: Premature end of file.
2026-04-14 23:03:30,661 [ERROR] LogOutputStream:75 - [STDERR_REDIRECT] 
2026-04-14 23:03:31,659 [ERROR] LogOutputStream:75 - [STDERR_REDIRECT] [Fatal Error] :1:1: Premature end of file.
2026-04-14 23:03:31,659 [ERROR] LogOutputStream:75 - [STDERR_REDIRECT] 
2026-04-14 23:03:32,709 [ERROR] LogOutputStream:75 - [STDERR_REDIRECT] [Fatal Error] :1:1: Premature end of file.
2026-04-14 23:03:32,709 [ERROR] LogOutputStream:75 - [STDERR_REDIRECT] 
2026-04-14 23:03:33,661 [ERROR] LogOutputStream:75 - [STDERR_REDIRECT] [Fatal Error] :1:1: Premature end of file.
2026-04-14 23:03:33,661 [ERROR] LogOutputStream:75 - [STDERR_REDIRECT] 
2026-04-14 23:03:34,671 [ERROR] LogOutputStream:75 - [STDERR_REDIRECT] [Fatal Error] :1:1: Premature end of file.
2026-04-14 23:03:34,671 [ERROR] LogOutputStream:75 - [STDERR_REDIRECT] 
2026-04-14 23:03:35,665 [ERROR] LogOutputStream:75 - [STDERR_REDIRECT] [Fatal Error] :1:1: Premature end of file.
2026-04-14 23:03:35,666 [ERROR] LogOutputStream:75 - [STDERR_REDIRECT] 
2026-04-14 23:03:36,688 [ERROR] LogOutputStream:75 - [STDERR_REDIRECT] [Fatal Error] :1:1: Premature end of file.
2026-04-14 23:03:36,688 [ERROR] LogOutputStream:75 - [STDERR_REDIRECT] 
2026-04-14 23:03:37,700 [ERROR] LogOutputStream:75 - [STDERR_REDIRECT] [Fatal Error] :1:1: Premature end of file.
2026-04-14 23:03:37,701 [ERROR] LogOutputStream:75 - [STDERR_REDIRECT] 
2026-04-14 23:03:38,683 [ERROR] LogOutputStream:75 - [STDERR_REDIRECT] [Fatal Error] :1:1: Premature end of file.
2026-04-14 23:03:38,683 [ERROR] LogOutputStream:75 - [STDERR_REDIRECT] 
2026-04-14 23:03:39,685 [ERROR] LogOutputStream:75 - [STDERR_REDIRECT] [Fatal Error] :1:1: Premature end of file.
2026-04-14 23:03:39,685 [ERROR] LogOutputStream:75 - [STDERR_REDIRECT] 
2026-04-14 23:03:40,691 [ERROR] LogOutputStream:75 - [STDERR_REDIRECT] [Fatal Error] :1:1: Premature end of file.
2026-04-14 23:03:40,692 [ERROR] LogOutputStream:75 - [STDERR_REDIRECT] 
2026-04-14 23:03:41,748 [ERROR] LogOutputStream:75 - [STDERR_REDIRECT] [Fatal Error] :1:1: Premature end of file.
2026-04-14 23:03:41,749 [ERROR] LogOutputStream:75 - [STDERR_REDIRECT] 
2026-04-14 23:03:42,703 [ERROR] LogOutputStream:75 - [STDERR_REDIRECT] [Fatal Error] :1:1: Premature end of file.
2026-04-14 23:03:42,703 [ERROR] LogOutputStream:75 - [STDERR_REDIRECT] 
2026-04-14 23:03:43,684 [ERROR] LogOutputStream:75 - [STDERR_REDIRECT] [Fatal Error] :1:1: Premature end of file.
2026-04-14 23:03:43,684 [ERROR] LogOutputStream:75 - [STDERR_REDIRECT] 
2026-04-14 23:03:44,678 [ERROR] LogOutputStream:75 - [STDERR_REDIRECT] [Fatal Error] :1:1: Premature end of file.
2026-04-14 23:03:44,679 [ERROR] LogOutputStream:75 - [STDERR_REDIRECT] 
2026-04-14 23:03:45,690 [ERROR] LogOutputStream:75 - [STDERR_REDIRECT] [Fatal Error] :1:1: Premature end of file.
2026-04-14 23:03:45,692 [ERROR] LogOutputStream:75 - [STDERR_REDIRECT] 
2026-04-14 23:03:46,701 [ERROR] LogOutputStream:75 - [STDERR_REDIRECT] [Fatal Error] :1:1: Premature end of file.
2026-04-14 23:03:46,704 [ERROR] LogOutputStream:75 - [STDERR_REDIRECT] 
2026-04-14 23:03:47,683 [ERROR] LogOutputStream:75 - [STDERR_REDIRECT] [Fatal Error] :1:1: Premature end of file.
2026-04-14 23:03:47,684 [ERROR] LogOutputStream:75 - [STDERR_REDIRECT] 
2026-04-14 23:03:48,682 [ERROR] LogOutputStream:75 - [STDERR_REDIRECT] [Fatal Error] :1:1: Premature end of file.
2026-04-14 23:03:48,683 [ERROR] LogOutputStream:75 - [STDERR_REDIRECT] 
2026-04-14 23:03:49,709 [ERROR] LogOutputStream:75 - [STDERR_REDIRECT] [Fatal Error] :1:1: Premature end of file.
2026-04-14 23:03:49,709 [ERROR] LogOutputStream:75 - [STDERR_REDIRECT] 
2026-04-14 23:03:50,697 [ERROR] LogOutputStream:75 - [STDERR_REDIRECT] [Fatal Error] :1:1: Premature end of file.
2026-04-14 23:03:50,698 [ERROR] LogOutputStream:75 - [STDERR_REDIRECT] 
2026-04-14 23:03:51,877 [ERROR] LogOutputStream:75 - [STDERR_REDIRECT] [Fatal Error] :1:1: Premature end of file.
2026-04-14 23:03:51,877 [ERROR] LogOutputStream:75 - [STDERR_REDIRECT] 
2026-04-14 23:03:52,704 [ERROR] LogOutputStream:75 - [STDERR_REDIRECT] [Fatal Error] :1:1: Premature end of file.
2026-04-14 23:03:52,704 [ERROR] LogOutputStream:75 - [STDERR_REDIRECT] 
2026-04-14 23:03:53,703 [ERROR] LogOutputStream:75 - [STDERR_REDIRECT] [Fatal Error] :1:1: Premature end of file.
2026-04-14 23:03:53,704 [ERROR] LogOutputStream:75 - [STDERR_REDIRECT] 
2026-04-14 23:03:54,670 [ERROR] LogOutputStream:75 - [STDERR_REDIRECT] [Fatal Error] :1:1: Premature end of file.
2026-04-14 23:03:54,670 [ERROR] LogOutputStream:75 - [STDERR_REDIRECT] 
2026-04-14 23:03:55,707 [ERROR] LogOutputStream:75 - [STDERR_REDIRECT] [Fatal Error] :1:1: Premature end of file.
2026-04-14 23:03:55,707 [ERROR] LogOutputStream:75 - [STDERR_REDIRECT] 
2026-04-14 23:03:56,668 [ERROR] LogOutputStream:75 - [STDERR_REDIRECT] [Fatal Error] :1:1: Premature end of file.
2026-04-14 23:03:56,668 [ERROR] LogOutputStream:75 - [STDERR_REDIRECT] 
2026-04-14 23:03:57,653 [ERROR] LogOutputStream:75 - [STDERR_REDIRECT] [Fatal Error] :1:1: Premature end of file.
2026-04-14 23:03:57,653 [ERROR] LogOutputStream:75 - [STDERR_REDIRECT] 
2026-04-14 23:03:58,668 [ERROR] LogOutputStream:75 - [STDERR_REDIRECT] [Fatal Error] :1:1: Premature end of file.
2026-04-14 23:03:58,668 [ERROR] LogOutputStream:75 - [STDERR_REDIRECT] 
2026-04-14 23:03:59,665 [ERROR] LogOutputStream:75 - [STDERR_REDIRECT] [Fatal Error] :1:1: Premature end of file.
2026-04-14 23:03:59,666 [ERROR] LogOutputStream:75 - [STDERR_REDIRECT] 
2026-04-14 23:04:00,956 [ERROR] LogOutputStream:75 - [STDERR_REDIRECT] [Fatal Error] :1:1: Premature end of file.
2026-04-14 23:04:00,957 [ERROR] LogOutputStream:75 - [STDERR_REDIRECT] 
2026-04-14 23:04:01,687 [ERROR] LogOutputStream:75 - [STDERR_REDIRECT] [Fatal Error] :1:1: Premature end of file.
2026-04-14 23:04:01,687 [ERROR] LogOutputStream:75 - [STDERR_REDIRECT] 
2026-04-14 23:04:02,756 [ERROR] LogOutputStream:75 - [STDERR_REDIRECT] [Fatal Error] :1:1: Premature end of file.
2026-04-14 23:04:02,757 [ERROR] LogOutputStream:75 - [STDERR_REDIRECT] 
2026-04-14 23:04:03,690 [ERROR] LogOutputStream:75 - [STDERR_REDIRECT] [Fatal Error] :1:1: Premature end of file.
2026-04-14 23:04:03,690 [ERROR] LogOutputStream:75 - [STDERR_REDIRECT] 
2026-04-14 23:04:04,683 [ERROR] LogOutputStream:75 - [STDERR_REDIRECT] [Fatal Error] :1:1: Premature end of file.
2026-04-14 23:04:04,684 [ERROR] LogOutputStream:75 - [STDERR_REDIRECT] 
2026-04-14 23:04:05,680 [ERROR] LogOutputStream:75 - [STDERR_REDIRECT] [Fatal Error] :1:1: Premature end of file.
2026-04-14 23:04:05,681 [ERROR] LogOutputStream:75 - [STDERR_REDIRECT] 
2026-04-14 23:04:06,682 [ERROR] LogOutputStream:75 - [STDERR_REDIRECT] [Fatal Error] :1:1: Premature end of file.
2026-04-14 23:04:06,682 [ERROR] LogOutputStream:75 - [STDERR_REDIRECT] 
2026-04-14 23:04:07,713 [ERROR] LogOutputStream:75 - [STDERR_REDIRECT] [Fatal Error] :1:1: Premature end of file.
2026-04-14 23:04:07,714 [ERROR] LogOutputStream:75 - [STDERR_REDIRECT] 
2026-04-14 23:04:08,664 [ERROR] LogOutputStream:75 - [STDERR_REDIRECT] [Fatal Error] :1:1: Premature end of file.
2026-04-14 23:04:08,665 [ERROR] LogOutputStream:75 - [STDERR_REDIRECT] 
2026-04-14 23:04:09,676 [ERROR] LogOutputStream:75 - [STDERR_REDIRECT] [Fatal Error] :1:1: Premature end of file.
2026-04-14 23:04:09,676 [ERROR] LogOutputStream:75 - [STDERR_REDIRECT] 
2026-04-14 23:04:10,661 [ERROR] LogOutputStream:75 - [STDERR_REDIRECT] [Fatal Error] :1:1: Premature end of file.
2026-04-14 23:04:10,662 [ERROR] LogOutputStream:75 - [STDERR_REDIRECT] 
2026-04-14 23:04:11,650 [ERROR] LogOutputStream:75 - [STDERR_REDIRECT] [Fatal Error] :1:1: Premature end of file.
2026-04-14 23:04:11,650 [ERROR] LogOutputStream:75 - [STDERR_REDIRECT] 
2026-04-14 23:04:12,666 [ERROR] LogOutputStream:75 - [STDERR_REDIRECT] [Fatal Error] :1:1: Premature end of file.
2026-04-14 23:04:12,667 [ERROR] LogOutputStream:75 - [STDERR_REDIRECT] 
2026-04-14 23:04:13,660 [ERROR] LogOutputStream:75 - [STDERR_REDIRECT] [Fatal Error] :1:1: Premature end of file.
2026-04-14 23:04:13,661 [ERROR] LogOutputStream:75 - [STDERR_REDIRECT] 
2026-04-14 23:04:14,673 [ERROR] LogOutputStream:75 - [STDERR_REDIRECT] [Fatal Error] :1:1: Premature end of file.
2026-04-14 23:04:14,674 [ERROR] LogOutputStream:75 - [STDERR_REDIRECT] 
2026-04-14 23:04:15,706 [ERROR] LogOutputStream:75 - [STDERR_REDIRECT] [Fatal Error] :1:1: Premature end of file.
2026-04-14 23:04:15,706 [ERROR] LogOutputStream:75 - [STDERR_REDIRECT] 
2026-04-14 23:04:16,686 [ERROR] LogOutputStream:75 - [STDERR_REDIRECT] [Fatal Error] :1:1: Premature end of file.
2026-04-14 23:04:16,686 [ERROR] LogOutputStream:75 - [STDERR_REDIRECT] 
2026-04-14 23:04:17,679 [ERROR] LogOutputStream:75 - [STDERR_REDIRECT] [Fatal Error] :1:1: Premature end of file.
2026-04-14 23:04:17,680 [ERROR] LogOutputStream:75 - [STDERR_REDIRECT] 
2026-04-14 23:04:18,684 [ERROR] LogOutputStream:75 - [STDERR_REDIRECT] [Fatal Error] :1:1: Premature end of file.
2026-04-14 23:04:18,684 [ERROR] LogOutputStream:75 - [STDERR_REDIRECT] 
2026-04-14 23:04:19,687 [ERROR] LogOutputStream:75 - [STDERR_REDIRECT] [Fatal Error] :1:1: Premature end of file.
2026-04-14 23:04:19,687 [ERROR] LogOutputStream:75 - [STDERR_REDIRECT] 
2026-04-14 23:04:20,697 [ERROR] LogOutputStream:75 - [STDERR_REDIRECT] [Fatal Error] :1:1: Premature end of file.
2026-04-14 23:04:20,698 [ERROR] LogOutputStream:75 - [STDERR_REDIRECT] 
2026-04-14 23:04:21,684 [ERROR] LogOutputStream:75 - [STDERR_REDIRECT] [Fatal Error] :1:1: Premature end of file.
2026-04-14 23:04:21,685 [ERROR] LogOutputStream:75 - [STDERR_REDIRECT] 
2026-04-14 23:04:22,867 [ERROR] LogOutputStream:75 - [STDERR_REDIRECT] [Fatal Error] :1:1: Premature end of file.
2026-04-14 23:04:22,867 [ERROR] LogOutputStream:75 - [STDERR_REDIRECT] 
2026-04-14 23:04:23,769 [ERROR] LogOutputStream:75 - [STDERR_REDIRECT] [Fatal Error] :1:1: Premature end of file.
2026-04-14 23:04:23,771 [ERROR] LogOutputStream:75 - [STDERR_REDIRECT] 
2026-04-14 23:04:24,661 [ERROR] LogOutputStream:75 - [STDERR_REDIRECT] [Fatal Error] :1:1: Premature end of file.
2026-04-14 23:04:24,661 [ERROR] LogOutputStream:75 - [STDERR_REDIRECT] 
2026-04-14 23:04:25,748 [ERROR] LogOutputStream:75 - [STDERR_REDIRECT] [Fatal Error] :1:1: Premature end of file.
2026-04-14 23:04:25,748 [ERROR] LogOutputStream:75 - [STDERR_REDIRECT] 
2026-04-14 23:04:26,660 [ERROR] LogOutputStream:75 - [STDERR_REDIRECT] [Fatal Error] :1:1: Premature end of file.
2026-04-14 23:04:26,661 [ERROR] LogOutputStream:75 - [STDERR_REDIRECT] 
2026-04-14 23:04:27,656 [ERROR] LogOutputStream:75 - [STDERR_REDIRECT] [Fatal Error] :1:1: Premature end of file.
2026-04-14 23:04:27,657 [ERROR] LogOutputStream:75 - [STDERR_REDIRECT] 
2026-04-14 23:04:28,652 [ERROR] LogOutputStream:75 - [STDERR_REDIRECT] [Fatal Error] :1:1: Premature end of file.
2026-04-14 23:04:28,652 [ERROR] LogOutputStream:75 - [STDERR_REDIRECT] 
2026-04-14 23:04:29,651 [ERROR] LogOutputStream:75 - [STDERR_REDIRECT] [Fatal Error] :1:1: Premature end of file.
2026-04-14 23:04:29,651 [ERROR] LogOutputStream:75 - [STDERR_REDIRECT] 
2026-04-14 23:04:30,671 [ERROR] LogOutputStream:75 - [STDERR_REDIRECT] [Fatal Error] :1:1: Premature end of file.
2026-04-14 23:04:30,672 [ERROR] LogOutputStream:75 - [STDERR_REDIRECT] 
2026-04-14 23:04:31,653 [ERROR] LogOutputStream:75 - [STDERR_REDIRECT] [Fatal Error] :1:1: Premature end of file.
2026-04-14 23:04:31,654 [ERROR] LogOutputStream:75 - [STDERR_REDIRECT] 
2026-04-14 23:04:32,663 [ERROR] LogOutputStream:75 - [STDERR_REDIRECT] [Fatal Error] :1:1: Premature end of file.
2026-04-14 23:04:32,664 [ERROR] LogOutputStream:75 - [STDERR_REDIRECT] 
2026-04-14 23:04:33,657 [ERROR] LogOutputStream:75 - [STDERR_REDIRECT] [Fatal Error] :1:1: Premature end of file.
2026-04-14 23:04:33,657 [ERROR] LogOutputStream:75 - [STDERR_REDIRECT] 
2026-04-14 23:04:34,763 [ERROR] LogOutputStream:75 - [STDERR_REDIRECT] [Fatal Error] :1:1: Premature end of file.
2026-04-14 23:04:34,764 [ERROR] LogOutputStream:75 - [STDERR_REDIRECT] 
2026-04-14 23:04:35,709 [ERROR] LogOutputStream:75 - [STDERR_REDIRECT] [Fatal Error] :1:1: Premature end of file.
2026-04-14 23:04:35,710 [ERROR] LogOutputStream:75 - [STDERR_REDIRECT] 
2026-04-14 23:04:36,671 [ERROR] LogOutputStream:75 - [STDERR_REDIRECT] [Fatal Error] :1:1: Premature end of file.
2026-04-14 23:04:36,671 [ERROR] LogOutputStream:75 - [STDERR_REDIRECT] 
2026-04-14 23:04:37,669 [ERROR] LogOutputStream:75 - [STDERR_REDIRECT] [Fatal Error] :1:1: Premature end of file.
2026-04-14 23:04:37,669 [ERROR] LogOutputStream:75 - [STDERR_REDIRECT] 
2026-04-14 23:04:38,669 [ERROR] LogOutputStream:75 - [STDERR_REDIRECT] [Fatal Error] :1:1: Premature end of file.
2026-04-14 23:04:38,669 [ERROR] LogOutputStream:75 - [STDERR_REDIRECT] 
2026-04-14 23:04:39,685 [ERROR] LogOutputStream:75 - [STDERR_REDIRECT] [Fatal Error] :1:1: Premature end of file.
2026-04-14 23:04:39,686 [ERROR] LogOutputStream:75 - [STDERR_REDIRECT] 
2026-04-14 23:04:40,667 [ERROR] LogOutputStream:75 - [STDERR_REDIRECT] [Fatal Error] :1:1: Premature end of file.
2026-04-14 23:04:40,667 [ERROR] LogOutputStream:75 - [STDERR_REDIRECT] 
2026-04-14 23:04:41,764 [ERROR] LogOutputStream:75 - [STDERR_REDIRECT] [Fatal Error] :1:1: Premature end of file.
2026-04-14 23:04:41,765 [ERROR] LogOutputStream:75 - [STDERR_REDIRECT] 
2026-04-14 23:04:43,134 [ERROR] LogOutputStream:75 - [STDERR_REDIRECT] [Fatal Error] :1:1: Premature end of file.
2026-04-14 23:04:43,134 [ERROR] LogOutputStream:75 - [STDERR_REDIRECT] 
2026-04-14 23:04:43,718 [ERROR] LogOutputStream:75 - [STDERR_REDIRECT] [Fatal Error] :1:1: Premature end of file.
2026-04-14 23:04:43,720 [ERROR] LogOutputStream:75 - [STDERR_REDIRECT] 
2026-04-14 23:04:44,692 [ERROR] LogOutputStream:75 - [STDERR_REDIRECT] [Fatal Error] :1:1: Premature end of file.
2026-04-14 23:04:44,693 [ERROR] LogOutputStream:75 - [STDERR_REDIRECT] 
2026-04-14 23:04:45,682 [ERROR] LogOutputStream:75 - [STDERR_REDIRECT] [Fatal Error] :1:1: Premature end of file.
2026-04-14 23:04:45,683 [ERROR] LogOutputStream:75 - [STDERR_REDIRECT] 
2026-04-14 23:04:46,674 [ERROR] LogOutputStream:75 - [STDERR_REDIRECT] [Fatal Error] :1:1: Premature end of file.
2026-04-14 23:04:46,674 [ERROR] LogOutputStream:75 - [STDERR_REDIRECT] 
2026-04-14 23:04:47,698 [ERROR] LogOutputStream:75 - [STDERR_REDIRECT] [Fatal Error] :1:1: Premature end of file.
2026-04-14 23:04:47,698 [ERROR] LogOutputStream:75 - [STDERR_REDIRECT] 
2026-04-14 23:04:48,710 [ERROR] LogOutputStream:75 - [STDERR_REDIRECT] [Fatal Error] :1:1: Premature end of file.
2026-04-14 23:04:48,710 [ERROR] LogOutputStream:75 - [STDERR_REDIRECT] 
2026-04-14 23:04:49,656 [ERROR] LogOutputStream:75 - [STDERR_REDIRECT] [Fatal Error] :1:1: Premature end of file.
2026-04-14 23:04:49,657 [ERROR] LogOutputStream:75 - [STDERR_REDIRECT] 
2026-04-14 23:04:50,745 [ERROR] LogOutputStream:75 - [STDERR_REDIRECT] [Fatal Error] :1:1: Premature end of file.
2026-04-14 23:04:50,746 [ERROR] LogOutputStream:75 - [STDERR_REDIRECT] 
2026-04-14 23:04:51,741 [ERROR] LogOutputStream:75 - [STDERR_REDIRECT] [Fatal Error] :1:1: Premature end of file.
2026-04-14 23:04:51,741 [ERROR] LogOutputStream:75 - [STDERR_REDIRECT] 
2026-04-14 23:04:52,705 [ERROR] LogOutputStream:75 - [STDERR_REDIRECT] [Fatal Error] :1:1: Premature end of file.
2026-04-14 23:04:52,705 [ERROR] LogOutputStream:75 - [STDERR_REDIRECT] 
2026-04-14 23:04:53,828 [ERROR] LogOutputStream:75 - [STDERR_REDIRECT] [Fatal Error] :1:1: Premature end of file.
2026-04-14 23:04:53,829 [ERROR] LogOutputStream:75 - [STDERR_REDIRECT] 
2026-04-14 23:04:54,835 [ERROR] LogOutputStream:75 - [STDERR_REDIRECT] [Fatal Error] :1:1: Premature end of file.
2026-04-14 23:04:54,835 [ERROR] LogOutputStream:75 - [STDERR_REDIRECT] 
2026-04-14 23:04:55,670 [ERROR] LogOutputStream:75 - [STDERR_REDIRECT] [Fatal Error] :1:1: Premature end of file.
2026-04-14 23:04:55,670 [ERROR] LogOutputStream:75 - [STDERR_REDIRECT] 
2026-04-14 23:04:56,655 [ERROR] LogOutputStream:75 - [STDERR_REDIRECT] [Fatal Error] :1:1: Premature end of file.
2026-04-14 23:04:56,655 [ERROR] LogOutputStream:75 - [STDERR_REDIRECT] 
2026-04-14 23:04:57,658 [ERROR] LogOutputStream:75 - [STDERR_REDIRECT] [Fatal Error] :1:1: Premature end of file.
2026-04-14 23:04:57,658 [ERROR] LogOutputStream:75 - [STDERR_REDIRECT] 
2026-04-14 23:04:58,680 [ERROR] LogOutputStream:75 - [STDERR_REDIRECT] [Fatal Error] :1:1: Premature end of file.
2026-04-14 23:04:58,680 [ERROR] LogOutputStream:75 - [STDERR_REDIRECT] 
2026-04-14 23:04:59,707 [ERROR] LogOutputStream:75 - [STDERR_REDIRECT] [Fatal Error] :1:1: Premature end of file.
2026-04-14 23:04:59,707 [ERROR] LogOutputStream:75 - [STDERR_REDIRECT] 
2026-04-14 23:05:00,690 [ERROR] LogOutputStream:75 - [STDERR_REDIRECT] [Fatal Error] :1:1: Premature end of file.
2026-04-14 23:05:00,690 [ERROR] LogOutputStream:75 - [STDERR_REDIRECT] 
2026-04-14 23:05:01,696 [ERROR] LogOutputStream:75 - [STDERR_REDIRECT] [Fatal Error] :1:1: Premature end of file.
2026-04-14 23:05:01,696 [ERROR] LogOutputStream:75 - [STDERR_REDIRECT] 
2026-04-14 23:05:02,695 [ERROR] LogOutputStream:75 - [STDERR_REDIRECT] [Fatal Error] :1:1: Premature end of file.
2026-04-14 23:05:02,695 [ERROR] LogOutputStream:75 - [STDERR_REDIRECT] 
2026-04-14 23:05:03,698 [ERROR] LogOutputStream:75 - [STDERR_REDIRECT] [Fatal Error] :1:1: Premature end of file.
2026-04-14 23:05:03,698 [ERROR] LogOutputStream:75 - [STDERR_REDIRECT] 
2026-04-14 23:05:04,693 [ERROR] LogOutputStream:75 - [STDERR_REDIRECT] [Fatal Error] :1:1: Premature end of file.
2026-04-14 23:05:04,693 [ERROR] LogOutputStream:75 - [STDERR_REDIRECT] 
2026-04-14 23:05:05,697 [ERROR] LogOutputStream:75 - [STDERR_REDIRECT] [Fatal Error] :1:1: Premature end of file.
2026-04-14 23:05:05,697 [ERROR] LogOutputStream:75 - [STDERR_REDIRECT] 
2026-04-14 23:05:06,693 [ERROR] LogOutputStream:75 - [STDERR_REDIRECT] [Fatal Error] :1:1: Premature end of file.
2026-04-14 23:05:06,693 [ERROR] LogOutputStream:75 - [STDERR_REDIRECT] 
2026-04-14 23:05:07,678 [ERROR] LogOutputStream:75 - [STDERR_REDIRECT] [Fatal Error] :1:1: Premature end of file.
2026-04-14 23:05:07,678 [ERROR] LogOutputStream:75 - [STDERR_REDIRECT] 
2026-04-14 23:05:08,680 [ERROR] LogOutputStream:75 - [STDERR_REDIRECT] [Fatal Error] :1:1: Premature end of file.
2026-04-14 23:05:08,681 [ERROR] LogOutputStream:75 - [STDERR_REDIRECT] 
2026-04-14 23:05:09,690 [ERROR] LogOutputStream:75 - [STDERR_REDIRECT] [Fatal Error] :1:1: Premature end of file.
2026-04-14 23:05:09,690 [ERROR] LogOutputStream:75 - [STDERR_REDIRECT] 
2026-04-14 23:05:10,691 [ERROR] LogOutputStream:75 - [STDERR_REDIRECT] [Fatal Error] :1:1: Premature end of file.
2026-04-14 23:05:10,691 [ERROR] LogOutputStream:75 - [STDERR_REDIRECT] 
2026-04-14 23:05:11,703 [ERROR] LogOutputStream:75 - [STDERR_REDIRECT] [Fatal Error] :1:1: Premature end of file.
2026-04-14 23:05:11,703 [ERROR] LogOutputStream:75 - [STDERR_REDIRECT] 
2026-04-14 23:05:12,683 [ERROR] LogOutputStream:75 - [STDERR_REDIRECT] [Fatal Error] :1:1: Premature end of file.
2026-04-14 23:05:12,683 [ERROR] LogOutputStream:75 - [STDERR_REDIRECT] 
2026-04-14 23:05:13,730 [ERROR] LogOutputStream:75 - [STDERR_REDIRECT] [Fatal Error] :1:1: Premature end of file.
2026-04-14 23:05:13,731 [ERROR] LogOutputStream:75 - [STDERR_REDIRECT] 
2026-04-14 23:05:14,681 [ERROR] LogOutputStream:75 - [STDERR_REDIRECT] [Fatal Error] :1:1: Premature end of file.
2026-04-14 23:05:14,682 [ERROR] LogOutputStream:75 - [STDERR_REDIRECT] 
2026-04-14 23:05:15,683 [ERROR] LogOutputStream:75 - [STDERR_REDIRECT] [Fatal Error] :1:1: Premature end of file.
2026-04-14 23:05:15,683 [ERROR] LogOutputStream:75 - [STDERR_REDIRECT] 
2026-04-14 23:05:16,685 [ERROR] LogOutputStream:75 - [STDERR_REDIRECT] [Fatal Error] :1:1: Premature end of file.
2026-04-14 23:05:16,685 [ERROR] LogOutputStream:75 - [STDERR_REDIRECT] 
2026-04-14 23:05:17,841 [ERROR] LogOutputStream:75 - [STDERR_REDIRECT] [Fatal Error] :1:1: Premature end of file.
2026-04-14 23:05:17,842 [ERROR] LogOutputStream:75 - [STDERR_REDIRECT] 
2026-04-14 23:05:18,683 [ERROR] LogOutputStream:75 - [STDERR_REDIRECT] [Fatal Error] :1:1: Premature end of file.
2026-04-14 23:05:18,683 [ERROR] LogOutputStream:75 - [STDERR_REDIRECT] 
2026-04-14 23:05:19,686 [ERROR] LogOutputStream:75 - [STDERR_REDIRECT] [Fatal Error] :1:1: Premature end of file.
2026-04-14 23:05:19,686 [ERROR] LogOutputStream:75 - [STDERR_REDIRECT] 
2026-04-14 23:05:20,698 [ERROR] LogOutputStream:75 - [STDERR_REDIRECT] [Fatal Error] :1:1: Premature end of file.
2026-04-14 23:05:20,698 [ERROR] LogOutputStream:75 - [STDERR_REDIRECT] 
2026-04-14 23:05:21,715 [ERROR] LogOutputStream:75 - [STDERR_REDIRECT] [Fatal Error] :1:1: Premature end of file.
2026-04-14 23:05:21,716 [ERROR] LogOutputStream:75 - [STDERR_REDIRECT] 
2026-04-14 23:05:22,703 [ERROR] LogOutputStream:75 - [STDERR_REDIRECT] [Fatal Error] :1:1: Premature end of file.
2026-04-14 23:05:22,704 [ERROR] LogOutputStream:75 - [STDERR_REDIRECT] 
2026-04-14 23:05:23,698 [ERROR] LogOutputStream:75 - [STDERR_REDIRECT] [Fatal Error] :1:1: Premature end of file.
2026-04-14 23:05:23,698 [ERROR] LogOutputStream:75 - [STDERR_REDIRECT] 
2026-04-14 23:05:24,867 [ERROR] LogOutputStream:75 - [STDERR_REDIRECT] [Fatal Error] :1:1: Premature end of file.
2026-04-14 23:05:24,868 [ERROR] LogOutputStream:75 - [STDERR_REDIRECT] 
2026-04-14 23:05:25,691 [ERROR] LogOutputStream:75 - [STDERR_REDIRECT] [Fatal Error] :1:1: Premature end of file.
2026-04-14 23:05:25,691 [ERROR] LogOutputStream:75 - [STDERR_REDIRECT] 
2026-04-14 23:05:26,694 [ERROR] LogOutputStream:75 - [STDERR_REDIRECT] [Fatal Error] :1:1: Premature end of file.
2026-04-14 23:05:26,695 [ERROR] LogOutputStream:75 - [STDERR_REDIRECT] 
2026-04-14 23:05:27,717 [ERROR] LogOutputStream:75 - [STDERR_REDIRECT] [Fatal Error] :1:1: Premature end of file.
2026-04-14 23:05:27,717 [ERROR] LogOutputStream:75 - [STDERR_REDIRECT] 
2026-04-14 23:05:28,778 [ERROR] LogOutputStream:75 - [STDERR_REDIRECT] [Fatal Error] :1:1: Premature end of file.
2026-04-14 23:05:28,778 [ERROR] LogOutputStream:75 - [STDERR_REDIRECT] 
2026-04-14 23:05:29,656 [ERROR] LogOutputStream:75 - [STDERR_REDIRECT] [Fatal Error] :1:1: Premature end of file.
2026-04-14 23:05:29,656 [ERROR] LogOutputStream:75 - [STDERR_REDIRECT] 
2026-04-14 23:05:30,667 [ERROR] LogOutputStream:75 - [STDERR_REDIRECT] [Fatal Error] :1:1: Premature end of file.
2026-04-14 23:05:30,667 [ERROR] LogOutputStream:75 - [STDERR_REDIRECT] 
2026-04-14 23:05:31,668 [ERROR] LogOutputStream:75 - [STDERR_REDIRECT] [Fatal Error] :1:1: Premature end of file.
2026-04-14 23:05:31,668 [ERROR] LogOutputStream:75 - [STDERR_REDIRECT] 
2026-04-14 23:05:32,653 [ERROR] LogOutputStream:75 - [STDERR_REDIRECT] [Fatal Error] :1:1: Premature end of file.
2026-04-14 23:05:32,653 [ERROR] LogOutputStream:75 - [STDERR_REDIRECT] 
2026-04-14 23:05:33,657 [ERROR] LogOutputStream:75 - [STDERR_REDIRECT] [Fatal Error] :1:1: Premature end of file.
2026-04-14 23:05:33,657 [ERROR] LogOutputStream:75 - [STDERR_REDIRECT] 
2026-04-14 23:05:34,655 [ERROR] LogOutputStream:75 - [STDERR_REDIRECT] [Fatal Error] :1:1: Premature end of file.
2026-04-14 23:05:34,656 [ERROR] LogOutputStream:75 - [STDERR_REDIRECT] 
2026-04-14 23:05:35,667 [ERROR] LogOutputStream:75 - [STDERR_REDIRECT] [Fatal Error] :1:1: Premature end of file.
2026-04-14 23:05:35,667 [ERROR] LogOutputStream:75 - [STDERR_REDIRECT] 
2026-04-14 23:05:36,659 [ERROR] LogOutputStream:75 - [STDERR_REDIRECT] [Fatal Error] :1:1: Premature end of file.
2026-04-14 23:05:36,659 [ERROR] LogOutputStream:75 - [STDERR_REDIRECT] 
2026-04-14 23:05:37,662 [ERROR] LogOutputStream:75 - [STDERR_REDIRECT] [Fatal Error] :1:1: Premature end of file.
2026-04-14 23:05:37,663 [ERROR] LogOutputStream:75 - [STDERR_REDIRECT] 
2026-04-14 23:05:38,648 [ERROR] LogOutputStream:75 - [STDERR_REDIRECT] [Fatal Error] :1:1: Premature end of file.
2026-04-14 23:05:38,649 [ERROR] LogOutputStream:75 - [STDERR_REDIRECT] 
2026-04-14 23:05:39,651 [ERROR] LogOutputStream:75 - [STDERR_REDIRECT] [Fatal Error] :1:1: Premature end of file.
2026-04-14 23:05:39,651 [ERROR] LogOutputStream:75 - [STDERR_REDIRECT] 
2026-04-14 23:05:40,645 [ERROR] LogOutputStream:75 - [STDERR_REDIRECT] [Fatal Error] :1:1: Premature end of file.
2026-04-14 23:05:40,645 [ERROR] LogOutputStream:75 - [STDERR_REDIRECT] 
2026-04-14 23:05:41,693 [ERROR] LogOutputStream:75 - [STDERR_REDIRECT] [Fatal Error] :1:1: Premature end of file.
2026-04-14 23:05:41,694 [ERROR] LogOutputStream:75 - [STDERR_REDIRECT] 
2026-04-14 23:05:42,672 [ERROR] LogOutputStream:75 - [STDERR_REDIRECT] [Fatal Error] :1:1: Premature end of file.
2026-04-14 23:05:42,672 [ERROR] LogOutputStream:75 - [STDERR_REDIRECT] 
2026-04-14 23:05:43,662 [ERROR] LogOutputStream:75 - [STDERR_REDIRECT] [Fatal Error] :1:1: Premature end of file.
2026-04-14 23:05:43,662 [ERROR] LogOutputStream:75 - [STDERR_REDIRECT] 
2026-04-14 23:05:44,657 [ERROR] LogOutputStream:75 - [STDERR_REDIRECT] [Fatal Error] :1:1: Premature end of file.
2026-04-14 23:05:44,657 [ERROR] LogOutputStream:75 - [STDERR_REDIRECT] 
2026-04-14 23:05:45,648 [ERROR] LogOutputStream:75 - [STDERR_REDIRECT] [Fatal Error] :1:1: Premature end of file.
2026-04-14 23:05:45,649 [ERROR] LogOutputStream:75 - [STDERR_REDIRECT] 
2026-04-14 23:05:46,651 [ERROR] LogOutputStream:75 - [STDERR_REDIRECT] [Fatal Error] :1:1: Premature end of file.
2026-04-14 23:05:46,652 [ERROR] LogOutputStream:75 - [STDERR_REDIRECT] 
2026-04-14 23:05:47,646 [ERROR] LogOutputStream:75 - [STDERR_REDIRECT] [Fatal Error] :1:1: Premature end of file.
2026-04-14 23:05:47,647 [ERROR] LogOutputStream:75 - [STDERR_REDIRECT] 
2026-04-14 23:05:48,644 [ERROR] LogOutputStream:75 - [STDERR_REDIRECT] [Fatal Error] :1:1: Premature end of file.
2026-04-14 23:05:48,645 [ERROR] LogOutputStream:75 - [STDERR_REDIRECT] 
2026-04-14 23:05:49,650 [ERROR] LogOutputStream:75 - [STDERR_REDIRECT] [Fatal Error] :1:1: Premature end of file.
2026-04-14 23:05:49,650 [ERROR] LogOutputStream:75 - [STDERR_REDIRECT] 
2026-04-14 23:05:50,649 [ERROR] LogOutputStream:75 - [STDERR_REDIRECT] [Fatal Error] :1:1: Premature end of file.
2026-04-14 23:05:50,650 [ERROR] LogOutputStream:75 - [STDERR_REDIRECT] 
2026-04-14 23:05:51,650 [ERROR] LogOutputStream:75 - [STDERR_REDIRECT] [Fatal Error] :1:1: Premature end of file.
2026-04-14 23:05:51,650 [ERROR] LogOutputStream:75 - [STDERR_REDIRECT] 
2026-04-14 23:05:52,655 [ERROR] LogOutputStream:75 - [STDERR_REDIRECT] [Fatal Error] :1:1: Premature end of file.
2026-04-14 23:05:52,655 [ERROR] LogOutputStream:75 - [STDERR_REDIRECT] 
2026-04-14 23:05:53,666 [ERROR] LogOutputStream:75 - [STDERR_REDIRECT] [Fatal Error] :1:1: Premature end of file.
2026-04-14 23:05:53,666 [ERROR] LogOutputStream:75 - [STDERR_REDIRECT] 
2026-04-14 23:05:54,669 [ERROR] LogOutputStream:75 - [STDERR_REDIRECT] [Fatal Error] :1:1: Premature end of file.
2026-04-14 23:05:54,669 [ERROR] LogOutputStream:75 - [STDERR_REDIRECT] 
2026-04-14 23:05:55,671 [ERROR] LogOutputStream:75 - [STDERR_REDIRECT] [Fatal Error] :1:1: Premature end of file.
2026-04-14 23:05:55,671 [ERROR] LogOutputStream:75 - [STDERR_REDIRECT] 
2026-04-14 23:05:56,666 [ERROR] LogOutputStream:75 - [STDERR_REDIRECT] [Fatal Error] :1:1: Premature end of file.
2026-04-14 23:05:56,667 [ERROR] LogOutputStream:75 - [STDERR_REDIRECT] 
2026-04-14 23:05:57,677 [ERROR] LogOutputStream:75 - [STDERR_REDIRECT] [Fatal Error] :1:1: Premature end of file.
2026-04-14 23:05:57,678 [ERROR] LogOutputStream:75 - [STDERR_REDIRECT] 
2026-04-14 23:05:58,668 [ERROR] LogOutputStream:75 - [STDERR_REDIRECT] [Fatal Error] :1:1: Premature end of file.
2026-04-14 23:05:58,668 [ERROR] LogOutputStream:75 - [STDERR_REDIRECT] 
2026-04-14 23:05:59,663 [ERROR] LogOutputStream:75 - [STDERR_REDIRECT] [Fatal Error] :1:1: Premature end of file.
2026-04-14 23:05:59,664 [ERROR] LogOutputStream:75 - [STDERR_REDIRECT] 
2026-04-14 23:06:00,664 [ERROR] LogOutputStream:75 - [STDERR_REDIRECT] [Fatal Error] :1:1: Premature end of file.
2026-04-14 23:06:00,665 [ERROR] LogOutputStream:75 - [STDERR_REDIRECT] 
2026-04-14 23:06:01,663 [ERROR] LogOutputStream:75 - [STDERR_REDIRECT] [Fatal Error] :1:1: Premature end of file.
2026-04-14 23:06:01,663 [ERROR] LogOutputStream:75 - [STDERR_REDIRECT] 
2026-04-14 23:06:02,671 [ERROR] LogOutputStream:75 - [STDERR_REDIRECT] [Fatal Error] :1:1: Premature end of file.
2026-04-14 23:06:02,671 [ERROR] LogOutputStream:75 - [STDERR_REDIRECT] 
2026-04-14 23:06:03,664 [ERROR] LogOutputStream:75 - [STDERR_REDIRECT] [Fatal Error] :1:1: Premature end of file.
2026-04-14 23:06:03,664 [ERROR] LogOutputStream:75 - [STDERR_REDIRECT] 
2026-04-14 23:06:04,665 [ERROR] LogOutputStream:75 - [STDERR_REDIRECT] [Fatal Error] :1:1: Premature end of file.
2026-04-14 23:06:04,665 [ERROR] LogOutputStream:75 - [STDERR_REDIRECT] 
2026-04-14 23:06:05,659 [ERROR] LogOutputStream:75 - [STDERR_REDIRECT] [Fatal Error] :1:1: Premature end of file.
2026-04-14 23:06:05,660 [ERROR] LogOutputStream:75 - [STDERR_REDIRECT] 
2026-04-14 23:06:06,659 [ERROR] LogOutputStream:75 - [STDERR_REDIRECT] [Fatal Error] :1:1: Premature end of file.
2026-04-14 23:06:06,659 [ERROR] LogOutputStream:75 - [STDERR_REDIRECT] 
2026-04-14 23:06:07,660 [ERROR] LogOutputStream:75 - [STDERR_REDIRECT] [Fatal Error] :1:1: Premature end of file.
2026-04-14 23:06:07,660 [ERROR] LogOutputStream:75 - [STDERR_REDIRECT] 
2026-04-14 23:06:08,667 [ERROR] LogOutputStream:75 - [STDERR_REDIRECT] [Fatal Error] :1:1: Premature end of file.
2026-04-14 23:06:08,667 [ERROR] LogOutputStream:75 - [STDERR_REDIRECT] 
2026-04-14 23:06:09,667 [ERROR] LogOutputStream:75 - [STDERR_REDIRECT] [Fatal Error] :1:1: Premature end of file.
2026-04-14 23:06:09,667 [ERROR] LogOutputStream:75 - [STDERR_REDIRECT] 
2026-04-14 23:06:10,656 [ERROR] LogOutputStream:75 - [STDERR_REDIRECT] [Fatal Error] :1:1: Premature end of file.
2026-04-14 23:06:10,656 [ERROR] LogOutputStream:75 - [STDERR_REDIRECT] 
2026-04-14 23:06:11,761 [ERROR] LogOutputStream:75 - [STDERR_REDIRECT] [Fatal Error] :1:1: Premature end of file.
2026-04-14 23:06:11,761 [ERROR] LogOutputStream:75 - [STDERR_REDIRECT] 
2026-04-14 23:06:12,723 [ERROR] LogOutputStream:75 - [STDERR_REDIRECT] [Fatal Error] :1:1: Premature end of file.
2026-04-14 23:06:12,723 [ERROR] LogOutputStream:75 - [STDERR_REDIRECT] 
2026-04-14 23:06:13,686 [ERROR] LogOutputStream:75 - [STDERR_REDIRECT] [Fatal Error] :1:1: Premature end of file.
2026-04-14 23:06:13,688 [ERROR] LogOutputStream:75 - [STDERR_REDIRECT] 
2026-04-14 23:06:14,674 [ERROR] LogOutputStream:75 - [STDERR_REDIRECT] [Fatal Error] :1:1: Premature end of file.
2026-04-14 23:06:14,675 [ERROR] LogOutputStream:75 - [STDERR_REDIRECT] 
2026-04-14 23:06:15,694 [ERROR] LogOutputStream:75 - [STDERR_REDIRECT] [Fatal Error] :1:1: Premature end of file.
2026-04-14 23:06:15,694 [ERROR] LogOutputStream:75 - [STDERR_REDIRECT] 
2026-04-14 23:06:16,697 [ERROR] LogOutputStream:75 - [STDERR_REDIRECT] [Fatal Error] :1:1: Premature end of file.
2026-04-14 23:06:16,698 [ERROR] LogOutputStream:75 - [STDERR_REDIRECT] 
2026-04-14 23:06:17,685 [ERROR] LogOutputStream:75 - [STDERR_REDIRECT] [Fatal Error] :1:1: Premature end of file.
2026-04-14 23:06:17,686 [ERROR] LogOutputStream:75 - [STDERR_REDIRECT] 
2026-04-14 23:06:18,796 [ERROR] LogOutputStream:75 - [STDERR_REDIRECT] [Fatal Error] :1:1: Premature end of file.
2026-04-14 23:06:18,796 [ERROR] LogOutputStream:75 - [STDERR_REDIRECT] 
2026-04-14 23:06:19,950 [ERROR] LogOutputStream:75 - [STDERR_REDIRECT] [Fatal Error] :1:1: Premature end of file.
2026-04-14 23:06:19,950 [ERROR] LogOutputStream:75 - [STDERR_REDIRECT] 
2026-04-14 23:06:20,693 [ERROR] LogOutputStream:75 - [STDERR_REDIRECT] [Fatal Error] :1:1: Premature end of file.
2026-04-14 23:06:20,693 [ERROR] LogOutputStream:75 - [STDERR_REDIRECT] 
2026-04-14 23:06:21,693 [ERROR] LogOutputStream:75 - [STDERR_REDIRECT] [Fatal Error] :1:1: Premature end of file.
2026-04-14 23:06:21,693 [ERROR] LogOutputStream:75 - [STDERR_REDIRECT] 
2026-04-14 23:06:22,719 [ERROR] LogOutputStream:75 - [STDERR_REDIRECT] [Fatal Error] :1:1: Premature end of file.
2026-04-14 23:06:22,720 [ERROR] LogOutputStream:75 - [STDERR_REDIRECT] 
2026-04-14 23:06:23,715 [ERROR] LogOutputStream:75 - [STDERR_REDIRECT] [Fatal Error] :1:1: Premature end of file.
2026-04-14 23:06:23,716 [ERROR] LogOutputStream:75 - [STDERR_REDIRECT] 
2026-04-14 23:06:24,694 [ERROR] LogOutputStream:75 - [STDERR_REDIRECT] [Fatal Error] :1:1: Premature end of file.
2026-04-14 23:06:24,694 [ERROR] LogOutputStream:75 - [STDERR_REDIRECT] 
2026-04-14 23:06:25,690 [ERROR] LogOutputStream:75 - [STDERR_REDIRECT] [Fatal Error] :1:1: Premature end of file.
2026-04-14 23:06:25,690 [ERROR] LogOutputStream:75 - [STDERR_REDIRECT] 
2026-04-14 23:06:27,895 [ERROR] LogOutputStream:75 - [STDERR_REDIRECT] [Fatal Error] :1:1: Premature end of file.
2026-04-14 23:06:27,896 [ERROR] LogOutputStream:75 - [STDERR_REDIRECT] 
2026-04-14 23:06:28,062 [ERROR] LogOutputStream:75 - [STDERR_REDIRECT] [Fatal Error] :1:1: Premature end of file.
2026-04-14 23:06:28,064 [ERROR] LogOutputStream:75 - [STDERR_REDIRECT] 
2026-04-14 23:06:28,755 [ERROR] LogOutputStream:75 - [STDERR_REDIRECT] [Fatal Error] :1:1: Premature end of file.
2026-04-14 23:06:28,755 [ERROR] LogOutputStream:75 - [STDERR_REDIRECT] 
2026-04-14 23:06:30,241 [ERROR] LogOutputStream:75 - [STDERR_REDIRECT] [Fatal Error] :1:1: Premature end of file.
2026-04-14 23:06:30,241 [ERROR] LogOutputStream:75 - [STDERR_REDIRECT] 
2026-04-14 23:06:31,040 [ERROR] LogOutputStream:75 - [STDERR_REDIRECT] [Fatal Error] :1:1: Premature end of file.
2026-04-14 23:06:31,040 [ERROR] LogOutputStream:75 - [STDERR_REDIRECT] 
2026-04-14 23:06:31,706 [ERROR] LogOutputStream:75 - [STDERR_REDIRECT] [Fatal Error] :1:1: Premature end of file.
2026-04-14 23:06:31,706 [ERROR] LogOutputStream:75 - [STDERR_REDIRECT] 
2026-04-14 23:06:32,732 [ERROR] LogOutputStream:75 - [STDERR_REDIRECT] [Fatal Error] :1:1: Premature end of file.
2026-04-14 23:06:32,733 [ERROR] LogOutputStream:75 - [STDERR_REDIRECT] 
2026-04-14 23:06:33,683 [ERROR] LogOutputStream:75 - [STDERR_REDIRECT] [Fatal Error] :1:1: Premature end of file.
2026-04-14 23:06:33,684 [ERROR] LogOutputStream:75 - [STDERR_REDIRECT] 
2026-04-14 23:06:34,679 [ERROR] LogOutputStream:75 - [STDERR_REDIRECT] [Fatal Error] :1:1: Premature end of file.
2026-04-14 23:06:34,679 [ERROR] LogOutputStream:75 - [STDERR_REDIRECT] 
2026-04-14 23:06:35,668 [ERROR] LogOutputStream:75 - [STDERR_REDIRECT] [Fatal Error] :1:1: Premature end of file.
2026-04-14 23:06:35,668 [ERROR] LogOutputStream:75 - [STDERR_REDIRECT] 
2026-04-14 23:06:36,678 [ERROR] LogOutputStream:75 - [STDERR_REDIRECT] [Fatal Error] :1:1: Premature end of file.
2026-04-14 23:06:36,678 [ERROR] LogOutputStream:75 - [STDERR_REDIRECT] 
2026-04-14 23:06:37,663 [ERROR] LogOutputStream:75 - [STDERR_REDIRECT] [Fatal Error] :1:1: Premature end of file.
2026-04-14 23:06:37,664 [ERROR] LogOutputStream:75 - [STDERR_REDIRECT] 
2026-04-14 23:06:38,664 [ERROR] LogOutputStream:75 - [STDERR_REDIRECT] [Fatal Error] :1:1: Premature end of file.
2026-04-14 23:06:38,664 [ERROR] LogOutputStream:75 - [STDERR_REDIRECT] 
2026-04-14 23:06:39,663 [ERROR] LogOutputStream:75 - [STDERR_REDIRECT] [Fatal Error] :1:1: Premature end of file.
2026-04-14 23:06:39,663 [ERROR] LogOutputStream:75 - [STDERR_REDIRECT] 
2026-04-14 23:06:40,649 [ERROR] LogOutputStream:75 - [STDERR_REDIRECT] [Fatal Error] :1:1: Premature end of file.
2026-04-14 23:06:40,649 [ERROR] LogOutputStream:75 - [STDERR_REDIRECT] 
2026-04-14 23:06:41,648 [ERROR] LogOutputStream:75 - [STDERR_REDIRECT] [Fatal Error] :1:1: Premature end of file.
2026-04-14 23:06:41,648 [ERROR] LogOutputStream:75 - [STDERR_REDIRECT] 
2026-04-14 23:06:42,647 [ERROR] LogOutputStream:75 - [STDERR_REDIRECT] [Fatal Error] :1:1: Premature end of file.
2026-04-14 23:06:42,647 [ERROR] LogOutputStream:75 - [STDERR_REDIRECT] 
2026-04-14 23:06:43,647 [ERROR] LogOutputStream:75 - [STDERR_REDIRECT] [Fatal Error] :1:1: Premature end of file.
2026-04-14 23:06:43,648 [ERROR] LogOutputStream:75 - [STDERR_REDIRECT] 
2026-04-14 23:06:44,650 [ERROR] LogOutputStream:75 - [STDERR_REDIRECT] [Fatal Error] :1:1: Premature end of file.
2026-04-14 23:06:44,650 [ERROR] LogOutputStream:75 - [STDERR_REDIRECT] 
2026-04-14 23:06:45,644 [ERROR] LogOutputStream:75 - [STDERR_REDIRECT] [Fatal Error] :1:1: Premature end of file.
2026-04-14 23:06:45,645 [ERROR] LogOutputStream:75 - [STDERR_REDIRECT] 
2026-04-14 23:06:46,653 [ERROR] LogOutputStream:75 - [STDERR_REDIRECT] [Fatal Error] :1:1: Premature end of file.
2026-04-14 23:06:46,653 [ERROR] LogOutputStream:75 - [STDERR_REDIRECT] 
2026-04-14 23:06:47,649 [ERROR] LogOutputStream:75 - [STDERR_REDIRECT] [Fatal Error] :1:1: Premature end of file.
2026-04-14 23:06:47,649 [ERROR] LogOutputStream:75 - [STDERR_REDIRECT] 
2026-04-14 23:06:48,649 [ERROR] LogOutputStream:75 - [STDERR_REDIRECT] [Fatal Error] :1:1: Premature end of file.
2026-04-14 23:06:48,649 [ERROR] LogOutputStream:75 - [STDERR_REDIRECT] 
2026-04-14 23:06:49,649 [ERROR] LogOutputStream:75 - [STDERR_REDIRECT] [Fatal Error] :1:1: Premature end of file.
2026-04-14 23:06:49,649 [ERROR] LogOutputStream:75 - [STDERR_REDIRECT] 
2026-04-14 23:06:50,648 [ERROR] LogOutputStream:75 - [STDERR_REDIRECT] [Fatal Error] :1:1: Premature end of file.
2026-04-14 23:06:50,649 [ERROR] LogOutputStream:75 - [STDERR_REDIRECT] 
2026-04-14 23:06:51,695 [ERROR] LogOutputStream:75 - [STDERR_REDIRECT] [Fatal Error] :1:1: Premature end of file.
2026-04-14 23:06:51,696 [ERROR] LogOutputStream:75 - [STDERR_REDIRECT] 
2026-04-14 23:06:52,654 [ERROR] LogOutputStream:75 - [STDERR_REDIRECT] [Fatal Error] :1:1: Premature end of file.
2026-04-14 23:06:52,655 [ERROR] LogOutputStream:75 - [STDERR_REDIRECT] 
2026-04-14 23:06:53,672 [ERROR] LogOutputStream:75 - [STDERR_REDIRECT] [Fatal Error] :1:1: Premature end of file.
2026-04-14 23:06:53,673 [ERROR] LogOutputStream:75 - [STDERR_REDIRECT] 
2026-04-14 23:06:54,665 [ERROR] LogOutputStream:75 - [STDERR_REDIRECT] [Fatal Error] :1:1: Premature end of file.
2026-04-14 23:06:54,666 [ERROR] LogOutputStream:75 - [STDERR_REDIRECT] 
2026-04-14 23:06:55,666 [ERROR] LogOutputStream:75 - [STDERR_REDIRECT] [Fatal Error] :1:1: Premature end of file.
2026-04-14 23:06:55,666 [ERROR] LogOutputStream:75 - [STDERR_REDIRECT] 
2026-04-14 23:06:56,666 [ERROR] LogOutputStream:75 - [STDERR_REDIRECT] [Fatal Error] :1:1: Premature end of file.
2026-04-14 23:06:56,667 [ERROR] LogOutputStream:75 - [STDERR_REDIRECT] 
2026-04-14 23:06:57,666 [ERROR] LogOutputStream:75 - [STDERR_REDIRECT] [Fatal Error] :1:1: Premature end of file.
2026-04-14 23:06:57,666 [ERROR] LogOutputStream:75 - [STDERR_REDIRECT] 
2026-04-14 23:06:58,668 [ERROR] LogOutputStream:75 - [STDERR_REDIRECT] [Fatal Error] :1:1: Premature end of file.
2026-04-14 23:06:58,668 [ERROR] LogOutputStream:75 - [STDERR_REDIRECT] 
2026-04-14 23:06:59,673 [ERROR] LogOutputStream:75 - [STDERR_REDIRECT] [Fatal Error] :1:1: Premature end of file.
2026-04-14 23:06:59,674 [ERROR] LogOutputStream:75 - [STDERR_REDIRECT] 
2026-04-14 23:07:00,670 [ERROR] LogOutputStream:75 - [STDERR_REDIRECT] [Fatal Error] :1:1: Premature end of file.
2026-04-14 23:07:00,671 [ERROR] LogOutputStream:75 - [STDERR_REDIRECT] 
2026-04-14 23:07:01,663 [ERROR] LogOutputStream:75 - [STDERR_REDIRECT] [Fatal Error] :1:1: Premature end of file.
2026-04-14 23:07:01,664 [ERROR] LogOutputStream:75 - [STDERR_REDIRECT] 
2026-04-14 23:07:02,670 [ERROR] LogOutputStream:75 - [STDERR_REDIRECT] [Fatal Error] :1:1: Premature end of file.
2026-04-14 23:07:02,670 [ERROR] LogOutputStream:75 - [STDERR_REDIRECT] 
2026-04-14 23:07:03,690 [ERROR] LogOutputStream:75 - [STDERR_REDIRECT] [Fatal Error] :1:1: Premature end of file.
2026-04-14 23:07:03,690 [ERROR] LogOutputStream:75 - [STDERR_REDIRECT] 
2026-04-14 23:07:04,659 [ERROR] LogOutputStream:75 - [STDERR_REDIRECT] [Fatal Error] :1:1: Premature end of file.
2026-04-14 23:07:04,660 [ERROR] LogOutputStream:75 - [STDERR_REDIRECT] 
2026-04-14 23:07:05,757 [ERROR] LogOutputStream:75 - [STDERR_REDIRECT] [Fatal Error] :1:1: Premature end of file.
2026-04-14 23:07:05,757 [ERROR] LogOutputStream:75 - [STDERR_REDIRECT] 
2026-04-14 23:07:06,678 [ERROR] LogOutputStream:75 - [STDERR_REDIRECT] [Fatal Error] :1:1: Premature end of file.
2026-04-14 23:07:06,678 [ERROR] LogOutputStream:75 - [STDERR_REDIRECT] 
2026-04-14 23:07:07,707 [ERROR] LogOutputStream:75 - [STDERR_REDIRECT] [Fatal Error] :1:1: Premature end of file.
2026-04-14 23:07:07,707 [ERROR] LogOutputStream:75 - [STDERR_REDIRECT] 
2026-04-14 23:07:08,676 [ERROR] LogOutputStream:75 - [STDERR_REDIRECT] [Fatal Error] :1:1: Premature end of file.
2026-04-14 23:07:08,677 [ERROR] LogOutputStream:75 - [STDERR_REDIRECT] 
2026-04-14 23:07:09,656 [ERROR] LogOutputStream:75 - [STDERR_REDIRECT] [Fatal Error] :1:1: Premature end of file.
2026-04-14 23:07:09,656 [ERROR] LogOutputStream:75 - [STDERR_REDIRECT] 
2026-04-14 23:07:10,687 [ERROR] LogOutputStream:75 - [STDERR_REDIRECT] [Fatal Error] :1:1: Premature end of file.
2026-04-14 23:07:10,687 [ERROR] LogOutputStream:75 - [STDERR_REDIRECT] 
2026-04-14 23:07:11,745 [ERROR] LogOutputStream:75 - [STDERR_REDIRECT] [Fatal Error] :1:1: Premature end of file.
2026-04-14 23:07:11,745 [ERROR] LogOutputStream:75 - [STDERR_REDIRECT] 
2026-04-14 23:07:12,684 [ERROR] LogOutputStream:75 - [STDERR_REDIRECT] [Fatal Error] :1:1: Premature end of file.
2026-04-14 23:07:12,684 [ERROR] LogOutputStream:75 - [STDERR_REDIRECT] 
2026-04-14 23:07:13,679 [ERROR] LogOutputStream:75 - [STDERR_REDIRECT] [Fatal Error] :1:1: Premature end of file.
2026-04-14 23:07:13,680 [ERROR] LogOutputStream:75 - [STDERR_REDIRECT] 
2026-04-14 23:07:14,894 [ERROR] LogOutputStream:75 - [STDERR_REDIRECT] [Fatal Error] :1:1: Premature end of file.
2026-04-14 23:07:14,894 [ERROR] LogOutputStream:75 - [STDERR_REDIRECT] 
2026-04-14 23:07:15,676 [ERROR] LogOutputStream:75 - [STDERR_REDIRECT] [Fatal Error] :1:1: Premature end of file.
2026-04-14 23:07:15,676 [ERROR] LogOutputStream:75 - [STDERR_REDIRECT] 
2026-04-14 23:07:16,747 [ERROR] LogOutputStream:75 - [STDERR_REDIRECT] [Fatal Error] :1:1: Premature end of file.
2026-04-14 23:07:16,747 [ERROR] LogOutputStream:75 - [STDERR_REDIRECT] 
2026-04-14 23:07:17,685 [ERROR] LogOutputStream:75 - [STDERR_REDIRECT] [Fatal Error] :1:1: Premature end of file.
2026-04-14 23:07:17,686 [ERROR] LogOutputStream:75 - [STDERR_REDIRECT] 
2026-04-14 23:07:18,659 [ERROR] LogOutputStream:75 - [STDERR_REDIRECT] [Fatal Error] :1:1: Premature end of file.
2026-04-14 23:07:18,659 [ERROR] LogOutputStream:75 - [STDERR_REDIRECT] 
2026-04-14 23:07:19,670 [ERROR] LogOutputStream:75 - [STDERR_REDIRECT] [Fatal Error] :1:1: Premature end of file.
2026-04-14 23:07:19,670 [ERROR] LogOutputStream:75 - [STDERR_REDIRECT] 
2026-04-14 23:07:20,660 [ERROR] LogOutputStream:75 - [STDERR_REDIRECT] [Fatal Error] :1:1: Premature end of file.
2026-04-14 23:07:20,660 [ERROR] LogOutputStream:75 - [STDERR_REDIRECT] 
2026-04-14 23:07:21,663 [ERROR] LogOutputStream:75 - [STDERR_REDIRECT] [Fatal Error] :1:1: Premature end of file.
2026-04-14 23:07:21,663 [ERROR] LogOutputStream:75 - [STDERR_REDIRECT] 
2026-04-14 23:07:22,690 [ERROR] LogOutputStream:75 - [STDERR_REDIRECT] [Fatal Error] :1:1: Premature end of file.
2026-04-14 23:07:22,690 [ERROR] LogOutputStream:75 - [STDERR_REDIRECT] 
2026-04-14 23:07:23,651 [ERROR] LogOutputStream:75 - [STDERR_REDIRECT] [Fatal Error] :1:1: Premature end of file.
2026-04-14 23:07:23,651 [ERROR] LogOutputStream:75 - [STDERR_REDIRECT] 
2026-04-14 23:07:24,651 [ERROR] LogOutputStream:75 - [STDERR_REDIRECT] [Fatal Error] :1:1: Premature end of file.
2026-04-14 23:07:24,651 [ERROR] LogOutputStream:75 - [STDERR_REDIRECT] 
2026-04-14 23:07:25,651 [ERROR] LogOutputStream:75 - [STDERR_REDIRECT] [Fatal Error] :1:1: Premature end of file.
2026-04-14 23:07:25,651 [ERROR] LogOutputStream:75 - [STDERR_REDIRECT] 
2026-04-14 23:07:26,689 [ERROR] LogOutputStream:75 - [STDERR_REDIRECT] [Fatal Error] :1:1: Premature end of file.
2026-04-14 23:07:26,689 [ERROR] LogOutputStream:75 - [STDERR_REDIRECT] 
2026-04-14 23:07:27,648 [ERROR] LogOutputStream:75 - [STDERR_REDIRECT] [Fatal Error] :1:1: Premature end of file.
2026-04-14 23:07:27,649 [ERROR] LogOutputStream:75 - [STDERR_REDIRECT] 
2026-04-14 23:07:28,653 [ERROR] LogOutputStream:75 - [STDERR_REDIRECT] [Fatal Error] :1:1: Premature end of file.
2026-04-14 23:07:28,653 [ERROR] LogOutputStream:75 - [STDERR_REDIRECT] 
2026-04-14 23:07:29,651 [ERROR] LogOutputStream:75 - [STDERR_REDIRECT] [Fatal Error] :1:1: Premature end of file.
2026-04-14 23:07:29,651 [ERROR] LogOutputStream:75 - [STDERR_REDIRECT] 
2026-04-14 23:07:30,651 [ERROR] LogOutputStream:75 - [STDERR_REDIRECT] [Fatal Error] :1:1: Premature end of file.
2026-04-14 23:07:30,651 [ERROR] LogOutputStream:75 - [STDERR_REDIRECT] 
2026-04-14 23:07:31,650 [ERROR] LogOutputStream:75 - [STDERR_REDIRECT] [Fatal Error] :1:1: Premature end of file.
2026-04-14 23:07:31,650 [ERROR] LogOutputStream:75 - [STDERR_REDIRECT] 
2026-04-14 23:07:32,649 [ERROR] LogOutputStream:75 - [STDERR_REDIRECT] [Fatal Error] :1:1: Premature end of file.
2026-04-14 23:07:32,650 [ERROR] LogOutputStream:75 - [STDERR_REDIRECT] 
2026-04-14 23:07:33,648 [ERROR] LogOutputStream:75 - [STDERR_REDIRECT] [Fatal Error] :1:1: Premature end of file.
2026-04-14 23:07:33,648 [ERROR] LogOutputStream:75 - [STDERR_REDIRECT] 
2026-04-14 23:07:34,649 [ERROR] LogOutputStream:75 - [STDERR_REDIRECT] [Fatal Error] :1:1: Premature end of file.
2026-04-14 23:07:34,650 [ERROR] LogOutputStream:75 - [STDERR_REDIRECT] 
2026-04-14 23:07:35,644 [ERROR] LogOutputStream:75 - [STDERR_REDIRECT] [Fatal Error] :1:1: Premature end of file.
2026-04-14 23:07:35,644 [ERROR] LogOutputStream:75 - [STDERR_REDIRECT] 
2026-04-14 23:07:36,648 [ERROR] LogOutputStream:75 - [STDERR_REDIRECT] [Fatal Error] :1:1: Premature end of file.
2026-04-14 23:07:36,648 [ERROR] LogOutputStream:75 - [STDERR_REDIRECT] 
2026-04-14 23:07:37,648 [ERROR] LogOutputStream:75 - [STDERR_REDIRECT] [Fatal Error] :1:1: Premature end of file.
2026-04-14 23:07:37,648 [ERROR] LogOutputStream:75 - [STDERR_REDIRECT] 
2026-04-14 23:07:38,655 [ERROR] LogOutputStream:75 - [STDERR_REDIRECT] [Fatal Error] :1:1: Premature end of file.
2026-04-14 23:07:38,656 [ERROR] LogOutputStream:75 - [STDERR_REDIRECT] 
2026-04-14 23:07:39,648 [ERROR] LogOutputStream:75 - [STDERR_REDIRECT] [Fatal Error] :1:1: Premature end of file.
2026-04-14 23:07:39,648 [ERROR] LogOutputStream:75 - [STDERR_REDIRECT] 
2026-04-14 23:07:40,647 [ERROR] LogOutputStream:75 - [STDERR_REDIRECT] [Fatal Error] :1:1: Premature end of file.
2026-04-14 23:07:40,647 [ERROR] LogOutputStream:75 - [STDERR_REDIRECT] 
2026-04-14 23:07:41,650 [ERROR] LogOutputStream:75 - [STDERR_REDIRECT] [Fatal Error] :1:1: Premature end of file.
2026-04-14 23:07:41,650 [ERROR] LogOutputStream:75 - [STDERR_REDIRECT] 
2026-04-14 23:07:42,653 [ERROR] LogOutputStream:75 - [STDERR_REDIRECT] [Fatal Error] :1:1: Premature end of file.
2026-04-14 23:07:42,653 [ERROR] LogOutputStream:75 - [STDERR_REDIRECT] 
2026-04-14 23:07:43,651 [ERROR] LogOutputStream:75 - [STDERR_REDIRECT] [Fatal Error] :1:1: Premature end of file.
2026-04-14 23:07:43,651 [ERROR] LogOutputStream:75 - [STDERR_REDIRECT] 
2026-04-14 23:07:44,670 [ERROR] LogOutputStream:75 - [STDERR_REDIRECT] [Fatal Error] :1:1: Premature end of file.
2026-04-14 23:07:44,671 [ERROR] LogOutputStream:75 - [STDERR_REDIRECT] 
2026-04-14 23:07:45,648 [ERROR] LogOutputStream:75 - [STDERR_REDIRECT] [Fatal Error] :1:1: Premature end of file.
2026-04-14 23:07:45,648 [ERROR] LogOutputStream:75 - [STDERR_REDIRECT] 
2026-04-14 23:07:46,650 [ERROR] LogOutputStream:75 - [STDERR_REDIRECT] [Fatal Error] :1:1: Premature end of file.
2026-04-14 23:07:46,651 [ERROR] LogOutputStream:75 - [STDERR_REDIRECT] 
2026-04-14 23:07:47,663 [ERROR] LogOutputStream:75 - [STDERR_REDIRECT] [Fatal Error] :1:1: Premature end of file.
2026-04-14 23:07:47,663 [ERROR] LogOutputStream:75 - [STDERR_REDIRECT] 
2026-04-14 23:07:48,669 [ERROR] LogOutputStream:75 - [STDERR_REDIRECT] [Fatal Error] :1:1: Premature end of file.
2026-04-14 23:07:48,669 [ERROR] LogOutputStream:75 - [STDERR_REDIRECT] 
2026-04-14 23:07:49,655 [ERROR] LogOutputStream:75 - [STDERR_REDIRECT] [Fatal Error] :1:1: Premature end of file.
2026-04-14 23:07:49,655 [ERROR] LogOutputStream:75 - [STDERR_REDIRECT] 
2026-04-14 23:07:50,651 [ERROR] LogOutputStream:75 - [STDERR_REDIRECT] [Fatal Error] :1:1: Premature end of file.
2026-04-14 23:07:50,652 [ERROR] LogOutputStream:75 - [STDERR_REDIRECT] 
2026-04-14 23:07:51,645 [ERROR] LogOutputStream:75 - [STDERR_REDIRECT] [Fatal Error] :1:1: Premature end of file.
2026-04-14 23:07:51,645 [ERROR] LogOutputStream:75 - [STDERR_REDIRECT] 
2026-04-14 23:07:52,649 [ERROR] LogOutputStream:75 - [STDERR_REDIRECT] [Fatal Error] :1:1: Premature end of file.
2026-04-14 23:07:52,649 [ERROR] LogOutputStream:75 - [STDERR_REDIRECT] 
2026-04-14 23:07:53,649 [ERROR] LogOutputStream:75 - [STDERR_REDIRECT] [Fatal Error] :1:1: Premature end of file.
2026-04-14 23:07:53,649 [ERROR] LogOutputStream:75 - [STDERR_REDIRECT] 
2026-04-14 23:07:54,645 [ERROR] LogOutputStream:75 - [STDERR_REDIRECT] [Fatal Error] :1:1: Premature end of file.
2026-04-14 23:07:54,645 [ERROR] LogOutputStream:75 - [STDERR_REDIRECT] 
2026-04-14 23:07:55,650 [ERROR] LogOutputStream:75 - [STDERR_REDIRECT] [Fatal Error] :1:1: Premature end of file.
2026-04-14 23:07:55,680 [ERROR] LogOutputStream:75 - [STDERR_REDIRECT] 
2026-04-14 23:07:56,647 [ERROR] LogOutputStream:75 - [STDERR_REDIRECT] [Fatal Error] :1:1: Premature end of file.
2026-04-14 23:07:56,647 [ERROR] LogOutputStream:75 - [STDERR_REDIRECT] 
2026-04-14 23:07:57,712 [ERROR] LogOutputStream:75 - [STDERR_REDIRECT] [Fatal Error] :1:1: Premature end of file.
2026-04-14 23:07:57,712 [ERROR] LogOutputStream:75 - [STDERR_REDIRECT] 
2026-04-14 23:07:58,653 [ERROR] LogOutputStream:75 - [STDERR_REDIRECT] [Fatal Error] :1:1: Premature end of file.
2026-04-14 23:07:58,653 [ERROR] LogOutputStream:75 - [STDERR_REDIRECT] 
2026-04-14 23:07:59,673 [ERROR] LogOutputStream:75 - [STDERR_REDIRECT] [Fatal Error] :1:1: Premature end of file.
2026-04-14 23:07:59,673 [ERROR] LogOutputStream:75 - [STDERR_REDIRECT] 
2026-04-14 23:08:00,648 [ERROR] LogOutputStream:75 - [STDERR_REDIRECT] [Fatal Error] :1:1: Premature end of file.
2026-04-14 23:08:00,648 [ERROR] LogOutputStream:75 - [STDERR_REDIRECT] 
2026-04-14 23:08:01,669 [ERROR] LogOutputStream:75 - [STDERR_REDIRECT] [Fatal Error] :1:1: Premature end of file.
2026-04-14 23:08:01,670 [ERROR] LogOutputStream:75 - [STDERR_REDIRECT] 
2026-04-14 23:08:02,651 [ERROR] LogOutputStream:75 - [STDERR_REDIRECT] [Fatal Error] :1:1: Premature end of file.
2026-04-14 23:08:02,651 [ERROR] LogOutputStream:75 - [STDERR_REDIRECT] 
2026-04-14 23:08:03,650 [ERROR] LogOutputStream:75 - [STDERR_REDIRECT] [Fatal Error] :1:1: Premature end of file.
2026-04-14 23:08:03,650 [ERROR] LogOutputStream:75 - [STDERR_REDIRECT] 
2026-04-14 23:08:04,659 [ERROR] LogOutputStream:75 - [STDERR_REDIRECT] [Fatal Error] :1:1: Premature end of file.
2026-04-14 23:08:04,659 [ERROR] LogOutputStream:75 - [STDERR_REDIRECT] 
2026-04-14 23:08:05,649 [ERROR] LogOutputStream:75 - [STDERR_REDIRECT] [Fatal Error] :1:1: Premature end of file.
2026-04-14 23:08:05,649 [ERROR] LogOutputStream:75 - [STDERR_REDIRECT] 
2026-04-14 23:08:06,652 [ERROR] LogOutputStream:75 - [STDERR_REDIRECT] [Fatal Error] :1:1: Premature end of file.
2026-04-14 23:08:06,652 [ERROR] LogOutputStream:75 - [STDERR_REDIRECT] 
2026-04-14 23:08:07,655 [ERROR] LogOutputStream:75 - [STDERR_REDIRECT] [Fatal Error] :1:1: Premature end of file.
2026-04-14 23:08:07,656 [ERROR] LogOutputStream:75 - [STDERR_REDIRECT] 
2026-04-14 23:08:08,650 [ERROR] LogOutputStream:75 - [STDERR_REDIRECT] [Fatal Error] :1:1: Premature end of file.
2026-04-14 23:08:08,650 [ERROR] LogOutputStream:75 - [STDERR_REDIRECT] 
2026-04-14 23:08:09,670 [ERROR] LogOutputStream:75 - [STDERR_REDIRECT] [Fatal Error] :1:1: Premature end of file.
2026-04-14 23:08:09,670 [ERROR] LogOutputStream:75 - [STDERR_REDIRECT] 
2026-04-14 23:08:10,649 [ERROR] LogOutputStream:75 - [STDERR_REDIRECT] [Fatal Error] :1:1: Premature end of file.
2026-04-14 23:08:10,650 [ERROR] LogOutputStream:75 - [STDERR_REDIRECT] 
2026-04-14 23:08:11,650 [ERROR] LogOutputStream:75 - [STDERR_REDIRECT] [Fatal Error] :1:1: Premature end of file.
2026-04-14 23:08:11,650 [ERROR] LogOutputStream:75 - [STDERR_REDIRECT] 
2026-04-14 23:08:12,692 [ERROR] LogOutputStream:75 - [STDERR_REDIRECT] [Fatal Error] :1:1: Premature end of file.
2026-04-14 23:08:12,693 [ERROR] LogOutputStream:75 - [STDERR_REDIRECT] 
2026-04-14 23:08:13,678 [ERROR] LogOutputStream:75 - [STDERR_REDIRECT] [Fatal Error] :1:1: Premature end of file.
2026-04-14 23:08:13,678 [ERROR] LogOutputStream:75 - [STDERR_REDIRECT] 
2026-04-14 23:08:14,700 [ERROR] LogOutputStream:75 - [STDERR_REDIRECT] [Fatal Error] :1:1: Premature end of file.
2026-04-14 23:08:14,700 [ERROR] LogOutputStream:75 - [STDERR_REDIRECT] 
2026-04-14 23:08:15,681 [ERROR] LogOutputStream:75 - [STDERR_REDIRECT] [Fatal Error] :1:1: Premature end of file.
2026-04-14 23:08:15,683 [ERROR] LogOutputStream:75 - [STDERR_REDIRECT] 
2026-04-14 23:08:16,692 [ERROR] LogOutputStream:75 - [STDERR_REDIRECT] [Fatal Error] :1:1: Premature end of file.
2026-04-14 23:08:16,692 [ERROR] LogOutputStream:75 - [STDERR_REDIRECT] 
2026-04-14 23:08:17,697 [ERROR] LogOutputStream:75 - [STDERR_REDIRECT] [Fatal Error] :1:1: Premature end of file.
2026-04-14 23:08:17,697 [ERROR] LogOutputStream:75 - [STDERR_REDIRECT] 
2026-04-14 23:08:18,660 [ERROR] LogOutputStream:75 - [STDERR_REDIRECT] [Fatal Error] :1:1: Premature end of file.
2026-04-14 23:08:18,660 [ERROR] LogOutputStream:75 - [STDERR_REDIRECT] 
2026-04-14 23:08:19,660 [ERROR] LogOutputStream:75 - [STDERR_REDIRECT] [Fatal Error] :1:1: Premature end of file.
2026-04-14 23:08:19,660 [ERROR] LogOutputStream:75 - [STDERR_REDIRECT] 
2026-04-14 23:08:20,654 [ERROR] LogOutputStream:75 - [STDERR_REDIRECT] [Fatal Error] :1:1: Premature end of file.
2026-04-14 23:08:20,654 [ERROR] LogOutputStream:75 - [STDERR_REDIRECT] 
2026-04-14 23:08:21,660 [ERROR] LogOutputStream:75 - [STDERR_REDIRECT] [Fatal Error] :1:1: Premature end of file.
2026-04-14 23:08:21,661 [ERROR] LogOutputStream:75 - [STDERR_REDIRECT] 
2026-04-14 23:08:22,674 [ERROR] LogOutputStream:75 - [STDERR_REDIRECT] [Fatal Error] :1:1: Premature end of file.
2026-04-14 23:08:22,674 [ERROR] LogOutputStream:75 - [STDERR_REDIRECT] 
2026-04-14 23:08:23,652 [ERROR] LogOutputStream:75 - [STDERR_REDIRECT] [Fatal Error] :1:1: Premature end of file.
2026-04-14 23:08:23,653 [ERROR] LogOutputStream:75 - [STDERR_REDIRECT] 
2026-04-14 23:08:24,651 [ERROR] LogOutputStream:75 - [STDERR_REDIRECT] [Fatal Error] :1:1: Premature end of file.
2026-04-14 23:08:24,651 [ERROR] LogOutputStream:75 - [STDERR_REDIRECT] 
2026-04-14 23:08:25,653 [ERROR] LogOutputStream:75 - [STDERR_REDIRECT] [Fatal Error] :1:1: Premature end of file.
2026-04-14 23:08:25,653 [ERROR] LogOutputStream:75 - [STDERR_REDIRECT] 
2026-04-14 23:08:26,680 [ERROR] LogOutputStream:75 - [STDERR_REDIRECT] [Fatal Error] :1:1: Premature end of file.
2026-04-14 23:08:26,682 [ERROR] LogOutputStream:75 - [STDERR_REDIRECT] 
2026-04-14 23:08:27,677 [ERROR] LogOutputStream:75 - [STDERR_REDIRECT] [Fatal Error] :1:1: Premature end of file.
2026-04-14 23:08:27,678 [ERROR] LogOutputStream:75 - [STDERR_REDIRECT] 
2026-04-14 23:08:28,648 [ERROR] LogOutputStream:75 - [STDERR_REDIRECT] [Fatal Error] :1:1: Premature end of file.
2026-04-14 23:08:28,649 [ERROR] LogOutputStream:75 - [STDERR_REDIRECT] 
2026-04-14 23:08:29,648 [ERROR] LogOutputStream:75 - [STDERR_REDIRECT] [Fatal Error] :1:1: Premature end of file.
2026-04-14 23:08:29,649 [ERROR] LogOutputStream:75 - [STDERR_REDIRECT] 
2026-04-14 23:08:30,644 [ERROR] LogOutputStream:75 - [STDERR_REDIRECT] [Fatal Error] :1:1: Premature end of file.
2026-04-14 23:08:30,645 [ERROR] LogOutputStream:75 - [STDERR_REDIRECT] 
2026-04-14 23:08:31,659 [ERROR] LogOutputStream:75 - [STDERR_REDIRECT] [Fatal Error] :1:1: Premature end of file.
2026-04-14 23:08:31,660 [ERROR] LogOutputStream:75 - [STDERR_REDIRECT] 
2026-04-14 23:08:32,649 [ERROR] LogOutputStream:75 - [STDERR_REDIRECT] [Fatal Error] :1:1: Premature end of file.
2026-04-14 23:08:32,649 [ERROR] LogOutputStream:75 - [STDERR_REDIRECT] 
2026-04-14 23:08:33,647 [ERROR] LogOutputStream:75 - [STDERR_REDIRECT] [Fatal Error] :1:1: Premature end of file.
2026-04-14 23:08:33,647 [ERROR] LogOutputStream:75 - [STDERR_REDIRECT] 
2026-04-14 23:08:34,648 [ERROR] LogOutputStream:75 - [STDERR_REDIRECT] [Fatal Error] :1:1: Premature end of file.
2026-04-14 23:08:34,648 [ERROR] LogOutputStream:75 - [STDERR_REDIRECT] 
2026-04-14 23:08:35,646 [ERROR] LogOutputStream:75 - [STDERR_REDIRECT] [Fatal Error] :1:1: Premature end of file.
2026-04-14 23:08:35,647 [ERROR] LogOutputStream:75 - [STDERR_REDIRECT] 
2026-04-14 23:08:36,713 [ERROR] LogOutputStream:75 - [STDERR_REDIRECT] [Fatal Error] :1:1: Premature end of file.
2026-04-14 23:08:36,713 [ERROR] LogOutputStream:75 - [STDERR_REDIRECT] 
2026-04-14 23:08:37,648 [ERROR] LogOutputStream:75 - [STDERR_REDIRECT] [Fatal Error] :1:1: Premature end of file.
2026-04-14 23:08:37,649 [ERROR] LogOutputStream:75 - [STDERR_REDIRECT] 
2026-04-14 23:08:38,664 [ERROR] LogOutputStream:75 - [STDERR_REDIRECT] [Fatal Error] :1:1: Premature end of file.
2026-04-14 23:08:38,665 [ERROR] LogOutputStream:75 - [STDERR_REDIRECT] 
2026-04-14 23:08:39,650 [ERROR] LogOutputStream:75 - [STDERR_REDIRECT] [Fatal Error] :1:1: Premature end of file.
2026-04-14 23:08:39,650 [ERROR] LogOutputStream:75 - [STDERR_REDIRECT] 
2026-04-14 23:08:40,650 [ERROR] LogOutputStream:75 - [STDERR_REDIRECT] [Fatal Error] :1:1: Premature end of file.
2026-04-14 23:08:40,650 [ERROR] LogOutputStream:75 - [STDERR_REDIRECT] 
2026-04-14 23:08:41,650 [ERROR] LogOutputStream:75 - [STDERR_REDIRECT] [Fatal Error] :1:1: Premature end of file.
2026-04-14 23:08:41,650 [ERROR] LogOutputStream:75 - [STDERR_REDIRECT] 
2026-04-14 23:08:42,651 [ERROR] LogOutputStream:75 - [STDERR_REDIRECT] [Fatal Error] :1:1: Premature end of file.
2026-04-14 23:08:42,651 [ERROR] LogOutputStream:75 - [STDERR_REDIRECT] 
2026-04-14 23:08:43,656 [ERROR] LogOutputStream:75 - [STDERR_REDIRECT] [Fatal Error] :1:1: Premature end of file.
2026-04-14 23:08:43,657 [ERROR] LogOutputStream:75 - [STDERR_REDIRECT] 
2026-04-14 23:08:44,650 [ERROR] LogOutputStream:75 - [STDERR_REDIRECT] [Fatal Error] :1:1: Premature end of file.
2026-04-14 23:08:44,650 [ERROR] LogOutputStream:75 - [STDERR_REDIRECT] 
2026-04-14 23:08:45,650 [ERROR] LogOutputStream:75 - [STDERR_REDIRECT] [Fatal Error] :1:1: Premature end of file.
2026-04-14 23:08:45,651 [ERROR] LogOutputStream:75 - [STDERR_REDIRECT] 
2026-04-14 23:08:46,645 [ERROR] LogOutputStream:75 - [STDERR_REDIRECT] [Fatal Error] :1:1: Premature end of file.
2026-04-14 23:08:46,645 [ERROR] LogOutputStream:75 - [STDERR_REDIRECT] 
2026-04-14 23:08:47,651 [ERROR] LogOutputStream:75 - [STDERR_REDIRECT] [Fatal Error] :1:1: Premature end of file.
2026-04-14 23:08:47,651 [ERROR] LogOutputStream:75 - [STDERR_REDIRECT] 
2026-04-14 23:08:48,649 [ERROR] LogOutputStream:75 - [STDERR_REDIRECT] [Fatal Error] :1:1: Premature end of file.
2026-04-14 23:08:48,650 [ERROR] LogOutputStream:75 - [STDERR_REDIRECT] 
2026-04-14 23:08:49,769 [ERROR] LogOutputStream:75 - [STDERR_REDIRECT] [Fatal Error] :1:1: Premature end of file.
2026-04-14 23:08:49,770 [ERROR] LogOutputStream:75 - [STDERR_REDIRECT] 
2026-04-14 23:08:50,651 [ERROR] LogOutputStream:75 - [STDERR_REDIRECT] [Fatal Error] :1:1: Premature end of file.
2026-04-14 23:08:50,652 [ERROR] LogOutputStream:75 - [STDERR_REDIRECT] 
2026-04-14 23:08:51,657 [ERROR] LogOutputStream:75 - [STDERR_REDIRECT] [Fatal Error] :1:1: Premature end of file.
2026-04-14 23:08:51,657 [ERROR] LogOutputStream:75 - [STDERR_REDIRECT] 
2026-04-14 23:08:52,647 [ERROR] LogOutputStream:75 - [STDERR_REDIRECT] [Fatal Error] :1:1: Premature end of file.
2026-04-14 23:08:52,647 [ERROR] LogOutputStream:75 - [STDERR_REDIRECT] 
2026-04-14 23:08:53,648 [ERROR] LogOutputStream:75 - [STDERR_REDIRECT] [Fatal Error] :1:1: Premature end of file.
2026-04-14 23:08:53,648 [ERROR] LogOutputStream:75 - [STDERR_REDIRECT] 
2026-04-14 23:08:54,648 [ERROR] LogOutputStream:75 - [STDERR_REDIRECT] [Fatal Error] :1:1: Premature end of file.
2026-04-14 23:08:54,648 [ERROR] LogOutputStream:75 - [STDERR_REDIRECT] 
2026-04-14 23:08:55,647 [ERROR] LogOutputStream:75 - [STDERR_REDIRECT] [Fatal Error] :1:1: Premature end of file.
2026-04-14 23:08:55,647 [ERROR] LogOutputStream:75 - [STDERR_REDIRECT] 
2026-04-14 23:08:56,652 [ERROR] LogOutputStream:75 - [STDERR_REDIRECT] [Fatal Error] :1:1: Premature end of file.
2026-04-14 23:08:56,652 [ERROR] LogOutputStream:75 - [STDERR_REDIRECT] 
2026-04-14 23:08:57,644 [ERROR] LogOutputStream:75 - [STDERR_REDIRECT] [Fatal Error] :1:1: Premature end of file.
2026-04-14 23:08:57,644 [ERROR] LogOutputStream:75 - [STDERR_REDIRECT] 
2026-04-14 23:08:58,652 [ERROR] LogOutputStream:75 - [STDERR_REDIRECT] [Fatal Error] :1:1: Premature end of file.
2026-04-14 23:08:58,652 [ERROR] LogOutputStream:75 - [STDERR_REDIRECT] 
2026-04-14 23:08:59,649 [ERROR] LogOutputStream:75 - [STDERR_REDIRECT] [Fatal Error] :1:1: Premature end of file.
2026-04-14 23:08:59,649 [ERROR] LogOutputStream:75 - [STDERR_REDIRECT] 
2026-04-14 23:09:00,645 [ERROR] LogOutputStream:75 - [STDERR_REDIRECT] [Fatal Error] :1:1: Premature end of file.
2026-04-14 23:09:00,645 [ERROR] LogOutputStream:75 - [STDERR_REDIRECT] 
2026-04-14 23:09:01,651 [ERROR] LogOutputStream:75 - [STDERR_REDIRECT] [Fatal Error] :1:1: Premature end of file.
2026-04-14 23:09:01,651 [ERROR] LogOutputStream:75 - [STDERR_REDIRECT] 
2026-04-14 23:09:02,653 [ERROR] LogOutputStream:75 - [STDERR_REDIRECT] [Fatal Error] :1:1: Premature end of file.
2026-04-14 23:09:02,653 [ERROR] LogOutputStream:75 - [STDERR_REDIRECT] 
2026-04-14 23:09:03,645 [ERROR] LogOutputStream:75 - [STDERR_REDIRECT] [Fatal Error] :1:1: Premature end of file.
2026-04-14 23:09:03,646 [ERROR] LogOutputStream:75 - [STDERR_REDIRECT] 
2026-04-14 23:09:04,648 [ERROR] LogOutputStream:75 - [STDERR_REDIRECT] [Fatal Error] :1:1: Premature end of file.
2026-04-14 23:09:04,648 [ERROR] LogOutputStream:75 - [STDERR_REDIRECT] 
2026-04-14 23:09:05,651 [ERROR] LogOutputStream:75 - [STDERR_REDIRECT] [Fatal Error] :1:1: Premature end of file.
2026-04-14 23:09:05,651 [ERROR] LogOutputStream:75 - [STDERR_REDIRECT] 
2026-04-14 23:09:06,651 [ERROR] LogOutputStream:75 - [STDERR_REDIRECT] [Fatal Error] :1:1: Premature end of file.
2026-04-14 23:09:06,651 [ERROR] LogOutputStream:75 - [STDERR_REDIRECT] 
2026-04-14 23:09:07,650 [ERROR] LogOutputStream:75 - [STDERR_REDIRECT] [Fatal Error] :1:1: Premature end of file.
2026-04-14 23:09:07,650 [ERROR] LogOutputStream:75 - [STDERR_REDIRECT] 
2026-04-14 23:09:08,648 [ERROR] LogOutputStream:75 - [STDERR_REDIRECT] [Fatal Error] :1:1: Premature end of file.
2026-04-14 23:09:08,648 [ERROR] LogOutputStream:75 - [STDERR_REDIRECT] 
2026-04-14 23:09:09,648 [ERROR] LogOutputStream:75 - [STDERR_REDIRECT] [Fatal Error] :1:1: Premature end of file.
2026-04-14 23:09:09,649 [ERROR] LogOutputStream:75 - [STDERR_REDIRECT] 
2026-04-14 23:09:10,649 [ERROR] LogOutputStream:75 - [STDERR_REDIRECT] [Fatal Error] :1:1: Premature end of file.
2026-04-14 23:09:10,649 [ERROR] LogOutputStream:75 - [STDERR_REDIRECT] 
2026-04-14 23:09:11,652 [ERROR] LogOutputStream:75 - [STDERR_REDIRECT] [Fatal Error] :1:1: Premature end of file.
2026-04-14 23:09:11,653 [ERROR] LogOutputStream:75 - [STDERR_REDIRECT] 
2026-04-14 23:09:12,648 [ERROR] LogOutputStream:75 - [STDERR_REDIRECT] [Fatal Error] :1:1: Premature end of file.
2026-04-14 23:09:12,648 [ERROR] LogOutputStream:75 - [STDERR_REDIRECT] 
2026-04-14 23:09:13,648 [ERROR] LogOutputStream:75 - [STDERR_REDIRECT] [Fatal Error] :1:1: Premature end of file.
2026-04-14 23:09:13,648 [ERROR] LogOutputStream:75 - [STDERR_REDIRECT] 
2026-04-14 23:09:14,647 [ERROR] LogOutputStream:75 - [STDERR_REDIRECT] [Fatal Error] :1:1: Premature end of file.
2026-04-14 23:09:14,647 [ERROR] LogOutputStream:75 - [STDERR_REDIRECT] 
2026-04-14 23:09:15,646 [ERROR] LogOutputStream:75 - [STDERR_REDIRECT] [Fatal Error] :1:1: Premature end of file.
2026-04-14 23:09:15,646 [ERROR] LogOutputStream:75 - [STDERR_REDIRECT] 
2026-04-14 23:09:16,646 [ERROR] LogOutputStream:75 - [STDERR_REDIRECT] [Fatal Error] :1:1: Premature end of file.
2026-04-14 23:09:16,646 [ERROR] LogOutputStream:75 - [STDERR_REDIRECT] 
2026-04-14 23:09:17,650 [ERROR] LogOutputStream:75 - [STDERR_REDIRECT] [Fatal Error] :1:1: Premature end of file.
2026-04-14 23:09:17,650 [ERROR] LogOutputStream:75 - [STDERR_REDIRECT] 
2026-04-14 23:09:18,649 [ERROR] LogOutputStream:75 - [STDERR_REDIRECT] [Fatal Error] :1:1: Premature end of file.
2026-04-14 23:09:18,650 [ERROR] LogOutputStream:75 - [STDERR_REDIRECT] 
2026-04-14 23:09:19,649 [ERROR] LogOutputStream:75 - [STDERR_REDIRECT] [Fatal Error] :1:1: Premature end of file.
2026-04-14 23:09:19,649 [ERROR] LogOutputStream:75 - [STDERR_REDIRECT] 
2026-04-14 23:09:20,648 [ERROR] LogOutputStream:75 - [STDERR_REDIRECT] [Fatal Error] :1:1: Premature end of file.
2026-04-14 23:09:20,648 [ERROR] LogOutputStream:75 - [STDERR_REDIRECT] 
2026-04-14 23:09:21,707 [ERROR] LogOutputStream:75 - [STDERR_REDIRECT] [Fatal Error] :1:1: Premature end of file.
2026-04-14 23:09:21,707 [ERROR] LogOutputStream:75 - [STDERR_REDIRECT] 
2026-04-14 23:09:22,647 [ERROR] LogOutputStream:75 - [STDERR_REDIRECT] [Fatal Error] :1:1: Premature end of file.
2026-04-14 23:09:22,647 [ERROR] LogOutputStream:75 - [STDERR_REDIRECT] 
2026-04-14 23:09:23,647 [ERROR] LogOutputStream:75 - [STDERR_REDIRECT] [Fatal Error] :1:1: Premature end of file.
2026-04-14 23:09:23,647 [ERROR] LogOutputStream:75 - [STDERR_REDIRECT] 
2026-04-14 23:09:24,660 [ERROR] LogOutputStream:75 - [STDERR_REDIRECT] [Fatal Error] :1:1: Premature end of file.
2026-04-14 23:09:24,660 [ERROR] LogOutputStream:75 - [STDERR_REDIRECT] 
2026-04-14 23:09:25,648 [ERROR] LogOutputStream:75 - [STDERR_REDIRECT] [Fatal Error] :1:1: Premature end of file.
2026-04-14 23:09:25,649 [ERROR] LogOutputStream:75 - [STDERR_REDIRECT] 
2026-04-14 23:09:26,647 [ERROR] LogOutputStream:75 - [STDERR_REDIRECT] [Fatal Error] :1:1: Premature end of file.
2026-04-14 23:09:26,648 [ERROR] LogOutputStream:75 - [STDERR_REDIRECT] 
2026-04-14 23:09:27,645 [ERROR] LogOutputStream:75 - [STDERR_REDIRECT] [Fatal Error] :1:1: Premature end of file.
2026-04-14 23:09:27,645 [ERROR] LogOutputStream:75 - [STDERR_REDIRECT] 
2026-04-14 23:09:28,648 [ERROR] LogOutputStream:75 - [STDERR_REDIRECT] [Fatal Error] :1:1: Premature end of file.
2026-04-14 23:09:28,648 [ERROR] LogOutputStream:75 - [STDERR_REDIRECT] 
2026-04-14 23:09:29,648 [ERROR] LogOutputStream:75 - [STDERR_REDIRECT] [Fatal Error] :1:1: Premature end of file.
2026-04-14 23:09:29,648 [ERROR] LogOutputStream:75 - [STDERR_REDIRECT] 
2026-04-14 23:09:30,649 [ERROR] LogOutputStream:75 - [STDERR_REDIRECT] [Fatal Error] :1:1: Premature end of file.
2026-04-14 23:09:30,649 [ERROR] LogOutputStream:75 - [STDERR_REDIRECT] 
2026-04-14 23:09:31,645 [ERROR] LogOutputStream:75 - [STDERR_REDIRECT] [Fatal Error] :1:1: Premature end of file.
2026-04-14 23:09:31,645 [ERROR] LogOutputStream:75 - [STDERR_REDIRECT] 
2026-04-14 23:09:32,648 [ERROR] LogOutputStream:75 - [STDERR_REDIRECT] [Fatal Error] :1:1: Premature end of file.
2026-04-14 23:09:32,648 [ERROR] LogOutputStream:75 - [STDERR_REDIRECT] 
2026-04-14 23:09:33,647 [ERROR] LogOutputStream:75 - [STDERR_REDIRECT] [Fatal Error] :1:1: Premature end of file.
2026-04-14 23:09:33,647 [ERROR] LogOutputStream:75 - [STDERR_REDIRECT] 
2026-04-14 23:09:34,645 [ERROR] LogOutputStream:75 - [STDERR_REDIRECT] [Fatal Error] :1:1: Premature end of file.
2026-04-14 23:09:34,645 [ERROR] LogOutputStream:75 - [STDERR_REDIRECT] 
2026-04-14 23:09:35,646 [ERROR] LogOutputStream:75 - [STDERR_REDIRECT] [Fatal Error] :1:1: Premature end of file.
2026-04-14 23:09:35,646 [ERROR] LogOutputStream:75 - [STDERR_REDIRECT] 
2026-04-14 23:09:36,647 [ERROR] LogOutputStream:75 - [STDERR_REDIRECT] [Fatal Error] :1:1: Premature end of file.
2026-04-14 23:09:36,647 [ERROR] LogOutputStream:75 - [STDERR_REDIRECT] 
2026-04-14 23:09:37,802 [ERROR] LogOutputStream:75 - [STDERR_REDIRECT] [Fatal Error] :1:1: Premature end of file.
2026-04-14 23:09:37,803 [ERROR] LogOutputStream:75 - [STDERR_REDIRECT] 
2026-04-14 23:09:38,691 [ERROR] LogOutputStream:75 - [STDERR_REDIRECT] [Fatal Error] :1:1: Premature end of file.
2026-04-14 23:09:38,692 [ERROR] LogOutputStream:75 - [STDERR_REDIRECT] 
2026-04-14 23:09:39,656 [ERROR] LogOutputStream:75 - [STDERR_REDIRECT] [Fatal Error] :1:1: Premature end of file.
2026-04-14 23:09:39,656 [ERROR] LogOutputStream:75 - [STDERR_REDIRECT] 
2026-04-14 23:09:40,708 [ERROR] LogOutputStream:75 - [STDERR_REDIRECT] [Fatal Error] :1:1: Premature end of file.
2026-04-14 23:09:40,708 [ERROR] LogOutputStream:75 - [STDERR_REDIRECT] 
2026-04-14 23:09:41,678 [ERROR] LogOutputStream:75 - [STDERR_REDIRECT] [Fatal Error] :1:1: Premature end of file.
2026-04-14 23:09:41,678 [ERROR] LogOutputStream:75 - [STDERR_REDIRECT] 
2026-04-14 23:09:42,685 [ERROR] LogOutputStream:75 - [STDERR_REDIRECT] [Fatal Error] :1:1: Premature end of file.
2026-04-14 23:09:42,685 [ERROR] LogOutputStream:75 - [STDERR_REDIRECT] 
2026-04-14 23:09:43,705 [ERROR] LogOutputStream:75 - [STDERR_REDIRECT] [Fatal Error] :1:1: Premature end of file.
2026-04-14 23:09:43,706 [ERROR] LogOutputStream:75 - [STDERR_REDIRECT] 
2026-04-14 23:09:44,658 [ERROR] LogOutputStream:75 - [STDERR_REDIRECT] [Fatal Error] :1:1: Premature end of file.
2026-04-14 23:09:44,659 [ERROR] LogOutputStream:75 - [STDERR_REDIRECT] 
2026-04-14 23:09:45,669 [ERROR] LogOutputStream:75 - [STDERR_REDIRECT] [Fatal Error] :1:1: Premature end of file.
2026-04-14 23:09:45,669 [ERROR] LogOutputStream:75 - [STDERR_REDIRECT] 
2026-04-14 23:09:46,684 [ERROR] LogOutputStream:75 - [STDERR_REDIRECT] [Fatal Error] :1:1: Premature end of file.
2026-04-14 23:09:46,684 [ERROR] LogOutputStream:75 - [STDERR_REDIRECT] 
2026-04-14 23:09:47,682 [ERROR] LogOutputStream:75 - [STDERR_REDIRECT] [Fatal Error] :1:1: Premature end of file.
2026-04-14 23:09:47,682 [ERROR] LogOutputStream:75 - [STDERR_REDIRECT] 
2026-04-14 23:09:48,654 [ERROR] LogOutputStream:75 - [STDERR_REDIRECT] [Fatal Error] :1:1: Premature end of file.
2026-04-14 23:09:48,654 [ERROR] LogOutputStream:75 - [STDERR_REDIRECT] 
2026-04-14 23:09:49,666 [ERROR] LogOutputStream:75 - [STDERR_REDIRECT] [Fatal Error] :1:1: Premature end of file.
2026-04-14 23:09:49,667 [ERROR] LogOutputStream:75 - [STDERR_REDIRECT] 
2026-04-14 23:09:50,664 [ERROR] LogOutputStream:75 - [STDERR_REDIRECT] [Fatal Error] :1:1: Premature end of file.
2026-04-14 23:09:50,664 [ERROR] LogOutputStream:75 - [STDERR_REDIRECT] 
2026-04-14 23:09:51,742 [ERROR] LogOutputStream:75 - [STDERR_REDIRECT] [Fatal Error] :1:1: Premature end of file.
2026-04-14 23:09:51,743 [ERROR] LogOutputStream:75 - [STDERR_REDIRECT] 
2026-04-14 23:09:52,653 [ERROR] LogOutputStream:75 - [STDERR_REDIRECT] [Fatal Error] :1:1: Premature end of file.
2026-04-14 23:09:52,653 [ERROR] LogOutputStream:75 - [STDERR_REDIRECT] 
2026-04-14 23:09:53,647 [ERROR] LogOutputStream:75 - [STDERR_REDIRECT] [Fatal Error] :1:1: Premature end of file.
2026-04-14 23:09:53,647 [ERROR] LogOutputStream:75 - [STDERR_REDIRECT] 
2026-04-14 23:09:54,657 [ERROR] LogOutputStream:75 - [STDERR_REDIRECT] [Fatal Error] :1:1: Premature end of file.
2026-04-14 23:09:54,657 [ERROR] LogOutputStream:75 - [STDERR_REDIRECT] 
2026-04-14 23:09:55,656 [ERROR] LogOutputStream:75 - [STDERR_REDIRECT] [Fatal Error] :1:1: Premature end of file.
2026-04-14 23:09:55,656 [ERROR] LogOutputStream:75 - [STDERR_REDIRECT] 
2026-04-14 23:09:56,668 [ERROR] LogOutputStream:75 - [STDERR_REDIRECT] [Fatal Error] :1:1: Premature end of file.
2026-04-14 23:09:56,669 [ERROR] LogOutputStream:75 - [STDERR_REDIRECT] 
2026-04-14 23:09:57,688 [ERROR] LogOutputStream:75 - [STDERR_REDIRECT] [Fatal Error] :1:1: Premature end of file.
2026-04-14 23:09:57,688 [ERROR] LogOutputStream:75 - [STDERR_REDIRECT] 
2026-04-14 23:09:58,665 [ERROR] LogOutputStream:75 - [STDERR_REDIRECT] [Fatal Error] :1:1: Premature end of file.
2026-04-14 23:09:58,666 [ERROR] LogOutputStream:75 - [STDERR_REDIRECT] 
2026-04-14 23:09:59,662 [ERROR] LogOutputStream:75 - [STDERR_REDIRECT] [Fatal Error] :1:1: Premature end of file.
2026-04-14 23:09:59,662 [ERROR] LogOutputStream:75 - [STDERR_REDIRECT] 
2026-04-14 23:10:00,657 [ERROR] LogOutputStream:75 - [STDERR_REDIRECT] [Fatal Error] :1:1: Premature end of file.
2026-04-14 23:10:00,658 [ERROR] LogOutputStream:75 - [STDERR_REDIRECT] 
2026-04-14 23:10:01,656 [ERROR] LogOutputStream:75 - [STDERR_REDIRECT] [Fatal Error] :1:1: Premature end of file.
2026-04-14 23:10:01,656 [ERROR] LogOutputStream:75 - [STDERR_REDIRECT] 
2026-04-14 23:10:02,668 [ERROR] LogOutputStream:75 - [STDERR_REDIRECT] [Fatal Error] :1:1: Premature end of file.
2026-04-14 23:10:02,668 [ERROR] LogOutputStream:75 - [STDERR_REDIRECT] 
2026-04-14 23:10:03,671 [ERROR] LogOutputStream:75 - [STDERR_REDIRECT] [Fatal Error] :1:1: Premature end of file.
2026-04-14 23:10:03,672 [ERROR] LogOutputStream:75 - [STDERR_REDIRECT] 
2026-04-14 23:10:04,663 [ERROR] LogOutputStream:75 - [STDERR_REDIRECT] [Fatal Error] :1:1: Premature end of file.
2026-04-14 23:10:04,664 [ERROR] LogOutputStream:75 - [STDERR_REDIRECT] 
2026-04-14 23:10:05,666 [ERROR] LogOutputStream:75 - [STDERR_REDIRECT] [Fatal Error] :1:1: Premature end of file.
2026-04-14 23:10:05,666 [ERROR] LogOutputStream:75 - [STDERR_REDIRECT] 
2026-04-14 23:10:06,657 [ERROR] LogOutputStream:75 - [STDERR_REDIRECT] [Fatal Error] :1:1: Premature end of file.
2026-04-14 23:10:06,657 [ERROR] LogOutputStream:75 - [STDERR_REDIRECT] 
2026-04-14 23:10:07,664 [ERROR] LogOutputStream:75 - [STDERR_REDIRECT] [Fatal Error] :1:1: Premature end of file.
2026-04-14 23:10:07,664 [ERROR] LogOutputStream:75 - [STDERR_REDIRECT] 
2026-04-14 23:10:08,647 [ERROR] LogOutputStream:75 - [STDERR_REDIRECT] [Fatal Error] :1:1: Premature end of file.
2026-04-14 23:10:08,647 [ERROR] LogOutputStream:75 - [STDERR_REDIRECT] 
2026-04-14 23:10:09,659 [ERROR] LogOutputStream:75 - [STDERR_REDIRECT] [Fatal Error] :1:1: Premature end of file.
2026-04-14 23:10:09,659 [ERROR] LogOutputStream:75 - [STDERR_REDIRECT] 
2026-04-14 23:10:10,665 [ERROR] LogOutputStream:75 - [STDERR_REDIRECT] [Fatal Error] :1:1: Premature end of file.
2026-04-14 23:10:10,665 [ERROR] LogOutputStream:75 - [STDERR_REDIRECT] 
2026-04-14 23:10:11,663 [ERROR] LogOutputStream:75 - [STDERR_REDIRECT] [Fatal Error] :1:1: Premature end of file.
2026-04-14 23:10:11,664 [ERROR] LogOutputStream:75 - [STDERR_REDIRECT] 
2026-04-14 23:10:12,675 [ERROR] LogOutputStream:75 - [STDERR_REDIRECT] [Fatal Error] :1:1: Premature end of file.
2026-04-14 23:10:12,676 [ERROR] LogOutputStream:75 - [STDERR_REDIRECT] 
2026-04-14 23:10:13,663 [ERROR] LogOutputStream:75 - [STDERR_REDIRECT] [Fatal Error] :1:1: Premature end of file.
2026-04-14 23:10:13,663 [ERROR] LogOutputStream:75 - [STDERR_REDIRECT] 
2026-04-14 23:10:14,694 [ERROR] LogOutputStream:75 - [STDERR_REDIRECT] [Fatal Error] :1:1: Premature end of file.
2026-04-14 23:10:14,694 [ERROR] LogOutputStream:75 - [STDERR_REDIRECT] 
2026-04-14 23:10:15,656 [ERROR] LogOutputStream:75 - [STDERR_REDIRECT] [Fatal Error] :1:1: Premature end of file.
2026-04-14 23:10:15,657 [ERROR] LogOutputStream:75 - [STDERR_REDIRECT] 
2026-04-14 23:10:16,654 [ERROR] LogOutputStream:75 - [STDERR_REDIRECT] [Fatal Error] :1:1: Premature end of file.
2026-04-14 23:10:16,655 [ERROR] LogOutputStream:75 - [STDERR_REDIRECT] 
2026-04-14 23:10:17,792 [ERROR] LogOutputStream:75 - [STDERR_REDIRECT] [Fatal Error] :1:1: Premature end of file.
2026-04-14 23:10:17,792 [ERROR] LogOutputStream:75 - [STDERR_REDIRECT] 
2026-04-14 23:10:18,669 [ERROR] LogOutputStream:75 - [STDERR_REDIRECT] [Fatal Error] :1:1: Premature end of file.
2026-04-14 23:10:18,669 [ERROR] LogOutputStream:75 - [STDERR_REDIRECT] 
2026-04-14 23:10:19,662 [ERROR] LogOutputStream:75 - [STDERR_REDIRECT] [Fatal Error] :1:1: Premature end of file.
2026-04-14 23:10:19,662 [ERROR] LogOutputStream:75 - [STDERR_REDIRECT] 
2026-04-14 23:10:20,663 [ERROR] LogOutputStream:75 - [STDERR_REDIRECT] [Fatal Error] :1:1: Premature end of file.
2026-04-14 23:10:20,663 [ERROR] LogOutputStream:75 - [STDERR_REDIRECT] 
2026-04-14 23:10:21,651 [ERROR] LogOutputStream:75 - [STDERR_REDIRECT] [Fatal Error] :1:1: Premature end of file.
2026-04-14 23:10:21,651 [ERROR] LogOutputStream:75 - [STDERR_REDIRECT] 
2026-04-14 23:10:22,648 [ERROR] LogOutputStream:75 - [STDERR_REDIRECT] [Fatal Error] :1:1: Premature end of file.
2026-04-14 23:10:22,649 [ERROR] LogOutputStream:75 - [STDERR_REDIRECT] 
2026-04-14 23:10:23,653 [ERROR] LogOutputStream:75 - [STDERR_REDIRECT] [Fatal Error] :1:1: Premature end of file.
2026-04-14 23:10:23,653 [ERROR] LogOutputStream:75 - [STDERR_REDIRECT] 
2026-04-14 23:10:24,670 [ERROR] LogOutputStream:75 - [STDERR_REDIRECT] [Fatal Error] :1:1: Premature end of file.
2026-04-14 23:10:24,670 [ERROR] LogOutputStream:75 - [STDERR_REDIRECT] 
2026-04-14 23:10:25,650 [ERROR] LogOutputStream:75 - [STDERR_REDIRECT] [Fatal Error] :1:1: Premature end of file.
2026-04-14 23:10:25,651 [ERROR] LogOutputStream:75 - [STDERR_REDIRECT] 
2026-04-14 23:10:26,650 [ERROR] LogOutputStream:75 - [STDERR_REDIRECT] [Fatal Error] :1:1: Premature end of file.
2026-04-14 23:10:26,650 [ERROR] LogOutputStream:75 - [STDERR_REDIRECT] 
2026-04-14 23:10:27,653 [ERROR] LogOutputStream:75 - [STDERR_REDIRECT] [Fatal Error] :1:1: Premature end of file.
2026-04-14 23:10:27,654 [ERROR] LogOutputStream:75 - [STDERR_REDIRECT] 
2026-04-14 23:10:28,655 [ERROR] LogOutputStream:75 - [STDERR_REDIRECT] [Fatal Error] :1:1: Premature end of file.
2026-04-14 23:10:28,656 [ERROR] LogOutputStream:75 - [STDERR_REDIRECT] 
2026-04-14 23:10:29,657 [ERROR] LogOutputStream:75 - [STDERR_REDIRECT] [Fatal Error] :1:1: Premature end of file.
2026-04-14 23:10:29,657 [ERROR] LogOutputStream:75 - [STDERR_REDIRECT] 
2026-04-14 23:10:30,660 [ERROR] LogOutputStream:75 - [STDERR_REDIRECT] [Fatal Error] :1:1: Premature end of file.
2026-04-14 23:10:30,661 [ERROR] LogOutputStream:75 - [STDERR_REDIRECT] 
2026-04-14 23:10:31,666 [ERROR] LogOutputStream:75 - [STDERR_REDIRECT] [Fatal Error] :1:1: Premature end of file.
2026-04-14 23:10:31,666 [ERROR] LogOutputStream:75 - [STDERR_REDIRECT] 
2026-04-14 23:10:32,662 [ERROR] LogOutputStream:75 - [STDERR_REDIRECT] [Fatal Error] :1:1: Premature end of file.
2026-04-14 23:10:32,662 [ERROR] LogOutputStream:75 - [STDERR_REDIRECT] 
2026-04-14 23:10:33,654 [ERROR] LogOutputStream:75 - [STDERR_REDIRECT] [Fatal Error] :1:1: Premature end of file.
2026-04-14 23:10:33,654 [ERROR] LogOutputStream:75 - [STDERR_REDIRECT] 
2026-04-14 23:10:34,655 [ERROR] LogOutputStream:75 - [STDERR_REDIRECT] [Fatal Error] :1:1: Premature end of file.
2026-04-14 23:10:34,656 [ERROR] LogOutputStream:75 - [STDERR_REDIRECT] 
2026-04-14 23:10:35,653 [ERROR] LogOutputStream:75 - [STDERR_REDIRECT] [Fatal Error] :1:1: Premature end of file.
2026-04-14 23:10:35,654 [ERROR] LogOutputStream:75 - [STDERR_REDIRECT] 
2026-04-14 23:10:36,660 [ERROR] LogOutputStream:75 - [STDERR_REDIRECT] [Fatal Error] :1:1: Premature end of file.
2026-04-14 23:10:36,660 [ERROR] LogOutputStream:75 - [STDERR_REDIRECT] 
2026-04-14 23:10:37,665 [ERROR] LogOutputStream:75 - [STDERR_REDIRECT] [Fatal Error] :1:1: Premature end of file.
2026-04-14 23:10:37,665 [ERROR] LogOutputStream:75 - [STDERR_REDIRECT] 
2026-04-14 23:10:38,665 [ERROR] LogOutputStream:75 - [STDERR_REDIRECT] [Fatal Error] :1:1: Premature end of file.
2026-04-14 23:10:38,665 [ERROR] LogOutputStream:75 - [STDERR_REDIRECT] 
2026-04-14 23:10:39,659 [ERROR] LogOutputStream:75 - [STDERR_REDIRECT] [Fatal Error] :1:1: Premature end of file.
2026-04-14 23:10:39,659 [ERROR] LogOutputStream:75 - [STDERR_REDIRECT] 
2026-04-14 23:10:40,645 [ERROR] LogOutputStream:75 - [STDERR_REDIRECT] [Fatal Error] :1:1: Premature end of file.
2026-04-14 23:10:40,645 [ERROR] LogOutputStream:75 - [STDERR_REDIRECT] 
2026-04-14 23:10:41,645 [ERROR] LogOutputStream:75 - [STDERR_REDIRECT] [Fatal Error] :1:1: Premature end of file.
2026-04-14 23:10:41,645 [ERROR] LogOutputStream:75 - [STDERR_REDIRECT] 
2026-04-14 23:10:42,667 [ERROR] LogOutputStream:75 - [STDERR_REDIRECT] [Fatal Error] :1:1: Premature end of file.
2026-04-14 23:10:42,667 [ERROR] LogOutputStream:75 - [STDERR_REDIRECT] 
2026-04-14 23:10:43,647 [ERROR] LogOutputStream:75 - [STDERR_REDIRECT] [Fatal Error] :1:1: Premature end of file.
2026-04-14 23:10:43,647 [ERROR] LogOutputStream:75 - [STDERR_REDIRECT] 
2026-04-14 23:10:44,667 [ERROR] LogOutputStream:75 - [STDERR_REDIRECT] [Fatal Error] :1:1: Premature end of file.
2026-04-14 23:10:44,667 [ERROR] LogOutputStream:75 - [STDERR_REDIRECT] 
2026-04-14 23:10:45,668 [ERROR] LogOutputStream:75 - [STDERR_REDIRECT] [Fatal Error] :1:1: Premature end of file.
2026-04-14 23:10:45,669 [ERROR] LogOutputStream:75 - [STDERR_REDIRECT] 
2026-04-14 23:10:46,667 [ERROR] LogOutputStream:75 - [STDERR_REDIRECT] [Fatal Error] :1:1: Premature end of file.
2026-04-14 23:10:46,667 [ERROR] LogOutputStream:75 - [STDERR_REDIRECT] 
2026-04-14 23:10:47,712 [ERROR] LogOutputStream:75 - [STDERR_REDIRECT] [Fatal Error] :1:1: Premature end of file.
2026-04-14 23:10:47,713 [ERROR] LogOutputStream:75 - [STDERR_REDIRECT] 
2026-04-14 23:10:48,677 [ERROR] LogOutputStream:75 - [STDERR_REDIRECT] [Fatal Error] :1:1: Premature end of file.
2026-04-14 23:10:48,677 [ERROR] LogOutputStream:75 - [STDERR_REDIRECT] 
2026-04-14 23:10:49,801 [ERROR] LogOutputStream:75 - [STDERR_REDIRECT] [Fatal Error] :1:1: Premature end of file.
2026-04-14 23:10:49,801 [ERROR] LogOutputStream:75 - [STDERR_REDIRECT] 
2026-04-14 23:10:50,710 [ERROR] LogOutputStream:75 - [STDERR_REDIRECT] [Fatal Error] :1:1: Premature end of file.
2026-04-14 23:10:50,710 [ERROR] LogOutputStream:75 - [STDERR_REDIRECT] 
2026-04-14 23:10:51,843 [ERROR] LogOutputStream:75 - [STDERR_REDIRECT] [Fatal Error] :1:1: Premature end of file.
2026-04-14 23:10:51,844 [ERROR] LogOutputStream:75 - [STDERR_REDIRECT] 
2026-04-14 23:10:52,736 [ERROR] LogOutputStream:75 - [STDERR_REDIRECT] [Fatal Error] :1:1: Premature end of file.
2026-04-14 23:10:52,736 [ERROR] LogOutputStream:75 - [STDERR_REDIRECT] 
2026-04-14 23:10:53,699 [ERROR] LogOutputStream:75 - [STDERR_REDIRECT] [Fatal Error] :1:1: Premature end of file.
2026-04-14 23:10:53,699 [ERROR] LogOutputStream:75 - [STDERR_REDIRECT] 
2026-04-14 23:10:54,719 [ERROR] LogOutputStream:75 - [STDERR_REDIRECT] [Fatal Error] :1:1: Premature end of file.
2026-04-14 23:10:54,719 [ERROR] LogOutputStream:75 - [STDERR_REDIRECT] 
2026-04-14 23:10:55,715 [ERROR] LogOutputStream:75 - [STDERR_REDIRECT] [Fatal Error] :1:1: Premature end of file.
2026-04-14 23:10:55,716 [ERROR] LogOutputStream:75 - [STDERR_REDIRECT] 
2026-04-14 23:10:56,718 [ERROR] LogOutputStream:75 - [STDERR_REDIRECT] [Fatal Error] :1:1: Premature end of file.
2026-04-14 23:10:56,718 [ERROR] LogOutputStream:75 - [STDERR_REDIRECT] 
2026-04-14 23:10:57,676 [ERROR] LogOutputStream:75 - [STDERR_REDIRECT] [Fatal Error] :1:1: Premature end of file.
2026-04-14 23:10:57,676 [ERROR] LogOutputStream:75 - [STDERR_REDIRECT] 
2026-04-14 23:10:58,681 [ERROR] LogOutputStream:75 - [STDERR_REDIRECT] [Fatal Error] :1:1: Premature end of file.
2026-04-14 23:10:58,682 [ERROR] LogOutputStream:75 - [STDERR_REDIRECT] 
2026-04-14 23:10:59,714 [ERROR] LogOutputStream:75 - [STDERR_REDIRECT] [Fatal Error] :1:1: Premature end of file.
2026-04-14 23:10:59,714 [ERROR] LogOutputStream:75 - [STDERR_REDIRECT] 
2026-04-14 23:11:00,702 [ERROR] LogOutputStream:75 - [STDERR_REDIRECT] [Fatal Error] :1:1: Premature end of file.
2026-04-14 23:11:00,703 [ERROR] LogOutputStream:75 - [STDERR_REDIRECT] 
2026-04-14 23:11:01,803 [ERROR] LogOutputStream:75 - [STDERR_REDIRECT] [Fatal Error] :1:1: Premature end of file.
2026-04-14 23:11:01,804 [ERROR] LogOutputStream:75 - [STDERR_REDIRECT] 
2026-04-14 23:11:02,731 [ERROR] LogOutputStream:75 - [STDERR_REDIRECT] [Fatal Error] :1:1: Premature end of file.
2026-04-14 23:11:02,731 [ERROR] LogOutputStream:75 - [STDERR_REDIRECT] 
2026-04-14 23:11:03,793 [ERROR] LogOutputStream:75 - [STDERR_REDIRECT] [Fatal Error] :1:1: Premature end of file.
2026-04-14 23:11:03,793 [ERROR] LogOutputStream:75 - [STDERR_REDIRECT] 
2026-04-14 23:11:04,763 [ERROR] LogOutputStream:75 - [STDERR_REDIRECT] [Fatal Error] :1:1: Premature end of file.
2026-04-14 23:11:04,764 [ERROR] LogOutputStream:75 - [STDERR_REDIRECT] 
2026-04-14 23:11:05,664 [ERROR] LogOutputStream:75 - [STDERR_REDIRECT] [Fatal Error] :1:1: Premature end of file.
2026-04-14 23:11:05,664 [ERROR] LogOutputStream:75 - [STDERR_REDIRECT] 
2026-04-14 23:11:06,692 [ERROR] LogOutputStream:75 - [STDERR_REDIRECT] [Fatal Error] :1:1: Premature end of file.
2026-04-14 23:11:06,692 [ERROR] LogOutputStream:75 - [STDERR_REDIRECT] 
2026-04-14 23:11:07,691 [ERROR] LogOutputStream:75 - [STDERR_REDIRECT] [Fatal Error] :1:1: Premature end of file.
2026-04-14 23:11:07,691 [ERROR] LogOutputStream:75 - [STDERR_REDIRECT] 
2026-04-14 23:11:08,692 [ERROR] LogOutputStream:75 - [STDERR_REDIRECT] [Fatal Error] :1:1: Premature end of file.
2026-04-14 23:11:08,692 [ERROR] LogOutputStream:75 - [STDERR_REDIRECT] 
2026-04-14 23:11:09,681 [ERROR] LogOutputStream:75 - [STDERR_REDIRECT] [Fatal Error] :1:1: Premature end of file.
2026-04-14 23:11:09,681 [ERROR] LogOutputStream:75 - [STDERR_REDIRECT] 
2026-04-14 23:11:10,653 [ERROR] LogOutputStream:75 - [STDERR_REDIRECT] [Fatal Error] :1:1: Premature end of file.
2026-04-14 23:11:10,653 [ERROR] LogOutputStream:75 - [STDERR_REDIRECT] 
2026-04-14 23:11:11,654 [ERROR] LogOutputStream:75 - [STDERR_REDIRECT] [Fatal Error] :1:1: Premature end of file.
2026-04-14 23:11:11,654 [ERROR] LogOutputStream:75 - [STDERR_REDIRECT] 
2026-04-14 23:11:12,660 [ERROR] LogOutputStream:75 - [STDERR_REDIRECT] [Fatal Error] :1:1: Premature end of file.
2026-04-14 23:11:12,660 [ERROR] LogOutputStream:75 - [STDERR_REDIRECT] 
2026-04-14 23:11:13,654 [ERROR] LogOutputStream:75 - [STDERR_REDIRECT] [Fatal Error] :1:1: Premature end of file.
2026-04-14 23:11:13,654 [ERROR] LogOutputStream:75 - [STDERR_REDIRECT] 
2026-04-14 23:11:14,647 [ERROR] LogOutputStream:75 - [STDERR_REDIRECT] [Fatal Error] :1:1: Premature end of file.
2026-04-14 23:11:14,647 [ERROR] LogOutputStream:75 - [STDERR_REDIRECT] 
2026-04-14 23:11:15,643 [ERROR] LogOutputStream:75 - [STDERR_REDIRECT] [Fatal Error] :1:1: Premature end of file.
2026-04-14 23:11:15,644 [ERROR] LogOutputStream:75 - [STDERR_REDIRECT] 
2026-04-14 23:11:16,644 [ERROR] LogOutputStream:75 - [STDERR_REDIRECT] [Fatal Error] :1:1: Premature end of file.
2026-04-14 23:11:16,645 [ERROR] LogOutputStream:75 - [STDERR_REDIRECT] 
2026-04-14 23:11:17,642 [ERROR] LogOutputStream:75 - [STDERR_REDIRECT] [Fatal Error] :1:1: Premature end of file.
2026-04-14 23:11:17,643 [ERROR] LogOutputStream:75 - [STDERR_REDIRECT] 
2026-04-14 23:11:18,645 [ERROR] LogOutputStream:75 - [STDERR_REDIRECT] [Fatal Error] :1:1: Premature end of file.
2026-04-14 23:11:18,645 [ERROR] LogOutputStream:75 - [STDERR_REDIRECT] 
2026-04-14 23:11:19,686 [ERROR] LogOutputStream:75 - [STDERR_REDIRECT] [Fatal Error] :1:1: Premature end of file.
2026-04-14 23:11:19,687 [ERROR] LogOutputStream:75 - [STDERR_REDIRECT] 
2026-04-14 23:11:20,663 [ERROR] LogOutputStream:75 - [STDERR_REDIRECT] [Fatal Error] :1:1: Premature end of file.
2026-04-14 23:11:20,663 [ERROR] LogOutputStream:75 - [STDERR_REDIRECT] 
2026-04-14 23:11:21,887 [ERROR] LogOutputStream:75 - [STDERR_REDIRECT] [Fatal Error] :1:1: Premature end of file.
2026-04-14 23:11:21,887 [ERROR] LogOutputStream:75 - [STDERR_REDIRECT] 
2026-04-14 23:11:22,646 [ERROR] LogOutputStream:75 - [STDERR_REDIRECT] [Fatal Error] :1:1: Premature end of file.
2026-04-14 23:11:22,646 [ERROR] LogOutputStream:75 - [STDERR_REDIRECT] 
2026-04-14 23:11:23,646 [ERROR] LogOutputStream:75 - [STDERR_REDIRECT] [Fatal Error] :1:1: Premature end of file.
2026-04-14 23:11:23,646 [ERROR] LogOutputStream:75 - [STDERR_REDIRECT] 
2026-04-14 23:11:24,646 [ERROR] LogOutputStream:75 - [STDERR_REDIRECT] [Fatal Error] :1:1: Premature end of file.
2026-04-14 23:11:24,646 [ERROR] LogOutputStream:75 - [STDERR_REDIRECT] 
2026-04-14 23:11:25,646 [ERROR] LogOutputStream:75 - [STDERR_REDIRECT] [Fatal Error] :1:1: Premature end of file.
2026-04-14 23:11:25,647 [ERROR] LogOutputStream:75 - [STDERR_REDIRECT] 
2026-04-14 23:11:26,643 [ERROR] LogOutputStream:75 - [STDERR_REDIRECT] [Fatal Error] :1:1: Premature end of file.
2026-04-14 23:11:26,644 [ERROR] LogOutputStream:75 - [STDERR_REDIRECT] 
2026-04-14 23:11:27,645 [ERROR] LogOutputStream:75 - [STDERR_REDIRECT] [Fatal Error] :1:1: Premature end of file.
2026-04-14 23:11:27,645 [ERROR] LogOutputStream:75 - [STDERR_REDIRECT] 
2026-04-14 23:11:42,064 [ERROR] LogOutputStream:75 - [STDERR_REDIRECT] [Fatal Error] :1:1: Premature end of file.
2026-04-14 23:11:42,064 [ERROR] LogOutputStream:75 - [STDERR_REDIRECT] 
2026-04-14 23:11:42,110 [ERROR] LogOutputStream:75 - [STDERR_REDIRECT] [Fatal Error] :1:1: Premature end of file.
2026-04-14 23:11:42,110 [ERROR] LogOutputStream:75 - [STDERR_REDIRECT] 
2026-04-14 23:11:42,150 [ERROR] LogOutputStream:75 - [STDERR_REDIRECT] [Fatal Error] :1:1: Premature end of file.
2026-04-14 23:11:42,151 [ERROR] LogOutputStream:75 - [STDERR_REDIRECT] 
2026-04-14 23:11:42,192 [ERROR] LogOutputStream:75 - [STDERR_REDIRECT] [Fatal Error] :1:1: Premature end of file.
2026-04-14 23:11:42,193 [ERROR] LogOutputStream:75 - [STDERR_REDIRECT] 
2026-04-14 23:11:42,233 [ERROR] LogOutputStream:75 - [STDERR_REDIRECT] [Fatal Error] :1:1: Premature end of file.
2026-04-14 23:11:42,233 [ERROR] LogOutputStream:75 - [STDERR_REDIRECT] 
2026-04-14 23:11:42,275 [ERROR] LogOutputStream:75 - [STDERR_REDIRECT] [Fatal Error] :1:1: Premature end of file.
2026-04-14 23:11:42,275 [ERROR] LogOutputStream:75 - [STDERR_REDIRECT] 
2026-04-14 23:11:42,316 [ERROR] LogOutputStream:75 - [STDERR_REDIRECT] [Fatal Error] :1:1: Premature end of file.
2026-04-14 23:11:42,316 [ERROR] LogOutputStream:75 - [STDERR_REDIRECT] 
2026-04-14 23:11:42,359 [ERROR] LogOutputStream:75 - [STDERR_REDIRECT] [Fatal Error] :1:1: Premature end of file.
2026-04-14 23:11:42,360 [ERROR] LogOutputStream:75 - [STDERR_REDIRECT] 
2026-04-14 23:11:42,400 [ERROR] LogOutputStream:75 - [STDERR_REDIRECT] [Fatal Error] :1:1: Premature end of file.
2026-04-14 23:11:42,400 [ERROR] LogOutputStream:75 - [STDERR_REDIRECT] 
2026-04-14 23:11:42,441 [ERROR] LogOutputStream:75 - [STDERR_REDIRECT] [Fatal Error] :1:1: Premature end of file.
2026-04-14 23:11:42,441 [ERROR] LogOutputStream:75 - [STDERR_REDIRECT] 
2026-04-14 23:11:42,482 [ERROR] LogOutputStream:75 - [STDERR_REDIRECT] [Fatal Error] :1:1: Premature end of file.
2026-04-14 23:11:42,482 [ERROR] LogOutputStream:75 - [STDERR_REDIRECT] 
2026-04-14 23:11:42,522 [ERROR] LogOutputStream:75 - [STDERR_REDIRECT] [Fatal Error] :1:1: Premature end of file.
2026-04-14 23:11:42,522 [ERROR] LogOutputStream:75 - [STDERR_REDIRECT] 
2026-04-14 23:11:42,563 [ERROR] LogOutputStream:75 - [STDERR_REDIRECT] [Fatal Error] :1:1: Premature end of file.
2026-04-14 23:11:42,563 [ERROR] LogOutputStream:75 - [STDERR_REDIRECT] 
2026-04-14 23:11:42,604 [ERROR] LogOutputStream:75 - [STDERR_REDIRECT] [Fatal Error] :1:1: Premature end of file.
2026-04-14 23:11:42,604 [ERROR] LogOutputStream:75 - [STDERR_REDIRECT] 
2026-04-14 23:11:42,646 [ERROR] LogOutputStream:75 - [STDERR_REDIRECT] [Fatal Error] :1:1: Premature end of file.
2026-04-14 23:11:42,646 [ERROR] LogOutputStream:75 - [STDERR_REDIRECT] 
2026-04-14 23:11:43,645 [ERROR] LogOutputStream:75 - [STDERR_REDIRECT] [Fatal Error] :1:1: Premature end of file.
2026-04-14 23:11:43,646 [ERROR] LogOutputStream:75 - [STDERR_REDIRECT] 
2026-04-14 23:11:44,645 [ERROR] LogOutputStream:75 - [STDERR_REDIRECT] [Fatal Error] :1:1: Premature end of file.
2026-04-14 23:11:44,646 [ERROR] LogOutputStream:75 - [STDERR_REDIRECT] 
2026-04-14 23:11:45,645 [ERROR] LogOutputStream:75 - [STDERR_REDIRECT] [Fatal Error] :1:1: Premature end of file.
2026-04-14 23:11:45,645 [ERROR] LogOutputStream:75 - [STDERR_REDIRECT] 
2026-04-14 23:11:46,643 [ERROR] LogOutputStream:75 - [STDERR_REDIRECT] [Fatal Error] :1:1: Premature end of file.
2026-04-14 23:11:46,643 [ERROR] LogOutputStream:75 - [STDERR_REDIRECT] 
2026-04-14 23:11:47,644 [ERROR] LogOutputStream:75 - [STDERR_REDIRECT] [Fatal Error] :1:1: Premature end of file.
2026-04-14 23:11:47,644 [ERROR] LogOutputStream:75 - [STDERR_REDIRECT] 
2026-04-14 23:11:48,681 [ERROR] LogOutputStream:75 - [STDERR_REDIRECT] [Fatal Error] :1:1: Premature end of file.
2026-04-14 23:11:48,681 [ERROR] LogOutputStream:75 - [STDERR_REDIRECT] 
2026-04-14 23:11:49,678 [ERROR] LogOutputStream:75 - [STDERR_REDIRECT] [Fatal Error] :1:1: Premature end of file.
2026-04-14 23:11:49,678 [ERROR] LogOutputStream:75 - [STDERR_REDIRECT] 
2026-04-14 23:11:50,658 [ERROR] LogOutputStream:75 - [STDERR_REDIRECT] [Fatal Error] :1:1: Premature end of file.
2026-04-14 23:11:50,658 [ERROR] LogOutputStream:75 - [STDERR_REDIRECT] 
2026-04-14 23:11:51,654 [ERROR] LogOutputStream:75 - [STDERR_REDIRECT] [Fatal Error] :1:1: Premature end of file.
2026-04-14 23:11:51,655 [ERROR] LogOutputStream:75 - [STDERR_REDIRECT] 
2026-04-14 23:11:52,651 [ERROR] LogOutputStream:75 - [STDERR_REDIRECT] [Fatal Error] :1:1: Premature end of file.
2026-04-14 23:11:52,651 [ERROR] LogOutputStream:75 - [STDERR_REDIRECT] 
2026-04-14 23:11:53,643 [ERROR] LogOutputStream:75 - [STDERR_REDIRECT] [Fatal Error] :1:1: Premature end of file.
2026-04-14 23:11:53,643 [ERROR] LogOutputStream:75 - [STDERR_REDIRECT] 
2026-04-14 23:11:54,647 [ERROR] LogOutputStream:75 - [STDERR_REDIRECT] [Fatal Error] :1:1: Premature end of file.
2026-04-14 23:11:54,647 [ERROR] LogOutputStream:75 - [STDERR_REDIRECT] 
2026-04-14 23:11:55,646 [ERROR] LogOutputStream:75 - [STDERR_REDIRECT] [Fatal Error] :1:1: Premature end of file.
2026-04-14 23:11:55,646 [ERROR] LogOutputStream:75 - [STDERR_REDIRECT] 
2026-04-14 23:11:56,646 [ERROR] LogOutputStream:75 - [STDERR_REDIRECT] [Fatal Error] :1:1: Premature end of file.
2026-04-14 23:11:56,646 [ERROR] LogOutputStream:75 - [STDERR_REDIRECT] 
2026-04-14 23:11:57,644 [ERROR] LogOutputStream:75 - [STDERR_REDIRECT] [Fatal Error] :1:1: Premature end of file.
2026-04-14 23:11:57,644 [ERROR] LogOutputStream:75 - [STDERR_REDIRECT] 
2026-04-14 23:11:58,645 [ERROR] LogOutputStream:75 - [STDERR_REDIRECT] [Fatal Error] :1:1: Premature end of file.
2026-04-14 23:11:58,645 [ERROR] LogOutputStream:75 - [STDERR_REDIRECT] 
2026-04-14 23:11:59,644 [ERROR] LogOutputStream:75 - [STDERR_REDIRECT] [Fatal Error] :1:1: Premature end of file.
2026-04-14 23:11:59,644 [ERROR] LogOutputStream:75 - [STDERR_REDIRECT] 
2026-04-14 23:12:00,836 [ERROR] LogOutputStream:75 - [STDERR_REDIRECT] [Fatal Error] :1:1: Premature end of file.
2026-04-14 23:12:00,837 [ERROR] LogOutputStream:75 - [STDERR_REDIRECT] 
2026-04-14 23:12:01,645 [ERROR] LogOutputStream:75 - [STDERR_REDIRECT] [Fatal Error] :1:1: Premature end of file.
2026-04-14 23:12:01,646 [ERROR] LogOutputStream:75 - [STDERR_REDIRECT] 
2026-04-14 23:12:02,642 [ERROR] LogOutputStream:75 - [STDERR_REDIRECT] [Fatal Error] :1:1: Premature end of file.
2026-04-14 23:12:02,643 [ERROR] LogOutputStream:75 - [STDERR_REDIRECT] 
2026-04-14 23:12:03,643 [ERROR] LogOutputStream:75 - [STDERR_REDIRECT] [Fatal Error] :1:1: Premature end of file.
2026-04-14 23:12:03,644 [ERROR] LogOutputStream:75 - [STDERR_REDIRECT] 
2026-04-14 23:12:04,643 [ERROR] LogOutputStream:75 - [STDERR_REDIRECT] [Fatal Error] :1:1: Premature end of file.
2026-04-14 23:12:04,644 [ERROR] LogOutputStream:75 - [STDERR_REDIRECT] 
2026-04-14 23:12:05,648 [ERROR] LogOutputStream:75 - [STDERR_REDIRECT] [Fatal Error] :1:1: Premature end of file.
2026-04-14 23:12:05,648 [ERROR] LogOutputStream:75 - [STDERR_REDIRECT] 
2026-04-14 23:12:06,664 [ERROR] LogOutputStream:75 - [STDERR_REDIRECT] [Fatal Error] :1:1: Premature end of file.
2026-04-14 23:12:06,664 [ERROR] LogOutputStream:75 - [STDERR_REDIRECT] 
2026-04-14 23:12:07,642 [ERROR] LogOutputStream:75 - [STDERR_REDIRECT] [Fatal Error] :1:1: Premature end of file.
2026-04-14 23:12:07,643 [ERROR] LogOutputStream:75 - [STDERR_REDIRECT] 
2026-04-14 23:12:08,643 [ERROR] LogOutputStream:75 - [STDERR_REDIRECT] [Fatal Error] :1:1: Premature end of file.
2026-04-14 23:12:08,644 [ERROR] LogOutputStream:75 - [STDERR_REDIRECT] 
2026-04-14 23:12:09,643 [ERROR] LogOutputStream:75 - [STDERR_REDIRECT] [Fatal Error] :1:1: Premature end of file.
2026-04-14 23:12:09,643 [ERROR] LogOutputStream:75 - [STDERR_REDIRECT] 
2026-04-14 23:12:10,643 [ERROR] LogOutputStream:75 - [STDERR_REDIRECT] [Fatal Error] :1:1: Premature end of file.
2026-04-14 23:12:10,643 [ERROR] LogOutputStream:75 - [STDERR_REDIRECT] 
2026-04-14 23:12:11,643 [ERROR] LogOutputStream:75 - [STDERR_REDIRECT] [Fatal Error] :1:1: Premature end of file.
2026-04-14 23:12:11,643 [ERROR] LogOutputStream:75 - [STDERR_REDIRECT] 
2026-04-14 23:12:12,643 [ERROR] LogOutputStream:75 - [STDERR_REDIRECT] [Fatal Error] :1:1: Premature end of file.
2026-04-14 23:12:12,643 [ERROR] LogOutputStream:75 - [STDERR_REDIRECT] 
2026-04-14 23:12:13,647 [ERROR] LogOutputStream:75 - [STDERR_REDIRECT] [Fatal Error] :1:1: Premature end of file.
2026-04-14 23:12:13,647 [ERROR] LogOutputStream:75 - [STDERR_REDIRECT] 
2026-04-14 23:12:14,643 [ERROR] LogOutputStream:75 - [STDERR_REDIRECT] [Fatal Error] :1:1: Premature end of file.
2026-04-14 23:12:14,644 [ERROR] LogOutputStream:75 - [STDERR_REDIRECT] 
2026-04-14 23:12:15,644 [ERROR] LogOutputStream:75 - [STDERR_REDIRECT] [Fatal Error] :1:1: Premature end of file.
2026-04-14 23:12:15,644 [ERROR] LogOutputStream:75 - [STDERR_REDIRECT] 
2026-04-14 23:12:16,645 [ERROR] LogOutputStream:75 - [STDERR_REDIRECT] [Fatal Error] :1:1: Premature end of file.
2026-04-14 23:12:16,645 [ERROR] LogOutputStream:75 - [STDERR_REDIRECT] 
2026-04-14 23:12:17,644 [ERROR] LogOutputStream:75 - [STDERR_REDIRECT] [Fatal Error] :1:1: Premature end of file.
2026-04-14 23:12:17,644 [ERROR] LogOutputStream:75 - [STDERR_REDIRECT] 
2026-04-14 23:12:18,644 [ERROR] LogOutputStream:75 - [STDERR_REDIRECT] [Fatal Error] :1:1: Premature end of file.
2026-04-14 23:12:18,644 [ERROR] LogOutputStream:75 - [STDERR_REDIRECT] 
2026-04-14 23:12:19,644 [ERROR] LogOutputStream:75 - [STDERR_REDIRECT] [Fatal Error] :1:1: Premature end of file.
2026-04-14 23:12:19,644 [ERROR] LogOutputStream:75 - [STDERR_REDIRECT] 
2026-04-14 23:12:20,644 [ERROR] LogOutputStream:75 - [STDERR_REDIRECT] [Fatal Error] :1:1: Premature end of file.
2026-04-14 23:12:20,644 [ERROR] LogOutputStream:75 - [STDERR_REDIRECT] 
2026-04-14 23:12:21,645 [ERROR] LogOutputStream:75 - [STDERR_REDIRECT] [Fatal Error] :1:1: Premature end of file.
2026-04-14 23:12:21,646 [ERROR] LogOutputStream:75 - [STDERR_REDIRECT] 
2026-04-14 23:12:22,643 [ERROR] LogOutputStream:75 - [STDERR_REDIRECT] [Fatal Error] :1:1: Premature end of file.
2026-04-14 23:12:22,643 [ERROR] LogOutputStream:75 - [STDERR_REDIRECT] 
2026-04-14 23:12:23,874 [ERROR] LogOutputStream:75 - [STDERR_REDIRECT] [Fatal Error] :1:1: Premature end of file.
2026-04-14 23:12:23,874 [ERROR] LogOutputStream:75 - [STDERR_REDIRECT] 
2026-04-14 23:12:24,643 [ERROR] LogOutputStream:75 - [STDERR_REDIRECT] [Fatal Error] :1:1: Premature end of file.
2026-04-14 23:12:24,643 [ERROR] LogOutputStream:75 - [STDERR_REDIRECT] 
2026-04-14 23:12:25,644 [ERROR] LogOutputStream:75 - [STDERR_REDIRECT] [Fatal Error] :1:1: Premature end of file.
2026-04-14 23:12:25,645 [ERROR] LogOutputStream:75 - [STDERR_REDIRECT] 
2026-04-14 23:12:26,644 [ERROR] LogOutputStream:75 - [STDERR_REDIRECT] [Fatal Error] :1:1: Premature end of file.
2026-04-14 23:12:26,644 [ERROR] LogOutputStream:75 - [STDERR_REDIRECT] 
2026-04-14 23:12:27,644 [ERROR] LogOutputStream:75 - [STDERR_REDIRECT] [Fatal Error] :1:1: Premature end of file.
2026-04-14 23:12:27,644 [ERROR] LogOutputStream:75 - [STDERR_REDIRECT] 
2026-04-14 23:12:28,642 [ERROR] LogOutputStream:75 - [STDERR_REDIRECT] [Fatal Error] :1:1: Premature end of file.
2026-04-14 23:12:28,643 [ERROR] LogOutputStream:75 - [STDERR_REDIRECT] 
2026-04-14 23:12:29,644 [ERROR] LogOutputStream:75 - [STDERR_REDIRECT] [Fatal Error] :1:1: Premature end of file.
2026-04-14 23:12:29,644 [ERROR] LogOutputStream:75 - [STDERR_REDIRECT] 
2026-04-14 23:12:30,651 [ERROR] LogOutputStream:75 - [STDERR_REDIRECT] [Fatal Error] :1:1: Premature end of file.
2026-04-14 23:12:30,652 [ERROR] LogOutputStream:75 - [STDERR_REDIRECT] 
2026-04-14 23:12:31,644 [ERROR] LogOutputStream:75 - [STDERR_REDIRECT] [Fatal Error] :1:1: Premature end of file.
2026-04-14 23:12:31,644 [ERROR] LogOutputStream:75 - [STDERR_REDIRECT] 
2026-04-14 23:12:32,643 [ERROR] LogOutputStream:75 - [STDERR_REDIRECT] [Fatal Error] :1:1: Premature end of file.
2026-04-14 23:12:32,643 [ERROR] LogOutputStream:75 - [STDERR_REDIRECT] 
2026-04-14 23:12:33,645 [ERROR] LogOutputStream:75 - [STDERR_REDIRECT] [Fatal Error] :1:1: Premature end of file.
2026-04-14 23:12:33,646 [ERROR] LogOutputStream:75 - [STDERR_REDIRECT] 
2026-04-14 23:12:34,643 [ERROR] LogOutputStream:75 - [STDERR_REDIRECT] [Fatal Error] :1:1: Premature end of file.
2026-04-14 23:12:34,643 [ERROR] LogOutputStream:75 - [STDERR_REDIRECT] 
2026-04-14 23:12:35,644 [ERROR] LogOutputStream:75 - [STDERR_REDIRECT] [Fatal Error] :1:1: Premature end of file.
2026-04-14 23:12:35,644 [ERROR] LogOutputStream:75 - [STDERR_REDIRECT] 
2026-04-14 23:12:36,686 [ERROR] LogOutputStream:75 - [STDERR_REDIRECT] [Fatal Error] :1:1: Premature end of file.
2026-04-14 23:12:36,686 [ERROR] LogOutputStream:75 - [STDERR_REDIRECT] 
2026-04-14 23:12:37,648 [ERROR] LogOutputStream:75 - [STDERR_REDIRECT] [Fatal Error] :1:1: Premature end of file.
2026-04-14 23:12:37,649 [ERROR] LogOutputStream:75 - [STDERR_REDIRECT] 
2026-04-14 23:12:38,868 [ERROR] LogOutputStream:75 - [STDERR_REDIRECT] [Fatal Error] :1:1: Premature end of file.
2026-04-14 23:12:38,868 [ERROR] LogOutputStream:75 - [STDERR_REDIRECT] 
2026-04-14 23:12:39,648 [ERROR] LogOutputStream:75 - [STDERR_REDIRECT] [Fatal Error] :1:1: Premature end of file.
2026-04-14 23:12:39,648 [ERROR] LogOutputStream:75 - [STDERR_REDIRECT] 
2026-04-14 23:12:40,646 [ERROR] LogOutputStream:75 - [STDERR_REDIRECT] [Fatal Error] :1:1: Premature end of file.
2026-04-14 23:12:40,646 [ERROR] LogOutputStream:75 - [STDERR_REDIRECT] 
2026-04-14 23:12:41,799 [ERROR] LogOutputStream:75 - [STDERR_REDIRECT] [Fatal Error] :1:1: Premature end of file.
2026-04-14 23:12:41,799 [ERROR] LogOutputStream:75 - [STDERR_REDIRECT] 
2026-04-14 23:12:42,881 [ERROR] LogOutputStream:75 - [STDERR_REDIRECT] [Fatal Error] :1:1: Premature end of file.
2026-04-14 23:12:42,881 [ERROR] LogOutputStream:75 - [STDERR_REDIRECT] 
2026-04-14 23:12:43,665 [ERROR] LogOutputStream:75 - [STDERR_REDIRECT] [Fatal Error] :1:1: Premature end of file.
2026-04-14 23:12:43,665 [ERROR] LogOutputStream:75 - [STDERR_REDIRECT] 
2026-04-14 23:12:45,093 [ERROR] LogOutputStream:75 - [STDERR_REDIRECT] [Fatal Error] :1:1: Premature end of file.
2026-04-14 23:12:45,093 [ERROR] LogOutputStream:75 - [STDERR_REDIRECT] 
2026-04-14 23:12:45,643 [ERROR] LogOutputStream:75 - [STDERR_REDIRECT] [Fatal Error] :1:1: Premature end of file.
2026-04-14 23:12:45,643 [ERROR] LogOutputStream:75 - [STDERR_REDIRECT] 
2026-04-14 23:12:46,643 [ERROR] LogOutputStream:75 - [STDERR_REDIRECT] [Fatal Error] :1:1: Premature end of file.
2026-04-14 23:12:46,643 [ERROR] LogOutputStream:75 - [STDERR_REDIRECT] 
2026-04-14 23:12:47,867 [ERROR] LogOutputStream:75 - [STDERR_REDIRECT] [Fatal Error] :1:1: Premature end of file.
2026-04-14 23:12:47,867 [ERROR] LogOutputStream:75 - [STDERR_REDIRECT] 
2026-04-14 23:12:48,643 [ERROR] LogOutputStream:75 - [STDERR_REDIRECT] [Fatal Error] :1:1: Premature end of file.
2026-04-14 23:12:48,644 [ERROR] LogOutputStream:75 - [STDERR_REDIRECT] 
2026-04-14 23:12:49,967 [ERROR] LogOutputStream:75 - [STDERR_REDIRECT] [Fatal Error] :1:1: Premature end of file.
2026-04-14 23:12:49,967 [ERROR] LogOutputStream:75 - [STDERR_REDIRECT] 
2026-04-14 23:12:50,650 [ERROR] LogOutputStream:75 - [STDERR_REDIRECT] [Fatal Error] :1:1: Premature end of file.
2026-04-14 23:12:50,650 [ERROR] LogOutputStream:75 - [STDERR_REDIRECT] 
2026-04-14 23:12:52,135 [ERROR] LogOutputStream:75 - [STDERR_REDIRECT] [Fatal Error] :1:1: Premature end of file.
2026-04-14 23:12:52,135 [ERROR] LogOutputStream:75 - [STDERR_REDIRECT] 
2026-04-14 23:12:52,645 [ERROR] LogOutputStream:75 - [STDERR_REDIRECT] [Fatal Error] :1:1: Premature end of file.
2026-04-14 23:12:52,646 [ERROR] LogOutputStream:75 - [STDERR_REDIRECT] 
2026-04-14 23:12:53,647 [ERROR] LogOutputStream:75 - [STDERR_REDIRECT] [Fatal Error] :1:1: Premature end of file.
2026-04-14 23:12:53,647 [ERROR] LogOutputStream:75 - [STDERR_REDIRECT] 
2026-04-14 23:12:55,090 [ERROR] LogOutputStream:75 - [STDERR_REDIRECT] [Fatal Error] :1:1: Premature end of file.
2026-04-14 23:12:55,090 [ERROR] LogOutputStream:75 - [STDERR_REDIRECT] 
2026-04-14 23:12:55,676 [ERROR] LogOutputStream:75 - [STDERR_REDIRECT] [Fatal Error] :1:1: Premature end of file.
2026-04-14 23:12:55,677 [ERROR] LogOutputStream:75 - [STDERR_REDIRECT] 
2026-04-14 23:12:56,782 [ERROR] LogOutputStream:75 - [STDERR_REDIRECT] [Fatal Error] :1:1: Premature end of file.
2026-04-14 23:12:56,782 [ERROR] LogOutputStream:75 - [STDERR_REDIRECT] 
2026-04-14 23:12:58,520 [ERROR] LogOutputStream:75 - [STDERR_REDIRECT] [Fatal Error] :1:1: Premature end of file.
2026-04-14 23:12:58,520 [ERROR] LogOutputStream:75 - [STDERR_REDIRECT] 
2026-04-14 23:12:58,655 [ERROR] LogOutputStream:75 - [STDERR_REDIRECT] [Fatal Error] :1:1: Premature end of file.
2026-04-14 23:12:58,656 [ERROR] LogOutputStream:75 - [STDERR_REDIRECT] 
2026-04-14 23:13:00,563 [ERROR] LogOutputStream:75 - [STDERR_REDIRECT] [Fatal Error] :1:1: Premature end of file.
2026-04-14 23:13:00,563 [ERROR] LogOutputStream:75 - [STDERR_REDIRECT] 
2026-04-14 23:13:00,663 [ERROR] LogOutputStream:75 - [STDERR_REDIRECT] [Fatal Error] :1:1: Premature end of file.
2026-04-14 23:13:00,664 [ERROR] LogOutputStream:75 - [STDERR_REDIRECT] 
2026-04-14 23:13:03,011 [ERROR] LogOutputStream:75 - [STDERR_REDIRECT] [Fatal Error] :1:1: Premature end of file.
2026-04-14 23:13:03,011 [ERROR] LogOutputStream:75 - [STDERR_REDIRECT] 
2026-04-14 23:13:03,055 [ERROR] LogOutputStream:75 - [STDERR_REDIRECT] [Fatal Error] :1:1: Premature end of file.
2026-04-14 23:13:03,056 [ERROR] LogOutputStream:75 - [STDERR_REDIRECT] 
2026-04-14 23:13:03,643 [ERROR] LogOutputStream:75 - [STDERR_REDIRECT] [Fatal Error] :1:1: Premature end of file.
2026-04-14 23:13:03,643 [ERROR] LogOutputStream:75 - [STDERR_REDIRECT] 
2026-04-14 23:13:04,643 [ERROR] LogOutputStream:75 - [STDERR_REDIRECT] [Fatal Error] :1:1: Premature end of file.
2026-04-14 23:13:04,643 [ERROR] LogOutputStream:75 - [STDERR_REDIRECT] 
2026-04-14 23:13:05,696 [ERROR] LogOutputStream:75 - [STDERR_REDIRECT] [Fatal Error] :1:1: Premature end of file.
2026-04-14 23:13:05,696 [ERROR] LogOutputStream:75 - [STDERR_REDIRECT] 
2026-04-14 23:13:07,390 [ERROR] LogOutputStream:75 - [STDERR_REDIRECT] [Fatal Error] :1:1: Premature end of file.
2026-04-14 23:13:07,390 [ERROR] LogOutputStream:75 - [STDERR_REDIRECT] 
2026-04-14 23:13:07,914 [ERROR] LogOutputStream:75 - [STDERR_REDIRECT] [Fatal Error] :1:1: Premature end of file.
2026-04-14 23:13:07,915 [ERROR] LogOutputStream:75 - [STDERR_REDIRECT] 
2026-04-14 23:13:08,658 [ERROR] LogOutputStream:75 - [STDERR_REDIRECT] [Fatal Error] :1:1: Premature end of file.
2026-04-14 23:13:08,658 [ERROR] LogOutputStream:75 - [STDERR_REDIRECT] 
2026-04-14 23:13:09,656 [ERROR] LogOutputStream:75 - [STDERR_REDIRECT] [Fatal Error] :1:1: Premature end of file.
2026-04-14 23:13:09,656 [ERROR] LogOutputStream:75 - [STDERR_REDIRECT] 
2026-04-14 23:13:11,704 [ERROR] LogOutputStream:75 - [STDERR_REDIRECT] [Fatal Error] :1:1: Premature end of file.
2026-04-14 23:13:11,704 [ERROR] LogOutputStream:75 - [STDERR_REDIRECT] 
2026-04-14 23:13:12,307 [ERROR] LogOutputStream:75 - [STDERR_REDIRECT] [Fatal Error] :1:1: Premature end of file.
2026-04-14 23:13:12,307 [ERROR] LogOutputStream:75 - [STDERR_REDIRECT] 
2026-04-14 23:13:12,642 [ERROR] LogOutputStream:75 - [STDERR_REDIRECT] [Fatal Error] :1:1: Premature end of file.
2026-04-14 23:13:12,643 [ERROR] LogOutputStream:75 - [STDERR_REDIRECT] 
2026-04-14 23:13:13,651 [ERROR] LogOutputStream:75 - [STDERR_REDIRECT] [Fatal Error] :1:1: Premature end of file.
2026-04-14 23:13:13,651 [ERROR] LogOutputStream:75 - [STDERR_REDIRECT] 
2026-04-14 23:13:14,646 [ERROR] LogOutputStream:75 - [STDERR_REDIRECT] [Fatal Error] :1:1: Premature end of file.
2026-04-14 23:13:14,646 [ERROR] LogOutputStream:75 - [STDERR_REDIRECT] 
2026-04-14 23:13:15,646 [ERROR] LogOutputStream:75 - [STDERR_REDIRECT] [Fatal Error] :1:1: Premature end of file.
2026-04-14 23:13:15,646 [ERROR] LogOutputStream:75 - [STDERR_REDIRECT] 
2026-04-14 23:13:16,645 [ERROR] LogOutputStream:75 - [STDERR_REDIRECT] [Fatal Error] :1:1: Premature end of file.
2026-04-14 23:13:16,645 [ERROR] LogOutputStream:75 - [STDERR_REDIRECT] 
2026-04-14 23:13:17,645 [ERROR] LogOutputStream:75 - [STDERR_REDIRECT] [Fatal Error] :1:1: Premature end of file.
2026-04-14 23:13:17,645 [ERROR] LogOutputStream:75 - [STDERR_REDIRECT] 
2026-04-14 23:13:18,645 [ERROR] LogOutputStream:75 - [STDERR_REDIRECT] [Fatal Error] :1:1: Premature end of file.
2026-04-14 23:13:18,645 [ERROR] LogOutputStream:75 - [STDERR_REDIRECT] 
2026-04-14 23:13:19,646 [ERROR] LogOutputStream:75 - [STDERR_REDIRECT] [Fatal Error] :1:1: Premature end of file.
2026-04-14 23:13:19,646 [ERROR] LogOutputStream:75 - [STDERR_REDIRECT] 
2026-04-14 23:13:20,643 [ERROR] LogOutputStream:75 - [STDERR_REDIRECT] [Fatal Error] :1:1: Premature end of file.
2026-04-14 23:13:20,644 [ERROR] LogOutputStream:75 - [STDERR_REDIRECT] 
2026-04-14 23:13:21,644 [ERROR] LogOutputStream:75 - [STDERR_REDIRECT] [Fatal Error] :1:1: Premature end of file.
2026-04-14 23:13:21,645 [ERROR] LogOutputStream:75 - [STDERR_REDIRECT] 
2026-04-14 23:13:22,657 [ERROR] LogOutputStream:75 - [STDERR_REDIRECT] [Fatal Error] :1:1: Premature end of file.
2026-04-14 23:13:22,657 [ERROR] LogOutputStream:75 - [STDERR_REDIRECT] 
2026-04-14 23:13:23,645 [ERROR] LogOutputStream:75 - [STDERR_REDIRECT] [Fatal Error] :1:1: Premature end of file.
2026-04-14 23:13:23,645 [ERROR] LogOutputStream:75 - [STDERR_REDIRECT] 
2026-04-14 23:13:24,654 [ERROR] LogOutputStream:75 - [STDERR_REDIRECT] [Fatal Error] :1:1: Premature end of file.
2026-04-14 23:13:24,654 [ERROR] LogOutputStream:75 - [STDERR_REDIRECT] 
2026-04-14 23:13:25,657 [ERROR] LogOutputStream:75 - [STDERR_REDIRECT] [Fatal Error] :1:1: Premature end of file.
2026-04-14 23:13:25,657 [ERROR] LogOutputStream:75 - [STDERR_REDIRECT] 
2026-04-14 23:13:26,657 [ERROR] LogOutputStream:75 - [STDERR_REDIRECT] [Fatal Error] :1:1: Premature end of file.
2026-04-14 23:13:26,657 [ERROR] LogOutputStream:75 - [STDERR_REDIRECT] 
2026-04-14 23:13:28,037 [ERROR] LogOutputStream:75 - [STDERR_REDIRECT] [Fatal Error] :1:1: Premature end of file.
2026-04-14 23:13:28,038 [ERROR] LogOutputStream:75 - [STDERR_REDIRECT] 
2026-04-14 23:13:29,183 [ERROR] LogOutputStream:75 - [STDERR_REDIRECT] [Fatal Error] :1:1: Premature end of file.
2026-04-14 23:13:29,183 [ERROR] LogOutputStream:75 - [STDERR_REDIRECT] 
2026-04-14 23:13:29,651 [ERROR] LogOutputStream:75 - [STDERR_REDIRECT] [Fatal Error] :1:1: Premature end of file.
2026-04-14 23:13:29,651 [ERROR] LogOutputStream:75 - [STDERR_REDIRECT] 
2026-04-14 23:13:30,664 [ERROR] LogOutputStream:75 - [STDERR_REDIRECT] [Fatal Error] :1:1: Premature end of file.
2026-04-14 23:13:30,665 [ERROR] LogOutputStream:75 - [STDERR_REDIRECT] 
2026-04-14 23:13:31,656 [ERROR] LogOutputStream:75 - [STDERR_REDIRECT] [Fatal Error] :1:1: Premature end of file.
2026-04-14 23:13:31,656 [ERROR] LogOutputStream:75 - [STDERR_REDIRECT] 
2026-04-14 23:13:32,673 [ERROR] LogOutputStream:75 - [STDERR_REDIRECT] [Fatal Error] :1:1: Premature end of file.
2026-04-14 23:13:32,673 [ERROR] LogOutputStream:75 - [STDERR_REDIRECT] 
2026-04-14 23:13:33,901 [ERROR] LogOutputStream:75 - [STDERR_REDIRECT] [Fatal Error] :1:1: Premature end of file.
2026-04-14 23:13:33,901 [ERROR] LogOutputStream:75 - [STDERR_REDIRECT] 
2026-04-14 23:13:34,663 [ERROR] LogOutputStream:75 - [STDERR_REDIRECT] [Fatal Error] :1:1: Premature end of file.
2026-04-14 23:13:34,664 [ERROR] LogOutputStream:75 - [STDERR_REDIRECT] 
2026-04-14 23:13:35,654 [ERROR] LogOutputStream:75 - [STDERR_REDIRECT] [Fatal Error] :1:1: Premature end of file.
2026-04-14 23:13:35,654 [ERROR] LogOutputStream:75 - [STDERR_REDIRECT] 
2026-04-14 23:13:36,665 [ERROR] LogOutputStream:75 - [STDERR_REDIRECT] [Fatal Error] :1:1: Premature end of file.
2026-04-14 23:13:36,666 [ERROR] LogOutputStream:75 - [STDERR_REDIRECT] 
2026-04-14 23:13:37,663 [ERROR] LogOutputStream:75 - [STDERR_REDIRECT] [Fatal Error] :1:1: Premature end of file.
2026-04-14 23:13:37,663 [ERROR] LogOutputStream:75 - [STDERR_REDIRECT] 
2026-04-14 23:13:38,658 [ERROR] LogOutputStream:75 - [STDERR_REDIRECT] [Fatal Error] :1:1: Premature end of file.
2026-04-14 23:13:38,658 [ERROR] LogOutputStream:75 - [STDERR_REDIRECT] 
2026-04-14 23:13:39,756 [ERROR] LogOutputStream:75 - [STDERR_REDIRECT] [Fatal Error] :1:1: Premature end of file.
2026-04-14 23:13:39,756 [ERROR] LogOutputStream:75 - [STDERR_REDIRECT] 
2026-04-14 23:13:41,560 [ERROR] LogOutputStream:75 - [STDERR_REDIRECT] [Fatal Error] :1:1: Premature end of file.
2026-04-14 23:13:41,560 [ERROR] LogOutputStream:75 - [STDERR_REDIRECT] 
2026-04-14 23:13:41,657 [ERROR] LogOutputStream:75 - [STDERR_REDIRECT] [Fatal Error] :1:1: Premature end of file.
2026-04-14 23:13:41,657 [ERROR] LogOutputStream:75 - [STDERR_REDIRECT] 
2026-04-14 23:13:42,643 [ERROR] LogOutputStream:75 - [STDERR_REDIRECT] [Fatal Error] :1:1: Premature end of file.
2026-04-14 23:13:42,643 [ERROR] LogOutputStream:75 - [STDERR_REDIRECT] 
2026-04-14 23:13:43,657 [ERROR] LogOutputStream:75 - [STDERR_REDIRECT] [Fatal Error] :1:1: Premature end of file.
2026-04-14 23:13:43,658 [ERROR] LogOutputStream:75 - [STDERR_REDIRECT] 
2026-04-14 23:13:44,653 [ERROR] LogOutputStream:75 - [STDERR_REDIRECT] [Fatal Error] :1:1: Premature end of file.
2026-04-14 23:13:44,654 [ERROR] LogOutputStream:75 - [STDERR_REDIRECT] 
2026-04-14 23:13:45,659 [ERROR] LogOutputStream:75 - [STDERR_REDIRECT] [Fatal Error] :1:1: Premature end of file.
2026-04-14 23:13:45,659 [ERROR] LogOutputStream:75 - [STDERR_REDIRECT] 
2026-04-14 23:13:46,655 [ERROR] LogOutputStream:75 - [STDERR_REDIRECT] [Fatal Error] :1:1: Premature end of file.
2026-04-14 23:13:46,655 [ERROR] LogOutputStream:75 - [STDERR_REDIRECT] 
2026-04-14 23:13:47,803 [ERROR] LogOutputStream:75 - [STDERR_REDIRECT] [Fatal Error] :1:1: Premature end of file.
2026-04-14 23:13:47,803 [ERROR] LogOutputStream:75 - [STDERR_REDIRECT] 
2026-04-14 23:13:48,657 [ERROR] LogOutputStream:75 - [STDERR_REDIRECT] [Fatal Error] :1:1: Premature end of file.
2026-04-14 23:13:48,657 [ERROR] LogOutputStream:75 - [STDERR_REDIRECT] 
2026-04-14 23:13:49,689 [ERROR] LogOutputStream:75 - [STDERR_REDIRECT] [Fatal Error] :1:1: Premature end of file.
2026-04-14 23:13:49,689 [ERROR] LogOutputStream:75 - [STDERR_REDIRECT] 
2026-04-14 23:13:50,653 [ERROR] LogOutputStream:75 - [STDERR_REDIRECT] [Fatal Error] :1:1: Premature end of file.
2026-04-14 23:13:50,653 [ERROR] LogOutputStream:75 - [STDERR_REDIRECT] 
2026-04-14 23:13:52,240 [ERROR] LogOutputStream:75 - [STDERR_REDIRECT] [Fatal Error] :1:1: Premature end of file.
2026-04-14 23:13:52,241 [ERROR] LogOutputStream:75 - [STDERR_REDIRECT] 
2026-04-14 23:13:52,652 [ERROR] LogOutputStream:75 - [STDERR_REDIRECT] [Fatal Error] :1:1: Premature end of file.
2026-04-14 23:13:52,652 [ERROR] LogOutputStream:75 - [STDERR_REDIRECT] 
2026-04-14 23:13:53,654 [ERROR] LogOutputStream:75 - [STDERR_REDIRECT] [Fatal Error] :1:1: Premature end of file.
2026-04-14 23:13:53,654 [ERROR] LogOutputStream:75 - [STDERR_REDIRECT] 
2026-04-14 23:13:54,677 [ERROR] LogOutputStream:75 - [STDERR_REDIRECT] [Fatal Error] :1:1: Premature end of file.
2026-04-14 23:13:54,677 [ERROR] LogOutputStream:75 - [STDERR_REDIRECT] 
2026-04-14 23:13:55,668 [ERROR] LogOutputStream:75 - [STDERR_REDIRECT] [Fatal Error] :1:1: Premature end of file.
2026-04-14 23:13:55,668 [ERROR] LogOutputStream:75 - [STDERR_REDIRECT] 
2026-04-14 23:13:56,727 [ERROR] LogOutputStream:75 - [STDERR_REDIRECT] [Fatal Error] :1:1: Premature end of file.
2026-04-14 23:13:56,727 [ERROR] LogOutputStream:75 - [STDERR_REDIRECT] 
2026-04-14 23:13:57,725 [ERROR] LogOutputStream:75 - [STDERR_REDIRECT] [Fatal Error] :1:1: Premature end of file.
2026-04-14 23:13:57,727 [ERROR] LogOutputStream:75 - [STDERR_REDIRECT] 
2026-04-14 23:13:58,682 [ERROR] LogOutputStream:75 - [STDERR_REDIRECT] [Fatal Error] :1:1: Premature end of file.
2026-04-14 23:13:58,682 [ERROR] LogOutputStream:75 - [STDERR_REDIRECT] 
2026-04-14 23:14:00,014 [ERROR] LogOutputStream:75 - [STDERR_REDIRECT] [Fatal Error] :1:1: Premature end of file.
2026-04-14 23:14:00,014 [ERROR] LogOutputStream:75 - [STDERR_REDIRECT] 
2026-04-14 23:14:00,748 [ERROR] LogOutputStream:75 - [STDERR_REDIRECT] [Fatal Error] :1:1: Premature end of file.
2026-04-14 23:14:00,748 [ERROR] LogOutputStream:75 - [STDERR_REDIRECT] 
2026-04-14 23:14:01,667 [ERROR] LogOutputStream:75 - [STDERR_REDIRECT] [Fatal Error] :1:1: Premature end of file.
2026-04-14 23:14:01,668 [ERROR] LogOutputStream:75 - [STDERR_REDIRECT] 
2026-04-14 23:14:03,243 [ERROR] LogOutputStream:75 - [STDERR_REDIRECT] [Fatal Error] :1:1: Premature end of file.
2026-04-14 23:14:03,244 [ERROR] LogOutputStream:75 - [STDERR_REDIRECT] 
2026-04-14 23:14:03,657 [ERROR] LogOutputStream:75 - [STDERR_REDIRECT] [Fatal Error] :1:1: Premature end of file.
2026-04-14 23:14:03,657 [ERROR] LogOutputStream:75 - [STDERR_REDIRECT] 
2026-04-14 23:14:04,655 [ERROR] LogOutputStream:75 - [STDERR_REDIRECT] [Fatal Error] :1:1: Premature end of file.
2026-04-14 23:14:04,655 [ERROR] LogOutputStream:75 - [STDERR_REDIRECT] 
2026-04-14 23:14:05,800 [ERROR] LogOutputStream:75 - [STDERR_REDIRECT] [Fatal Error] :1:1: Premature end of file.
2026-04-14 23:14:05,800 [ERROR] LogOutputStream:75 - [STDERR_REDIRECT] 
2026-04-14 23:14:06,941 [ERROR] LogOutputStream:75 - [STDERR_REDIRECT] [Fatal Error] :1:1: Premature end of file.
2026-04-14 23:14:06,941 [ERROR] LogOutputStream:75 - [STDERR_REDIRECT] 
2026-04-14 23:14:07,757 [ERROR] LogOutputStream:75 - [STDERR_REDIRECT] [Fatal Error] :1:1: Premature end of file.
2026-04-14 23:14:07,757 [ERROR] LogOutputStream:75 - [STDERR_REDIRECT] 
2026-04-14 23:14:09,104 [ERROR] LogOutputStream:75 - [STDERR_REDIRECT] [Fatal Error] :1:1: Premature end of file.
2026-04-14 23:14:09,104 [ERROR] LogOutputStream:75 - [STDERR_REDIRECT] 
2026-04-14 23:14:09,644 [ERROR] LogOutputStream:75 - [STDERR_REDIRECT] [Fatal Error] :1:1: Premature end of file.
2026-04-14 23:14:09,644 [ERROR] LogOutputStream:75 - [STDERR_REDIRECT] 
2026-04-14 23:14:10,918 [ERROR] LogOutputStream:75 - [STDERR_REDIRECT] [Fatal Error] :1:1: Premature end of file.
2026-04-14 23:14:10,918 [ERROR] LogOutputStream:75 - [STDERR_REDIRECT] 
2026-04-14 23:14:12,066 [ERROR] LogOutputStream:75 - [STDERR_REDIRECT] [Fatal Error] :1:1: Premature end of file.
2026-04-14 23:14:12,066 [ERROR] LogOutputStream:75 - [STDERR_REDIRECT] 
2026-04-14 23:14:12,643 [ERROR] LogOutputStream:75 - [STDERR_REDIRECT] [Fatal Error] :1:1: Premature end of file.
2026-04-14 23:14:12,643 [ERROR] LogOutputStream:75 - [STDERR_REDIRECT] 
2026-04-14 23:14:13,660 [ERROR] LogOutputStream:75 - [STDERR_REDIRECT] [Fatal Error] :1:1: Premature end of file.
2026-04-14 23:14:13,661 [ERROR] LogOutputStream:75 - [STDERR_REDIRECT] 
2026-04-14 23:14:14,650 [ERROR] LogOutputStream:75 - [STDERR_REDIRECT] [Fatal Error] :1:1: Premature end of file.
2026-04-14 23:14:14,650 [ERROR] LogOutputStream:75 - [STDERR_REDIRECT] 
2026-04-14 23:14:15,657 [ERROR] LogOutputStream:75 - [STDERR_REDIRECT] [Fatal Error] :1:1: Premature end of file.
2026-04-14 23:14:15,657 [ERROR] LogOutputStream:75 - [STDERR_REDIRECT] 
2026-04-14 23:14:16,658 [ERROR] LogOutputStream:75 - [STDERR_REDIRECT] [Fatal Error] :1:1: Premature end of file.
2026-04-14 23:14:16,659 [ERROR] LogOutputStream:75 - [STDERR_REDIRECT] 
2026-04-14 23:14:17,648 [ERROR] LogOutputStream:75 - [STDERR_REDIRECT] [Fatal Error] :1:1: Premature end of file.
2026-04-14 23:14:17,649 [ERROR] LogOutputStream:75 - [STDERR_REDIRECT] 
2026-04-14 23:14:18,642 [ERROR] LogOutputStream:75 - [STDERR_REDIRECT] [Fatal Error] :1:1: Premature end of file.
2026-04-14 23:14:18,642 [ERROR] LogOutputStream:75 - [STDERR_REDIRECT] 
2026-04-14 23:14:19,645 [ERROR] LogOutputStream:75 - [STDERR_REDIRECT] [Fatal Error] :1:1: Premature end of file.
2026-04-14 23:14:19,646 [ERROR] LogOutputStream:75 - [STDERR_REDIRECT] 
2026-04-14 23:14:20,656 [ERROR] LogOutputStream:75 - [STDERR_REDIRECT] [Fatal Error] :1:1: Premature end of file.
2026-04-14 23:14:20,656 [ERROR] LogOutputStream:75 - [STDERR_REDIRECT] 
2026-04-14 23:14:21,650 [ERROR] LogOutputStream:75 - [STDERR_REDIRECT] [Fatal Error] :1:1: Premature end of file.
2026-04-14 23:14:21,650 [ERROR] LogOutputStream:75 - [STDERR_REDIRECT] 
2026-04-14 23:14:22,653 [ERROR] LogOutputStream:75 - [STDERR_REDIRECT] [Fatal Error] :1:1: Premature end of file.
2026-04-14 23:14:22,653 [ERROR] LogOutputStream:75 - [STDERR_REDIRECT] 
2026-04-14 23:14:23,659 [ERROR] LogOutputStream:75 - [STDERR_REDIRECT] [Fatal Error] :1:1: Premature end of file.
2026-04-14 23:14:23,659 [ERROR] LogOutputStream:75 - [STDERR_REDIRECT] 
2026-04-14 23:14:24,667 [ERROR] LogOutputStream:75 - [STDERR_REDIRECT] [Fatal Error] :1:1: Premature end of file.
2026-04-14 23:14:24,667 [ERROR] LogOutputStream:75 - [STDERR_REDIRECT] 
2026-04-14 23:14:26,196 [ERROR] LogOutputStream:75 - [STDERR_REDIRECT] [Fatal Error] :1:1: Premature end of file.
2026-04-14 23:14:26,196 [ERROR] LogOutputStream:75 - [STDERR_REDIRECT] 
2026-04-14 23:14:26,663 [ERROR] LogOutputStream:75 - [STDERR_REDIRECT] [Fatal Error] :1:1: Premature end of file.
2026-04-14 23:14:26,663 [ERROR] LogOutputStream:75 - [STDERR_REDIRECT] 
2026-04-14 23:14:27,660 [ERROR] LogOutputStream:75 - [STDERR_REDIRECT] [Fatal Error] :1:1: Premature end of file.
2026-04-14 23:14:27,660 [ERROR] LogOutputStream:75 - [STDERR_REDIRECT] 
2026-04-14 23:14:29,194 [ERROR] LogOutputStream:75 - [STDERR_REDIRECT] [Fatal Error] :1:1: Premature end of file.
2026-04-14 23:14:29,194 [ERROR] LogOutputStream:75 - [STDERR_REDIRECT] 
2026-04-14 23:14:29,662 [ERROR] LogOutputStream:75 - [STDERR_REDIRECT] [Fatal Error] :1:1: Premature end of file.
2026-04-14 23:14:29,662 [ERROR] LogOutputStream:75 - [STDERR_REDIRECT] 
2026-04-14 23:14:30,664 [ERROR] LogOutputStream:75 - [STDERR_REDIRECT] [Fatal Error] :1:1: Premature end of file.
2026-04-14 23:14:30,664 [ERROR] LogOutputStream:75 - [STDERR_REDIRECT] 
2026-04-14 23:14:32,000 [ERROR] LogOutputStream:75 - [STDERR_REDIRECT] [Fatal Error] :1:1: Premature end of file.
2026-04-14 23:14:32,000 [ERROR] LogOutputStream:75 - [STDERR_REDIRECT] 
2026-04-14 23:14:32,654 [ERROR] LogOutputStream:75 - [STDERR_REDIRECT] [Fatal Error] :1:1: Premature end of file.
2026-04-14 23:14:32,655 [ERROR] LogOutputStream:75 - [STDERR_REDIRECT] 
2026-04-14 23:14:33,652 [ERROR] LogOutputStream:75 - [STDERR_REDIRECT] [Fatal Error] :1:1: Premature end of file.
2026-04-14 23:14:33,652 [ERROR] LogOutputStream:75 - [STDERR_REDIRECT] 
2026-04-14 23:14:34,655 [ERROR] LogOutputStream:75 - [STDERR_REDIRECT] [Fatal Error] :1:1: Premature end of file.
2026-04-14 23:14:34,656 [ERROR] LogOutputStream:75 - [STDERR_REDIRECT] 
2026-04-14 23:14:35,646 [ERROR] LogOutputStream:75 - [STDERR_REDIRECT] [Fatal Error] :1:1: Premature end of file.
2026-04-14 23:14:35,646 [ERROR] LogOutputStream:75 - [STDERR_REDIRECT] 
2026-04-14 23:14:36,653 [ERROR] LogOutputStream:75 - [STDERR_REDIRECT] [Fatal Error] :1:1: Premature end of file.
2026-04-14 23:14:36,654 [ERROR] LogOutputStream:75 - [STDERR_REDIRECT] 
2026-04-14 23:14:37,677 [ERROR] LogOutputStream:75 - [STDERR_REDIRECT] [Fatal Error] :1:1: Premature end of file.
2026-04-14 23:14:37,677 [ERROR] LogOutputStream:75 - [STDERR_REDIRECT] 
2026-04-14 23:14:38,650 [ERROR] LogOutputStream:75 - [STDERR_REDIRECT] [Fatal Error] :1:1: Premature end of file.
2026-04-14 23:14:38,651 [ERROR] LogOutputStream:75 - [STDERR_REDIRECT] 
2026-04-14 23:14:39,659 [ERROR] LogOutputStream:75 - [STDERR_REDIRECT] [Fatal Error] :1:1: Premature end of file.
2026-04-14 23:14:39,659 [ERROR] LogOutputStream:75 - [STDERR_REDIRECT] 
2026-04-14 23:14:40,649 [ERROR] LogOutputStream:75 - [STDERR_REDIRECT] [Fatal Error] :1:1: Premature end of file.
2026-04-14 23:14:40,650 [ERROR] LogOutputStream:75 - [STDERR_REDIRECT] 
2026-04-14 23:14:41,652 [ERROR] LogOutputStream:75 - [STDERR_REDIRECT] [Fatal Error] :1:1: Premature end of file.
2026-04-14 23:14:41,652 [ERROR] LogOutputStream:75 - [STDERR_REDIRECT] 
2026-04-14 23:14:42,649 [ERROR] LogOutputStream:75 - [STDERR_REDIRECT] [Fatal Error] :1:1: Premature end of file.
2026-04-14 23:14:42,649 [ERROR] LogOutputStream:75 - [STDERR_REDIRECT] 
2026-04-14 23:14:43,650 [ERROR] LogOutputStream:75 - [STDERR_REDIRECT] [Fatal Error] :1:1: Premature end of file.
2026-04-14 23:14:43,650 [ERROR] LogOutputStream:75 - [STDERR_REDIRECT] 
2026-04-14 23:14:44,655 [ERROR] LogOutputStream:75 - [STDERR_REDIRECT] [Fatal Error] :1:1: Premature end of file.
2026-04-14 23:14:44,655 [ERROR] LogOutputStream:75 - [STDERR_REDIRECT] 
2026-04-14 23:14:45,654 [ERROR] LogOutputStream:75 - [STDERR_REDIRECT] [Fatal Error] :1:1: Premature end of file.
2026-04-14 23:14:45,654 [ERROR] LogOutputStream:75 - [STDERR_REDIRECT] 
2026-04-14 23:14:46,649 [ERROR] LogOutputStream:75 - [STDERR_REDIRECT] [Fatal Error] :1:1: Premature end of file.
2026-04-14 23:14:46,649 [ERROR] LogOutputStream:75 - [STDERR_REDIRECT] 
2026-04-14 23:14:47,645 [ERROR] LogOutputStream:75 - [STDERR_REDIRECT] [Fatal Error] :1:1: Premature end of file.
2026-04-14 23:14:47,646 [ERROR] LogOutputStream:75 - [STDERR_REDIRECT] 
2026-04-14 23:14:48,644 [ERROR] LogOutputStream:75 - [STDERR_REDIRECT] [Fatal Error] :1:1: Premature end of file.
2026-04-14 23:14:48,644 [ERROR] LogOutputStream:75 - [STDERR_REDIRECT] 
2026-04-14 23:14:49,644 [ERROR] LogOutputStream:75 - [STDERR_REDIRECT] [Fatal Error] :1:1: Premature end of file.
2026-04-14 23:14:49,644 [ERROR] LogOutputStream:75 - [STDERR_REDIRECT] 
2026-04-14 23:14:50,643 [ERROR] LogOutputStream:75 - [STDERR_REDIRECT] [Fatal Error] :1:1: Premature end of file.
2026-04-14 23:14:50,643 [ERROR] LogOutputStream:75 - [STDERR_REDIRECT] 
2026-04-14 23:14:51,645 [ERROR] LogOutputStream:75 - [STDERR_REDIRECT] [Fatal Error] :1:1: Premature end of file.
2026-04-14 23:14:51,645 [ERROR] LogOutputStream:75 - [STDERR_REDIRECT] 
2026-04-14 23:14:52,648 [ERROR] LogOutputStream:75 - [STDERR_REDIRECT] [Fatal Error] :1:1: Premature end of file.
2026-04-14 23:14:52,648 [ERROR] LogOutputStream:75 - [STDERR_REDIRECT] 
2026-04-14 23:14:53,644 [ERROR] LogOutputStream:75 - [STDERR_REDIRECT] [Fatal Error] :1:1: Premature end of file.
2026-04-14 23:14:53,644 [ERROR] LogOutputStream:75 - [STDERR_REDIRECT] 
2026-04-14 23:14:54,642 [ERROR] LogOutputStream:75 - [STDERR_REDIRECT] [Fatal Error] :1:1: Premature end of file.
2026-04-14 23:14:54,642 [ERROR] LogOutputStream:75 - [STDERR_REDIRECT] 
2026-04-14 23:14:55,642 [ERROR] LogOutputStream:75 - [STDERR_REDIRECT] [Fatal Error] :1:1: Premature end of file.
2026-04-14 23:14:55,643 [ERROR] LogOutputStream:75 - [STDERR_REDIRECT] 
2026-04-14 23:14:56,641 [ERROR] LogOutputStream:75 - [STDERR_REDIRECT] [Fatal Error] :1:1: Premature end of file.
2026-04-14 23:14:56,641 [ERROR] LogOutputStream:75 - [STDERR_REDIRECT] 
2026-04-14 23:14:57,642 [ERROR] LogOutputStream:75 - [STDERR_REDIRECT] [Fatal Error] :1:1: Premature end of file.
2026-04-14 23:14:57,642 [ERROR] LogOutputStream:75 - [STDERR_REDIRECT] 
2026-04-14 23:14:58,645 [ERROR] LogOutputStream:75 - [STDERR_REDIRECT] [Fatal Error] :1:1: Premature end of file.
2026-04-14 23:14:58,645 [ERROR] LogOutputStream:75 - [STDERR_REDIRECT] 
2026-04-14 23:14:59,652 [ERROR] LogOutputStream:75 - [STDERR_REDIRECT] [Fatal Error] :1:1: Premature end of file.
2026-04-14 23:14:59,653 [ERROR] LogOutputStream:75 - [STDERR_REDIRECT] 
2026-04-14 23:15:00,643 [ERROR] LogOutputStream:75 - [STDERR_REDIRECT] [Fatal Error] :1:1: Premature end of file.
2026-04-14 23:15:00,644 [ERROR] LogOutputStream:75 - [STDERR_REDIRECT] 
2026-04-14 23:15:01,657 [ERROR] LogOutputStream:75 - [STDERR_REDIRECT] [Fatal Error] :1:1: Premature end of file.
2026-04-14 23:15:01,657 [ERROR] LogOutputStream:75 - [STDERR_REDIRECT] 
2026-04-14 23:15:02,649 [ERROR] LogOutputStream:75 - [STDERR_REDIRECT] [Fatal Error] :1:1: Premature end of file.
2026-04-14 23:15:02,649 [ERROR] LogOutputStream:75 - [STDERR_REDIRECT] 
2026-04-14 23:15:03,657 [ERROR] LogOutputStream:75 - [STDERR_REDIRECT] [Fatal Error] :1:1: Premature end of file.
2026-04-14 23:15:03,658 [ERROR] LogOutputStream:75 - [STDERR_REDIRECT] 
2026-04-14 23:15:04,651 [ERROR] LogOutputStream:75 - [STDERR_REDIRECT] [Fatal Error] :1:1: Premature end of file.
2026-04-14 23:15:04,651 [ERROR] LogOutputStream:75 - [STDERR_REDIRECT] 
2026-04-14 23:15:05,646 [ERROR] LogOutputStream:75 - [STDERR_REDIRECT] [Fatal Error] :1:1: Premature end of file.
2026-04-14 23:15:05,646 [ERROR] LogOutputStream:75 - [STDERR_REDIRECT] 
2026-04-14 23:15:06,652 [ERROR] LogOutputStream:75 - [STDERR_REDIRECT] [Fatal Error] :1:1: Premature end of file.
2026-04-14 23:15:06,653 [ERROR] LogOutputStream:75 - [STDERR_REDIRECT] 
2026-04-14 23:15:07,667 [ERROR] LogOutputStream:75 - [STDERR_REDIRECT] [Fatal Error] :1:1: Premature end of file.
2026-04-14 23:15:07,667 [ERROR] LogOutputStream:75 - [STDERR_REDIRECT] 
2026-04-14 23:15:08,654 [ERROR] LogOutputStream:75 - [STDERR_REDIRECT] [Fatal Error] :1:1: Premature end of file.
2026-04-14 23:15:08,654 [ERROR] LogOutputStream:75 - [STDERR_REDIRECT] 
2026-04-14 23:15:09,654 [ERROR] LogOutputStream:75 - [STDERR_REDIRECT] [Fatal Error] :1:1: Premature end of file.
2026-04-14 23:15:09,654 [ERROR] LogOutputStream:75 - [STDERR_REDIRECT] 
2026-04-14 23:15:10,658 [ERROR] LogOutputStream:75 - [STDERR_REDIRECT] [Fatal Error] :1:1: Premature end of file.
2026-04-14 23:15:10,658 [ERROR] LogOutputStream:75 - [STDERR_REDIRECT] 
2026-04-14 23:15:11,649 [ERROR] LogOutputStream:75 - [STDERR_REDIRECT] [Fatal Error] :1:1: Premature end of file.
2026-04-14 23:15:11,649 [ERROR] LogOutputStream:75 - [STDERR_REDIRECT] 
2026-04-14 23:15:12,655 [ERROR] LogOutputStream:75 - [STDERR_REDIRECT] [Fatal Error] :1:1: Premature end of file.
2026-04-14 23:15:12,655 [ERROR] LogOutputStream:75 - [STDERR_REDIRECT] 
2026-04-14 23:15:13,799 [ERROR] LogOutputStream:75 - [STDERR_REDIRECT] [Fatal Error] :1:1: Premature end of file.
2026-04-14 23:15:13,799 [ERROR] LogOutputStream:75 - [STDERR_REDIRECT] 
2026-04-14 23:15:14,651 [ERROR] LogOutputStream:75 - [STDERR_REDIRECT] [Fatal Error] :1:1: Premature end of file.
2026-04-14 23:15:14,651 [ERROR] LogOutputStream:75 - [STDERR_REDIRECT] 
2026-04-14 23:15:15,662 [ERROR] LogOutputStream:75 - [STDERR_REDIRECT] [Fatal Error] :1:1: Premature end of file.
2026-04-14 23:15:15,662 [ERROR] LogOutputStream:75 - [STDERR_REDIRECT] 
2026-04-14 23:15:16,661 [ERROR] LogOutputStream:75 - [STDERR_REDIRECT] [Fatal Error] :1:1: Premature end of file.
2026-04-14 23:15:16,662 [ERROR] LogOutputStream:75 - [STDERR_REDIRECT] 
2026-04-14 23:15:17,642 [ERROR] LogOutputStream:75 - [STDERR_REDIRECT] [Fatal Error] :1:1: Premature end of file.
2026-04-14 23:15:17,642 [ERROR] LogOutputStream:75 - [STDERR_REDIRECT] 
2026-04-14 23:15:18,643 [ERROR] LogOutputStream:75 - [STDERR_REDIRECT] [Fatal Error] :1:1: Premature end of file.
2026-04-14 23:15:18,643 [ERROR] LogOutputStream:75 - [STDERR_REDIRECT] 
2026-04-14 23:15:19,642 [ERROR] LogOutputStream:75 - [STDERR_REDIRECT] [Fatal Error] :1:1: Premature end of file.
2026-04-14 23:15:19,643 [ERROR] LogOutputStream:75 - [STDERR_REDIRECT] 
2026-04-14 23:15:20,642 [ERROR] LogOutputStream:75 - [STDERR_REDIRECT] [Fatal Error] :1:1: Premature end of file.
2026-04-14 23:15:20,643 [ERROR] LogOutputStream:75 - [STDERR_REDIRECT] 
2026-04-14 23:15:21,642 [ERROR] LogOutputStream:75 - [STDERR_REDIRECT] [Fatal Error] :1:1: Premature end of file.
2026-04-14 23:15:21,642 [ERROR] LogOutputStream:75 - [STDERR_REDIRECT] 
2026-04-14 23:15:22,644 [ERROR] LogOutputStream:75 - [STDERR_REDIRECT] [Fatal Error] :1:1: Premature end of file.
2026-04-14 23:15:22,644 [ERROR] LogOutputStream:75 - [STDERR_REDIRECT] 
2026-04-14 23:15:23,641 [ERROR] LogOutputStream:75 - [STDERR_REDIRECT] [Fatal Error] :1:1: Premature end of file.
2026-04-14 23:15:23,641 [ERROR] LogOutputStream:75 - [STDERR_REDIRECT] 
2026-04-14 23:15:24,641 [ERROR] LogOutputStream:75 - [STDERR_REDIRECT] [Fatal Error] :1:1: Premature end of file.
2026-04-14 23:15:24,641 [ERROR] LogOutputStream:75 - [STDERR_REDIRECT] 
2026-04-14 23:15:25,640 [ERROR] LogOutputStream:75 - [STDERR_REDIRECT] [Fatal Error] :1:1: Premature end of file.
2026-04-14 23:15:25,641 [ERROR] LogOutputStream:75 - [STDERR_REDIRECT] 
2026-04-14 23:15:26,644 [ERROR] LogOutputStream:75 - [STDERR_REDIRECT] [Fatal Error] :1:1: Premature end of file.
2026-04-14 23:15:26,644 [ERROR] LogOutputStream:75 - [STDERR_REDIRECT] 
2026-04-14 23:15:27,646 [ERROR] LogOutputStream:75 - [STDERR_REDIRECT] [Fatal Error] :1:1: Premature end of file.
2026-04-14 23:15:27,646 [ERROR] LogOutputStream:75 - [STDERR_REDIRECT] 
2026-04-14 23:15:28,643 [ERROR] LogOutputStream:75 - [STDERR_REDIRECT] [Fatal Error] :1:1: Premature end of file.
2026-04-14 23:15:28,643 [ERROR] LogOutputStream:75 - [STDERR_REDIRECT] 
2026-04-14 23:15:29,642 [ERROR] LogOutputStream:75 - [STDERR_REDIRECT] [Fatal Error] :1:1: Premature end of file.
2026-04-14 23:15:29,643 [ERROR] LogOutputStream:75 - [STDERR_REDIRECT] 
2026-04-14 23:15:30,643 [ERROR] LogOutputStream:75 - [STDERR_REDIRECT] [Fatal Error] :1:1: Premature end of file.
2026-04-14 23:15:30,643 [ERROR] LogOutputStream:75 - [STDERR_REDIRECT] 
2026-04-14 23:15:31,644 [ERROR] LogOutputStream:75 - [STDERR_REDIRECT] [Fatal Error] :1:1: Premature end of file.
2026-04-14 23:15:31,644 [ERROR] LogOutputStream:75 - [STDERR_REDIRECT] 
2026-04-14 23:15:32,643 [ERROR] LogOutputStream:75 - [STDERR_REDIRECT] [Fatal Error] :1:1: Premature end of file.
2026-04-14 23:15:32,644 [ERROR] LogOutputStream:75 - [STDERR_REDIRECT] 
2026-04-14 23:15:33,641 [ERROR] LogOutputStream:75 - [STDERR_REDIRECT] [Fatal Error] :1:1: Premature end of file.
2026-04-14 23:15:33,642 [ERROR] LogOutputStream:75 - [STDERR_REDIRECT] 
2026-04-14 23:15:34,641 [ERROR] LogOutputStream:75 - [STDERR_REDIRECT] [Fatal Error] :1:1: Premature end of file.
2026-04-14 23:15:34,641 [ERROR] LogOutputStream:75 - [STDERR_REDIRECT] 
2026-04-14 23:15:36,112 [ERROR] LogOutputStream:75 - [STDERR_REDIRECT] Exception in thread "Serial Ports Filter" java.lang.NullPointerException: Cannot invoke "org.eclipse.core.resources.ResourcesPlugin.getLog()" because the return value of "org.eclipse.core.resources.ResourcesPlugin.getPlugin()" is null
2026-04-14 23:15:36,113 [ERROR] LogOutputStream:75 - [STDERR_REDIRECT] 	at com.st.stm32cube.common.logger.MCULoggerPlugin.log(MCULoggerPlugin.java:84)
2026-04-14 23:15:36,115 [ERROR] LogOutputStream:75 - [STDERR_REDIRECT] 	at com.st.stm32cube.common.logger.MCULoggerPlugin.logException(MCULoggerPlugin.java:116)
2026-04-14 23:15:36,118 [ERROR] LogOutputStream:75 - [STDERR_REDIRECT] 	at com.st.stm32cube.ide.mpu.remote.serial.internal.SerialPortProviderWindows.run(SerialPortProviderWindows.java:156)
2026-04-14 23:15:36,119 [ERROR] LogOutputStream:75 - [STDERR_REDIRECT] 	at java.base/java.util.TimerThread.mainLoop(Timer.java:566)
2026-04-14 23:15:36,120 [ERROR] LogOutputStream:75 - [STDERR_REDIRECT] 	at java.base/java.util.TimerThread.run(Timer.java:516)
2026-04-14 23:15:36,830 [ERROR] LogOutputStream:75 - [STDERR_REDIRECT] 
2026-04-14 23:15:36,841 [ERROR] LogOutputStream:75 - [STDERR_REDIRECT] 
